date,close_g,close_v,target_weight_g,target_weight_v,signal_ls,signal_update_flag,pre_trade_weight_g,pre_trade_weight_v,post_trade_weight_g,post_trade_weight_v,trade_flag
2010-03-01,3602.89,4078.48,0.5,0.5,0,1,0.0,0.0,0.5,0.5,1
2010-03-02,3593.78,4065.91,0.5,0.5,0,0,0.5001387654880649,0.4998612345119351,0.5001387654880649,0.4998612345119351,0
2010-03-03,3622.37,4099.02,0.5,0.5,0,0,0.5000921639484185,0.49990783605158157,0.5000921639484185,0.49990783605158157,0
2010-03-04,3524.32,3992.79,0.5,0.5,0,0,0.49979633600837026,0.5002036639916297,0.49979633600837026,0.5002036639916297,0
2010-03-05,3533.31,4003.07,0.5,0.5,0,0,0.49979040268949465,0.5002095973105054,0.49979040268949465,0.5002095973105054,0
2010-03-08,3563.59,4044.74,0.5,0.5,0,0,0.4993348156290564,0.5006651843709437,0.4993348156290564,0.5006651843709437,0
2010-03-09,3585.76,4064.65,0.5,0.5,0,0,0.4996577191459658,0.5003422808540342,0.4996577191459658,0.5003422808540342,0
2010-03-10,3553.01,4029.9,0.5,0.5,0,0,0.4995104098063858,0.5004895901936142,0.4995104098063858,0.5004895901936142,0
2010-03-11,3545.25,4031.91,0.5,0.5,0,0,0.49883913685201975,0.5011608631479803,0.49883913685201975,0.5011608631479803,0
2010-03-12,3496.33,3971.82,0.5,0.5,0,0,0.49911937285866814,0.5008806271413319,0.49911937285866814,0.5008806271413319,0
2010-03-15,3447.39,3908.11,0.5,0.5,0,0,0.4996379027181794,0.5003620972818206,0.4996379027181794,0.5003620972818206,0
2010-03-16,3479.29,3945.85,0.5,0.5,0,0,0.4995379814012676,0.5004620185987324,0.4995379814012676,0.5004620185987324,0
2010-03-17,3559.06,4031.97,0.5,0.5,0,0,0.49980736090594324,0.5001926390940568,0.49980736090594324,0.5001926390940568,0
2010-03-18,3554.61,4021.92,0.5,0.5,0,0,0.5001185052081906,0.49988149479180943,0.5001185052081906,0.49988149479180943,0
2010-03-19,3576.12,4051.49,0.5,0.5,0,0,0.49979544198591247,0.5002045580140874,0.49979544198591247,0.5002045580140874,0
2010-03-22,3590.59,4069.84,0.5,0.5,0,0,0.4996752291844579,0.5003247708155422,0.4996752291844579,0.5003247708155422,0
2010-03-23,3564.23,4035.35,0.5,0.5,0,0,0.49996076789458316,0.5000392321054169,0.49996076789458316,0.5000392321054169,0
2010-03-24,3566.69,4040.8,0.5,0.5,0,0,0.49979584287620765,0.5002041571237923,0.49979584287620765,0.5002041571237923,0
2010-03-25,3511.51,3985.49,0.5,0.5,0,0,0.4993434872293431,0.5006565127706569,0.4993434872293431,0.5006565127706569,0
2010-03-26,3561.34,4049.07,0.5,0.5,0,0,0.4989094322825974,0.5010905677174028,0.4989094322825974,0.5010905677174028,0
2010-03-29,3648.99,4148.54,0.5,0.5,0,0,0.4989205068411146,0.5010794931588854,0.4989205068411146,0.5010794931588854,0
2010-03-30,3662.14,4160.57,0.5,0.5,0,0,0.4990959161542355,0.5009040838457645,0.4990959161542355,0.5009040838457645,0
2010-03-31,3646.56,4131.93,0.5,0.5,0,0,0.49975692903725166,0.5002430709627483,0.49975692903725166,0.5002430709627483,0
2010-04-01,3702.38,4178.76,0.5,0.5,0,0,0.5007373427376138,0.49926265726238606,0.5007373427376138,0.49926265726238606,0
2010-04-02,3719.7,4196.64,0.5,0.5,0,0,0.5008367201064334,0.49916327989356657,0.5008367201064334,0.49916327989356657,0
2010-04-06,3718.42,4209.55,0.5,0.5,0,0,0.4999827905137251,0.500017209486275,0.4999827905137251,0.500017209486275,0
2010-04-07,3699.95,4188.48,0.5,0.5,0,0,0.4999923688052173,0.5000076311947826,0.4999923688052173,0.5000076311947826,0
2010-04-08,3655.17,4138.59,0.5,0.5,0,0,0.49994388060726247,0.5000561193927375,0.49994388060726247,0.5000561193927375,0
2010-04-09,3694.56,4177.54,0.5,0.5,0,0,0.5002817449007823,0.4997182550992177,0.5002817449007823,0.4997182550992177,0
2010-04-12,3660.6,4138.62,0.5,0.5,0,0,0.5003131845251586,0.49968681547484145,0.5003131845251586,0.49968681547484145,0
2010-04-13,3691.81,4175.24,0.5,0.5,0,0,0.5002332699357366,0.49976673006426353,0.5002332699357366,0.49976673006426353,0
2010-04-14,3711.37,4186.7,0.5,0.5,0,0,0.5008690779661251,0.49913092203387505,0.5008690779661251,0.49913092203387505,0
2010-04-15,3694.6,4171.5,0.5,0.5,0,0,0.5006461695350521,0.4993538304649478,0.5006461695350521,0.4993538304649478,0
2010-04-16,3653.47,4119.64,0.5,0.5,0,0,0.5009749209657348,0.4990250790342652,0.5009749209657348,0.4990250790342652,0
2010-04-19,3456.83,3884.3,0.5,0.5,0,0,0.5018493079512988,0.4981506920487012,0.5018493079512988,0.4981506920487012,0
2010-04-20,3445.76,3869.44,0.5,0.5,0,0,0.5020056804375561,0.497994319562444,0.5020056804375561,0.497994319562444,0
2010-04-21,3523.36,3946.67,0.5,0.5,0,0,0.5026327164667179,0.49736728353328197,0.5026327164667179,0.49736728353328197,0
2010-04-22,3488.87,3885.83,0.5,0.5,0,0,0.5040572527293564,0.4959427472706435,0.5040572527293564,0.4959427472706435,0
2010-04-23,3481.25,3869.28,0.5,0.5,0,0,0.5045776346632775,0.49542236533672235,0.5045776346632775,0.49542236533672235,0
2010-04-26,3463.55,3854.29,0.5,0.5,0,0,0.5042737283619319,0.4957262716380682,0.5042737283619319,0.4957262716380682,0
2010-04-27,3387.05,3766.19,0.5,0.5,0,0,0.5044707619672812,0.4955292380327187,0.5044707619672812,0.4955292380327187,0
2010-04-28,3378.2,3762.43,0.5,0.5,0,0,0.5040664270433042,0.49593357295669593,0.5040664270433042,0.49593357295669593,0
2010-04-29,3327.39,3723.43,0.5,0.5,0,0,0.5028827168613751,0.4971172831386249,0.5028827168613751,0.4971172831386249,0
2010-04-30,3317.98,3734.65,0.5,0.5,0,0,0.501422527859681,0.498577472140319,0.501422527859681,0.498577472140319,0
2010-05-04,3256.16,3686.38,0.5,0.5,0,1,0.49997292726537346,0.5000270727346265,0.5,0.5,1
2010-05-05,3289.1,3731.14,0.5,0.5,0,0,0.4994991286353134,0.5005008713646866,0.4994991286353134,0.5005008713646866,0
2010-05-06,3133.67,3561.27,0.5,0.5,0,0,0.4990459957976546,0.5009540042023455,0.4990459957976546,0.5009540042023455,0
2010-05-07,3069.94,3487.44,0.5,0.5,0,0,0.4991466094464489,0.5008533905535512,0.4991466094464489,0.5008533905535512,0
2010-05-10,3083.47,3511.96,0.5,0.5,0,0,0.49849441948724266,0.5015055805127572,0.49849441948724266,0.5015055805127572,0
2010-05-11,3015.15,3436.74,0.5,0.5,0,0,0.49830565455589104,0.501694345444109,0.49830565455589104,0.501694345444109,0
2010-05-12,3016.19,3459.74,0.5,0.5,0,0,0.4967243877394102,0.5032756122605897,0.4967243877394102,0.5032756122605897,0
2010-05-13,3099.52,3543.37,0.5,0.5,0,0,0.4975663614242971,0.5024336385757028,0.4975663614242971,0.5024336385757028,0
2010-05-14,3080.74,3517.22,0.5,0.5,0,0,0.49789883305757293,0.5021011669424271,0.49789883305757293,0.5021011669424271,0
2010-05-17,2901.65,3326.27,0.5,0.5,0,0,0.4968811265463647,0.5031188734536353,0.4968811265463647,0.5031188734536353,0
2010-05-18,2969.52,3398.73,0.5,0.5,0,0,0.4972737397417452,0.5027262602582547,0.4972737397417452,0.5027262602582547,0
2010-05-19,2957.84,3383.38,0.5,0.5,0,0,0.4974201284277698,0.5025798715722303,0.4974201284277698,0.5025798715722303,0
2010-05-20,2912.58,3342.93,0.5,0.5,0,0,0.4965720482396051,0.5034279517603949,0.4965720482396051,0.5034279517603949,0
2010-05-21,2970.07,3391.25,0.5,0.5,0,0,0.4978708369459453,0.5021291630540549,0.4978708369459453,0.5021291630540549,0
2010-05-24,3097.03,3512.39,0.5,0.5,0,0,0.4995608076203677,0.5004391923796323,0.4995608076203677,0.5004391923796323,0
2010-05-25,3039.68,3441.4,0.5,0.5,0,0,0.4999925602795254,0.5000074397204746,0.4999925602795254,0.5000074397204746,0
2010-05-26,3042.69,3442.35,0.5,0.5,0,0,0.5001709936489995,0.4998290063510006,0.5001709936489995,0.4998290063510006,0
2010-05-27,3090.98,3492.24,0.5,0.5,0,0,0.5005102969049379,0.49948970309506224,0.5005102969049379,0.49948970309506224,0
2010-05-28,3084.29,3485.67,0.5,0.5,0,0,0.5004393915101082,0.49956060848989187,0.5004393915101082,0.49956060848989187,0
2010-05-31,2991.44,3388.93,0.5,0.5,0,0,0.49983424980691243,0.5001657501930875,0.49983424980691243,0.5001657501930875,0
2010-06-01,2949.18,3341.51,0.5,0.5,0,0,0.49980018118892816,0.5001998188110718,0.49980018118892816,0.5001998188110718,0
2010-06-02,2976.84,3351.84,0.5,0.5,0,0,0.5013623081688603,0.49863769183113976,0.5013623081688603,0.49863769183113976,0
2010-06-03,2949.17,3326.83,0.5,0.5,0,0,0.50090005800793,0.49909994199207,0.50090005800793,0.49909994199207,0
2010-06-04,2968.17,3328.69,0.5,0.5,0,0,0.5023657643025364,0.4976342356974635,0.5023657643025364,0.4976342356974635,0
2010-06-07,2921.93,3257.9,0.5,0.5,0,0,0.503814401137487,0.49618559886251296,0.503814401137487,0.49618559886251296,0
2010-06-08,2932.96,3254.48,0.5,0.5,0,0,0.5050188321953364,0.49498116780466356,0.5050188321953364,0.49498116780466356,0
2010-06-09,3028.39,3370.48,0.5,0.5,0,0,0.5042679756988458,0.4957320243011541,0.5042679756988458,0.4957320243011541,0
2010-06-10,2995.06,3329.39,0.5,0.5,0,0,0.5045677530380942,0.4954322469619058,0.5045677530380942,0.4954322469619058,0
2010-06-11,2998.65,3342.16,0.5,0.5,0,0,0.503910230924046,0.4960897690759541,0.503910230924046,0.4960897690759541,0
2010-06-17,2977.29,3333.71,0.5,0.5,0,0,0.5027559852354273,0.4972440147645727,0.5027559852354273,0.4972440147645727,0
2010-06-18,2914.33,3281.75,0.5,0.5,0,0,0.5013398694907322,0.49866013050926783,0.5013398694907322,0.49866013050926783,0
2010-06-21,3009.41,3386.43,0.5,0.5,0,0,0.5015160295650019,0.49848397043499826,0.5015160295650019,0.49848397043499826,0
2010-06-22,3016.22,3394.61,0.5,0.5,0,0,0.5014779636758272,0.49852203632417275,0.5014779636758272,0.49852203632417275,0
2010-06-23,2989.26,3361.96,0.5,0.5,0,0,0.5016495159238148,0.4983504840761851,0.5016495159238148,0.4983504840761851,0
2010-06-24,2988.0,3364.58,0.5,0.5,0,0,0.5013493682150031,0.498650631784997,0.5013493682150031,0.498650631784997,0
2010-06-25,2955.62,3342.14,0.5,0.5,0,0,0.500298370484923,0.4997016295150771,0.500298370484923,0.4997016295150771,0
2010-06-28,2929.32,3328.01,0.5,0.5,0,0,0.49912303743818925,0.5008769625618108,0.49912303743818925,0.5008769625618108,0
2010-06-29,2781.52,3171.76,0.5,0.5,0,0,0.49820182318755585,0.5017981768124441,0.49820182318755585,0.5017981768124441,0
2010-06-30,2741.5,3131.63,0.5,0.5,0,0,0.4977619999019849,0.5022380000980151,0.4977619999019849,0.5022380000980151,0
2010-07-01,2700.21,3097.79,0.5,0.5,0,0,0.49668428697248485,0.5033157130275151,0.49668428697248485,0.5033157130275151,0
2010-07-02,2703.35,3113.01,0.5,0.5,0,0,0.49574960254082023,0.5042503974591798,0.49574960254082023,0.5042503974591798,0
2010-07-05,2685.43,3095.0,0.5,0.5,0,1,0.49553744792578414,0.5044625520742159,0.5,0.5,1
2010-07-06,2752.36,3162.24,0.5,0.5,0,0,0.500781281928241,0.4992187180717589,0.500781281928241,0.4992187180717589,0
2010-07-07,2780.41,3182.87,0.5,0.5,0,0,0.5016905274011911,0.4983094725988088,0.5016905274011911,0.4983094725988088,0
2010-07-08,2775.93,3182.37,0.5,0.5,0,0,0.5013266633829969,0.4986733366170031,0.5013266633829969,0.4986733366170031,0
2010-07-09,2863.04,3270.9,0.5,0.5,0,0,0.5021914517176584,0.4978085482823416,0.5021914517176584,0.4978085482823416,0
2010-07-12,2900.2,3309.32,0.5,0.5,0,0,0.502495982250854,0.4975040177491459,0.502495982250854,0.4975040177491459,0
2010-07-13,2853.98,3258.78,0.5,0.5,0,0,0.5023271484800808,0.4976728515199193,0.5023271484800808,0.4976728515199193,0
2010-07-14,2871.52,3288.05,0.5,0.5,0,0,0.5016234604024274,0.49837653959757255,0.5016234604024274,0.49837653959757255,0
2010-07-15,2821.45,3222.38,0.5,0.5,0,0,0.5022694249788905,0.4977305750211094,0.5022694249788905,0.4977305750211094,0
2010-07-16,2835.85,3231.05,0.5,0.5,0,0,0.5028703674897541,0.49712963251024594,0.5028703674897541,0.49712963251024594,0
2010-07-19,2916.67,3312.31,0.5,0.5,0,0,0.5036858745819502,0.4963141254180497,0.5036858745819502,0.4963141254180497,0
2010-07-20,2988.08,3379.64,0.5,0.5,0,0,0.5047020833152086,0.49529791668479145,0.5047020833152086,0.49529791668479145,0
2010-07-21,2992.74,3386.56,0.5,0.5,0,0,0.5045803070805365,0.4954196929194636,0.5045803070805365,0.4954196929194636,0
2010-07-22,3040.38,3427.13,0.5,0.5,0,0,0.5055513652270258,0.49444863477297424,0.5055513652270258,0.49444863477297424,0
2010-07-23,3055.47,3441.36,0.5,0.5,0,0,0.5057531777986563,0.49424682220134375,0.5057531777986563,0.49424682220134375,0
2010-07-26,3080.42,3460.01,0.5,0.5,0,0,0.5064350231968736,0.49356497680312655,0.5064350231968736,0.49356497680312655,0
2010-07-27,3068.09,3438.47,0.5,0.5,0,0,0.5069934576851735,0.4930065423148265,0.5069934576851735,0.4930065423148265,0
2010-07-28,3147.76,3522.11,0.5,0.5,0,0,0.5073939331955671,0.49260606680443275,0.5073939331955671,0.49260606680443275,0
2010-07-29,3159.49,3545.79,0.5,0.5,0,0,0.5066487780560809,0.4933512219439191,0.5066487780560809,0.4933512219439191,0
2010-07-30,3147.29,3530.91,0.5,0.5,0,0,0.5067328877597594,0.49326711224024056,0.5067328877597594,0.49326711224024056,0
2010-08-02,3209.09,3595.75,0.5,0.5,0,0,0.5070449980785049,0.4929550019214951,0.5070449980785049,0.4929550019214951,0
2010-08-03,3155.81,3528.82,0.5,0.5,0,0,0.5075566003306803,0.49244339966931977,0.5075566003306803,0.49244339966931977,0
2010-08-04,3171.17,3540.12,0.5,0.5,0,0,0.5079710801355173,0.49202891986448277,0.5079710801355173,0.49202891986448277,0
2010-08-05,3153.6,3508.04,0.5,0.5,0,0,0.5088576288491953,0.49114237115080467,0.5088576288491953,0.49114237115080467,0
2010-08-06,3203.49,3562.77,0.5,0.5,0,0,0.5089114438139645,0.49108855618603553,0.5089114438139645,0.49108855618603553,0
2010-08-09,3240.27,3583.54,0.5,0.5,0,0,0.510311678452713,0.489688321547287,0.510311678452713,0.489688321547287,0
2010-08-10,3132.6,3473.57,0.5,0.5,0,0,0.5096556717295981,0.4903443282704019,0.5096556717295981,0.4903443282704019,0
2010-08-11,3162.0,3493.94,0.5,0.5,0,0,0.5105288787004059,0.48947112129959414,0.5105288787004059,0.48947112129959414,0
2010-08-12,3125.94,3446.89,0.5,0.5,0,0,0.5110506263800441,0.4889493736199559,0.5110506263800441,0.4889493736199559,0
2010-08-13,3180.92,3488.85,0.5,0.5,0,0,0.512383800884847,0.4876161991151531,0.512383800884847,0.4876161991151531,0
2010-08-16,3253.17,3570.51,0.5,0.5,0,0,0.5122146954566624,0.48778530454333763,0.5122146954566624,0.48778530454333763,0
2010-08-17,3284.78,3591.65,0.5,0.5,0,0,0.5131557162988839,0.48684428370111604,0.5131557162988839,0.48684428370111604,0
2010-08-18,3282.5,3585.51,0.5,0.5,0,0,0.5134096949720608,0.48659030502793926,0.5134096949720608,0.48659030502793926,0
2010-08-19,3297.27,3611.12,0.5,0.5,0,0,0.5127532137306177,0.4872467862693823,0.5127532137306177,0.4872467862693823,0
2010-08-20,3228.14,3551.21,0.5,0.5,0,0,0.5116390898894464,0.48836091011055355,0.5116390898894464,0.48836091011055355,0
2010-08-23,3232.49,3560.41,0.5,0.5,0,0,0.5113290789814786,0.48867092101852144,0.5113290789814786,0.48867092101852144,0
2010-08-24,3256.05,3575.22,0.5,0.5,0,0,0.5121064167252497,0.48789358327475046,0.5121064167252497,0.48789358327475046,0
2010-08-25,3175.45,3487.57,0.5,0.5,0,0,0.512045463396156,0.487954536603844,0.512045463396156,0.487954536603844,0
2010-08-26,3186.7,3496.4,0.5,0.5,0,0,0.5122972878070948,0.48770271219290523,0.5122972878070948,0.48770271219290523,0
2010-08-27,3204.86,3508.07,0.5,0.5,0,0,0.5128845021629875,0.4871154978370125,0.5128845021629875,0.4871154978370125,0
2010-08-30,3277.47,3568.46,0.5,0.5,0,0,0.5142173402056369,0.48578265979436314,0.5142173402056369,0.48578265979436314,0
2010-08-31,3282.94,3551.83,0.5,0.5,0,0,0.5158005973629426,0.4841994026370574,0.5158005973629426,0.4841994026370574,0
2010-09-01,3265.19,3535.01,0.5,0.5,0,0,0.5156321207444434,0.48436787925555663,0.5156321207444434,0.48436787925555663,0
2010-09-02,3313.34,3580.24,0.5,0.5,0,0,0.516112905960458,0.48388709403954194,0.516112905960458,0.48388709403954194,0
2010-09-03,3313.35,3572.37,0.5,0.5,0,0,0.5166632176563789,0.48333678234362115,0.5166632176563789,0.48333678234362115,0
2010-09-06,3352.93,3630.16,0.5,0.5,0,1,0.5156211415308253,0.4843788584691746,0.5,0.5,1
2010-09-07,3363.58,3638.18,0.5,0.5,0,0,0.5002411150669764,0.49975888493302356,0.5002411150669764,0.49975888493302356,0
2010-09-08,3365.49,3618.95,0.5,0.5,0,0,0.5017079370129933,0.4982920629870067,0.5017079370129933,0.4982920629870067,0
2010-09-09,3299.5,3549.75,0.5,0.5,0,0,0.5015839690436377,0.4984160309563622,0.5015839690436377,0.4984160309563622,0
2010-09-10,3321.4,3557.38,0.5,0.5,0,0,0.5027010227085953,0.49729897729140465,0.5027010227085953,0.49729897729140465,0
2010-09-13,3366.11,3585.11,0.5,0.5,0,0,0.5041025959245063,0.4958974040754937,0.5041025959245063,0.4958974040754937,0
2010-09-14,3368.67,3588.23,0.5,0.5,0,0,0.5040751840120494,0.4959248159879506,0.5040751840120494,0.4959248159879506,0
2010-09-15,3305.77,3527.88,0.5,0.5,0,0,0.5036035467412813,0.4963964532587187,0.5036035467412813,0.4963964532587187,0
2010-09-16,3227.37,3454.06,0.5,0.5,0,0,0.5028898046567798,0.4971101953432201,0.5028898046567798,0.4971101953432201,0
2010-09-17,3233.42,3447.19,0.5,0.5,0,0,0.5038557056187632,0.4961442943812367,0.5038557056187632,0.4961442943812367,0
2010-09-20,3212.46,3429.43,0.5,0.5,0,0,0.5035212083292342,0.49647879167076586,0.5035212083292342,0.49647879167076586,0
2010-09-21,3219.66,3438.81,0.5,0.5,0,0,0.5033980518370058,0.4966019481629941,0.5033980518370058,0.4966019481629941,0
2010-09-27,3284.6,3478.45,0.5,0.5,0,0,0.5055248302960906,0.4944751697039093,0.5055248302960906,0.4944751697039093,0
2010-09-28,3259.34,3436.75,0.5,0.5,0,0,0.5066097643092341,0.4933902356907658,0.5066097643092341,0.4933902356907658,0
2010-09-29,3236.18,3425.5,0.5,0.5,0,0,0.5056468372566247,0.49435316274337526,0.5056468372566247,0.49435316274337526,0
2010-09-30,3309.73,3489.99,0.5,0.5,0,0,0.5066020858145878,0.4933979141854122,0.5066020858145878,0.4933979141854122,0
2010-10-08,3423.17,3601.46,0.5,0.5,0,0,0.5071669684812625,0.4928330315187374,0.5071669684812625,0.4928330315187374,0
2010-10-11,3494.63,3699.95,0.5,0.5,0,0,0.5055873505398292,0.49441264946017066,0.5055873505398292,0.49441264946017066,0
2010-10-12,3531.81,3734.75,0.5,0.5,0,0,0.5058926620267966,0.4941073379732035,0.5058926620267966,0.4941073379732035,0
2010-10-13,3594.21,3802.08,0.5,0.5,0,0,0.5058042557493131,0.4941957442506868,0.5058042557493131,0.4941957442506868,0
2010-10-14,3556.45,3783.51,0.5,0.5,0,0,0.5043880973662705,0.4956119026337295,0.5043880973662705,0.4956119026337295,0
2010-10-15,3625.45,3907.16,0.5,0.5,0,0,0.5011524442498329,0.49884755575016704,0.5011524442498329,0.49884755575016704,0
2010-10-18,3594.93,3907.2,0.5,0.5,0,0,0.49903641333340776,0.5009635866665922,0.49903641333340776,0.5009635866665922,0
2010-10-19,3685.07,3976.56,0.5,0.5,0,0,0.5008286321024393,0.4991713678975608,0.5008286321024393,0.4991713678975608,0
2010-10-20,3717.25,3997.82,0.5,0.5,0,0,0.501669261058927,0.49833073894107305,0.501669261058927,0.49833073894107305,0
2010-10-21,3697.78,3960.3,0.5,0.5,0,0,0.5027137217549634,0.4972862782450366,0.5027137217549634,0.4972862782450366,0
2010-10-22,3722.6,3957.25,0.5,0.5,0,0,0.5045786578350887,0.4954213421649113,0.5045786578350887,0.4954213421649113,0
2010-10-25,3820.87,4051.44,0.5,0.5,0,0,0.505211787707663,0.49478821229233716,0.505211787707663,0.49478821229233716,0
2010-10-26,3812.96,4040.13,0.5,0.5,0,0,0.5053925545808121,0.4946074454191879,0.5053925545808121,0.4946074454191879,0
2010-10-27,3759.48,3986.67,0.5,0.5,0,0,0.505191435433401,0.494808564566599,0.505191435433401,0.494808564566599,0
2010-10-28,3753.44,3991.69,0.5,0.5,0,0,0.504474927188918,0.49552507281108205,0.504474927188918,0.49552507281108205,0
2010-10-29,3746.62,3962.2,0.5,0.5,0,0,0.5058739316643686,0.4941260683356315,0.5058739316643686,0.4941260683356315,0
2010-11-01,3852.79,4059.47,0.5,0.5,0,0,0.5067963993651786,0.4932036006348214,0.5067963993651786,0.4932036006348214,0
2010-11-02,3837.91,4035.7,0.5,0.5,0,0,0.5072970600934286,0.4927029399065715,0.5072970600934286,0.4927029399065715,0
2010-11-03,3792.7,4013.82,0.5,0.5,0,0,0.5056939773872567,0.49430602261274326,0.5056939773872567,0.49430602261274326,0
2010-11-04,3858.35,4078.29,0.5,0.5,0,0,0.5060007073821131,0.49399929261788694,0.5060007073821131,0.49399929261788694,0
2010-11-05,3899.35,4118.88,0.5,0.5,0,0,0.506167368400513,0.493832631599487,0.506167368400513,0.493832631599487,0
2010-11-08,3950.66,4175.51,0.5,0.5,0,1,0.5060217790852648,0.49397822091473514,0.5,0.5,1
2010-11-09,3938.64,4137.74,0.5,0.5,0,0,0.5015098939009205,0.4984901060990795,0.5015098939009205,0.4984901060990795,0
2010-11-10,3910.2,4087.65,0.5,0.5,0,0,0.502743008419961,0.49725699158003905,0.502743008419961,0.49725699158003905,0
2010-11-11,3910.95,4107.52,0.5,0.5,0,0,0.5015786757907154,0.4984213242092846,0.5015786757907154,0.4984213242092846,0
2010-11-12,3660.38,3865.99,0.5,0.5,0,0,0.5001757564924292,0.4998242435075709,0.5001757564924292,0.4998242435075709,0
2010-11-15,3709.06,3914.69,0.5,0.5,0,0,0.5003490460770754,0.4996509539229245,0.5003490460770754,0.4996509539229245,0
2010-11-16,3541.04,3757.57,0.5,0.5,0,0,0.4990004639311839,0.5009995360688161,0.4990004639311839,0.5009995360688161,0
2010-11-17,3449.02,3681.91,0.5,0.5,0,0,0.4975031073594405,0.5024968926405595,0.4975031073594405,0.5024968926405595,0
2010-11-18,3511.09,3726.17,0.5,0.5,0,0,0.4989748732049991,0.5010251267950009,0.4989748732049991,0.5010251267950009,0
2010-11-19,3561.9,3760.25,0.5,0.5,0,0,0.5002906296604434,0.49970937033955676,0.5002906296604434,0.49970937033955676,0
2010-11-22,3565.17,3741.12,0.5,0.5,0,0,0.5017951322107751,0.49820486778922496,0.5017951322107751,0.49820486778922496,0
2010-11-23,3508.28,3681.76,0.5,0.5,0,0,0.5017722033618002,0.4982277966381999,0.5017722033618002,0.4982277966381999,0
2010-11-24,3602.25,3751.75,0.5,0.5,0,0,0.5036724603086824,0.49632753969131754,0.5036724603086824,0.49632753969131754,0
2010-11-25,3654.35,3799.08,0.5,0.5,0,0,0.5041281960976445,0.49587180390235547,0.5041281960976445,0.49587180390235547,0
2010-11-26,3636.13,3764.15,0.5,0.5,0,0,0.505187741350517,0.49481225864948297,0.505187741350517,0.49481225864948297,0
2010-11-29,3642.12,3760.44,0.5,0.5,0,0,0.5058456863397137,0.49415431366028617,0.5058456863397137,0.49415431366028617,0
2010-11-30,3574.9,3692.93,0.5,0.5,0,0,0.5057174697249833,0.49428253027501673,0.5057174697249833,0.49428253027501673,0
2010-12-01,3571.53,3699.23,0.5,0.5,0,0,0.5050556373201931,0.4949443626798069,0.5050556373201931,0.4949443626798069,0
2010-12-02,3585.49,3724.83,0.5,0.5,0,0,0.5043068397510684,0.4956931602489317,0.5043068397510684,0.4956931602489317,0
2010-12-03,3577.76,3717.63,0.5,0.5,0,0,0.5042509952563141,0.495749004743686,0.5042509952563141,0.495749004743686,0
2010-12-06,3565.81,3722.18,0.5,0.5,0,0,0.5031088529003707,0.49689114709962945,0.5031088529003707,0.49689114709962945,0
2010-12-07,3612.78,3746.66,0.5,0.5,0,0,0.5047415167650355,0.49525848323496446,0.5047415167650355,0.49525848323496446,0
2010-12-08,3583.44,3710.15,0.5,0.5,0,0,0.5051510124607144,0.4948489875392857,0.5051510124607144,0.4948489875392857,0
2010-12-09,3505.06,3646.23,0.5,0.5,0,0,0.5039668504208499,0.4960331495791501,0.5039668504208499,0.4960331495791501,0
2010-12-10,3544.83,3687.07,0.5,0.5,0,0,0.5040029025373362,0.4959970974626638,0.5040029025373362,0.4959970974626638,0
2010-12-13,3654.79,3795.1,0.5,0.5,0,0,0.5044203168396602,0.49557968316033985,0.5044203168396602,0.49557968316033985,0
2010-12-14,3673.21,3803.82,0.5,0.5,0,0,0.5051033145738396,0.4948966854261604,0.5051033145738396,0.4948966854261604,0
2010-12-15,3662.29,3785.91,0.5,0.5,0,0,0.5055388251863306,0.49446117481366936,0.5055388251863306,0.49446117481366936,0
2010-12-16,3653.56,3766.94,0.5,0.5,0,0,0.5061979042476603,0.49380209575233963,0.5061979042476603,0.49380209575233963,0
2010-12-17,3648.89,3762.64,0.5,0.5,0,0,0.506163694260046,0.493836305739954,0.506163694260046,0.493836305739954,0
2010-12-20,3598.78,3709.26,0.5,0.5,0,0,0.506278759008032,0.49372124099196807,0.506278759008032,0.49372124099196807,0
2010-12-21,3674.54,3787.07,0.5,0.5,0,0,0.5062969607279293,0.49370303927207065,0.5062969607279293,0.49370303927207065,0
2010-12-22,3630.75,3745.76,0.5,0.5,0,0,0.506041845367396,0.493958154632604,0.506041845367396,0.493958154632604,0
2010-12-23,3594.87,3722.62,0.5,0.5,0,0,0.5051083124284914,0.4948916875715086,0.5051083124284914,0.4948916875715086,0
2010-12-24,3561.67,3705.66,0.5,0.5,0,0,0.5039304211464309,0.49606957885356895,0.5039304211464309,0.49606957885356895,0
2010-12-27,3488.47,3628.24,0.5,0.5,0,0,0.5040172674106226,0.4959827325893774,0.5040172674106226,0.4959827325893774,0
2010-12-28,3424.44,3563.64,0.5,0.5,0,0,0.5038772505959241,0.49612274940407586,0.5038772505959241,0.49612274940407586,0
2010-12-29,3451.09,3581.17,0.5,0.5,0,0,0.5045884745549234,0.4954115254450767,0.5045884745549234,0.4954115254450767,0
2010-12-30,3452.68,3578.65,0.5,0.5,0,0,0.5048795850086409,0.4951204149913591,0.5048795850086409,0.4951204149913591,0
2010-12-31,3527.41,3637.09,0.5,0.5,0,0,0.506183142835161,0.493816857164839,0.506183142835161,0.493816857164839,0
2011-01-04,3590.46,3698.92,0.5,0.5,0,0,0.5063979747258499,0.49360202527415,0.5063979747258499,0.49360202527415,0
2011-01-05,3596.35,3694.9,0.5,0.5,0,0,0.5070794780479763,0.49292052195202385,0.5070794780479763,0.49292052195202385,0
2011-01-06,3575.73,3679.23,0.5,0.5,0,0,0.5067045263550995,0.49329547364490045,0.5067045263550995,0.49329547364490045,0
2011-01-07,3573.97,3715.57,0.5,0.5,0,0,0.5041246007577345,0.49587539924226565,0.5041246007577345,0.49587539924226565,0
2011-01-10,3485.33,3645.67,0.5,0.5,0,1,0.5025940822798005,0.4974059177201995,0.5,0.5,1
2011-01-11,3488.95,3676.02,0.5,0.5,0,0,0.498186912177042,0.5018130878229579,0.498186912177042,0.5018130878229579,0
2011-01-12,3510.73,3705.45,0.5,0.5,0,0,0.49774919394059375,0.5022508060594063,0.49774919394059375,0.5022508060594063,0
2011-01-13,3512.37,3700.11,0.5,0.5,0,0,0.498226483714903,0.5017735162850969,0.498226483714903,0.5017735162850969,0
2011-01-14,3448.53,3642.59,0.5,0.5,0,0,0.4975576486620201,0.5024423513379799,0.4975576486620201,0.5024423513379799,0
2011-01-17,3299.8,3514.26,0.5,0.5,0,0,0.4955026999222099,0.50449730007779,0.4955026999222099,0.50449730007779,0
2011-01-18,3311.78,3521.3,0.5,0.5,0,0,0.4959083414217847,0.5040916585782154,0.4959083414217847,0.5040916585782154,0
2011-01-19,3394.86,3583.81,0.5,0.5,0,0,0.49770338452131313,0.5022966154786868,0.49770338452131313,0.5022966154786868,0
2011-01-20,3275.49,3478.06,0.5,0.5,0,0,0.4962426307018299,0.5037573692981702,0.4962426307018299,0.5037573692981702,0
2011-01-21,3310.08,3534.44,0.5,0.5,0,0,0.49484891176593526,0.5051510882340647,0.49484891176593526,0.5051510882340647,0
2011-01-24,3250.2,3506.23,0.5,0.5,0,0,0.4922887558395908,0.5077112441604091,0.4922887558395908,0.5077112441604091,0
2011-01-25,3221.05,3500.11,0.5,0.5,0,0,0.4904737597998087,0.5095262402001914,0.4904737597998087,0.5095262402001914,0
2011-01-26,3271.67,3538.7,0.5,0.5,0,0,0.4916304219968726,0.5083695780031274,0.4916304219968726,0.5083695780031274,0
2011-01-27,3329.39,3583.2,0.5,0.5,0,0,0.4928780514290946,0.5071219485709054,0.4928780514290946,0.5071219485709054,0
2011-01-28,3355.42,3586.88,0.5,0.5,0,0,0.4945681226509044,0.5054318773490957,0.4945681226509044,0.5054318773490957,0
2011-01-31,3403.86,3621.9,0.5,0.5,0,0,0.4957222949994687,0.5042777050005313,0.4957222949994687,0.5042777050005313,0
2011-02-01,3406.18,3625.1,0.5,0.5,0,0,0.4956718544529664,0.5043281455470335,0.4956718544529664,0.5043281455470335,0
2011-02-09,3358.2,3586.55,0.5,0.5,0,0,0.49479813999956784,0.5052018600004321,0.49479813999956784,0.5052018600004321,0
2011-02-10,3449.44,3661.52,0.5,0.5,0,0,0.49632780803527715,0.5036721919647228,0.49632780803527715,0.5036721919647228,0
2011-02-11,3482.08,3681.39,0.5,0.5,0,0,0.49732923762009673,0.5026707623799034,0.49732923762009673,0.5026707623799034,0
2011-02-14,3565.62,3800.68,0.5,0.5,0,0,0.49528398596906426,0.5047160140309358,0.49528398596906426,0.5047160140309358,0
2011-02-15,3554.24,3788.79,0.5,0.5,0,0,0.49526813648237683,0.5047318635176231,0.49526813648237683,0.5047318635176231,0
2011-02-16,3599.41,3824.75,0.5,0.5,0,0,0.49606364838332745,0.5039363516166725,0.49606364838332745,0.5039363516166725,0
2011-02-17,3600.79,3828.37,0.5,0.5,0,0,0.4959229832221146,0.5040770167778855,0.4959229832221146,0.5040770167778855,0
2011-02-18,3562.52,3797.73,0.5,0.5,0,0,0.4952606595800681,0.5047393404199318,0.4952606595800681,0.5047393404199318,0
2011-02-21,3614.96,3846.86,0.5,0.5,0,0,0.4957003535318406,0.5042996464681593,0.4957003535318406,0.5042996464681593,0
2011-02-22,3508.63,3735.58,0.5,0.5,0,0,0.4955751115963623,0.5044248884036378,0.4955751115963623,0.5044248884036378,0
2011-02-23,3529.35,3745.93,0.5,0.5,0,0,0.4963553724303223,0.5036446275696776,0.4963553724303223,0.5036446275696776,0
2011-02-24,3547.23,3772.94,0.5,0.5,0,0,0.49582257459763573,0.5041774254023643,0.49582257459763573,0.5041774254023643,0
2011-02-25,3551.93,3781.52,0.5,0.5,0,0,0.49558574050922877,0.5044142594907711,0.49558574050922877,0.5044142594907711,0
2011-02-28,3605.21,3830.9,0.5,0.5,0,0,0.4960645036948993,0.5039354963051007,0.4960645036948993,0.5039354963051007,0
2011-03-01,3628.64,3852.13,0.5,0.5,0,0,0.4963023451880628,0.5036976548119373,0.4963023451880628,0.5036976548119373,0
2011-03-02,3621.51,3856.84,0.5,0.5,0,0,0.4955051964194048,0.5044948035805952,0.4955051964194048,0.5044948035805952,0
2011-03-03,3570.83,3852.37,0.5,0.5,0,0,0.4922723526775056,0.5077276473224944,0.4922723526775056,0.5077276473224944,0
2011-03-04,3618.16,3907.39,0.5,0.5,0,0,0.49201902994644436,0.5079809700535557,0.49201902994644436,0.5079809700535557,0
2011-03-07,3681.69,3979.13,0.5,0.5,0,0,0.49182225785516764,0.5081777421448325,0.49182225785516764,0.5081777421448325,0
2011-03-08,3689.63,3985.37,0.5,0.5,0,0,0.4919690548904484,0.5080309451095516,0.4919690548904484,0.5080309451095516,0
2011-03-09,3694.2,3988.75,0.5,0.5,0,0,0.4920665544457062,0.5079334455542939,0.4920665544457062,0.5079334455542939,0
2011-03-10,3650.46,3915.79,0.5,0.5,0,1,0.4937037130178052,0.5062962869821949,0.5,0.5,1
2011-03-11,3621.86,3882.11,0.5,0.5,0,0,0.5001931989433208,0.4998068010566792,0.5001931989433208,0.4998068010566792,0
2011-03-14,3651.01,3906.74,0.5,0.5,0,0,0.5006161209481713,0.4993838790518287,0.5006161209481713,0.4993838790518287,0
2011-03-15,3594.27,3847.88,0.5,0.5,0,0,0.5004956182108276,0.49950438178917245,0.5004956182108276,0.49950438178917245,0
2011-03-16,3629.77,3894.64,0.5,0.5,0,0,0.4999329866390079,0.5000670133609921,0.4999329866390079,0.5000670133609921,0
2011-03-17,3579.85,3831.35,0.5,0.5,0,0,0.500566896912113,0.4994331030878871,0.500566896912113,0.4994331030878871,0
2011-03-18,3605.81,3849.79,0.5,0.5,0,0,0.5011729333745613,0.49882706662543874,0.5011729333745613,0.49882706662543874,0
2011-03-21,3592.95,3839.58,0.5,0.5,0,0,0.5009436280045418,0.4990563719954582,0.5009436280045418,0.4990563719954582,0
2011-03-22,3597.25,3866.25,0.5,0.5,0,0,0.49951213257346894,0.500487867426531,0.49951213257346894,0.500487867426531,0
2011-03-23,3647.57,3909.44,0.5,0.5,0,0,0.5002077403016182,0.49979225969838165,0.5002077403016182,0.49979225969838165,0
2011-03-24,3637.29,3904.2,0.5,0.5,0,0,0.4998374780446641,0.500162521955336,0.4998374780446641,0.500162521955336,0
2011-03-25,3679.94,3958.23,0.5,0.5,0,0,0.4993158509473969,0.5006841490526033,0.4993158509473969,0.5006841490526033,0
2011-03-28,3660.07,3965.45,0.5,0.5,0,0,0.4975067309739429,0.5024932690260572,0.4975067309739429,0.5024932690260572,0
2011-03-29,3611.14,3944.29,0.5,0.5,0,0,0.49547973779187865,0.5045202622081214,0.49547973779187865,0.5045202622081214,0
2011-03-30,3599.73,3931.34,0.5,0.5,0,0,0.495510725137535,0.504489274862465,0.495510725137535,0.504489274862465,0
2011-03-31,3558.6,3886.63,0.5,0.5,0,0,0.49549728694417566,0.5045027130558244,0.49549728694417566,0.5045027130558244,0
2011-04-01,3619.43,3960.91,0.5,0.5,0,0,0.49500183350833804,0.5049981664916618,0.49500183350833804,0.5049981664916618,0
2011-04-06,3626.94,4014.27,0.5,0.5,0,0,0.49217506764461877,0.5078249323553814,0.49217506764461877,0.5078249323553814,0
2011-04-07,3644.18,4025.98,0.5,0.5,0,0,0.49263226457682263,0.5073677354231774,0.49263226457682263,0.5073677354231774,0
2011-04-08,3675.1,4060.23,0.5,0.5,0,0,0.4926266922812723,0.5073733077187278,0.4926266922812723,0.5073733077187278,0
2011-04-11,3643.04,4035.09,0.5,0.5,0,0,0.4919891359702686,0.5080108640297314,0.4919891359702686,0.5080108640297314,0
2011-04-12,3630.67,4035.63,0.5,0.5,0,0,0.4911056110888988,0.5088943889111012,0.4911056110888988,0.5088943889111012,0
2011-04-13,3681.98,4093.37,0.5,0.5,0,0,0.49106244442320063,0.5089375555767993,0.49106244442320063,0.5089375555767993,0
2011-04-14,3658.01,4080.69,0.5,0.5,0,0,0.49020552857982136,0.5097944714201785,0.49020552857982136,0.5097944714201785,0
2011-04-15,3660.49,4094.51,0.5,0.5,0,0,0.4895299997701372,0.5104700002298627,0.4895299997701372,0.5104700002298627,0
2011-04-18,3665.55,4098.37,0.5,0.5,0,0,0.48963972523865107,0.5103602747613488,0.48963972523865107,0.5103602747613488,0
2011-04-19,3619.9,4021.66,0.5,0.5,0,0,0.4912297892133661,0.5087702107866339,0.4912297892133661,0.5087702107866339,0
2011-04-20,3626.58,4018.22,0.5,0.5,0,0,0.49190444426934493,0.508095555730655,0.49190444426934493,0.508095555730655,0
2011-04-21,3646.78,4051.88,0.5,0.5,0,0,0.4912077877724809,0.508792212227519,0.4912077877724809,0.508792212227519,0
2011-04-22,3620.61,4027.83,0.5,0.5,0,0,0.49089567153641744,0.5091043284635827,0.49089567153641744,0.5091043284635827,0
2011-04-25,3562.64,3973.27,0.5,0.5,0,0,0.4902703083488779,0.5097296916511221,0.4902703083488779,0.5097296916511221,0
2011-04-26,3536.34,3943.18,0.5,0.5,0,0,0.490318385177254,0.509681614822746,0.490318385177254,0.509681614822746,0
2011-04-27,3501.1,3923.76,0.5,0.5,0,0,0.4890494356286103,0.5109505643713897,0.4890494356286103,0.5109505643713897,0
2011-04-28,3435.32,3877.2,0.5,0.5,0,0,0.487292923403622,0.512707076596378,0.487292923403622,0.512707076596378,0
2011-04-29,3474.93,3902.88,0.5,0.5,0,0,0.48850790000221994,0.5114920999977801,0.48850790000221994,0.5114920999977801,0
2011-05-03,3501.32,3932.53,0.5,0.5,0,0,0.48850726604043265,0.5114927339595673,0.48850726604043265,0.5114927339595673,0
2011-05-04,3412.37,3832.64,0.5,0.5,0,0,0.4885063035928395,0.5114936964071606,0.4885063035928395,0.5114936964071606,0
2011-05-05,3411.55,3833.87,0.5,0.5,0,0,0.48836607684012323,0.5116339231598768,0.48836607684012323,0.5116339231598768,0
2011-05-06,3410.92,3820.26,0.5,0.5,0,0,0.4892085452331645,0.5107914547668355,0.4892085452331645,0.5107914547668355,0
2011-05-09,3428.18,3829.56,0.5,0.5,0,0,0.4898622655452468,0.5101377344547531,0.4898622655452468,0.5101377344547531,0
2011-05-10,3447.92,3863.57,0.5,0.5,0,1,0.4890875916524686,0.5109124083475314,0.5,0.5,1
2011-05-11,3447.47,3848.41,0.5,0.5,0,0,0.5009502559917061,0.4990497440082939,0.5009502559917061,0.4990497440082939,0
2011-05-12,3402.95,3803.31,0.5,0.5,0,0,0.5006478591656508,0.4993521408343492,0.5006478591656508,0.4993521408343492,0
2011-05-13,3426.17,3834.37,0.5,0.5,0,0,0.5003145874921315,0.49968541250786863,0.5003145874921315,0.49968541250786863,0
2011-05-16,3409.21,3801.77,0.5,0.5,0,0,0.5012085778910181,0.4987914221089819,0.5012085778910181,0.4987914221089819,0
2011-05-17,3423.79,3811.18,0.5,0.5,0,0,0.5016574309258297,0.4983425690741703,0.5016574309258297,0.4983425690741703,0
2011-05-18,3449.54,3843.25,0.5,0.5,0,0,0.5014357465157065,0.4985642534842934,0.5014357465157065,0.4985642534842934,0
2011-05-19,3433.85,3821.76,0.5,0.5,0,0,0.5016978702294813,0.4983021297705187,0.5016978702294813,0.4983021297705187,0
2011-05-20,3431.81,3822.47,0.5,0.5,0,0,0.5015028664996737,0.4984971335003264,0.5015028664996737,0.4984971335003264,0
2011-05-23,3323.15,3697.3,0.5,0.5,0,0,0.5017826875929425,0.4982173124070574,0.5017826875929425,0.4982173124070574,0
2011-05-24,3321.74,3695.0,0.5,0.5,0,0,0.5018321576649294,0.49816784233507067,0.5018321576649294,0.49816784233507067,0
2011-05-25,3284.91,3646.29,0.5,0.5,0,0,0.5023623618774916,0.4976376381225083,0.5023623618774916,0.4976376381225083,0
2011-05-26,3252.32,3633.07,0.5,0.5,0,0,0.5007777600702237,0.4992222399297763,0.5007777600702237,0.4992222399297763,0
2011-05-27,3209.41,3606.84,0.5,0.5,0,0,0.49926888870058417,0.5007311112994158,0.49926888870058417,0.5007311112994158,0
2011-05-30,3186.7,3591.64,0.5,0.5,0,0,0.49854936700246244,0.5014506329975376,0.49854936700246244,0.5014506329975376,0
2011-05-31,3245.39,3652.72,0.5,0.5,0,0,0.49889597882568576,0.5011040211743144,0.49889597882568576,0.5011040211743144,0
2011-06-01,3261.78,3650.54,0.5,0.5,0,0,0.5003046081170133,0.4996953918829866,0.5003046081170133,0.4996953918829866,0
2011-06-02,3209.53,3576.31,0.5,0.5,0,0,0.5014033568704609,0.4985966431295391,0.5014033568704609,0.4985966431295391,0
2011-06-03,3256.63,3611.3,0.5,0.5,0,0,0.5026113702264461,0.49738862977355386,0.5026113702264461,0.49738862977355386,0
2011-06-07,3276.15,3628.58,0.5,0.5,0,0,0.5029119773648397,0.4970880226351604,0.5029119773648397,0.4970880226351604,0
2011-06-08,3280.35,3624.53,0.5,0.5,0,0,0.5035114360518763,0.49648856394812374,0.5035114360518763,0.49648856394812374,0
2011-06-09,3211.89,3557.18,0.5,0.5,0,0,0.5029279486895126,0.4970720513104874,0.5029279486895126,0.4970720513104874,0
2011-06-10,3225.09,3570.69,0.5,0.5,0,0,0.5030055833593482,0.4969944166406518,0.5030055833593482,0.4969944166406518,0
2011-06-13,3216.59,3562.83,0.5,0.5,0,0,0.5028967413791632,0.4971032586208367,0.5028967413791632,0.4971032586208367,0
2011-06-14,3270.5,3614.83,0.5,0.5,0,0,0.5034295777213743,0.49657042227862574,0.5034295777213743,0.49657042227862574,0
2011-06-15,3234.65,3582.14,0.5,0.5,0,0,0.5029451707119184,0.49705482928808165,0.5029451707119184,0.49705482928808165,0
2011-06-16,3179.45,3525.29,0.5,0.5,0,0,0.5026414752535883,0.49735852474641185,0.5026414752535883,0.49735852474641185,0
2011-06-17,3158.72,3500.76,0.5,0.5,0,0,0.5027517897923364,0.49724821020766363,0.5027517897923364,0.49724821020766363,0
2011-06-20,3138.37,3487.96,0.5,0.5,0,0,0.5020517371346378,0.4979482628653623,0.5020517371346378,0.4979482628653623,0
2011-06-21,3185.96,3535.25,0.5,0.5,0,0,0.5024475089796133,0.49755249102038657,0.5024475089796133,0.49755249102038657,0
2011-06-22,3185.52,3532.51,0.5,0.5,0,0,0.5026068139834177,0.49739318601658233,0.5026068139834177,0.49739318601658233,0
2011-06-23,3248.14,3594.75,0.5,0.5,0,0,0.5031070982369665,0.49689290176303347,0.5031070982369665,0.49689290176303347,0
2011-06-24,3314.56,3689.84,0.5,0.5,0,0,0.5016405601057653,0.49835943989423487,0.5016405601057653,0.49835943989423487,0
2011-06-27,3341.28,3698.4,0.5,0.5,0,0,0.5030684987894933,0.49693150121050667,0.5030684987894933,0.49693150121050667,0
2011-06-28,3348.59,3696.36,0.5,0.5,0,0,0.5037527510096238,0.4962472489903762,0.5037527510096238,0.4962472489903762,0
2011-06-29,3305.5,3643.06,0.5,0.5,0,0,0.5041459639250481,0.4958540360749519,0.5041459639250481,0.4958540360749519,0
2011-06-30,3350.1,3691.84,0.5,0.5,0,0,0.5041713265260518,0.49582867347394816,0.5041713265260518,0.49582867347394816,0
2011-07-01,3363.61,3695.88,0.5,0.5,0,0,0.5049039907657986,0.49509600923420133,0.5049039907657986,0.49509600923420133,0
2011-07-04,3448.57,3781.34,0.5,0.5,0,0,0.5054252080876638,0.4945747919123362,0.5054252080876638,0.4945747919123362,0
2011-07-05,3457.16,3783.25,0.5,0.5,0,0,0.5059208457315906,0.49407915426840937,0.5059208457315906,0.49407915426840937,0
2011-07-06,3451.84,3764.55,0.5,0.5,0,0,0.5067744768763528,0.4932255231236472,0.5067744768763528,0.4932255231236472,0
2011-07-07,3450.91,3746.49,0.5,0.5,0,0,0.5079090998801769,0.4920909001198232,0.5079090998801769,0.4920909001198232,0
2011-07-08,3454.26,3761.83,0.5,0.5,0,0,0.5071303132489133,0.49286968675108656,0.5071303132489133,0.49286968675108656,0
2011-07-11,3478.39,3765.28,0.5,0.5,0,1,0.5086410873618994,0.4913589126381007,0.5,0.5,1
2011-07-12,3425.75,3700.22,0.5,0.5,0,0,0.5005452080646833,0.4994547919353168,0.5005452080646833,0.4994547919353168,0
2011-07-13,3481.27,3756.22,0.5,0.5,0,0,0.5008091797385746,0.49919082026142547,0.5008091797385746,0.49919082026142547,0
2011-07-14,3492.6,3768.13,0.5,0.5,0,0,0.5008300672284219,0.49916993277157806,0.5008300672284219,0.49916993277157806,0
2011-07-15,3503.88,3777.91,0.5,0.5,0,0,0.5009881646799007,0.49901183532009924,0.5009881646799007,0.49901183532009924,0
2011-07-18,3502.95,3762.31,0.5,0.5,0,0,0.5019562462164651,0.49804375378353494,0.5019562462164651,0.49804375378353494,0
2011-07-19,3470.27,3724.36,0.5,0.5,0,0,0.5021475018851512,0.4978524981148487,0.5021475018851512,0.4978524981148487,0
2011-07-20,3467.81,3721.31,0.5,0.5,0,0,0.5021750359267464,0.4978249640732536,0.5021750359267464,0.4978249640732536,0
2011-07-21,3432.83,3680.85,0.5,0.5,0,0,0.5023734758544405,0.4976265241455595,0.5023734758544405,0.4976265241455595,0
2011-07-22,3444.67,3689.38,0.5,0.5,0,0,0.5026555678404698,0.4973444321595303,0.5026555678404698,0.4973444321595303,0
2011-07-25,3323.8,3567.41,0.5,0.5,0,0,0.5021303743662882,0.4978696256337118,0.5021303743662882,0.4978696256337118,0
2011-07-26,3332.83,3576.78,0.5,0.5,0,0,0.5021528674989526,0.4978471325010474,0.5021528674989526,0.4978471325010474,0
2011-07-27,3371.18,3598.79,0.5,0.5,0,0,0.5034794033881411,0.496520596611859,0.5034794033881411,0.496520596611859,0
2011-07-28,3355.06,3563.48,0.5,0.5,0,0,0.5047460432422206,0.49525395675777945,0.5047460432422206,0.49525395675777945,0
2011-07-29,3331.33,3576.37,0.5,0.5,0,0,0.5020689853793238,0.4979310146206762,0.5020689853793238,0.4979310146206762,0
2011-08-01,3339.82,3580.18,0.5,0.5,0,0,0.5024391105177144,0.49756088948228566,0.5024391105177144,0.49756088948228566,0
2011-08-02,3327.74,3553.37,0.5,0.5,0,0,0.5034123546603907,0.49658764533960936,0.5034123546603907,0.49658764533960936,0
2011-08-03,3334.42,3549.94,0.5,0.5,0,0,0.5041550878183573,0.49584491218164256,0.5041550878183573,0.49584491218164256,0
2011-08-04,3349.56,3554.6,0.5,0.5,0,0,0.5049596221300601,0.49504037786994,0.5049596221300601,0.49504037786994,0
2011-08-05,3291.56,3471.82,0.5,0.5,0,0,0.5064834738363474,0.49351652616365255,0.5064834738363474,0.49351652616365255,0
2011-08-08,3173.87,3333.66,0.5,0.5,0,0,0.5075328171511821,0.49246718284881785,0.5075328171511821,0.49246718284881785,0
2011-08-09,3179.57,3340.0,0.5,0.5,0,0,0.507506397271992,0.49249360272800796,0.507506397271992,0.49249360272800796,0
2011-08-10,3221.67,3368.86,0.5,0.5,0,0,0.5086436725526924,0.4913563274473075,0.5086436725526924,0.4913563274473075,0
2011-08-11,3276.38,3420.44,0.5,0.5,0,0,0.5090546702919148,0.4909453297080852,0.5090546702919148,0.4909453297080852,0
2011-08-12,3291.4,3432.16,0.5,0.5,0,0,0.5093428849447434,0.4906571150552566,0.5093428849447434,0.4906571150552566,0
2011-08-15,3334.58,3493.96,0.5,0.5,0,0,0.5081401945907149,0.4918598054092851,0.5081401945907149,0.4918598054092851,0
2011-08-16,3317.69,3472.86,0.5,0.5,0,0,0.5083849589000067,0.4916150410999933,0.5083849589000067,0.4916150410999933,0
2011-08-17,3297.15,3463.36,0.5,0.5,0,0,0.5075174153596793,0.4924825846403206,0.5075174153596793,0.4924825846403206,0
2011-08-18,3233.44,3400.53,0.5,0.5,0,0,0.5072164910414485,0.4927835089585515,0.5072164910414485,0.4927835089585515,0
2011-08-19,3207.74,3367.4,0.5,0.5,0,0,0.5076689962071099,0.4923310037928901,0.5076689962071099,0.4923310037928901,0
2011-08-22,3166.42,3345.3,0.5,0.5,0,0,0.5060741814415958,0.49392581855840423,0.5060741814415958,0.49392581855840423,0
2011-08-23,3210.06,3409.11,0.5,0.5,0,0,0.5047726182988569,0.4952273817011433,0.5047726182988569,0.4952273817011433,0
2011-08-24,3201.31,3390.92,0.5,0.5,0,0,0.5054276654522396,0.4945723345477604,0.5054276654522396,0.4945723345477604,0
2011-08-25,3286.9,3515.83,0.5,0.5,0,0,0.5029804466251802,0.4970195533748199,0.5029804466251802,0.4970195533748199,0
2011-08-26,3291.08,3512.83,0.5,0.5,0,0,0.5035115629088289,0.4964884370911712,0.5035115629088289,0.4964884370911712,0
2011-08-29,3246.2,3442.89,0.5,0.5,0,0,0.5051064552348125,0.49489354476518754,0.5051064552348125,0.49489354476518754,0
2011-08-30,3228.73,3432.91,0.5,0.5,0,0,0.5044831942722783,0.4955168057277217,0.5044831942722783,0.4955168057277217,0
2011-08-31,3233.18,3439.62,0.5,0.5,0,0,0.5043393554207728,0.4956606445792271,0.5043393554207728,0.4956606445792271,0
2011-09-01,3209.35,3431.99,0.5,0.5,0,0,0.5030451726428647,0.4969548273571352,0.5030451726428647,0.4969548273571352,0
2011-09-02,3172.81,3394.21,0.5,0.5,0,0,0.502949784876067,0.49705021512393305,0.502949784876067,0.49705021512393305,0
2011-09-05,3102.74,3329.46,0.5,0.5,0,0,0.5021820231515356,0.4978179768484644,0.5021820231515356,0.4978179768484644,0
2011-09-06,3067.54,3309.75,0.5,0.5,0,0,0.5008139903403815,0.49918600965961846,0.5008139903403815,0.49918600965961846,0
2011-09-07,3135.07,3382.82,0.5,0.5,0,0,0.50079862577951,0.49920137422049,0.50079862577951,0.49920137422049,0
2011-09-08,3107.52,3356.76,0.5,0.5,0,0,0.5005253603082866,0.49947463969171335,0.5005253603082866,0.49947463969171335,0
2011-09-09,3092.96,3354.31,0.5,0.5,0,0,0.4995337900674438,0.5004662099325561,0.4995337900674438,0.5004662099325561,0
2011-09-13,3046.21,3327.54,0.5,0.5,0,1,0.49772941244382424,0.5022705875561758,0.5,0.5,1
2011-09-14,3060.29,3348.33,0.5,0.5,0,0,0.4995957665672579,0.500404233432742,0.4995957665672579,0.500404233432742,0
2011-09-15,3058.42,3340.42,0.5,0.5,0,0,0.5000342481097015,0.49996575189029835,0.5000342481097015,0.49996575189029835,0
2011-09-16,3064.56,3345.71,0.5,0.5,0,0,0.5001400429775075,0.49985995702249253,0.5001400429775075,0.49985995702249253,0
2011-09-19,3003.73,3278.7,0.5,0.5,0,0,0.5001857361447835,0.49981426385521655,0.5001857361447835,0.49981426385521655,0
2011-09-20,3012.4,3297.62,0.5,0.5,0,0,0.4994678012939041,0.500532198706096,0.4994678012939041,0.500532198706096,0
2011-09-21,3108.06,3387.39,0.5,0.5,0,0,0.5005685300709256,0.49943146992907433,0.5005685300709256,0.49943146992907433,0
2011-09-22,3011.28,3286.81,0.5,0.5,0,0,0.5001957113083793,0.49980428869162075,0.5001957113083793,0.49980428869162075,0
2011-09-23,2990.17,3272.56,0.5,0.5,0,0,0.49952319664765293,0.5004768033523471,0.49952319664765293,0.5004768033523471,0
2011-09-26,2930.42,3207.31,0.5,0.5,0,0,0.49951206894423344,0.5004879310557666,0.49951206894423344,0.5004879310557666,0
2011-09-27,2957.79,3241.44,0.5,0.5,0,0,0.49918994811382,0.5008100518861799,0.49918994811382,0.5008100518861799,0
2011-09-28,2919.84,3202.53,0.5,0.5,0,0,0.4989807001898514,0.5010192998101486,0.4989807001898514,0.5010192998101486,0
2011-09-29,2877.24,3175.86,0.5,0.5,0,0,0.49739705771220744,0.5026029422877926,0.49739705771220744,0.5026029422877926,0
2011-09-30,2873.64,3168.64,0.5,0.5,0,0,0.49765305283148503,0.502346947168515,0.49765305283148503,0.502346947168515,0
2011-10-10,2839.81,3139.0,0.5,0.5,0,0,0.49704202649539614,0.5029579735046039,0.49704202649539614,0.5029579735046039,0
2011-10-11,2809.19,3146.99,0.5,0.5,0,0,0.4936965445756382,0.5063034554243618,0.4936965445756382,0.5063034554243618,0
2011-10-12,2903.65,3262.08,0.5,0.5,0,0,0.4929851190187811,0.507014880981219,0.4929851190187811,0.507014880981219,0
2011-10-13,2931.06,3280.37,0.5,0.5,0,0,0.4939360495124765,0.5060639504875236,0.4939360495124765,0.5060639504875236,0
2011-10-14,2918.35,3274.56,0.5,0.5,0,0,0.49329289644731084,0.5067071035526891,0.49329289644731084,0.5067071035526891,0
2011-10-17,2933.56,3287.67,0.5,0.5,0,0,0.49359352378292876,0.5064064762170711,0.49359352378292876,0.5064064762170711,0
2011-10-18,2853.07,3200.87,0.5,0.5,0,0,0.49332741039092853,0.5066725896090715,0.49332741039092853,0.5066725896090715,0
2011-10-19,2831.58,3195.58,0.5,0.5,0,0,0.49185105963146264,0.5081489403685374,0.49185105963146264,0.5081489403685374,0
2011-10-20,2745.04,3130.2,0.5,0.5,0,0,0.48926011313516005,0.51073988686484,0.48926011313516005,0.51073988686484,0
2011-10-21,2718.79,3124.27,0.5,0.5,0,0,0.48733305339456257,0.5126669466054375,0.48733305339456257,0.5126669466054375,0
2011-10-24,2782.65,3209.26,0.5,0.5,0,0,0.4864279416304994,0.5135720583695006,0.4864279416304994,0.5135720583695006,0
2011-10-25,2850.88,3257.64,0.5,0.5,0,0,0.4887418553907438,0.5112581446092562,0.4887418553907438,0.5112581446092562,0
2011-10-26,2886.35,3278.34,0.5,0.5,0,0,0.49024889368403923,0.5097511063159607,0.49024889368403923,0.5097511063159607,0
2011-10-27,2888.15,3296.06,0.5,0.5,0,0,0.4890576074961345,0.5109423925038654,0.4890576074961345,0.5109423925038654,0
2011-10-28,2955.09,3354.99,0.5,0.5,0,0,0.4903550502464035,0.5096449497535963,0.4903550502464035,0.5096449497535963,0
2011-10-31,2947.55,3337.84,0.5,0.5,0,0,0.4909973537709879,0.509002646229012,0.4909973537709879,0.509002646229012,0
2011-11-01,2942.85,3341.12,0.5,0.5,0,0,0.49035307647612286,0.5096469235238772,0.49035307647612286,0.5096469235238772,0
2011-11-02,2989.2,3395.8,0.5,0.5,0,0,0.4902016336976361,0.5097983663023639,0.4902016336976361,0.5097983663023639,0
2011-11-03,3000.38,3388.54,0.5,0.5,0,0,0.4916694945567944,0.5083305054432055,0.4916694945567944,0.5083305054432055,0
2011-11-04,3018.53,3409.94,0.5,0.5,0,0,0.4916033792928969,0.508396620707103,0.4916033792928969,0.508396620707103,0
2011-11-07,2991.67,3372.99,0.5,0.5,0,0,0.4920924758233429,0.5079075241766571,0.4920924758233429,0.5079075241766571,0
2011-11-08,2971.35,3366.1,0.5,0.5,0,0,0.49090017692579235,0.5090998230742076,0.49090017692579235,0.5090998230742076,0
2011-11-09,3005.97,3391.79,0.5,0.5,0,0,0.49189511070499636,0.5081048892950037,0.49189511070499636,0.5081048892950037,0
2011-11-10,2957.32,3329.76,0.5,0.5,0,0,0.49243015863060513,0.507569841369395,0.49243015863060513,0.507569841369395,0
2011-11-11,2948.46,3323.97,0.5,0.5,0,0,0.49211521512783846,0.5078847848721616,0.49211521512783846,0.5078847848721616,0
2011-11-14,3014.88,3391.23,0.5,0.5,0,1,0.4926761334178518,0.5073238665821481,0.5,0.5,1
2011-11-15,3013.36,3383.68,0.5,0.5,0,0,0.500431129813305,0.4995688701866951,0.500431129813305,0.4995688701866951,0
2011-11-16,2934.47,3293.1,0.5,0.5,0,0,0.5005825363437311,0.49941746365626893,0.5005825363437311,0.49941746365626893,0
2011-11-17,2926.04,3282.56,0.5,0.5,0,0,0.5006647561875565,0.49933524381244354,0.5006647561875565,0.49933524381244354,0
2011-11-18,2855.16,3223.31,0.5,0.5,0,0,0.49908794119475186,0.500912058805248,0.49908794119475186,0.500912058805248,0
2011-11-21,2854.29,3222.59,0.5,0.5,0,0,0.4990676012429432,0.5009323987570569,0.4990676012429432,0.5009323987570569,0
2011-11-22,2851.78,3223.95,0.5,0.5,0,0,0.4987421786380343,0.5012578213619657,0.4987421786380343,0.5012578213619657,0
2011-11-23,2835.61,3190.36,0.5,0.5,0,0,0.4999389943853562,0.5000610056146437,0.4999389943853562,0.5000610056146437,0
2011-11-24,2837.02,3195.71,0.5,0.5,0,0,0.49964439485730616,0.5003556051426938,0.49964439485730616,0.5003556051426938,0
2011-11-25,2819.1,3169.1,0.5,0.5,0,0,0.5001506770502981,0.4998493229497019,0.5001506770502981,0.4998493229497019,0
2011-11-28,2821.05,3171.1,0.5,0.5,0,0,0.5001658210622029,0.49983417893779725,0.5001658210622029,0.49983417893779725,0
2011-11-29,2861.83,3213.65,0.5,0.5,0,0,0.5004216440457729,0.49957835595422706,0.5004216440457729,0.49957835595422706,0
2011-11-30,2766.73,3107.61,0.5,0.5,0,0,0.5003612085580499,0.49963879144195006,0.5003612085580499,0.49963879144195006,0
2011-12-01,2829.49,3186.54,0.5,0.5,0,0,0.49969836348679797,0.5003016365132019,0.49969836348679797,0.5003016365132019,0
2011-12-02,2789.2,3155.54,0.5,0.5,0,0,0.4985569633002114,0.5014430366997886,0.4985569633002114,0.5014430366997886,0
2011-12-05,2723.72,3121.43,0.5,0.5,0,0,0.49533514082795077,0.5046648591720492,0.49533514082795077,0.5046648591720492,0
2011-12-06,2721.33,3119.7,0.5,0.5,0,0,0.4952542792896739,0.5047457207103261,0.4952542792896739,0.5047457207103261,0
2011-12-07,2731.71,3135.58,0.5,0.5,0,0,0.4949367432925582,0.5050632567074417,0.4949367432925582,0.5050632567074417,0
2011-12-08,2728.24,3133.58,0.5,0.5,0,0,0.4947785025217171,0.5052214974782828,0.4947785025217171,0.5052214974782828,0
2011-12-09,2706.16,3115.08,0.5,0.5,0,0,0.4942273767091884,0.5057726232908115,0.4942273767091884,0.5057726232908115,0
2011-12-12,2673.08,3089.45,0.5,0.5,0,0,0.49321815172506245,0.5067818482749376,0.49321815172506245,0.5067818482749376,0
2011-12-13,2602.24,3024.64,0.5,0.5,0,0,0.4918040330646518,0.5081959669353482,0.4918040330646518,0.5081959669353482,0
2011-12-14,2569.77,3002.33,0.5,0.5,0,0,0.49051623903613617,0.5094837609638638,0.49051623903613617,0.5094837609638638,0
2011-12-15,2514.21,2945.94,0.5,0.5,0,0,0.48979225520325426,0.5102077447967458,0.48979225520325426,0.5102077447967458,0
2011-12-16,2581.42,3008.37,0.5,0.5,0,0,0.49114439871867194,0.5088556012813282,0.49114439871867194,0.5088556012813282,0
2011-12-19,2581.04,3006.65,0.5,0.5,0,0,0.4912505370745096,0.5087494629254904,0.4912505370745096,0.5087494629254904,0
2011-12-20,2577.03,3002.44,0.5,0.5,0,0,0.49121214020972864,0.5087878597902714,0.49121214020972864,0.5087878597902714,0
2011-12-21,2528.42,2966.15,0.5,0.5,0,0,0.489492158664982,0.5105078413350179,0.489492158664982,0.5105078413350179,0
2011-12-22,2528.93,2963.41,0.5,0.5,0,0,0.48977350514238593,0.5102264948576141,0.48977350514238593,0.5102264948576141,0
2011-12-23,2554.32,2986.3,0.5,0.5,0,0,0.4903470844170134,0.5096529155829866,0.4903470844170134,0.5096529155829866,0
2011-12-26,2527.72,2967.35,0.5,0.5,0,0,0.4893218916007485,0.5106781083992514,0.4893218916007485,0.5106781083992514,0
2011-12-27,2478.39,2935.3,0.5,0.5,0,0,0.4871108941841328,0.5128891058158673,0.4871108941841328,0.5128891058158673,0
2011-12-28,2474.37,2931.76,0.5,0.5,0,0,0.4870068138976064,0.5129931861023936,0.4870068138976064,0.5129931861023936,0
2011-12-29,2483.01,2936.41,0.5,0.5,0,0,0.4874817281314562,0.5125182718685439,0.4874817281314562,0.5125182718685439,0
2011-12-30,2526.64,2977.61,0.5,0.5,0,0,0.4883526201324886,0.5116473798675114,0.4883526201324886,0.5116473798675114,0
2012-01-04,2470.03,2933.26,0.5,0.5,0,0,0.4864404562823748,0.5135595437176252,0.4864404562823748,0.5135595437176252,0
2012-01-05,2426.14,2921.21,0.5,0.5,0,0,0.48299063157759575,0.5170093684224042,0.48299063157759575,0.5170093684224042,0
2012-01-06,2436.87,2939.36,0.5,0.5,0,0,0.4825458992965087,0.5174541007034914,0.4825458992965087,0.5174541007034914,0
2012-01-09,2525.71,3031.38,0.5,0.5,0,0,0.48378991013416117,0.5162100898658388,0.48378991013416117,0.5162100898658388,0
2012-01-10,2618.22,3108.52,0.5,0.5,0,0,0.4864984400597366,0.5135015599402635,0.4864984400597366,0.5135015599402635,0
2012-01-11,2604.89,3088.52,0.5,0.5,0,0,0.48683581677180987,0.5131641832281901,0.48683581677180987,0.5131641832281901,0
2012-01-12,2607.47,3094.4,0.5,0.5,0,0,0.48660796263403344,0.5133920373659666,0.48660796263403344,0.5133920373659666,0
2012-01-13,2549.52,3046.33,0.5,0.5,0,0,0.4849046333365003,0.5150953666634996,0.4849046333365003,0.5150953666634996,0
2012-01-16,2481.35,3010.32,0.5,0.5,0,1,0.4811062606011008,0.5188937393988992,0.5,0.5,1
2012-01-17,2605.34,3130.47,0.5,0.5,0,0,0.5024058940299216,0.4975941059700783,0.5024058940299216,0.4975941059700783,0
2012-01-18,2554.38,3087.73,0.5,0.5,0,0,0.5009042385511824,0.4990957614488176,0.5009042385511824,0.4990957614488176,0
2012-01-19,2604.62,3142.65,0.5,0.5,0,0,0.5013660007760491,0.4986339992239509,0.5013660007760491,0.4986339992239509,0
2012-01-20,2651.01,3191.07,0.5,0.5,0,0,0.5019569985573031,0.49804300144269675,0.5019569985573031,0.49804300144269675,0
2012-01-30,2617.22,3128.81,0.5,0.5,0,0,0.5036758246920656,0.4963241753079344,0.5036758246920656,0.4963241753079344,0
2012-01-31,2619.2,3128.74,0.5,0.5,0,0,0.5038704673221012,0.49612953267789883,0.5038704673221012,0.49612953267789883,0
2012-02-01,2587.06,3089.92,0.5,0.5,0,0,0.503905049024946,0.49609495097505385,0.503905049024946,0.49609495097505385,0
2012-02-02,2646.55,3163.13,0.5,0.5,0,0,0.5037345505028173,0.49626544949718254,0.5037345505028173,0.49626544949718254,0
2012-02-03,2672.05,3188.93,0.5,0.5,0,0,0.5041009453470403,0.49589905465295975,0.5041009453470403,0.49589905465295975,0
2012-02-06,2677.6,3183.86,0.5,0.5,0,0,0.5050173796398786,0.4949826203601214,0.5050173796398786,0.4949826203601214,0
2012-02-07,2628.36,3125.45,0.5,0.5,0,0,0.5050061885073406,0.4949938114926594,0.5050061885073406,0.4949938114926594,0
2012-02-08,2696.99,3204.81,0.5,0.5,0,0,0.505181601637968,0.4948183983620322,0.505181601637968,0.4948183983620322,0
2012-02-09,2713.2,3206.18,0.5,0.5,0,0,0.506572664187033,0.49342733581296716,0.506572664187033,0.49342733581296716,0
2012-02-10,2720.29,3210.01,0.5,0.5,0,0,0.5069265714481892,0.4930734285518109,0.5069265714481892,0.4930734285518109,0
2012-02-13,2726.08,3197.67,0.5,0.5,0,0,0.5084206734363851,0.49157932656361497,0.5084206734363851,0.49157932656361497,0
2012-02-14,2719.85,3187.79,0.5,0.5,0,0,0.5086222610411206,0.4913777389588794,0.5086222610411206,0.4913777389588794,0
2012-02-15,2749.2,3214.8,0.5,0.5,0,0,0.5091960707193124,0.49080392928068756,0.5091960707193124,0.49080392928068756,0
2012-02-16,2733.65,3206.4,0.5,0.5,0,0,0.5084323300755198,0.49156766992448014,0.5084323300755198,0.49156766992448014,0
2012-02-17,2729.51,3207.1,0.5,0.5,0,0,0.5079989730881446,0.4920010269118555,0.5079989730881446,0.4920010269118555,0
2012-02-20,2735.5,3211.74,0.5,0.5,0,0,0.5081855202772745,0.4918144797227257,0.5081855202772745,0.4918144797227257,0
2012-02-21,2765.77,3233.02,0.5,0.5,0,0,0.5092854350299559,0.4907145649700442,0.5092854350299559,0.4907145649700442,0
2012-02-22,2812.41,3274.13,0.5,0.5,0,0,0.5103068398966766,0.4896931601033233,0.5103068398966766,0.4896931601033233,0
2012-02-23,2826.38,3279.07,0.5,0.5,0,0,0.5111682705284956,0.4888317294715044,0.5111682705284956,0.4888317294715044,0
2012-02-24,2875.15,3330.49,0.5,0.5,0,0,0.5115551984121117,0.48844480158788833,0.5115551984121117,0.48844480158788833,0
2012-02-27,2881.89,3339.58,0.5,0.5,0,0,0.5114592172381689,0.4885407827618311,0.5114592172381689,0.4885407827618311,0
2012-02-28,2883.27,3356.07,0.5,0.5,0,0,0.5103480318375495,0.48965196816245043,0.5103480318375495,0.48965196816245043,0
2012-02-29,2854.42,3313.89,0.5,0.5,0,0,0.510995617604731,0.48900438239526905,0.510995617604731,0.48900438239526905,0
2012-03-01,2861.49,3321.33,0.5,0.5,0,0,0.5110533942282331,0.48894660577176674,0.5110533942282331,0.48894660577176674,0
2012-03-02,2915.54,3381.89,0.5,0.5,0,0,0.5112141053683628,0.48878589463163724,0.5112141053683628,0.48878589463163724,0
2012-03-05,2904.72,3358.32,0.5,0.5,0,0,0.5120326187722499,0.48796738122775,0.5120326187722499,0.48796738122775,0
2012-03-06,2868.43,3313.39,0.5,0.5,0,0,0.5122567005165166,0.48774329948348333,0.5122567005165166,0.48774329948348333,0
2012-03-07,2845.16,3292.53,0.5,0.5,0,0,0.5117994731758126,0.4882005268241874,0.5117994731758126,0.4882005268241874,0
2012-03-08,2884.91,3328.48,0.5,0.5,0,0,0.512552756423195,0.487447243576805,0.512552756423195,0.487447243576805,0
2012-03-09,2927.86,3350.41,0.5,0.5,0,0,0.5146040131442225,0.48539598685577745,0.5146040131442225,0.48539598685577745,0
2012-03-12,2922.13,3326.03,0.5,0.5,0,0,0.5159388528318151,0.484061147168185,0.5159388528318151,0.484061147168185,0
2012-03-13,2948.18,3355.52,0.5,0.5,0,0,0.5159508101607574,0.48404918983924256,0.5159508101607574,0.48404918983924256,0
2012-03-14,2847.3,3263.19,0.5,0.5,0,0,0.5142235490875772,0.48577645091242283,0.5142235490875772,0.48577645091242283,0
2012-03-15,2823.54,3234.63,0.5,0.5,0,0,0.5143261996458328,0.48567380035416724,0.5143261996458328,0.48567380035416724,0
2012-03-16,2879.59,3275.43,0.5,0.5,0,1,0.516105022750883,0.48389497724911695,0.5,0.5,1
2012-03-19,2892.06,3275.8,0.5,0.5,0,0,0.5010520414922353,0.49894795850776474,0.5010520414922353,0.49894795850776474,0
2012-03-20,2837.84,3223.93,0.5,0.5,0,0,0.5003108305709136,0.49968916942908637,0.5003108305709136,0.49968916942908637,0
2012-03-21,2837.64,3223.21,0.5,0.5,0,0,0.5003490496123797,0.4996509503876203,0.5003490496123797,0.4996509503876203,0
2012-03-22,2834.4,3231.25,0.5,0.5,0,0,0.49944061287599517,0.5005593871240048,0.49944061287599517,0.5005593871240048,0
2012-03-23,2791.65,3195.26,0.5,0.5,0,0,0.4984414031686452,0.5015585968313547,0.4984414031686452,0.5015585968313547,0
2012-03-26,2796.09,3196.67,0.5,0.5,0,0,0.49872840398926394,0.501271596010736,0.49872840398926394,0.501271596010736,0
2012-03-27,2778.26,3194.34,0.5,0.5,0,0,0.49731141941804147,0.5026885805819584,0.49731141941804147,0.5026885805819584,0
2012-03-28,2686.42,3111.33,0.5,0.5,0,0,0.495490222297217,0.5045097777027829,0.495490222297217,0.5045097777027829,0
2012-03-29,2651.67,3082.24,0.5,0.5,0,0,0.4945837768872922,0.5054162231127078,0.4945837768872922,0.5054162231127078,0
2012-03-30,2656.78,3112.73,0.5,0.5,0,0,0.4926045253368224,0.5073954746631776,0.4926045253368224,0.5073954746631776,0
2012-04-05,2735.86,3162.67,0.5,0.5,0,0,0.49595770221926117,0.5040422977807388,0.49595770221926117,0.5040422977807388,0
2012-04-06,2746.41,3169.93,0.5,0.5,0,0,0.49634664850061055,0.5036533514993895,0.49634664850061055,0.5036533514993895,0
2012-04-09,2721.67,3136.55,0.5,0.5,0,0,0.4967309035850364,0.5032690964149636,0.4967309035850364,0.5032690964149636,0
2012-04-10,2746.66,3169.0,0.5,0.5,0,0,0.4964427556778345,0.5035572443221655,0.4964427556778345,0.5035572443221655,0
2012-04-11,2750.17,3173.71,0.5,0.5,0,0,0.49639074085503365,0.5036092591449665,0.49639074085503365,0.5036092591449665,0
2012-04-12,2803.85,3238.26,0.5,0.5,0,0,0.4961897136357495,0.5038102863642505,0.4961897136357495,0.5038102863642505,0
2012-04-13,2816.78,3247.28,0.5,0.5,0,0,0.4966445256258549,0.503355474374145,0.4966445256258549,0.503355474374145,0
2012-04-16,2812.51,3246.62,0.5,0.5,0,0,0.49631609245942976,0.5036839075405702,0.49631609245942976,0.5036839075405702,0
2012-04-17,2776.19,3202.92,0.5,0.5,0,0,0.49645451583919303,0.503545484160807,0.49645451583919303,0.503545484160807,0
2012-04-18,2841.32,3273.02,0.5,0.5,0,0,0.4968392576279113,0.5031607423720887,0.4968392576279113,0.5031607423720887,0
2012-04-19,2837.8,3269.42,0.5,0.5,0,0,0.4968044785636298,0.5031955214363703,0.4968044785636298,0.5031955214363703,0
2012-04-20,2861.01,3313.47,0.5,0.5,0,0,0.4954951133983111,0.5045048866016888,0.4954951133983111,0.5045048866016888,0
2012-04-23,2838.28,3291.22,0.5,0.5,0,0,0.4951854371772128,0.5048145628227872,0.4951854371772128,0.5048145628227872,0
2012-04-24,2835.16,3302.63,0.5,0.5,0,0,0.4940454034090121,0.505954596590988,0.4940454034090121,0.505954596590988,0
2012-04-25,2864.84,3327.89,0.5,0.5,0,0,0.4947440105946015,0.5052559894053986,0.4947440105946015,0.5052559894053986,0
2012-04-26,2869.27,3322.96,0.5,0.5,0,0,0.49550085276398675,0.5044991472360133,0.49550085276398675,0.5044991472360133,0
2012-04-27,2864.32,3313.58,0.5,0.5,0,0,0.4957758590182287,0.5042241409817714,0.4957758590182287,0.5042241409817714,0
2012-05-02,2930.07,3370.48,0.5,0.5,0,0,0.497193124823138,0.5028068751768621,0.497193124823138,0.5028068751768621,0
2012-05-03,2942.03,3369.28,0.5,0.5,0,0,0.4983005022603344,0.5016994977396655,0.4983005022603344,0.5016994977396655,0
2012-05-04,2972.27,3384.9,0.5,0.5,0,0,0.49970071055786747,0.5002992894421324,0.49970071055786747,0.5002992894421324,0
2012-05-07,2985.71,3382.67,0.5,0.5,0,0,0.5009933665178589,0.4990066334821411,0.5009933665178589,0.4990066334821411,0
2012-05-08,2976.5,3370.41,0.5,0.5,0,0,0.5011287356330988,0.4988712643669012,0.5011287356330988,0.4988712643669012,0
2012-05-09,2917.37,3313.38,0.5,0.5,0,0,0.5003787360165579,0.4996212639834421,0.5003787360165579,0.4996212639834421,0
2012-05-10,2917.68,3310.29,0.5,0.5,0,0,0.5006385537441433,0.4993614462558567,0.5006385537441433,0.4993614462558567,0
2012-05-11,2900.05,3288.09,0.5,0.5,0,0,0.5008055904071517,0.4991944095928482,0.5008055904071517,0.4991944095928482,0
2012-05-14,2877.2,3272.69,0.5,0.5,0,0,0.5000016393957445,0.49999836060425557,0.5000016393957445,0.49999836060425557,0
2012-05-15,2885.97,3272.26,0.5,0.5,0,0,0.5007953550483848,0.49920464495161504,0.5007953550483848,0.49920464495161504,0
2012-05-16,2839.3,3222.37,0.5,0.5,0,1,0.5005604158971452,0.49943958410285477,0.5,0.5,1
2012-05-17,2878.94,3273.03,0.5,0.5,0,0,0.4995663951616911,0.5004336048383089,0.4995663951616911,0.5004336048383089,0
2012-05-18,2837.33,3230.41,0.5,0.5,0,0,0.4992034945996503,0.5007965054003497,0.4992034945996503,0.5007965054003497,0
2012-05-21,2854.18,3231.23,0.5,0.5,0,0,0.5006203215543519,0.49937967844564807,0.5006203215543519,0.49937967844564807,0
2012-05-22,2905.02,3274.76,0.5,0.5,0,0,0.5016888090156081,0.49831119098439186,0.5016888090156081,0.49831119098439186,0
2012-05-23,2898.62,3266.96,0.5,0.5,0,0,0.5017336039326992,0.4982663960673008,0.5017336039326992,0.4982663960673008,0
2012-05-24,2871.23,3241.32,0.5,0.5,0,0,0.5013298533377843,0.4986701466622156,0.5013298533377843,0.4986701466622156,0
2012-05-25,2841.51,3219.46,0.5,0.5,0,0,0.5004203819349532,0.49957961806504686,0.5004203819349532,0.49957961806504686,0
2012-05-28,2897.71,3269.15,0.5,0.5,0,0,0.5014875776972232,0.49851242230277687,0.5014875776972232,0.49851242230277687,0
2012-05-29,2937.1,3307.67,0.5,0.5,0,0,0.5019345545242059,0.4980654454757941,0.5019345545242059,0.4980654454757941,0
2012-05-30,2930.3,3302.32,0.5,0.5,0,0,0.5017597741960256,0.49824022580397437,0.5017597741960256,0.49824022580397437,0
2012-05-31,2926.93,3285.69,0.5,0.5,0,0,0.5027342195846214,0.49726578041537856,0.5027342195846214,0.49726578041537856,0
2012-06-01,2928.94,3284.17,0.5,0.5,0,0,0.5030215125161979,0.49697848748380224,0.5030215125161979,0.49697848748380224,0
2012-06-04,2849.84,3191.74,0.5,0.5,0,0,0.5033140015868267,0.49668599841317324,0.5033140015868267,0.49668599841317324,0
2012-06-05,2847.25,3197.6,0.5,0.5,0,0,0.502628140422242,0.49737185957775804,0.502628140422242,0.49737185957775804,0
2012-06-06,2843.65,3196.36,0.5,0.5,0,0,0.5024088180265139,0.4975911819734861,0.5024088180265139,0.4975911819734861,0
2012-06-07,2827.87,3180.31,0.5,0.5,0,0,0.502276152408092,0.49772384759190796,0.502276152408092,0.49772384759190796,0
2012-06-08,2811.91,3152.48,0.5,0.5,0,0,0.5030584853097159,0.49694151469028414,0.5030584853097159,0.49694151469028414,0
2012-06-11,2859.33,3193.36,0.5,0.5,0,0,0.504018225589337,0.49598177441066305,0.504018225589337,0.49598177441066305,0
2012-06-12,2847.78,3173.69,0.5,0.5,0,0,0.5045509656551819,0.4954490343448182,0.5045509656551819,0.4954490343448182,0
2012-06-13,2897.31,3218.53,0.5,0.5,0,0,0.5053541847027122,0.4946458152972878,0.5053541847027122,0.4946458152972878,0
2012-06-14,2881.43,3192.52,0.5,0.5,0,0,0.506008634694084,0.49399136530591614,0.506008634694084,0.49399136530591614,0
2012-06-15,2888.58,3215.46,0.5,0.5,0,0,0.5048383929363098,0.49516160706369017,0.5048383929363098,0.49516160706369017,0
2012-06-18,2909.5,3229.05,0.5,0.5,0,0,0.5055879772169943,0.49441202278300567,0.5055879772169943,0.49441202278300567,0
2012-06-19,2882.29,3208.14,0.5,0.5,0,0,0.5048631861051028,0.4951368138948973,0.5048631861051028,0.4951368138948973,0
2012-06-20,2872.91,3206.68,0.5,0.5,0,0,0.5041621263878788,0.49583787361212117,0.5041621263878788,0.49583787361212117,0
2012-06-21,2831.46,3166.67,0.5,0.5,0,0,0.5036678061739887,0.4963321938260114,0.5036678061739887,0.4963321938260114,0
2012-06-25,2763.27,3117.87,0.5,0.5,0,0,0.5014560597370056,0.4985439402629943,0.5014560597370056,0.4985439402629943,0
2012-06-26,2762.91,3123.99,0.5,0.5,0,0,0.5009332518966044,0.4990667481033956,0.5009332518966044,0.4990667481033956,0
2012-06-27,2759.14,3110.4,0.5,0.5,0,0,0.5016818117661144,0.49831818823388563,0.5016818117661144,0.49831818823388563,0
2012-06-28,2733.66,3083.7,0.5,0.5,0,0,0.5015176870139015,0.4984823129860986,0.5015176870139015,0.4984823129860986,0
2012-06-29,2775.51,3124.53,0.5,0.5,0,0,0.5020275421283238,0.4979724578716764,0.5020275421283238,0.4979724578716764,0
2012-07-02,2791.81,3119.86,0.5,0.5,0,0,0.5038653161810549,0.49613468381894504,0.5038653161810549,0.49613468381894504,0
2012-07-03,2800.78,3130.32,0.5,0.5,0,0,0.5038304962631898,0.4961695037368103,0.5038304962631898,0.4961695037368103,0
2012-07-04,2790.84,3127.54,0.5,0.5,0,0,0.5031638186464448,0.49683618135355534,0.5031638186464448,0.49683618135355534,0
2012-07-05,2750.97,3095.33,0.5,0.5,0,0,0.5021546425294314,0.4978453574705686,0.5021546425294314,0.4978453574705686,0
2012-07-06,2813.69,3125.54,0.5,0.5,0,0,0.5053621173324828,0.49463788266751707,0.5053621173324828,0.49463788266751707,0
2012-07-09,2753.94,3048.5,0.5,0.5,0,0,0.5062353062294228,0.4937646937705772,0.5062353062294228,0.4937646937705772,0
2012-07-10,2737.71,3041.75,0.5,0.5,0,0,0.5053118920426956,0.4946881079573045,0.5053118920426956,0.4946881079573045,0
2012-07-11,2765.01,3054.85,0.5,0.5,0,0,0.5067179284038097,0.49328207159619025,0.5067179284038097,0.49328207159619025,0
2012-07-12,2792.01,3073.64,0.5,0.5,0,0,0.5076141139252124,0.49238588607478756,0.5076141139252124,0.49238588607478756,0
2012-07-13,2789.79,3079.41,0.5,0.5,0,0,0.5069465217011702,0.4930534782988297,0.5069465217011702,0.4930534782988297,0
2012-07-16,2716.23,3024.72,0.5,0.5,0,1,0.5047463411769898,0.49525365882301015,0.5,0.5,1
2012-07-17,2726.43,3050.28,0.5,0.5,0,0,0.49883332891116877,0.5011666710888313,0.49883332891116877,0.5011666710888313,0
2012-07-18,2718.72,3047.59,0.5,0.5,0,0,0.49834593171312885,0.5016540682868712,0.49834593171312885,0.5016540682868712,0
2012-07-19,2733.88,3066.13,0.5,0.5,0,0,0.498219832841465,0.5017801671585349,0.498219832841465,0.5017801671585349,0
2012-07-20,2703.58,3037.36,0.5,0.5,0,0,0.4977904492205868,0.5022095507794132,0.4977904492205868,0.5022095507794132,0
2012-07-23,2669.25,2994.58,0.5,0.5,0,0,0.4981418040078672,0.5018581959921328,0.4981418040078672,0.5018581959921328,0
2012-07-24,2686.5,3000.84,0.5,0.5,0,0,0.49923015497275086,0.5007698450272492,0.49923015497275086,0.5007698450272492,0
2012-07-25,2671.38,2979.89,0.5,0.5,0,0,0.4995706104764898,0.5004293895235101,0.4995706104764898,0.5004293895235101,0
2012-07-26,2652.4,2966.46,0.5,0.5,0,0,0.49891730257644407,0.5010826974235559,0.49891730257644407,0.5010826974235559,0
2012-07-27,2649.75,2977.76,0.5,0.5,0,0,0.4977169137821011,0.5022830862178989,0.4977169137821011,0.5022830862178989,0
2012-07-30,2629.65,2968.73,0.5,0.5,0,0,0.49657258900861545,0.5034274109913845,0.49657258900861545,0.5034274109913845,0
2012-07-31,2618.15,2978.78,0.5,0.5,0,0,0.4946321503683938,0.5053678496316062,0.4946321503683938,0.5053678496316062,0
2012-08-01,2652.15,3004.8,0.5,0.5,0,0,0.49568342162614365,0.5043165783738562,0.49568342162614365,0.5043165783738562,0
2012-08-02,2625.62,2980.41,0.5,0.5,0,0,0.4952076016224776,0.5047923983775224,0.4952076016224776,0.5047923983775224,0
2012-08-03,2654.04,2995.66,0.5,0.5,0,0,0.49662306848824733,0.5033769315117527,0.49662306848824733,0.5033769315117527,0
2012-08-06,2700.99,3020.94,0.5,0.5,0,0,0.4989059934916593,0.5010940065083407,0.4989059934916593,0.5010940065083407,0
2012-08-07,2711.44,3020.83,0.5,0.5,0,0,0.49988046669308206,0.5001195333069179,0.49988046669308206,0.5001195333069179,0
2012-08-08,2706.75,3027.26,0.5,0.5,0,0,0.49891609394296044,0.5010839060570395,0.49891609394296044,0.5010839060570395,0
2012-08-09,2745.91,3045.21,0.5,0.5,0,0,0.5010290743740808,0.49897092562591916,0.5010290743740808,0.49897092562591916,0
2012-08-10,2727.59,3039.28,0.5,0.5,0,0,0.499842856484146,0.500157143515854,0.499842856484146,0.500157143515854,0
2012-08-13,2675.19,2984.87,0.5,0.5,0,0,0.49950946185785366,0.5004905381421464,0.49950946185785366,0.5004905381421464,0
2012-08-14,2680.83,2996.76,0.5,0.5,0,0,0.499042095863477,0.500957904136523,0.499042095863477,0.500957904136523,0
2012-08-15,2653.37,2960.1,0.5,0.5,0,0,0.49954527872171367,0.5004547212782863,0.49954527872171367,0.5004547212782863,0
2012-08-16,2635.11,2953.63,0.5,0.5,0,0,0.4983659158747857,0.5016340841252144,0.4983659158747857,0.5016340841252144,0
2012-08-17,2623.29,2956.95,0.5,0.5,0,0,0.49696117722879585,0.5030388227712042,0.49696117722879585,0.5030388227712042,0
2012-08-20,2615.17,2934.5,0.5,0.5,0,0,0.49809142419334557,0.5019085758066545,0.49809142419334557,0.5019085758066545,0
2012-08-21,2638.1,2940.58,0.5,0.5,0,0,0.49975643902512024,0.5002435609748799,0.49975643902512024,0.5002435609748799,0
2012-08-22,2608.56,2921.98,0.5,0.5,0,0,0.49852763225816055,0.5014723677418395,0.49852763225816055,0.5014723677418395,0
2012-08-23,2617.5,2928.9,0.5,0.5,0,0,0.4987915957505741,0.501208404249426,0.4987915957505741,0.501208404249426,0
2012-08-24,2581.6,2899.47,0.5,0.5,0,0,0.4978637719564386,0.5021362280435614,0.4978637719564386,0.5021362280435614,0
2012-08-27,2524.76,2855.63,0.5,0.5,0,0,0.4961068687244914,0.5038931312755086,0.4961068687244914,0.5038931312755086,0
2012-08-28,2532.44,2880.28,0.5,0.5,0,0,0.4947175437906534,0.5052824562093466,0.4947175437906534,0.5052824562093466,0
2012-08-29,2505.62,2862.48,0.5,0.5,0,0,0.49360571429726635,0.5063942857027336,0.49360571429726635,0.5063942857027336,0
2012-08-30,2482.72,2864.17,0.5,0.5,0,0,0.4911633612534874,0.5088366387465126,0.4911633612534874,0.5088366387465126,0
2012-08-31,2482.63,2860.38,0.5,0.5,0,0,0.49148523193692945,0.5085147680630705,0.49148523193692945,0.5085147680630705,0
2012-09-03,2527.82,2880.45,0.5,0.5,0,0,0.4942463477382058,0.5057536522617944,0.4942463477382058,0.5057536522617944,0
2012-09-04,2502.39,2843.94,0.5,0.5,0,0,0.4949075501624701,0.5050924498375299,0.4949075501624701,0.5050924498375299,0
2012-09-05,2499.41,2834.36,0.5,0.5,0,0,0.49545316974726206,0.5045468302527378,0.49545316974726206,0.5045468302527378,0
2012-09-06,2523.08,2857.71,0.5,0.5,0,0,0.49575845384552575,0.5042415461544744,0.49575845384552575,0.5042415461544744,0
2012-09-07,2632.79,2966.22,0.5,0.5,0,0,0.49708236841903547,0.5029176315809645,0.49708236841903547,0.5029176315809645,0
2012-09-10,2646.12,2971.73,0.5,0.5,0,0,0.4978809569545928,0.5021190430454072,0.4978809569545928,0.5021190430454072,0
2012-09-11,2630.09,2947.86,0.5,0.5,0,0,0.4983780603158749,0.5016219396841252,0.4983780603158749,0.5016219396841252,0
2012-09-12,2644.54,2952.76,0.5,0.5,0,0,0.4993326120740824,0.5006673879259176,0.4993326120740824,0.5006673879259176,0
2012-09-13,2609.16,2929.66,0.5,0.5,0,0,0.49792890955991365,0.5020710904400864,0.49792890955991365,0.5020710904400864,0
2012-09-14,2626.72,2946.98,0.5,0.5,0,0,0.49813216822383244,0.5018678317761676,0.49813216822383244,0.5018678317761676,0
2012-09-17,2559.51,2877.85,0.5,0.5,0,1,0.49758651426667605,0.502413485733324,0.5,0.5,1
2012-09-18,2538.59,2854.67,0.5,0.5,0,0,0.4999700531766123,0.5000299468233877,0.4999700531766123,0.5000299468233877,0
2012-09-19,2551.92,2861.16,0.5,0.5,0,0,0.5007116329397655,0.49928836706023444,0.5007116329397655,0.49928836706023444,0
2012-09-20,2490.34,2802.64,0.5,0.5,0,0,0.49977126773717023,0.5002287322628297,0.49977126773717023,0.5002287322628297,0
2012-09-21,2490.47,2804.07,0.5,0.5,0,0,0.49965679209035435,0.5003432079096456,0.49965679209035435,0.5003432079096456,0
2012-09-24,2510.15,2816.15,0.5,0.5,0,0,0.5005498652908646,0.49945013470913535,0.5005498652908646,0.49945013470913535,0
2012-09-25,2502.16,2809.31,0.5,0.5,0,0,0.5003607776643895,0.49963922233561053,0.5003607776643895,0.49963922233561053,0
2012-09-26,2467.59,2780.97,0.5,0.5,0,0,0.4994174582075448,0.5005825417924552,0.4994174582075448,0.5005825417924552,0
2012-09-27,2535.34,2860.48,0.5,0.5,0,0,0.499141491113341,0.5008585088866591,0.499141491113341,0.5008585088866591,0
2012-09-28,2587.36,2904.92,0.5,0.5,0,0,0.5003649632620967,0.4996350367379033,0.5003649632620967,0.4996350367379033,0
2012-10-08,2558.79,2880.64,0.5,0.5,0,0,0.4996874131608288,0.5003125868391712,0.4996874131608288,0.5003125868391712,0
2012-10-09,2620.82,2940.78,0.5,0.5,0,0,0.500510011642628,0.499489988357372,0.500510011642628,0.499489988357372,0
2012-10-10,2630.07,2944.32,0.5,0.5,0,0,0.5010900544859549,0.4989099455140451,0.5010900544859549,0.4989099455140451,0
2012-10-11,2603.84,2922.18,0.5,0.5,0,0,0.5004712546381427,0.49952874536185726,0.5004712546381427,0.49952874536185726,0
2012-10-12,2599.44,2928.73,0.5,0.5,0,0,0.49948870240504706,0.500511297594953,0.49948870240504706,0.500511297594953,0
2012-10-15,2589.27,2918.95,0.5,0.5,0,0,0.49934491882195636,0.5006550811780437,0.49934491882195636,0.5006550811780437,0
2012-10-16,2601.18,2918.86,0.5,0.5,0,0,0.5004999280313251,0.4995000719686748,0.5004999280313251,0.4995000719686748,0
2012-10-17,2606.14,2924.4,0.5,0.5,0,0,0.5005021302463764,0.4994978697536236,0.5005021302463764,0.4994978697536236,0
2012-10-18,2651.89,2972.39,0.5,0.5,0,0,0.5007834753541166,0.49921652464588334,0.5007834753541166,0.49921652464588334,0
2012-10-19,2652.47,2970.39,0.5,0.5,0,0,0.5010064180634781,0.4989935819365218,0.5010064180634781,0.4989935819365218,0
2012-10-22,2662.87,2985.74,0.5,0.5,0,0,0.5006961295143602,0.49930387048563996,0.5006961295143602,0.49930387048563996,0
2012-10-23,2623.7,2957.15,0.5,0.5,0,0,0.49939680585860685,0.5006031941413931,0.49939680585860685,0.5006031941413931,0
2012-10-24,2617.86,2961.78,0.5,0.5,0,0,0.49844860618671166,0.5015513938132884,0.49844860618671166,0.5015513938132884,0
2012-10-25,2592.19,2944.91,0.5,0.5,0,0,0.49741314197303166,0.5025868580269683,0.49741314197303166,0.5025868580269683,0
2012-10-26,2541.19,2895.4,0.5,0.5,0,0,0.49668426314966463,0.5033157368503354,0.49668426314966463,0.5033157368503354,0
2012-10-29,2532.08,2884.69,0.5,0.5,0,0,0.49671287515131185,0.5032871248486881,0.49671287515131185,0.5032871248486881,0
2012-10-30,2539.09,2892.8,0.5,0.5,0,0,0.4967021757134061,0.5032978242865939,0.4967021757134061,0.5032978242865939,0
2012-10-31,2558.8,2907.58,0.5,0.5,0,0,0.49736125754158556,0.5026387424584143,0.49736125754158556,0.5026387424584143,0
2012-11-01,2611.02,2964.05,0.5,0.5,0,0,0.4976030250774433,0.5023969749225566,0.4976030250774433,0.5023969749225566,0
2012-11-02,2619.12,2986.78,0.5,0.5,0,0,0.49646759705140414,0.5035324029485958,0.49646759705140414,0.5035324029485958,0
2012-11-05,2607.88,2988.21,0.5,0.5,0,0,0.495272825470498,0.504727174529502,0.495272825470498,0.504727174529502,0
2012-11-06,2594.31,2973.29,0.5,0.5,0,0,0.49521993441930495,0.5047800655806951,0.49521993441930495,0.5047800655806951,0
2012-11-07,2591.9,2964.36,0.5,0.5,0,0,0.49573952651948966,0.5042604734805104,0.49573952651948966,0.5042604734805104,0
2012-11-08,2542.91,2916.63,0.5,0.5,0,0,0.4950271409790624,0.5049728590209377,0.4950271409790624,0.5049728590209377,0
2012-11-09,2535.72,2911.69,0.5,0.5,0,0,0.49474309506750885,0.5052569049324912,0.49474309506750885,0.5052569049324912,0
2012-11-12,2544.32,2935.89,0.5,0.5,0,0,0.4935204710742751,0.5064795289257249,0.4935204710742751,0.5064795289257249,0
2012-11-13,2497.93,2886.27,0.5,0.5,0,0,0.493181680557851,0.506818319442149,0.493181680557851,0.506818319442149,0
2012-11-14,2508.74,2892.63,0.5,0.5,0,0,0.4937108731627828,0.5062891268372173,0.4937108731627828,0.5062891268372173,0
2012-11-15,2475.22,2857.6,0.5,0.5,0,0,0.49339409012832164,0.5066059098716783,0.49339409012832164,0.5066059098716783,0
2012-11-16,2454.03,2841.07,0.5,0.5,0,0,0.49269514055026153,0.5073048594497386,0.49269514055026153,0.5073048594497386,0
2012-11-19,2446.32,2847.32,0.5,0.5,0,1,0.49135943708777,0.50864056291223,0.5,0.5,1
2012-11-20,2438.81,2839.62,0.5,0.5,0,0,0.4999083303676564,0.5000916696323435,0.4999083303676564,0.5000916696323435,0
2012-11-21,2468.2,2875.76,0.5,0.5,0,0,0.4997413748593795,0.5002586251406205,0.4997413748593795,0.5002586251406205,0
2012-11-22,2444.29,2859.16,0.5,0.5,0,0,0.4987550433877641,0.5012449566122358,0.4987550433877641,0.5012449566122358,0
2012-11-23,2459.41,2877.31,0.5,0.5,0,0,0.4987147529147345,0.5012852470852656,0.4987147529147345,0.5012852470852656,0
2012-11-26,2435.18,2861.97,0.5,0.5,0,0,0.4975759748225344,0.5024240251774655,0.4975759748225344,0.5024240251774655,0
2012-11-27,2396.56,2832.59,0.5,0.5,0,0,0.49615913425104036,0.5038408657489597,0.49615913425104036,0.5038408657489597,0
2012-11-28,2365.97,2810.95,0.5,0.5,0,0,0.494864912504064,0.505135087495936,0.494864912504064,0.505135087495936,0
2012-11-29,2354.3,2801.82,0.5,0.5,0,0,0.49444212487616723,0.5055578751238329,0.49444212487616723,0.5055578751238329,0
2012-11-30,2386.27,2839.31,0.5,0.5,0,0,0.4944911626497461,0.5055088373502539,0.4944911626497461,0.5055088373502539,0
2012-12-03,2337.41,2819.92,0.5,0.5,0,0,0.49103303888579347,0.5089669611142066,0.49103303888579347,0.5089669611142066,0
2012-12-04,2365.41,2846.67,0.5,0.5,0,0,0.49164948271777414,0.508350517282226,0.49164948271777414,0.508350517282226,0
2012-12-05,2458.82,2945.57,0.5,0.5,0,0,0.49279363898493006,0.5072063610150699,0.49279363898493006,0.5072063610150699,0
2012-12-06,2452.9,2952.07,0.5,0.5,0,0,0.49164021043109785,0.5083597895689022,0.49164021043109785,0.5083597895689022,0
2012-12-07,2506.66,3006.7,0.5,0.5,0,0,0.492475919099332,0.507524080900668,0.492475919099332,0.507524080900668,0
2012-12-10,2539.18,3041.14,0.5,0.5,0,0,0.4928510111181709,0.507148988881829,0.4928510111181709,0.507148988881829,0
2012-12-11,2523.1,3020.43,0.5,0.5,0,0,0.4929710744113931,0.5070289255886069,0.4929710744113931,0.5070289255886069,0
2012-12-12,2538.84,3033.53,0.5,0.5,0,0,0.49344379386995696,0.506556206130043,0.49344379386995696,0.506556206130043,0
2012-12-13,2506.44,3007.17,0.5,0.5,0,0,0.4924149141832911,0.5075850858167089,0.4924149141832911,0.5075850858167089,0
2012-12-14,2631.56,3166.83,0.5,0.5,0,0,0.49166054471836923,0.5083394552816306,0.49166054471836923,0.5083394552816306,0
2012-12-17,2646.67,3177.78,0.5,0.5,0,0,0.4922288140143861,0.5077711859856139,0.4922288140143861,0.5077711859856139,0
2012-12-18,2647.44,3175.78,0.5,0.5,0,0,0.49245887446534425,0.5075411255346557,0.49245887446534425,0.5075411255346557,0
2012-12-19,2657.05,3176.37,0.5,0.5,0,0,0.4933180968009298,0.5066819031990701,0.4933180968009298,0.5066819031990701,0
2012-12-20,2671.91,3188.21,0.5,0.5,0,0,0.49378214259003256,0.5062178574099675,0.49378214259003256,0.5062178574099675,0
2012-12-21,2662.49,3169.59,0.5,0.5,0,0,0.494363458692839,0.5056365413071611,0.494363458692839,0.5056365413071611,0
2012-12-24,2667.12,3191.44,0.5,0.5,0,0,0.4930805316341489,0.5069194683658511,0.4930805316341489,0.5069194683658511,0
2012-12-25,2740.75,3293.87,0.5,0.5,0,0,0.49199113173018116,0.508008868269819,0.49199113173018116,0.508008868269819,0
2012-12-26,2760.66,3299.7,0.5,0.5,0,0,0.4933582838784324,0.5066417161215677,0.4933582838784324,0.5066417161215677,0
2012-12-27,2744.49,3273.51,0.5,0.5,0,0,0.49388175741002394,0.506118242589976,0.49388175741002394,0.506118242589976,0
2012-12-28,2780.95,3323.12,0.5,0.5,0,0,0.49342084017984134,0.5065791598201587,0.49342084017984134,0.5065791598201587,0
2012-12-31,2826.12,3390.54,0.5,0.5,0,0,0.4924278019595342,0.5075721980404657,0.4924278019595342,0.5075721980404657,0
2013-01-04,2822.07,3401.71,0.5,0.5,0,0,0.49124733378777624,0.5087526662122239,0.49124733378777624,0.5087526662122239,0
2013-01-07,2840.84,3428.47,0.5,0.5,0,0,0.4909457478827699,0.5090542521172302,0.4909457478827699,0.5090542521172302,0
2013-01-08,2843.74,3402.02,0.5,0.5,0,0,0.4931364463630622,0.5068635536369378,0.4931364463630622,0.5068635536369378,0
2013-01-09,2849.46,3392.4,0.5,0.5,0,0,0.4943465443399682,0.5056534556600317,0.4943465443399682,0.5056534556600317,0
2013-01-10,2855.02,3398.91,0.5,0.5,0,0,0.4943545906154682,0.5056454093845318,0.4943545906154682,0.5056454093845318,0
2013-01-11,2795.11,3327.66,0.5,0.5,0,0,0.4943491041149579,0.505650895885042,0.4943491041149579,0.505650895885042,0
2013-01-14,2903.79,3454.73,0.5,0.5,0,0,0.49451667488623824,0.5054833251137617,0.49451667488623824,0.5054833251137617,0
2013-01-15,2936.43,3473.07,0.5,0.5,0,0,0.49598732995012657,0.5040126700498734,0.49598732995012657,0.5040126700498734,0
2013-01-16,2914.74,3433.16,0.5,0.5,0,0,0.4970232473186218,0.5029767526813782,0.4970232473186218,0.5029767526813782,0
2013-01-17,2888.09,3403.49,0.5,0.5,0,0,0.4968968785124264,0.5031031214875736,0.4968968785124264,0.5031031214875736,0
2013-01-18,2947.61,3461.7,0.5,0.5,0,0,0.49775707030968797,0.502242929690312,0.49775707030968797,0.502242929690312,0
2013-01-21,2963.97,3508.59,0.5,0.5,0,1,0.4957772716521736,0.5042227283478264,0.5,0.5,1
2013-01-22,2928.31,3506.67,0.5,0.5,0,0,0.49711084641691816,0.5028891535830818,0.49711084641691816,0.5028891535830818,0
2013-01-23,2940.15,3521.83,0.5,0.5,0,0,0.49704116479448723,0.5029588352055128,0.49704116479448723,0.5029588352055128,0
2013-01-24,2899.79,3497.35,0.5,0.5,0,0,0.49532949663793147,0.5046705033620685,0.49532949663793147,0.5046705033620685,0
2013-01-25,2888.44,3482.12,0.5,0.5,0,0,0.4954401068565216,0.5045598931434784,0.4954401068565216,0.5045598931434784,0
2013-01-28,2976.84,3609.34,0.5,0.5,0,0,0.49400580381650927,0.5059941961834907,0.49400580381650927,0.5059941961834907,0
2013-01-29,3003.72,3639.66,0.5,0.5,0,0,0.4941617431665566,0.5058382568334434,0.4941617431665566,0.5058382568334434,0
2013-01-30,3014.46,3664.8,0.5,0.5,0,0,0.493333296988866,0.5066667030111339,0.493333296988866,0.5066667030111339,0
2013-01-31,2999.87,3660.55,0.5,0.5,0,0,0.49241063455148004,0.50758936544852,0.49241063455148004,0.50758936544852,0
2013-02-01,3066.51,3751.5,0.5,0.5,0,0,0.4917679960612039,0.508232003938796,0.4917679960612039,0.508232003938796,0
2013-02-04,3064.12,3766.98,0.5,0.5,0,0,0.49054399200478604,0.509456007995214,0.49054399200478604,0.509456007995214,0
2013-02-05,3111.48,3784.35,0.5,0.5,0,0,0.49322766845543997,0.50677233154456,0.49322766845543997,0.50677233154456,0
2013-02-06,3123.2,3783.06,0.5,0.5,0,0,0.4942526463312667,0.5057473536687332,0.4942526463312667,0.5057473536687332,0
2013-02-07,3109.58,3730.48,0.5,0.5,0,0,0.496658904374961,0.5033410956250389,0.496658904374961,0.5033410956250389,0
2013-02-08,3130.14,3739.65,0.5,0.5,0,0,0.4976926086974771,0.5023073913025229,0.4976926086974771,0.5023073913025229,0
2013-02-18,3104.67,3720.24,0.5,0.5,0,0,0.4969510149570445,0.5030489850429555,0.4969510149570445,0.5030489850429555,0
2013-02-19,3038.86,3654.21,0.5,0.5,0,0,0.49607187555929666,0.5039281244407035,0.49607187555929666,0.5039281244407035,0
2013-02-20,3067.8,3663.09,0.5,0.5,0,0,0.4978345886024638,0.502165411397536,0.4978345886024638,0.502165411397536,0
2013-02-21,2975.69,3529.05,0.5,0.5,0,0,0.49953297348835857,0.5004670265116414,0.49953297348835857,0.5004670265116414,0
2013-02-22,2959.07,3492.44,0.5,0.5,0,0,0.5007397641833249,0.4992602358166751,0.5007397641833249,0.4992602358166751,0
2013-02-25,2974.74,3515.1,0.5,0.5,0,0,0.5004433317099382,0.499556668290062,0.5004433317099382,0.499556668290062,0
2013-02-26,2938.99,3471.11,0.5,0.5,0,0,0.5005690544604142,0.49943094553958567,0.5005690544604142,0.49943094553958567,0
2013-02-27,2959.07,3510.23,0.5,0.5,0,0,0.4994695324056833,0.5005304675943167,0.4994695324056833,0.5005304675943167,0
2013-02-28,3043.26,3626.96,0.5,0.5,0,0,0.4983047912117749,0.501695208788225,0.4983047912117749,0.501695208788225,0
2013-03-01,3044.66,3617.15,0.5,0.5,0,0,0.4990968697254177,0.5009031302745823,0.4990968697254177,0.5009031302745823,0
2013-03-04,2893.65,3428.53,0.5,0.5,0,0,0.4997679361610823,0.5002320638389177,0.4997679361610823,0.5002320638389177,0
2013-03-05,2980.37,3548.78,0.5,0.5,0,0,0.49853206243701015,0.5014679375629898,0.49853206243701015,0.5014679375629898,0
2013-03-06,3019.8,3590.05,0.5,0.5,0,0,0.4989272855189906,0.5010727144810092,0.4989272855189906,0.5010727144810092,0
2013-03-07,2988.87,3541.18,0.5,0.5,0,0,0.4997800115285198,0.5002199884714802,0.4997800115285198,0.5002199884714802,0
2013-03-08,2972.72,3532.83,0.5,0.5,0,0,0.4990156939191429,0.5009843060808571,0.4990156939191429,0.5009843060808571,0
2013-03-11,2954.47,3502.79,0.5,0.5,0,0,0.49961103642618393,0.500388963573816,0.49961103642618393,0.500388963573816,0
2013-03-12,2901.11,3447.15,0.5,0.5,0,0,0.49905757139978757,0.5009424286002124,0.49905757139978757,0.5009424286002124,0
2013-03-13,2875.4,3409.44,0.5,0.5,0,0,0.499582100476055,0.500417899523945,0.499582100476055,0.500417899523945,0
2013-03-14,2883.54,3416.72,0.5,0.5,0,0,0.49975558524475777,0.5002444147552422,0.49975558524475777,0.5002444147552422,0
2013-03-15,2887.86,3429.3,0.5,0.5,0,0,0.49921106218665323,0.5007889378133469,0.49921106218665323,0.5007889378133469,0
2013-03-18,2844.11,3384.35,0.5,0.5,0,0,0.49869324954118754,0.5013067504588125,0.49869324954118754,0.5013067504588125,0
2013-03-19,2865.48,3422.79,0.5,0.5,0,0,0.49774114758561977,0.5022588524143803,0.49774114758561977,0.5022588524143803,0
2013-03-20,2967.66,3545.53,0.5,0.5,0,0,0.49769270882142597,0.5023072911785741,0.49769270882142597,0.5023072911785741,0
2013-03-21,2979.07,3545.8,0.5,0.5,0,1,0.4986330104647073,0.5013669895352926,0.5,0.5,1
2013-03-22,2983.91,3551.97,0.5,0.5,0,0,0.49997119377239563,0.5000288062276045,0.49997119377239563,0.5000288062276045,0
2013-03-25,2982.07,3548.09,0.5,0.5,0,0,0.5000902232303269,0.4999097767696731,0.5000902232303269,0.4999097767696731,0
2013-03-26,2942.99,3486.34,0.5,0.5,0,0,0.5011815551082027,0.4988184448917974,0.5011815551082027,0.4988184448917974,0
2013-03-27,2945.9,3500.97,0.5,0.5,0,0,0.5003817332724577,0.49961826672754234,0.5003817332724577,0.49961826672754234,0
2013-03-28,2845.18,3361.99,0.5,0.5,0,0,0.5018114688535252,0.4981885311464748,0.5018114688535252,0.4981885311464748,0
2013-03-29,2838.22,3370.76,0.5,0.5,0,0,0.5005478723046759,0.4994521276953241,0.5005478723046759,0.4994521276953241,0
2013-04-01,2841.54,3370.45,0.5,0.5,0,0,0.5008631304751002,0.49913686952489966,0.5008631304751002,0.49913686952489966,0
2013-04-02,2819.27,3368.17,0.5,0.5,0,0,0.49906526339739143,0.5009347366026085,0.49906526339739143,0.5009347366026085,0
2013-04-03,2809.32,3370.31,0.5,0.5,0,0,0.49802260183993335,0.5019773981600667,0.49802260183993335,0.5019773981600667,0
2013-04-08,2812.51,3348.95,0.5,0.5,0,0,0.49989577310600075,0.5001042268939994,0.49989577310600075,0.5001042268939994,0
2013-04-09,2840.07,3375.88,0.5,0.5,0,0,0.5003313254233586,0.4996686745766414,0.5003313254233586,0.4996686745766414,0
2013-04-10,2837.06,3364.85,0.5,0.5,0,0,0.5008843871609985,0.4991156128390014,0.5008843871609985,0.4991156128390014,0
2013-04-11,2834.14,3362.59,0.5,0.5,0,0,0.5007949150876362,0.4992050849123638,0.5007949150876362,0.4992050849123638,0
2013-04-12,2821.11,3338.0,0.5,0.5,0,0,0.501477803820253,0.49852219617974697,0.501477803820253,0.49852219617974697,0
2013-04-15,2792.02,3312.68,0.5,0.5,0,0,0.5007901123294884,0.4992098876705115,0.5007901123294884,0.4992098876705115,0
2013-04-16,2820.23,3341.82,0.5,0.5,0,0,0.501113874746886,0.4988861252531141,0.501113874746886,0.4988861252531141,0
2013-04-17,2832.35,3322.01,0.5,0.5,0,0,0.5036722758557106,0.49632772414428944,0.5036722758557106,0.49632772414428944,0
2013-04-18,2840.04,3335.64,0.5,0.5,0,0,0.5033265021153789,0.496673497884621,0.5033265021153789,0.496673497884621,0
2013-04-19,2916.54,3437.83,0.5,0.5,0,0,0.5024275201791069,0.49757247982089314,0.5024275201791069,0.49757247982089314,0
2013-04-22,2918.21,3440.4,0.5,0.5,0,0,0.5023838079697219,0.4976161920302782,0.5023838079697219,0.4976161920302782,0
2013-04-23,2824.58,3329.71,0.5,0.5,0,0,0.5024067566804324,0.4975932433195676,0.5024067566804324,0.4975932433195676,0
2013-04-24,2880.82,3388.42,0.5,0.5,0,0,0.5029659334629659,0.49703406653703425,0.5029659334629659,0.49703406653703425,0
2013-04-25,2836.82,3344.11,0.5,0.5,0,0,0.502408918936756,0.497591081063244,0.502408918936756,0.497591081063244,0
2013-04-26,2802.65,3314.0,0.5,0.5,0,0,0.5016405222071042,0.49835947779289586,0.5016405222071042,0.49835947779289586,0
2013-05-02,2806.95,3322.97,0.5,0.5,0,0,0.5013480358522416,0.49865196414775836,0.5013480358522416,0.49865196414775836,0
2013-05-03,2860.62,3379.72,0.5,0.5,0,0,0.5018495295483697,0.4981504704516304,0.5018495295483697,0.4981504704516304,0
2013-05-06,2906.76,3414.4,0.5,0.5,0,0,0.5032974296728073,0.49670257032719267,0.5032974296728073,0.49670257032719267,0
2013-05-07,2919.21,3418.06,0.5,0.5,0,0,0.5040980398020625,0.4959019601979377,0.5040980398020625,0.4959019601979377,0
2013-05-08,2941.6,3435.18,0.5,0.5,0,0,0.5047590958153384,0.49524090418466155,0.5047590958153384,0.49524090418466155,0
2013-05-09,2925.42,3410.22,0.5,0.5,0,0,0.5052032841512764,0.4947967158487237,0.5052032841512764,0.4947967158487237,0
2013-05-10,2938.6,3437.35,0.5,0.5,0,0,0.5043461617827352,0.4956538382172648,0.5043461617827352,0.4956538382172648,0
2013-05-13,2925.16,3427.17,0.5,0.5,0,0,0.5039416597231847,0.4960583402768152,0.5039416597231847,0.4960583402768152,0
2013-05-14,2872.41,3385.15,0.5,0.5,0,0,0.5024764330843986,0.49752356691560146,0.5024764330843986,0.49752356691560146,0
2013-05-15,2899.22,3401.92,0.5,0.5,0,0,0.5035635372584039,0.4964364627415962,0.5035635372584039,0.4964364627415962,0
2013-05-16,2948.46,3457.7,0.5,0.5,0,0,0.5037079333269558,0.49629206667304404,0.5037079333269558,0.49629206667304404,0
2013-05-17,2990.22,3505.21,0.5,0.5,0,0,0.5038122169769338,0.4961877830230662,0.5038122169769338,0.4961877830230662,0
2013-05-20,3030.96,3537.62,0.5,0.5,0,0,0.5048943060662401,0.4951056939337599,0.5048943060662401,0.4951056939337599,0
2013-05-21,3046.32,3539.78,0.5,0.5,0,1,0.5060053011242359,0.493994698875764,0.5,0.5,1
2013-05-22,3044.04,3540.85,0.5,0.5,0,0,0.4997372607131791,0.500262739286821,0.4997372607131791,0.500262739286821,0
2013-05-23,3006.57,3484.41,0.5,0.5,0,0,0.5006578583144937,0.4993421416855063,0.5006578583144937,0.4993421416855063,0
2013-05-24,3031.68,3497.64,0.5,0.5,0,0,0.501789677237184,0.49821032276281585,0.501789677237184,0.49821032276281585,0
2013-05-27,3038.9,3500.05,0.5,0.5,0,0,0.5022121423862551,0.49778785761374494,0.5022121423862551,0.49778785761374494,0
2013-05-28,3080.11,3568.67,0.5,0.5,0,0,0.5007256511982947,0.49927434880170546,0.5007256511982947,0.49927434880170546,0
2013-05-29,3082.87,3568.24,0.5,0.5,0,0,0.5009796932013995,0.4990203067986007,0.5009796932013995,0.4990203067986007,0
2013-05-30,3067.57,3557.97,0.5,0.5,0,0,0.5004564581930692,0.4995435418069308,0.5004564581930692,0.4995435418069308,0
2013-05-31,3035.95,3528.59,0.5,0.5,0,0,0.49993907654850944,0.5000609234514906,0.49993907654850944,0.5000609234514906,0
2013-06-03,3027.04,3528.24,0.5,0.5,0,0,0.4992290893284298,0.5007709106715702,0.4992290893284298,0.5007709106715702,0
2013-06-04,2978.5,3485.76,0.5,0.5,0,0,0.4982160060031083,0.5017839939968918,0.4982160060031083,0.5017839939968918,0
2013-06-05,2976.27,3469.64,0.5,0.5,0,0,0.49918756822470317,0.5008124317752969,0.49918756822470317,0.5008124317752969,0
2013-06-06,2937.93,3421.97,0.5,0.5,0,0,0.49940477944703726,0.5005952205529627,0.49940477944703726,0.5005952205529627,0
2013-06-07,2890.05,3370.66,0.5,0.5,0,0,0.49907387747970505,0.5009261225202949,0.49907387747970505,0.5009261225202949,0
2013-06-13,2805.35,3268.04,0.5,0.5,0,0,0.4993670416144252,0.5006329583855749,0.4993670416144252,0.5006329583855749,0
2013-06-14,2842.77,3284.51,0.5,0.5,0,0,0.5014229272950348,0.49857707270496526,0.5014229272950348,0.49857707270496526,0
2013-06-17,2835.23,3266.58,0.5,0.5,0,0,0.5021274296987677,0.4978725703012324,0.5021274296987677,0.4978725703012324,0
2013-06-18,2856.76,3281.36,0.5,0.5,0,0,0.5028900724311096,0.49710992756889033,0.5028900724311096,0.49710992756889033,0
2013-06-19,2838.73,3244.09,0.5,0.5,0,0,0.5041629446084885,0.4958370553915115,0.5041629446084885,0.4958370553915115,0
2013-06-20,2743.13,3136.54,0.5,0.5,0,0,0.5040273119561618,0.49597268804383826,0.5040273119561618,0.49597268804383826,0
2013-06-21,2746.03,3130.44,0.5,0.5,0,0,0.5047780885640953,0.49522191143590466,0.5047780885640953,0.49522191143590466,0
2013-06-24,2569.09,2925.65,0.5,0.5,0,0,0.5050411656569881,0.49495883434301186,0.5050411656569881,0.49495883434301186,0
2013-06-25,2565.96,2920.74,0.5,0.5,0,0,0.5051563027807433,0.49484369721925664,0.5051563027807433,0.49484369721925664,0
2013-06-26,2598.16,2910.54,0.5,0.5,0,0,0.5091477653199009,0.49085223468009914,0.5091477653199009,0.49085223468009914,0
2013-06-27,2580.87,2918.98,0.5,0.5,0,0,0.50675523512827,0.49324476487173,0.50675523512827,0.49324476487173,0
2013-06-28,2611.09,2992.0,0.5,0.5,0,0,0.503488936401716,0.49651106359828406,0.503488936401716,0.49651106359828406,0
2013-07-01,2641.53,2999.51,0.5,0.5,0,0,0.5057596517976192,0.4942403482023807,0.5057596517976192,0.4942403482023807,0
2013-07-02,2656.25,2997.02,0.5,0.5,0,0,0.5073562605551236,0.4926437394448765,0.5073562605551236,0.4926437394448765,0
2013-07-03,2651.45,2970.77,0.5,0.5,0,0,0.5091029328794509,0.49089706712054926,0.5091029328794509,0.49089706712054926,0
2013-07-04,2666.74,3000.26,0.5,0.5,0,0,0.5080713174557135,0.4919286825442865,0.5080713174557135,0.4919286825442865,0
2013-07-05,2666.26,3011.92,0.5,0.5,0,0,0.5070568478223535,0.49294315217764656,0.5070568478223535,0.49294315217764656,0
2013-07-08,2592.53,2939.13,0.5,0.5,0,0,0.5061624097611985,0.4938375902388016,0.5061624097611985,0.4938375902388016,0
2013-07-09,2594.41,2945.13,0.5,0.5,0,0,0.5058338465658512,0.49416615343414877,0.5058338465658512,0.49416615343414877,0
2013-07-10,2665.81,3020.45,0.5,0.5,0,0,0.5063077648495034,0.4936922351504965,0.5063077648495034,0.4936922351504965,0
2013-07-11,2784.39,3170.03,0.5,0.5,0,0,0.5051043328839954,0.49489566711600447,0.5051043328839954,0.49489566711600447,0
2013-07-12,2731.8,3094.63,0.5,0.5,0,0,0.5063553214131253,0.4936446785868746,0.5063553214131253,0.4936446785868746,0
2013-07-15,2774.37,3125.39,0.5,0.5,0,0,0.5077481028582904,0.4922518971417096,0.5077481028582904,0.4922518971417096,0
2013-07-16,2792.06,3136.69,0.5,0.5,0,0,0.5084346608683047,0.4915653391316952,0.5084346608683047,0.4915653391316952,0
2013-07-17,2745.13,3099.87,0.5,0.5,0,0,0.5071491455226992,0.49285085447730087,0.5071491455226992,0.49285085447730087,0
2013-07-18,2705.49,3046.56,0.5,0.5,0,0,0.5078494126250256,0.49215058737497447,0.5078494126250256,0.49215058737497447,0
2013-07-19,2632.55,2975.2,0.5,0.5,0,0,0.5069425458151839,0.493057454184816,0.5069425458151839,0.493057454184816,0
2013-07-22,2659.44,2985.05,0.5,0.5,0,1,0.5086564726396771,0.49134352736032294,0.5,0.5,1
2013-07-23,2737.56,3057.63,0.5,0.5,0,0,0.5012319548687237,0.4987680451312763,0.5012319548687237,0.4987680451312763,0
2013-07-24,2730.75,3031.3,0.5,0.5,0,0,0.5027713839027874,0.49722861609721264,0.5027713839027874,0.49722861609721264,0
2013-07-25,2699.04,3016.16,0.5,0.5,0,0,0.5011031426856729,0.4988968573143271,0.5011031426856729,0.4988968573143271,0
2013-07-26,2691.78,3008.92,0.5,0.5,0,0,0.501030597849949,0.4989694021500511,0.501030597849949,0.4989694021500511,0
2013-07-29,2634.05,2947.23,0.5,0.5,0,0,0.5007894399204731,0.4992105600795269,0.5007894399204731,0.4992105600795269,0
2013-07-30,2636.63,2973.28,0.5,0.5,0,0,0.49883419932083334,0.5011658006791665,0.49883419932083334,0.5011658006791665,0
2013-07-31,2641.58,2984.58,0.5,0.5,0,0,0.4983547840295324,0.5016452159704676,0.4983547840295324,0.5016452159704676,0
2013-08-01,2713.3,3045.5,0.5,0.5,0,0,0.5000003594432967,0.4999996405567032,0.5000003594432967,0.4999996405567032,0
2013-08-02,2718.99,3045.01,0.5,0.5,0,0,0.500564306110682,0.499435693889318,0.500564306110682,0.499435693889318,0
2013-08-05,2755.14,3079.44,0.5,0.5,0,0,0.5010553530695003,0.49894464693049956,0.5010553530695003,0.49894464693049956,0
2013-08-06,2775.03,3093.31,0.5,0.5,0,0,0.5017301845345351,0.49826981546546506,0.5017301845345351,0.49826981546546506,0
2013-08-07,2761.27,3083.15,0.5,0.5,0,0,0.5013099570034276,0.4986900429965723,0.5013099570034276,0.4986900429965723,0
2013-08-08,2762.2,3078.86,0.5,0.5,0,0,0.5017422399163308,0.4982577600836692,0.5017422399163308,0.4982577600836692,0
2013-08-09,2770.02,3087.17,0.5,0.5,0,0,0.5017751549285451,0.49822484507145487,0.5017751549285451,0.49822484507145487,0
2013-08-12,2838.74,3180.55,0.5,0.5,0,0,0.5004517690649165,0.4995482309350835,0.5004517690649165,0.4995482309350835,0
2013-08-13,2857.31,3203.31,0.5,0.5,0,0,0.5002992238113132,0.49970077618868675,0.5002992238113132,0.49970077618868675,0
2013-08-14,2844.98,3191.34,0.5,0.5,0,0,0.500154017293769,0.499845982706231,0.500154017293769,0.499845982706231,0
2013-08-15,2809.41,3161.5,0.5,0.5,0,0,0.4993572056490479,0.5006427943509522,0.4993572056490479,0.5006427943509522,0
2013-08-16,2779.5,3149.8,0.5,0.5,0,0,0.4976082731078045,0.5023917268921955,0.4976082731078045,0.5023917268921955,0
2013-08-19,2831.37,3190.43,0.5,0.5,0,0,0.4990264793089943,0.5009735206910058,0.4990264793089943,0.5009735206910058,0
2013-08-20,2814.38,3174.38,0.5,0.5,0,0,0.4987826458527102,0.5012173541472899,0.4987826458527102,0.5012173541472899,0
2013-08-21,2808.38,3163.27,0.5,0.5,0,0,0.49912560708473386,0.5008743929152661,0.49912560708473386,0.5008743929152661,0
2013-08-22,2810.83,3156.54,0.5,0.5,0,0,0.49987606130180956,0.5001239386981904,0.49987606130180956,0.5001239386981904,0
2013-08-23,2792.6,3128.22,0.5,0.5,0,0,0.5005024577419345,0.4994975422580656,0.5005024577419345,0.4994975422580656,0
2013-08-26,2846.9,3194.83,0.5,0.5,0,0,0.500049431879632,0.4999505681203679,0.500049431879632,0.4999505681203679,0
2013-08-27,2857.2,3204.67,0.5,0.5,0,0,0.5001834815304583,0.4998165184695418,0.5001834815304583,0.4998165184695418,0
2013-08-28,2833.52,3190.37,0.5,0.5,0,0,0.4992209457025406,0.5007790542974594,0.4992209457025406,0.5007790542974594,0
2013-08-29,2820.64,3188.23,0.5,0.5,0,0,0.49824971427260967,0.5017502857273902,0.49824971427260967,0.5017502857273902,0
2013-08-30,2796.26,3202.73,0.5,0.5,0,0,0.49494521265160557,0.5050547873483945,0.49494521265160557,0.5050547873483945,0
2013-09-02,2810.98,3206.96,0.5,0.5,0,0,0.49592775301600445,0.5040722469839956,0.49592775301600445,0.5040722469839956,0
2013-09-03,2858.75,3257.45,0.5,0.5,0,0,0.49623524826271265,0.5037647517372874,0.49623524826271265,0.5037647517372874,0
2013-09-04,2857.36,3260.13,0.5,0.5,0,0,0.4959080844897253,0.5040919155102748,0.4959080844897253,0.5040919155102748,0
2013-09-05,2857.82,3251.9,0.5,0.5,0,0,0.4965801979084097,0.5034198020915903,0.4965801979084097,0.5034198020915903,0
2013-09-06,2873.54,3281.7,0.5,0.5,0,0,0.4956711234573561,0.5043288765426439,0.4956711234573561,0.5043288765426439,0
2013-09-09,2952.54,3427.4,0.5,0.5,0,0,0.4915919885205135,0.5084080114794866,0.4915919885205135,0.5084080114794866,0
2013-09-10,2969.25,3484.23,0.5,0.5,0,0,0.48889263907847236,0.5111073609215275,0.48889263907847236,0.5111073609215275,0
2013-09-11,2958.67,3491.35,0.5,0.5,0,0,0.48749068221052627,0.5125093177894736,0.48749068221052627,0.5125093177894736,0
2013-09-12,2973.0,3541.93,0.5,0.5,0,0,0.4851045815056712,0.514895418494329,0.4851045815056712,0.514895418494329,0
2013-09-13,2972.26,3497.22,0.5,0.5,0,0,0.488215973013806,0.511784026986194,0.488215973013806,0.511784026986194,0
2013-09-16,2968.04,3480.06,0.5,0.5,0,0,0.4890900294666498,0.5109099705333502,0.4890900294666498,0.5109099705333502,0
2013-09-17,2916.44,3402.49,0.5,0.5,0,0,0.4903404771662718,0.5096595228337283,0.4903404771662718,0.5096595228337283,0
2013-09-18,2926.63,3413.07,0.5,0.5,0,0,0.4904362500177792,0.5095637499822208,0.4904362500177792,0.5095637499822208,0
2013-09-23,2975.43,3454.89,0.5,0.5,0,1,0.491525529212523,0.508474470787477,0.5,0.5,1
2013-09-24,2947.32,3398.84,0.5,0.5,0,0,0.5017160278505846,0.49828397214941555,0.5017160278505846,0.49828397214941555,0
2013-09-25,2931.44,3383.42,0.5,0.5,0,0,0.5015021929923534,0.4984978070076465,0.5015021929923534,0.4984978070076465,0
2013-09-26,2883.64,3300.17,0.5,0.5,0,0,0.5036203005149448,0.4963796994850553,0.5036203005149448,0.4963796994850553,0
2013-09-27,2894.52,3311.86,0.5,0.5,0,0,0.5036777790449658,0.4963222209550343,0.5036777790449658,0.4963222209550343,0
2013-09-30,2922.34,3331.19,0.5,0.5,0,0,0.5046141490441202,0.4953858509558798,0.5046141490441202,0.4953858509558798,0
2013-10-08,2957.44,3372.23,0.5,0.5,0,0,0.5045378341775955,0.49546216582240443,0.5045378341775955,0.49546216582240443,0
2013-10-09,2981.65,3394.13,0.5,0.5,0,0,0.5049576930249188,0.49504230697508134,0.5049576930249188,0.49504230697508134,0
2013-10-10,2953.09,3353.88,0.5,0.5,0,0,0.5055338359358796,0.49446616406412036,0.5055338359358796,0.49446616406412036,0
2013-10-11,2989.22,3423.95,0.5,0.5,0,0,0.5034048675839167,0.4965951324160833,0.5034048675839167,0.4965951324160833,0
2013-10-14,2991.62,3428.54,0.5,0.5,0,0,0.5032705994879678,0.4967294005120321,0.5032705994879678,0.4967294005120321,0
2013-10-15,2988.19,3415.39,0.5,0.5,0,0,0.5039444723706871,0.49605552762931293,0.5039444723706871,0.49605552762931293,0
2013-10-16,2924.54,3351.71,0.5,0.5,0,0,0.5032671016075475,0.4967328983924524,0.5032671016075475,0.4967328983924524,0
2013-10-17,2915.86,3340.84,0.5,0.5,0,0,0.5033360960115696,0.49666390398843047,0.5033360960115696,0.49666390398843047,0
2013-10-18,2929.25,3352.7,0.5,0.5,0,0,0.5035955576770895,0.4964044423229104,0.5035955576770895,0.4964044423229104,0
2013-10-21,2990.56,3408.03,0.5,0.5,0,0,0.5046819385316955,0.4953180614683045,0.5046819385316955,0.4953180614683045,0
2013-10-22,2951.09,3371.07,0.5,0.5,0,0,0.5040865201732709,0.49591347982672895,0.5040865201732709,0.49591347982672895,0
2013-10-23,2918.36,3346.56,0.5,0.5,0,0,0.5031226880278447,0.49687731197215534,0.5031226880278447,0.49687731197215534,0
2013-10-24,2900.76,3328.18,0.5,0.5,0,0,0.5029872684600495,0.49701273153995057,0.5029872684600495,0.49701273153995057,0
2013-10-25,2858.81,3305.59,0.5,0.5,0,0,0.501048131461758,0.498951868538242,0.501048131461758,0.498951868538242,0
2013-10-28,2843.87,3308.19,0.5,0.5,0,0,0.49954166038539405,0.500458339614606,0.49954166038539405,0.500458339614606,0
2013-10-29,2833.65,3328.51,0.5,0.5,0,0,0.4971107644852878,0.5028892355147123,0.4971107644852878,0.5028892355147123,0
2013-10-30,2872.43,3381.81,0.5,0.5,0,0,0.49653739153881343,0.5034626084611867,0.49653739153881343,0.5034626084611867,0
2013-10-31,2829.81,3339.76,0.5,0.5,0,0,0.4959282589865093,0.5040717410134907,0.4959282589865093,0.5040717410134907,0
2013-11-01,2834.63,3359.56,0.5,0.5,0,0,0.4948760435354494,0.5051239564645508,0.4948760435354494,0.5051239564645508,0
2013-11-04,2836.71,3353.3,0.5,0.5,0,0,0.49552563113606396,0.504474368863936,0.49552563113606396,0.504474368863936,0
2013-11-05,2849.7,3352.92,0.5,0.5,0,0,0.4966960905982029,0.5033039094017971,0.4966960905982029,0.5033039094017971,0
2013-11-06,2813.19,3306.99,0.5,0.5,0,0,0.4969207172053615,0.5030792827946385,0.4969207172053615,0.5030792827946385,0
2013-11-07,2790.9,3298.74,0.5,0.5,0,0,0.4955565168623289,0.5044434831376711,0.4955565168623289,0.5044434831376711,0
2013-11-08,2757.36,3264.01,0.5,0.5,0,0,0.49517996227797745,0.5048200377220226,0.49517996227797745,0.5048200377220226,0
2013-11-11,2773.02,3268.07,0.5,0.5,0,0,0.4962849270795005,0.5037150729204994,0.4962849270795005,0.5037150729204994,0
2013-11-12,2805.07,3302.74,0.5,0.5,0,0,0.49651958609812596,0.503480413901874,0.49651958609812596,0.503480413901874,0
2013-11-13,2749.48,3219.74,0.5,0.5,0,0,0.4978783238253219,0.5021216761746782,0.4978783238253219,0.5021216761746782,0
2013-11-14,2770.42,3228.03,0.5,0.5,0,0,0.49913223628073405,0.5008677637192659,0.49913223628073405,0.5008677637192659,0
2013-11-15,2814.23,3288.22,0.5,0.5,0,0,0.4984360943589623,0.5015639056410378,0.4984360943589623,0.5015639056410378,0
2013-11-18,2891.68,3406.65,0.5,0.5,0,0,0.4963776375780332,0.5036223624219668,0.4963776375780332,0.5036223624219668,0
2013-11-19,2875.87,3387.82,0.5,0.5,0,0,0.49639272331490336,0.5036072766850966,0.49639272331490336,0.5036072766850966,0
2013-11-20,2887.33,3408.04,0.5,0.5,0,0,0.4958993184684796,0.5041006815315204,0.4958993184684796,0.5041006815315204,0
2013-11-21,2868.09,3389.55,0.5,0.5,0,0,0.49558791107485717,0.5044120889251428,0.49558791107485717,0.5044120889251428,0
2013-11-22,2854.58,3377.26,0.5,0.5,0,0,0.4953156481922576,0.5046843518077424,0.4953156481922576,0.5046843518077424,0
2013-11-25,2844.4,3366.86,0.5,0.5,0,1,0.49519355860438014,0.5048064413956198,0.5,0.5,1
2013-11-26,2844.5,3365.35,0.5,0.5,0,0,0.5001209364674717,0.49987906353252837,0.5001209364674717,0.49987906353252837,0
2013-11-27,2871.36,3391.19,0.5,0.5,0,0,0.5005583255504275,0.49944167444957266,0.5005583255504275,0.49944167444957266,0
2013-11-28,2910.86,3421.26,0.5,0.5,0,0,0.5017670116779768,0.49823298832202323,0.5017670116779768,0.49823298832202323,0
2013-11-29,2914.84,3421.2,0.5,0.5,0,0,0.5021129807488355,0.4978870192511645,0.5021129807488355,0.4978870192511645,0
2013-12-02,2842.88,3407.02,0.5,0.5,0,0,0.4969020456838566,0.5030979543161435,0.4969020456838566,0.5030979543161435,0
2013-12-03,2877.38,3436.15,0.5,0.5,0,0,0.49778924179192324,0.5022107582080768,0.49778924179192324,0.5022107582080768,0
2013-12-04,2916.87,3488.43,0.5,0.5,0,0,0.49742196173067355,0.5025780382693263,0.49742196173067355,0.5025780382693263,0
2013-12-05,2898.71,3478.72,0.5,0.5,0,0,0.4965575070597234,0.5034424929402765,0.4965575070597234,0.5034424929402765,0
2013-12-06,2893.01,3460.74,0.5,0.5,0,0,0.4973608879633149,0.5026391120366852,0.4973608879633149,0.5026391120366852,0
2013-12-09,2905.26,3459.94,0.5,0.5,0,0,0.49847501711022363,0.5015249828897765,0.49847501711022363,0.5015249828897765,0
2013-12-10,2911.35,3473.54,0.5,0.5,0,0,0.4980177740178189,0.5019822259821812,0.4980177740178189,0.5019822259821812,0
2013-12-11,2880.38,3414.31,0.5,0.5,0,0,0.4996438043868788,0.5003561956131213,0.4996438043868788,0.5003561956131213,0
2013-12-12,2884.4,3405.42,0.5,0.5,0,0,0.5006442587168928,0.4993557412831072,0.5006442587168928,0.4993557412831072,0
2013-12-13,2880.38,3403.68,0.5,0.5,0,0,0.5004233601219249,0.4995766398780751,0.5004233601219249,0.4995766398780751,0
2013-12-16,2842.53,3354.7,0.5,0.5,0,0,0.5007401402780493,0.4992598597219508,0.5007401402780493,0.4992598597219508,0
2013-12-17,2819.89,3335.45,0.5,0.5,0,0,0.5001796711282518,0.4998203288717482,0.5001796711282518,0.4998203288717482,0
2013-12-18,2820.48,3337.94,0.5,0.5,0,0,0.5000454108084315,0.4999545891915685,0.5000454108084315,0.4999545891915685,0
2013-12-19,2786.31,3300.88,0.5,0.5,0,0,0.49978936262801016,0.5002106373719899,0.49978936262801016,0.5002106373719899,0
2013-12-20,2732.6,3221.96,0.5,0.5,0,0,0.5009730180565745,0.4990269819434256,0.5009730180565745,0.4990269819434256,0
2013-12-23,2730.7,3227.2,0.5,0.5,0,0,0.5003928770725535,0.49960712292744663,0.5003928770725535,0.49960712292744663,0
2013-12-24,2740.95,3236.63,0.5,0.5,0,0,0.5006000799215272,0.49939992007847284,0.5006000799215272,0.49939992007847284,0
2013-12-25,2764.46,3252.87,0.5,0.5,0,0,0.5014840066905223,0.4985159933094778,0.5014840066905223,0.4985159933094778,0
2013-12-26,2715.47,3193.54,0.5,0.5,0,0,0.501615854775873,0.498384145224127,0.501615854775873,0.498384145224127,0
2013-12-27,2760.8,3247.48,0.5,0.5,0,0,0.5015673928875716,0.4984326071124283,0.5015673928875716,0.4984326071124283,0
2013-12-30,2761.95,3244.68,0.5,0.5,0,0,0.5018871485895543,0.4981128514104458,0.5018871485895543,0.4981128514104458,0
2013-12-31,2797.42,3288.74,0.5,0.5,0,0,0.5017053587322278,0.49829464126777206,0.5017053587322278,0.49829464126777206,0
2014-01-02,2799.44,3270.54,0.5,0.5,0,0,0.5032731278773472,0.4967268721226527,0.5032731278773472,0.4967268721226527,0
2014-01-03,2771.47,3215.21,0.5,0.5,0,0,0.505028230790765,0.4949717692092351,0.505028230790765,0.4949717692092351,0
2014-01-06,2706.8,3147.26,0.5,0.5,0,0,0.5044657068972762,0.4955342931027238,0.5044657068972762,0.4955342931027238,0
2014-01-07,2717.46,3142.78,0.5,0.5,0,0,0.505804307297592,0.49419569270240793,0.505804307297592,0.49419569270240793,0
2014-01-08,2732.37,3144.59,0.5,0.5,0,0,0.5070281017586648,0.49297189824133514,0.5070281017586648,0.49297189824133514,0
2014-01-09,2705.81,3122.37,0.5,0.5,0,0,0.5063590057015518,0.49364099429844815,0.5063590057015518,0.49364099429844815,0
2014-01-10,2682.14,3104.25,0.5,0.5,0,0,0.5056175769353572,0.4943824230646428,0.5056175769353572,0.4943824230646428,0
2014-01-13,2674.17,3092.68,0.5,0.5,0,0,0.5058070971600572,0.49419290283994277,0.5058070971600572,0.49419290283994277,0
2014-01-14,2707.51,3122.68,0.5,0.5,0,0,0.5064911843100243,0.4935088156899756,0.5064911843100243,0.4935088156899756,0
2014-01-15,2712.99,3109.51,0.5,0.5,0,0,0.5080529536917151,0.49194704630828495,0.5080529536917151,0.49194704630828495,0
2014-01-16,2706.08,3114.91,0.5,0.5,0,0,0.5069818571911249,0.49301814280887524,0.5069818571911249,0.49301814280887524,0
2014-01-17,2664.95,3077.12,0.5,0.5,0,0,0.5062045843337211,0.49379541566627894,0.5062045843337211,0.49379541566627894,0
2014-01-20,2643.59,3064.76,0.5,0.5,0,0,0.5051990599210721,0.49480094007892794,0.5051990599210721,0.49480094007892794,0
2014-01-21,2673.73,3097.37,0.5,0.5,0,0,0.5053871783231862,0.49461282167681375,0.5053871783231862,0.49461282167681375,0
2014-01-22,2740.71,3169.08,0.5,0.5,0,0,0.5058507569938191,0.4941492430061809,0.5058507569938191,0.4941492430061809,0
2014-01-23,2741.55,3145.47,0.5,0.5,0,0,0.5077965034183597,0.49220349658164025,0.5077965034183597,0.49220349658164025,0
2014-01-24,2765.68,3160.08,0.5,0.5,0,0,0.5088284829809426,0.4911715170190574,0.5088284829809426,0.4911715170190574,0
2014-01-27,2739.75,3120.36,0.5,0.5,0,1,0.5096354834137738,0.4903645165862262,0.5,0.5,1
2014-01-28,2740.38,3137.32,0.5,0.5,0,0,0.4987023451735775,0.5012976548264225,0.4987023451735775,0.5012976548264225,0
2014-01-29,2751.8,3154.45,0.5,0.5,0,0,0.49838070393637135,0.5016192960636287,0.49838070393637135,0.5016192960636287,0
2014-01-30,2723.41,3125.58,0.5,0.5,0,0,0.4980866618480327,0.5019133381519674,0.4980866618480327,0.5019133381519674,0
2014-02-07,2746.97,3134.13,0.5,0.5,0,0,0.4995571418303806,0.5004428581696194,0.4995571418303806,0.5004428581696194,0
2014-02-10,2816.64,3198.73,0.5,0.5,0,0,0.5007181329036215,0.49928186709637834,0.5007181329036215,0.49928186709637834,0
2014-02-11,2832.91,3236.91,0.5,0.5,0,0,0.4991917470249444,0.5008082529750557,0.4991917470249444,0.5008082529750557,0
2014-02-12,2848.27,3248.55,0.5,0.5,0,0,0.4996461885357612,0.5003538114642387,0.4996461885357612,0.5003538114642387,0
2014-02-13,2827.9,3245.76,0.5,0.5,0,0,0.4980666501214498,0.5019333498785502,0.4980666501214498,0.5019333498785502,0
2014-02-14,2856.17,3262.1,0.5,0.5,0,0,0.4992980282527927,0.5007019717472072,0.4992980282527927,0.5007019717472072,0
2014-02-17,2879.95,3277.68,0.5,0.5,0,0,0.500179695554517,0.49982030444548303,0.500179695554517,0.49982030444548303,0
2014-02-18,2851.45,3239.12,0.5,0.5,0,0,0.5006519129491607,0.4993480870508394,0.5006519129491607,0.4993480870508394,0
2014-02-19,2878.94,3286.59,0.5,0.5,0,0,0.4994133308092246,0.5005866691907752,0.4994133308092246,0.5005866691907752,0
2014-02-20,2840.51,3258.53,0.5,0.5,0,0,0.4981972939353862,0.5018027060646139,0.4981972939353862,0.5018027060646139,0
2014-02-21,2818.27,3226.66,0.5,0.5,0,0,0.4986893478610468,0.5013106521389532,0.4986893478610468,0.5013106521389532,0
2014-02-24,2762.6,3153.56,0.5,0.5,0,0,0.4994304993172152,0.5005695006827848,0.4994304993172152,0.5005695006827848,0
2014-02-25,2678.69,3085.07,0.5,0.5,0,0,0.4972088354760742,0.5027911645239258,0.4972088354760742,0.5027911645239258,0
2014-02-26,2689.31,3093.07,0.5,0.5,0,0,0.49755057818395165,0.5024494218160485,0.49755057818395165,0.5024494218160485,0
2014-02-27,2660.06,3098.23,0.5,0.5,0,0,0.49440008482772485,0.5055999151722751,0.49440008482772485,0.5055999151722751,0
2014-02-28,2690.4,3116.44,0.5,0.5,0,0,0.49577016619540437,0.5042298338045956,0.49577016619540437,0.5042298338045956,0
2014-03-03,2717.9,3134.73,0.5,0.5,0,0,0.4968495871265173,0.5031504128734827,0.4968495871265173,0.5031504128734827,0
2014-03-04,2710.32,3138.8,0.5,0.5,0,0,0.4958270599533055,0.5041729400466946,0.4958270599533055,0.5041729400466946,0
2014-03-05,2691.0,3109.96,0.5,0.5,0,0,0.4963462429866159,0.5036537570133842,0.4963462429866159,0.5036537570133842,0
2014-03-06,2697.6,3133.2,0.5,0.5,0,0,0.4950974937986078,0.5049025062013921,0.4950974937986078,0.5049025062013921,0
2014-03-07,2694.92,3116.53,0.5,0.5,0,0,0.4961825792597814,0.5038174207402186,0.4961825792597814,0.5038174207402186,0
2014-03-10,2605.54,3015.93,0.5,0.5,0,0,0.4959534412215904,0.5040465587784096,0.4959534412215904,0.5040465587784096,0
2014-03-11,2621.21,3024.54,0.5,0.5,0,0,0.49673972966673413,0.5032602703332659,0.49673972966673413,0.5032602703332659,0
2014-03-12,2634.8,3039.17,0.5,0.5,0,0,0.4968261752232181,0.503173824776782,0.4968261752232181,0.503173824776782,0
2014-03-13,2672.32,3070.85,0.5,0.5,0,0,0.49776859410445357,0.5022314058955463,0.49776859410445357,0.5022314058955463,0
2014-03-14,2661.01,3048.04,0.5,0.5,0,0,0.498572177205045,0.501427822794955,0.498572177205045,0.501427822794955,0
2014-03-17,2696.0,3079.86,0.5,0.5,0,0,0.49924168959696696,0.500758310403033,0.49924168959696696,0.500758310403033,0
2014-03-18,2690.53,3073.67,0.5,0.5,0,0,0.49923690491215994,0.5007630950878401,0.49923690491215994,0.5007630950878401,0
2014-03-19,2663.65,3063.65,0.5,0.5,0,0,0.497543032650209,0.502456967349791,0.497543032650209,0.502456967349791,0
2014-03-20,2609.52,3028.96,0.5,0.5,0,0,0.4952573108735014,0.5047426891264986,0.4952573108735014,0.5047426891264986,0
2014-03-21,2686.59,3137.71,0.5,0.5,0,0,0.4937156313002174,0.5062843686997827,0.4937156313002174,0.5062843686997827,0
2014-03-24,2696.3,3169.72,0.5,0.5,0,0,0.4920803902252246,0.5079196097747755,0.4920803902252246,0.5079196097747755,0
2014-03-25,2689.05,3163.67,0.5,0.5,0,0,0.4918849450831228,0.5081150549168771,0.4918849450831228,0.5081150549168771,0
2014-03-26,2697.02,3159.01,0.5,0.5,0,0,0.49299307795109626,0.5070069220489036,0.49299307795109626,0.5070069220489036,0
2014-03-27,2672.21,3150.83,0.5,0.5,0,1,0.4913312786314039,0.5086687213685961,0.5,0.5,1
2014-03-28,2654.25,3155.04,0.5,0.5,0,0,0.49798026586136773,0.5020197341386323,0.49798026586136773,0.5020197341386323,0
2014-03-31,2647.57,3142.71,0.5,0.5,0,0,0.49832921070606767,0.5016707892939323,0.49832921070606767,0.5016707892939323,0
2014-04-01,2676.04,3163.83,0.5,0.5,0,0,0.4993287093094425,0.5006712906905575,0.4993287093094425,0.5006712906905575,0
2014-04-02,2691.47,3196.24,0.5,0.5,0,0,0.4982181221926438,0.5017818778073564,0.4982181221926438,0.5017818778073564,0
2014-04-03,2671.63,3163.75,0.5,0.5,0,0,0.4989227029039443,0.5010772970960556,0.4989227029039443,0.5010772970960556,0
2014-04-04,2699.23,3190.03,0.5,0.5,0,0,0.499424072955558,0.500575927044442,0.499424072955558,0.500575927044442,0
2014-04-08,2760.76,3264.22,0.5,0.5,0,0,0.4993113084715251,0.500688691528475,0.4993113084715251,0.500688691528475,0
2014-04-09,2769.14,3265.0,0.5,0.5,0,0,0.5000092761859434,0.4999907238140568,0.5000092761859434,0.4999907238140568,0
2014-04-10,2789.34,3321.78,0.5,0.5,0,0,0.4975160928511451,0.5024839071488548,0.4975160928511451,0.5024839071488548,0
2014-04-11,2787.45,3315.1,0.5,0.5,0,0,0.4978498820292075,0.5021501179707926,0.4978498820292075,0.5021501179707926,0
2014-04-14,2793.29,3307.23,0.5,0.5,0,0,0.49896730055592203,0.5010326994440779,0.49896730055592203,0.5010326994440779,0
2014-04-15,2749.28,3245.73,0.5,0.5,0,0,0.4996897094582494,0.5003102905417507,0.4996897094582494,0.5003102905417507,0
2014-04-16,2751.88,3254.67,0.5,0.5,0,0,0.4992383733963939,0.5007616266036061,0.4992383733963939,0.5007616266036061,0
2014-04-17,2749.13,3242.64,0.5,0.5,0,0,0.49991418748671435,0.5000858125132855,0.49991418748671435,0.5000858125132855,0
2014-04-18,2750.3,3243.1,0.5,0.5,0,0,0.49998509973360217,0.5000149002663978,0.49998509973360217,0.5000149002663978,0
2014-04-21,2707.92,3187.81,0.5,0.5,0,0,0.5004016790763848,0.4995983209236153,0.5004016790763848,0.4995983209236153,0
2014-04-22,2711.0,3211.8,0.5,0.5,0,0,0.4988115291541992,0.5011884708458008,0.4988115291541992,0.5011884708458008,0
2014-04-23,2710.15,3209.52,0.5,0.5,0,0,0.4989106655873979,0.5010893344126021,0.4989106655873979,0.5010893344126021,0
2014-04-24,2702.47,3205.23,0.5,0.5,0,0,0.49853560012749243,0.5014643998725076,0.49853560012749243,0.5014643998725076,0
2014-04-25,2666.28,3179.32,0.5,0.5,0,0,0.49719427191063303,0.502805728089367,0.49719427191063303,0.502805728089367,0
2014-04-28,2617.97,3136.23,0.5,0.5,0,0,0.4960345410073836,0.5039654589926165,0.4960345410073836,0.5039654589926165,0
2014-04-29,2647.0,3167.78,0.5,0.5,0,0,0.49628905837581877,0.5037109416241813,0.49628905837581877,0.5037109416241813,0
2014-04-30,2652.7,3164.8,0.5,0.5,0,0,0.49706208170552685,0.5029379182944732,0.49706208170552685,0.5029379182944732,0
2014-05-05,2653.4,3160.6,0.5,0.5,0,0,0.49746002642417314,0.5025399735758269,0.49746002642417314,0.5025399735758269,0
2014-05-06,2658.84,3159.29,0.5,0.5,0,0,0.49807568036016736,0.5019243196398328,0.49807568036016736,0.5019243196398328,0
2014-05-07,2623.36,3132.72,0.5,0.5,0,0,0.49682863425926094,0.5031713657407391,0.49682863425926094,0.5031713657407391,0
2014-05-08,2622.93,3134.42,0.5,0.5,0,0,0.4966520323691542,0.5033479676308459,0.4966520323691542,0.5033479676308459,0
2014-05-09,2609.62,3127.21,0.5,0.5,0,0,0.49595595029147427,0.5040440497085258,0.49595595029147427,0.5040440497085258,0
2014-05-12,2657.24,3188.15,0.5,0.5,0,0,0.49565192052615853,0.5043480794738416,0.49565192052615853,0.5043480794738416,0
2014-05-13,2655.04,3182.33,0.5,0.5,0,0,0.4959016298859631,0.5040983701140369,0.4959016298859631,0.5040983701140369,0
2014-05-14,2650.89,3180.8,0.5,0.5,0,0,0.495630801210806,0.504369198789194,0.495630801210806,0.504369198789194,0
2014-05-15,2615.26,3147.34,0.5,0.5,0,0,0.49489166077421043,0.5051083392257896,0.49489166077421043,0.5051083392257896,0
2014-05-16,2613.43,3150.98,0.5,0.5,0,0,0.49442775171664993,0.5055722482833502,0.49442775171664993,0.5055722482833502,0
2014-05-19,2577.37,3111.2,0.5,0.5,0,0,0.49413053465646767,0.5058694653435324,0.49413053465646767,0.5058694653435324,0
2014-05-20,2578.86,3116.73,0.5,0.5,0,0,0.49383109562449795,0.5061689043755021,0.49383109562449795,0.5061689043755021,0
2014-05-21,2603.89,3141.73,0.5,0.5,0,0,0.4942484891814555,0.5057515108185444,0.4942484891814555,0.5057515108185444,0
2014-05-22,2601.24,3138.77,0.5,0.5,0,0,0.49422958515224136,0.5057704148477586,0.49422958515224136,0.5057704148477586,0
2014-05-23,2626.74,3164.73,0.5,0.5,0,0,0.49460917251998676,0.5053908274800133,0.49460917251998676,0.5053908274800133,0
2014-05-26,2646.26,3173.68,0.5,0.5,0,0,0.495753999399609,0.5042460006003909,0.495753999399609,0.5042460006003909,0
2014-05-27,2636.19,3163.94,0.5,0.5,0,1,0.4955692838181015,0.5044307161818985,0.5,0.5,1
2014-05-28,2662.07,3192.88,0.5,0.5,0,0,0.50016601956085,0.49983398043914995,0.50016601956085,0.49983398043914995,0
2014-05-29,2641.38,3174.3,0.5,0.5,0,0,0.4996744414706251,0.5003255585293749,0.4996744414706251,0.5003255585293749,0
2014-05-30,2639.9,3172.62,0.5,0.5,0,0,0.49966667158455197,0.500333328415448,0.49966667158455197,0.500333328415448,0
2014-06-03,2635.99,3166.96,0.5,0.5,0,0,0.49974251982700535,0.5002574801729948,0.49974251982700535,0.5002574801729948,0
2014-06-04,2613.06,3138.88,0.5,0.5,0,0,0.49978482337115077,0.5002151766288492,0.49978482337115077,0.5002151766288492,0
2014-06-05,2646.45,3172.85,0.5,0.5,0,0,0.5002680687462293,0.49973193125377063,0.5002680687462293,0.49973193125377063,0
2014-06-06,2628.47,3147.29,0.5,0.5,0,0,0.5005858887830356,0.49941411121696444,0.5005858887830356,0.49941411121696444,0
2014-06-09,2619.16,3146.88,0.5,0.5,0,0,0.4997313908548212,0.5002686091451788,0.4997313908548212,0.5002686091451788,0
2014-06-10,2652.83,3186.15,0.5,0.5,0,0,0.499824274202169,0.5001757257978311,0.499824274202169,0.5001757257978311,0
2014-06-11,2658.83,3183.47,0.5,0.5,0,0,0.500599442964074,0.4994005570359261,0.500599442964074,0.4994005570359261,0
2014-06-12,2646.22,3170.41,0.5,0.5,0,0,0.5004386706319465,0.49956132936805353,0.5004386706319465,0.49956132936805353,0
2014-06-13,2678.14,3209.1,0.5,0.5,0,0,0.5004038482025976,0.4995961517974022,0.5004038482025976,0.4995961517974022,0
2014-06-16,2696.75,3235.73,0.5,0.5,0,0,0.5000690445838712,0.49993095541612864,0.5000690445838712,0.49993095541612864,0
2014-06-17,2666.81,3202.54,0.5,0.5,0,0,0.49985553751712375,0.5001444624828763,0.49985553751712375,0.5001444624828763,0
2014-06-18,2654.28,3185.52,0.5,0.5,0,0,0.5000103209773811,0.4999896790226189,0.5000103209773811,0.4999896790226189,0
2014-06-19,2607.49,3140.01,0.5,0.5,0,0,0.49916137118736054,0.5008386288126395,0.49916137118736054,0.5008386288126395,0
2014-06-20,2624.05,3156.68,0.5,0.5,0,0,0.4994203694672712,0.5005796305327288,0.4994203694672712,0.5005796305327288,0
2014-06-23,2629.02,3143.68,0.5,0.5,0,0,0.5009251135432407,0.4990748864567593,0.5009251135432407,0.4990748864567593,0
2014-06-24,2641.29,3149.71,0.5,0.5,0,0,0.5016101050616342,0.49838989493836583,0.5016101050616342,0.49838989493836583,0
2014-06-25,2625.38,3136.0,0.5,0.5,0,0,0.5011902323570752,0.49880976764292484,0.5011902323570752,0.49880976764292484,0
2014-06-26,2650.24,3160.92,0.5,0.5,0,0,0.501567612590217,0.49843238740978313,0.501567612590217,0.49843238740978313,0
2014-06-27,2653.99,3162.23,0.5,0.5,0,0,0.5018175136268566,0.4981824863731434,0.5018175136268566,0.4981824863731434,0
2014-06-30,2673.5,3181.84,0.5,0.5,0,0,0.5021030433566499,0.49789695664335004,0.5021030433566499,0.49789695664335004,0
2014-07-01,2674.88,3179.11,0.5,0.5,0,0,0.502446637862272,0.497553362137728,0.502446637862272,0.497553362137728,0
2014-07-02,2680.64,3190.59,0.5,0.5,0,0,0.5020832661317413,0.4979167338682588,0.5020832661317413,0.4979167338682588,0
2014-07-03,2699.26,3205.26,0.5,0.5,0,0,0.5026669358283892,0.49733306417161083,0.5026669358283892,0.49733306417161083,0
2014-07-04,2697.46,3205.16,0.5,0.5,0,0,0.5025079719188464,0.4974920280811535,0.5025079719188464,0.4974920280811535,0
2014-07-07,2689.42,3208.24,0.5,0.5,0,0,0.5015216078645284,0.4984783921354716,0.5015216078645284,0.4984783921354716,0
2014-07-08,2699.8,3216.76,0.5,0.5,0,0,0.5018216038967314,0.4981783961032686,0.5018216038967314,0.4981783961032686,0
2014-07-09,2656.05,3172.67,0.5,0.5,0,0,0.5011874841435766,0.49881251585642344,0.5011874841435766,0.49881251585642344,0
2014-07-10,2646.81,3171.8,0.5,0.5,0,0,0.5003848210868624,0.49961517891313756,0.5003848210868624,0.49961517891313756,0
2014-07-11,2651.57,3178.27,0.5,0.5,0,0,0.5003245717633776,0.49967542823662237,0.5003245717633776,0.49967542823662237,0
2014-07-14,2687.98,3215.78,0.5,0.5,0,0,0.5008008579597236,0.49919914204027643,0.5008008579597236,0.49919914204027643,0
2014-07-15,2687.38,3219.55,0.5,0.5,0,0,0.5004521340004262,0.4995478659995739,0.5004521340004262,0.4995478659995739,0
2014-07-16,2673.71,3224.17,0.5,0.5,0,0,0.498818717621847,0.501181282378153,0.498818717621847,0.501181282378153,0
2014-07-17,2654.28,3204.23,0.5,0.5,0,0,0.4985462573502516,0.5014537426497483,0.4985462573502516,0.5014537426497483,0
2014-07-18,2667.66,3216.76,0.5,0.5,0,0,0.4988276109693142,0.501172389030686,0.4988276109693142,0.501172389030686,0
2014-07-21,2672.77,3211.49,0.5,0.5,0,0,0.4997159443680208,0.5002840556319793,0.4997159443680208,0.5002840556319793,0
2014-07-22,2709.55,3248.79,0.5,0.5,0,0,0.5002458358690117,0.4997541641309882,0.5002458358690117,0.4997541641309882,0
2014-07-23,2699.58,3262.6,0.5,0.5,0,0,0.4982638007962939,0.501736199203706,0.4982638007962939,0.501736199203706,0
2014-07-24,2732.55,3327.53,0.5,0.5,0,0,0.49637215005910706,0.5036278499408928,0.49637215005910706,0.5036278499408928,0
2014-07-25,2756.39,3358.11,0.5,0.5,0,0,0.49625680250768944,0.5037431974923107,0.49625680250768944,0.5037431974923107,0
2014-07-28,2825.75,3455.06,0.5,0.5,0,1,0.49535448025973516,0.5046455197402648,0.5,0.5,1
2014-07-29,2846.04,3466.96,0.5,0.5,0,0,0.5009291069842804,0.49907089301571966,0.5009291069842804,0.49907089301571966,0
2014-07-30,2837.7,3442.34,0.5,0.5,0,0,0.501977089528403,0.49802291047159697,0.501977089528403,0.49802291047159697,0
2014-07-31,2868.32,3485.65,0.5,0.5,0,0,0.5015344849798533,0.4984655150201466,0.5015344849798533,0.4984655150201466,0
2014-08-01,2847.99,3453.55,0.5,0.5,0,0,0.5020691886664476,0.49793081133355244,0.5020691886664476,0.49793081133355244,0
2014-08-04,2895.19,3522.76,0.5,0.5,0,0,0.5012179908668972,0.4987820091331027,0.5012179908668972,0.4987820091331027,0
2014-08-05,2896.13,3508.35,0.5,0.5,0,0,0.502323865429873,0.497676134570127,0.502323865429873,0.497676134570127,0
2014-08-06,2885.72,3492.83,0.5,0.5,0,0,0.5025320150531267,0.49746798494687317,0.5025320150531267,0.49746798494687317,0
2014-08-07,2848.28,3440.06,0.5,0.5,0,0,0.5030730606409699,0.49692693935903004,0.5030730606409699,0.49692693935903004,0
2014-08-08,2860.78,3443.83,0.5,0.5,0,0,0.5038939457474191,0.4961060542525808,0.5038939457474191,0.4961060542525808,0
2014-08-11,2903.54,3496.34,0.5,0.5,0,0,0.503819921242765,0.49618007875723513,0.503819921242765,0.49618007875723513,0
2014-08-12,2900.29,3483.16,0.5,0.5,0,0,0.5044840826214222,0.4955159173785778,0.5044840826214222,0.4955159173785778,0
2014-08-13,2894.83,3486.98,0.5,0.5,0,0,0.503739020899637,0.496260979100363,0.503739020899637,0.496260979100363,0
2014-08-14,2873.07,3458.11,0.5,0.5,0,0,0.5039311576296499,0.49606884237035015,0.5039311576296499,0.49606884237035015,0
2014-08-15,2897.15,3490.9,0.5,0.5,0,0,0.5036584146219831,0.49634158537801687,0.5036584146219831,0.49634158537801687,0
2014-08-18,2923.63,3508.2,0.5,0.5,0,0,0.5046970909643358,0.49530290903566426,0.5046970909643358,0.49530290903566426,0
2014-08-19,2926.02,3507.66,0.5,0.5,0,0,0.5049398383856509,0.495060161614349,0.5049398383856509,0.495060161614349,0
2014-08-20,2912.73,3493.38,0.5,0.5,0,0,0.5048216115181942,0.4951783884818058,0.5048216115181942,0.4951783884818058,0
2014-08-21,2905.92,3471.78,0.5,0.5,0,0,0.5057868945644544,0.4942131054355456,0.5057868945644544,0.4942131054355456,0
2014-08-22,2918.76,3489.52,0.5,0.5,0,0,0.5056149351317019,0.4943850648682981,0.5056149351317019,0.4943850648682981,0
2014-08-25,2890.62,3460.07,0.5,0.5,0,0,0.5053118499055516,0.49468815009444844,0.5053118499055516,0.49468815009444844,0
2014-08-26,2859.13,3432.62,0.5,0.5,0,0,0.5045647661407776,0.49543523385922233,0.5045647661407776,0.49543523385922233,0
2014-08-27,2862.94,3433.0,0.5,0.5,0,0,0.504869986365521,0.49513001363447895,0.504869986365521,0.49513001363447895,0
2014-08-28,2836.06,3403.84,0.5,0.5,0,0,0.5046442579395108,0.49535574206048916,0.5046442579395108,0.49535574206048916,0
2014-08-29,2869.79,3442.74,0.5,0.5,0,0,0.5047591556466424,0.4952408443533575,0.5047591556466424,0.4952408443533575,0
2014-09-01,2901.08,3468.03,0.5,0.5,0,0,0.5056403555215478,0.4943596444784521,0.5056403555215478,0.4943596444784521,0
2014-09-02,2935.16,3516.05,0.5,0.5,0,0,0.5051222640351434,0.49487773596485674,0.5051222640351434,0.49487773596485674,0
2014-09-03,2960.44,3547.68,0.5,0.5,0,0,0.5050273416566942,0.49497265834330584,0.5050273416566942,0.49497265834330584,0
2014-09-04,2980.39,3576.62,0.5,0.5,0,0,0.5046753515273629,0.49532464847263724,0.5046753515273629,0.49532464847263724,0
2014-09-05,2999.05,3603.17,0.5,0.5,0,0,0.5043867787899438,0.4956132212100562,0.5043867787899438,0.4956132212100562,0
2014-09-09,2996.4,3597.51,0.5,0.5,0,0,0.5045587826008687,0.4954412173991313,0.5045587826008687,0.4954412173991313,0
2014-09-10,2988.52,3578.31,0.5,0.5,0,0,0.5052382250405928,0.49476177495940715,0.5052382250405928,0.49476177495940715,0
2014-09-11,2979.65,3568.1,0.5,0.5,0,0,0.5052094639450191,0.4947905360549809,0.5052094639450191,0.4947905360549809,0
2014-09-12,2994.87,3592.61,0.5,0.5,0,0,0.5047718236719166,0.49522817632808336,0.5047718236719166,0.49522817632808336,0
2014-09-15,2993.94,3593.64,0.5,0.5,0,0,0.5046225274041479,0.495377472595852,0.5046225274041479,0.495377472595852,0
2014-09-16,2925.95,3539.62,0.5,0.5,0,0,0.5026664358826954,0.49733356411730445,0.5026664358826954,0.49733356411730445,0
2014-09-17,2939.51,3558.03,0.5,0.5,0,0,0.5025254502731735,0.49747454972682636,0.5025254502731735,0.49747454972682636,0
2014-09-18,2956.76,3569.52,0.5,0.5,0,0,0.5031821941288305,0.4968178058711694,0.5031821941288305,0.4968178058711694,0
2014-09-19,2975.47,3590.21,0.5,0.5,0,0,0.5033142815124002,0.49668571848759974,0.5033142815124002,0.49668571848759974,0
2014-09-22,2925.28,3521.47,0.5,0.5,0,0,0.5038943446597481,0.4961056553402519,0.5038943446597481,0.4961056553402519,0
2014-09-23,2947.99,3550.72,0.5,0.5,0,0,0.503759726507332,0.49624027349266797,0.503759726507332,0.49624027349266797,0
2014-09-24,2984.41,3607.77,0.5,0.5,0,0,0.5028445259471649,0.4971554740528351,0.5028445259471649,0.4971554740528351,0
2014-09-25,2975.19,3598.55,0.5,0.5,0,0,0.502710704210443,0.497289295789557,0.502710704210443,0.497289295789557,0
2014-09-26,2977.01,3599.6,0.5,0.5,0,0,0.5027906510355424,0.4972093489644577,0.5027906510355424,0.4972093489644577,0
2014-09-29,2989.96,3613.08,0.5,0.5,0,1,0.5029413216502806,0.49705867834971934,0.5,0.5,1
2014-09-30,2998.99,3619.29,0.5,0.5,0,0,0.5003245689818463,0.49967543101815365,0.5003245689818463,0.49967543101815365,0
2014-10-08,3041.46,3657.4,0.5,0.5,0,0,0.501221431476807,0.4987785685231929,0.501221431476807,0.4987785685231929,0
2014-10-09,3046.69,3666.01,0.5,0.5,0,0,0.5010631141547356,0.49893688584526447,0.5010631141547356,0.49893688584526447,0
2014-10-10,3029.85,3648.82,0.5,0.5,0,0,0.5008524667961792,0.4991475332038209,0.5008524667961792,0.4991475332038209,0
2014-10-13,3011.75,3632.16,0.5,0.5,0,0,0.5004985941673267,0.49950140583267333,0.5004985941673267,0.49950140583267333,0
2014-10-14,2996.81,3621.72,0.5,0.5,0,0,0.4999749808189405,0.5000250191810595,0.4999749808189405,0.5000250191810595,0
2014-10-15,3009.54,3645.96,0.5,0.5,0,0,0.49936703101069,0.5006329689893099,0.49936703101069,0.5006329689893099,0
2014-10-16,2981.12,3626.0,0.5,0.5,0,0,0.4983673911268358,0.5016326088731642,0.4983673911268358,0.5016326088731642,0
2014-10-17,2970.75,3605.26,0.5,0.5,0,0,0.4989302868312762,0.5010697131687238,0.4989302868312762,0.5010697131687238,0
2014-10-20,2993.65,3627.04,0.5,0.5,0,0,0.4993442690899604,0.5006557309100397,0.4993442690899604,0.5006557309100397,0
2014-10-21,2968.2,3596.29,0.5,0.5,0,0,0.49933838407572295,0.500661615924277,0.49933838407572295,0.500661615924277,0
2014-10-22,2946.72,3580.88,0.5,0.5,0,0,0.4985961766639288,0.5014038233360713,0.4985961766639288,0.5014038233360713,0
2014-10-23,2915.16,3547.4,0.5,0.5,0,0,0.4982525948172039,0.501747405182796,0.4982525948172039,0.501747405182796,0
2014-10-24,2916.56,3544.06,0.5,0.5,0,0,0.49860811904032837,0.5013918809596717,0.49860811904032837,0.5013918809596717,0
2014-10-27,2904.94,3515.14,0.5,0.5,0,0,0.4996584918208812,0.5003415081791188,0.4996584918208812,0.5003415081791188,0
2014-10-28,2953.64,3589.91,0.5,0.5,0,0,0.49855294411004264,0.5014470558899574,0.49855294411004264,0.5014470558899574,0
2014-10-29,2986.31,3652.74,0.5,0.5,0,0,0.4969654186200584,0.5030345813799416,0.4969654186200584,0.5030345813799416,0
2014-10-30,2992.04,3694.2,0.5,0.5,0,0,0.4946232051817101,0.5053767948182898,0.4946232051817101,0.5053767948182898,0
2014-10-31,3028.75,3762.02,0.5,0.5,0,0,0.4931240661841191,0.5068759338158808,0.4931240661841191,0.5068759338158808,0
2014-11-03,3036.17,3777.27,0.5,0.5,0,0,0.49272449130455587,0.507275508695444,0.49272449130455587,0.507275508695444,0
2014-11-04,3018.12,3777.78,0.5,0.5,0,0,0.49120045122575345,0.5087995487742466,0.49120045122575345,0.5087995487742466,0
2014-11-05,2999.54,3756.77,0.5,0.5,0,0,0.49105095144763117,0.5089490485523689,0.49105095144763117,0.5089490485523689,0
2014-11-06,3009.82,3763.42,0.5,0.5,0,0,0.4914640150841669,0.508535984915833,0.4914640150841669,0.508535984915833,0
2014-11-07,2996.9,3751.11,0.5,0.5,0,0,0.49120770883485243,0.5087922911651476,0.49120770883485243,0.5087922911651476,0
2014-11-10,3056.32,3852.41,0.5,0.5,0,0,0.4894548729481559,0.510545127051844,0.4894548729481559,0.510545127051844,0
2014-11-11,3025.31,3846.16,0.5,0.5,0,0,0.48731244980647614,0.5126875501935239,0.48731244980647614,0.5126875501935239,0
2014-11-12,3056.87,3896.65,0.5,0.5,0,0,0.48664689888191204,0.5133531011180879,0.48664689888191204,0.5133531011180879,0
2014-11-13,3036.16,3883.04,0.5,0.5,0,0,0.4858227491956639,0.5141772508043361,0.4858227491956639,0.5141772508043361,0
2014-11-14,3037.88,3877.19,0.5,0.5,0,0,0.4863408554287701,0.51365914457123,0.4863408554287701,0.51365914457123,0
2014-11-17,3039.16,3853.85,0.5,0.5,0,0,0.48795460546090613,0.5120453945390939,0.48795460546090613,0.5120453945390939,0
2014-11-18,3015.32,3812.03,0.5,0.5,0,0,0.4887130901923523,0.5112869098076477,0.4887130901923523,0.5112869098076477,0
2014-11-19,3015.5,3801.11,0.5,0.5,0,0,0.4894448457118038,0.5105551542881963,0.4894448457118038,0.5105551542881963,0
2014-11-20,3007.85,3806.7,0.5,0.5,0,0,0.4884429214709573,0.5115570785290426,0.4884429214709573,0.5115570785290426,0
2014-11-21,3043.13,3869.3,0.5,0.5,0,0,0.4872811353494435,0.5127188646505565,0.4872811353494435,0.5127188646505565,0
2014-11-24,3087.15,3957.28,0.5,0.5,0,0,0.4852522788363712,0.5147477211636288,0.4852522788363712,0.5147477211636288,0
2014-11-25,3134.88,4012.2,0.5,0.5,0,0,0.48564188895550026,0.5143581110444997,0.48564188895550026,0.5143581110444997,0
2014-11-26,3157.9,4062.14,0.5,0.5,0,0,0.48437956133135623,0.5156204386686438,0.48437956133135623,0.5156204386686438,0
2014-11-27,3175.46,4099.3,0.5,0.5,0,0,0.4834902193634266,0.5165097806365734,0.4834902193634266,0.5165097806365734,0
2014-11-28,3242.98,4224.89,0.5,0.5,0,0,0.4812088595502087,0.5187911404497914,0.4812088595502087,0.5187911404497914,0
2014-12-01,3237.33,4228.68,0.5,0.5,0,1,0.480549723274054,0.519450276725946,0.5,0.5,1
2014-12-02,3328.13,4391.79,0.5,0.5,0,0,0.4974536888795073,0.5025463111204928,0.4974536888795073,0.5025463111204928,0
2014-12-03,3374.78,4431.1,0.5,0.5,0,0,0.49870581499252387,0.5012941850074761,0.49870581499252387,0.5012941850074761,0
2014-12-04,3491.41,4644.24,0.5,0.5,0,0,0.49545484910635496,0.504545150893645,0.49545484910635496,0.504545150893645,0
2014-12-05,3446.25,4646.18,0.5,0.5,0,0,0.4920962280210645,0.5079037719789355,0.4920962280210645,0.5079037719789355,0
2014-12-08,3510.69,4826.5,0.5,0.5,0,0,0.4872107911505772,0.5127892088494228,0.4872107911505772,0.5127892088494228,0
2014-12-09,3349.11,4577.6,0.5,0.5,0,0,0.48866713309976384,0.5113328669002362,0.48866713309976384,0.5113328669002362,0
2014-12-10,3497.64,4760.9,0.5,0.5,0,0,0.4896996327397077,0.5103003672602923,0.4896996327397077,0.5103003672602923,0
2014-12-11,3507.26,4749.02,0.5,0.5,0,0,0.4910104179425649,0.508989582057435,0.4910104179425649,0.508989582057435,0
2014-12-12,3504.17,4742.33,0.5,0.5,0,0,0.49114244759649905,0.508857552403501,0.49114244759649905,0.508857552403501,0
2014-12-15,3519.88,4755.28,0.5,0.5,0,0,0.49157886891125596,0.5084211310887441,0.49157886891125596,0.5084211310887441,0
2014-12-16,3553.75,4887.78,0.5,0.5,0,0,0.4871043962025122,0.5128956037974878,0.4871043962025122,0.5128956037974878,0
2014-12-17,3596.83,5013.76,0.5,0.5,0,0,0.4837576521457019,0.516242347854298,0.4837576521457019,0.516242347854298,0
2014-12-18,3591.68,5006.85,0.5,0.5,0,0,0.4837442451693755,0.5162557548306246,0.4837442451693755,0.5162557548306246,0
2014-12-19,3593.51,5105.45,0.5,0.5,0,0,0.47900281005699546,0.5209971899430046,0.47900281005699546,0.5209971899430046,0
2014-12-22,3595.91,5156.42,0.5,0.5,0,0,0.4766907878130077,0.5233092121869922,0.4766907878130077,0.5233092121869922,0
2014-12-23,3536.72,5016.11,0.5,0.5,0,0,0.47943310710493015,0.5205668928950699,0.47943310710493015,0.5205668928950699,0
2014-12-24,3495.36,4869.3,0.5,0.5,0,0,0.4839123442120111,0.5160876557879889,0.4839123442120111,0.5160876557879889,0
2014-12-25,3580.4,5048.59,0.5,0.5,0,0,0.48088594450790606,0.519114055492094,0.48088594450790606,0.519114055492094,0
2014-12-26,3642.58,5204.51,0.5,0.5,0,0,0.47759192921382937,0.5224080707861707,0.47759192921382937,0.5224080707861707,0
2014-12-29,3644.11,5245.6,0.5,0.5,0,0,0.4757349532031046,0.5242650467968953,0.4757349532031046,0.5242650467968953,0
2014-12-30,3633.32,5266.69,0.5,0.5,0,0,0.4739949167275559,0.5260050832724441,0.4739949167275559,0.5260050832724441,0
2014-12-31,3711.31,5396.18,0.5,0.5,0,0,0.4732342583160878,0.5267657416839123,0.4732342583160878,0.5267657416839123,0
2015-01-05,3813.86,5581.43,0.5,0.5,0,0,0.4716149913244978,0.5283850086755021,0.4716149913244978,0.5283850086755021,0
2015-01-06,3831.24,5547.58,0.5,0.5,0,0,0.47426468381057274,0.5257353161894274,0.47426468381057274,0.5257353161894274,0
2015-01-07,3805.54,5550.14,0.5,0.5,0,0,0.4724717949546397,0.5275282050453604,0.4724717949546397,0.5275282050453604,0
2015-01-08,3748.65,5399.76,0.5,0.5,0,0,0.47556504000575306,0.5244349599942469,0.47556504000575306,0.5244349599942469,0
2015-01-09,3742.06,5389.72,0.5,0.5,0,0,0.47559036927615195,0.5244096307238479,0.47559036927615195,0.5244096307238479,0
2015-01-12,3721.82,5294.59,0.5,0.5,0,0,0.4786799910217869,0.5213200089782131,0.4786799910217869,0.5213200089782131,0
2015-01-13,3750.76,5292.65,0.5,0.5,0,0,0.48070468502899816,0.5192953149710018,0.48070468502899816,0.5192953149710018,0
2015-01-14,3739.31,5280.79,0.5,0.5,0,0,0.4805014848493187,0.5194985151506812,0.4805014848493187,0.5194985151506812,0
2015-01-15,3807.25,5463.72,0.5,0.5,0,0,0.4764968934151416,0.5235031065848583,0.4764968934151416,0.5235031065848583,0
2015-01-16,3844.74,5500.02,0.5,0.5,0,0,0.47728944309533455,0.5227105569046655,0.47728944309533455,0.5227105569046655,0
2015-01-19,3624.09,5026.94,0.5,0.5,0,0,0.48498769973201766,0.5150123002679824,0.48498769973201766,0.5150123002679824,0
2015-01-20,3730.67,5101.39,0.5,0.5,0,0,0.4885559395636749,0.5114440604363251,0.4885559395636749,0.5114440604363251,0
2015-01-21,3844.34,5342.93,0.5,0.5,0,0,0.4844971499532866,0.5155028500467136,0.4844971499532866,0.5155028500467136,0
2015-01-22,3870.15,5350.78,0.5,0.5,0,0,0.48580179135343715,0.5141982086465628,0.48580179135343715,0.5141982086465628,0
2015-01-23,3852.52,5362.19,0.5,0.5,0,0,0.48412932757721805,0.515870672422782,0.48412932757721805,0.515870672422782,0
2015-01-26,3900.92,5390.49,0.5,0.5,0,0,0.4859329893431393,0.5140670106568608,0.4859329893431393,0.5140670106568608,0
2015-01-27,3869.79,5328.79,0.5,0.5,0,0,0.486807317333864,0.5131926826661359,0.486807317333864,0.5131926826661359,0
2015-01-28,3823.55,5265.67,0.5,0.5,0,0,0.4867810534193269,0.5132189465806731,0.4867810534193269,0.5132189465806731,0
2015-01-29,3778.99,5202.22,0.5,0.5,0,0,0.4868810847589135,0.5131189152410865,0.4868810847589135,0.5131189152410865,0
2015-01-30,3749.97,5135.18,0.5,0.5,0,0,0.48819567266818953,0.5118043273318105,0.48819567266818953,0.5118043273318105,0
2015-02-02,3700.73,4993.78,0.5,0.5,0,1,0.4918701993237224,0.5081298006762776,0.5,0.5,1
2015-02-03,3773.38,5108.85,0.5,0.5,0,0,0.4991649662998034,0.5008350337001967,0.4991649662998034,0.5008350337001967,0
2015-02-04,3738.13,5060.48,0.5,0.5,0,0,0.49919679730621286,0.5008032026937871,0.49919679730621286,0.5008032026937871,0
2015-02-05,3715.16,5003.35,0.5,0.5,0,0,0.5004942744228691,0.4995057255771309,0.5004942744228691,0.4995057255771309,0
2015-02-06,3656.24,4905.43,0.5,0.5,0,0,0.5014388916944047,0.49856110830559536,0.5014388916944047,0.49856110830559536,0
2015-02-09,3665.49,4934.0,0.5,0.5,0,0,0.500618761175808,0.49938123882419216,0.500618761175808,0.49938123882419216,0
2015-02-10,3732.22,5019.86,0.5,0.5,0,0,0.5008160559106075,0.4991839440893926,0.5008160559106075,0.4991839440893926,0
2015-02-11,3765.66,5042.85,0.5,0.5,0,0,0.5019036874957666,0.49809631250423336,0.5019036874957666,0.49809631250423336,0
2015-02-12,3780.32,5063.15,0.5,0.5,0,0,0.5018707121253868,0.4981292878746133,0.5018707121253868,0.4981292878746133,0
2015-02-13,3828.88,5110.93,0.5,0.5,0,0,0.5027134706165339,0.49728652938346607,0.5027134706165339,0.49728652938346607,0
2015-02-16,3873.86,5132.44,0.5,0.5,0,0,0.5045831933488206,0.4954168066511795,0.5045831933488206,0.4954168066511795,0
2015-02-17,3899.91,5179.45,0.5,0.5,0,0,0.5039793268435143,0.4960206731564858,0.5039793268435143,0.4960206731564858,0
2015-02-25,3864.21,5135.61,0.5,0.5,0,0,0.5038053451034596,0.49619465489654035,0.5038053451034596,0.49619465489654035,0
2015-02-26,3925.16,5261.1,0.5,0.5,0,0,0.5016824998771126,0.49831750012288745,0.5016824998771126,0.49831750012288745,0
2015-02-27,3940.75,5265.35,0.5,0.5,0,0,0.5024716001062783,0.49752839989372155,0.5024716001062783,0.49752839989372155,0
2015-03-02,3984.57,5304.27,0.5,0.5,0,0,0.5033950192604925,0.4966049807395077,0.5033950192604925,0.4966049807395077,0
2015-03-03,3904.47,5172.61,0.5,0.5,0,0,0.5046017936757101,0.4953982063242898,0.5046017936757101,0.4953982063242898,0
2015-03-04,3950.45,5190.67,0.5,0.5,0,0,0.5066570450428517,0.4933429549571483,0.5066570450428517,0.4933429549571483,0
2015-03-05,3919.1,5125.78,0.5,0.5,0,0,0.5078099566389462,0.4921900433610537,0.5078099566389462,0.4921900433610537,0
2015-03-06,3886.73,5124.96,0.5,0.5,0,0,0.5057768698221038,0.49422313017789615,0.5057768698221038,0.49422313017789615,0
2015-03-09,3981.56,5248.64,0.5,0.5,0,0,0.505841671033803,0.49415832896619716,0.505841671033803,0.49415832896619716,0
2015-03-10,3990.91,5212.73,0.5,0.5,0,0,0.5081439308950593,0.4918560691049407,0.5081439308950593,0.4918560691049407,0
2015-03-11,3994.95,5223.48,0.5,0.5,0,0,0.5078819114212366,0.4921180885787632,0.5078819114212366,0.4921180885787632,0
2015-03-12,4051.59,5349.04,0.5,0.5,0,0,0.5054636154368499,0.49453638456314997,0.5054636154368499,0.49453638456314997,0
2015-03-13,4092.37,5388.51,0.5,0.5,0,0,0.5061292919536666,0.4938707080463333,0.5061292919536666,0.4938707080463333,0
2015-03-16,4198.52,5514.72,0.5,0.5,0,0,0.5067431516352352,0.49325684836476474,0.5067431516352352,0.49325684836476474,0
2015-03-17,4234.85,5602.44,0.5,0.5,0,0,0.5049520210149022,0.4950479789850979,0.5049520210149022,0.4950479789850979,0
2015-03-18,4326.37,5737.47,0.5,0.5,0,0,0.5043432775408049,0.49565672245919495,0.5043432775408049,0.49565672245919495,0
2015-03-19,4320.82,5739.33,0.5,0.5,0,0,0.5039413585657251,0.49605864143427486,0.5039413585657251,0.49605864143427486,0
2015-03-20,4360.22,5793.62,0.5,0.5,0,0,0.5038569843016008,0.4961430156983992,0.5038569843016008,0.4961430156983992,0
2015-03-23,4465.62,5906.84,0.5,0.5,0,0,0.5049898597247846,0.4950101402752154,0.5049898597247846,0.4950101402752154,0
2015-03-24,4481.04,5895.4,0.5,0.5,0,0,0.5063361150744858,0.4936638849255141,0.5063361150744858,0.4936638849255141,0
2015-03-25,4473.79,5836.05,0.5,0.5,0,0,0.508460384049699,0.491539615950301,0.508460384049699,0.491539615950301,0
2015-03-26,4439.67,5882.25,0.5,0.5,0,0,0.5045758092779351,0.49542419072206484,0.5045758092779351,0.49542419072206484,0
2015-03-27,4492.19,5913.42,0.5,0.5,0,0,0.5061944404756994,0.49380555952430055,0.5061944404756994,0.49380555952430055,0
2015-03-30,4605.8,6124.03,0.5,0.5,0,0,0.5036896937298353,0.4963103062701648,0.5036896937298353,0.4963103062701648,0
2015-03-31,4591.91,6035.75,0.5,0.5,0,0,0.5065643673503641,0.4934356326496359,0.5065643673503641,0.4934356326496359,0
2015-04-01,4681.54,6117.33,0.5,0.5,0,0,0.5080404141644382,0.4919595858355616,0.5080404141644382,0.4919595858355616,0
2015-04-02,4724.07,6119.92,0.5,0.5,0,1,0.5101947699213565,0.48980523007864357,0.5,0.5,1
2015-04-03,4773.42,6169.46,0.5,0.5,0,0,0.5005825056523245,0.4994174943476755,0.5005825056523245,0.4994174943476755,0
2015-04-07,4886.37,6327.53,0.5,0.5,0,0,0.5001045125650718,0.49989548743492807,0.5001045125650718,0.49989548743492807,0
2015-04-08,4879.78,6395.23,0.5,0.5,0,0,0.49710654361633205,0.502893456383668,0.49710654361633205,0.502893456383668,0
2015-04-09,4847.07,6357.19,0.5,0.5,0,0,0.49691660189476605,0.503083398105234,0.49691660189476605,0.503083398105234,0
2015-04-10,4960.69,6484.49,0.5,0.5,0,0,0.4977525103065035,0.5022474896934966,0.4977525103065035,0.5022474896934966,0
2015-04-13,5049.93,6645.42,0.5,0.5,0,0,0.4960812788861197,0.5039187211138804,0.4960812788861197,0.5039187211138804,0
2015-04-14,5035.77,6675.61,0.5,0.5,0,0,0.49424629560457434,0.5057537043954256,0.49424629560457434,0.5057537043954256,0
2015-04-15,4915.22,6638.96,0.5,0.5,0,0,0.489566389099253,0.510433610900747,0.489566389099253,0.510433610900747,0
2015-04-16,5038.28,6840.31,0.5,0.5,0,0,0.48827964988390177,0.5117203501160983,0.48827964988390177,0.5117203501160983,0
2015-04-17,5066.82,6974.69,0.5,0.5,0,0,0.48483061374162933,0.5151693862583707,0.48483061374162933,0.5151693862583707,0
2015-04-20,4957.34,6871.29,0.5,0.5,0,0,0.48310537236609413,0.5168946276339058,0.48310537236609413,0.5168946276339058,0
2015-04-21,5114.71,6969.6,0.5,0.5,0,0,0.48736298573810466,0.5126370142618955,0.48736298573810466,0.5126370142618955,0
2015-04-22,5226.41,7123.18,0.5,0.5,0,0,0.4873148904694913,0.5126851095305086,0.4873148904694913,0.5126851095305086,0
2015-04-23,5235.76,7114.6,0.5,0.5,0,0,0.4880625959438857,0.5119374040561143,0.4880625959438857,0.5119374040561143,0
2015-04-24,5189.82,7043.27,0.5,0.5,0,0,0.4883782865567174,0.5116217134432826,0.4883782865567174,0.5116217134432826,0
2015-04-27,5256.22,7239.99,0.5,0.5,0,0,0.4846724590840549,0.5153275409159452,0.4846724590840549,0.5153275409159452,0
2015-04-28,5166.72,7187.5,0.5,0.5,0,0,0.48220076442963217,0.5177992355703679,0.48220076442963217,0.5177992355703679,0
2015-04-29,5235.57,7209.57,0.5,0.5,0,0,0.4847409196606549,0.5152590803393451,0.4847409196606549,0.5152590803393451,0
2015-04-30,5240.28,7183.86,0.5,0.5,0,0,0.4858578723728797,0.5141421276271204,0.4858578723728797,0.5141421276271204,0
2015-05-04,5269.51,7250.19,0.5,0.5,0,0,0.4849515492304717,0.5150484507695283,0.4849515492304717,0.5150484507695283,0
2015-05-05,5055.29,6921.67,0.5,0.5,0,0,0.4861676449573317,0.5138323550426682,0.4861676449573317,0.5138323550426682,0
2015-05-06,5023.61,6803.52,0.5,0.5,0,0,0.4888985702083777,0.5111014297916222,0.4888985702083777,0.5111014297916222,0
2015-05-07,4965.55,6648.68,0.5,0.5,0,0,0.4917467588010668,0.5082532411989332,0.4917467588010668,0.5082532411989332,0
2015-05-08,5108.14,6770.45,0.5,0.5,0,0,0.49428677359507683,0.5057132264049232,0.49428677359507683,0.5057132264049232,0
2015-05-11,5285.29,6956.45,0.5,0.5,0,0,0.49603421109375057,0.5039657889062494,0.49603421109375057,0.5039657889062494,0
2015-05-12,5341.44,7028.95,0.5,0.5,0,0,0.4960841433453483,0.5039158566546516,0.4960841433453483,0.5039158566546516,0
2015-05-13,5354.2,6982.12,0.5,0.5,0,0,0.4983517590775198,0.5016482409224802,0.4983517590775198,0.5016482409224802,0
2015-05-14,5335.07,6954.72,0.5,0.5,0,0,0.4984399421065125,0.5015600578934875,0.4984399421065125,0.5015600578934875,0
2015-05-15,5265.99,6819.33,0.5,0.5,0,0,0.5000965609749651,0.4999034390250348,0.5000965609749651,0.4999034390250348,0
2015-05-18,5297.71,6744.91,0.5,0.5,0,0,0.504341094349388,0.495658905650612,0.504341094349388,0.495658905650612,0
2015-05-19,5447.97,6966.67,0.5,0.5,0,0,0.5032459598534559,0.4967540401465442,0.5032459598534559,0.4967540401465442,0
2015-05-20,5519.32,7009.7,0.5,0.5,0,0,0.504959354489589,0.4950406455104111,0.504959354489589,0.4950406455104111,0
2015-05-21,5687.99,7135.67,0.5,0.5,0,0,0.5080315823507183,0.49196841764928173,0.5080315823507183,0.49196841764928173,0
2015-05-22,5797.99,7329.16,0.5,0.5,0,0,0.506131868149105,0.49386813185089495,0.506131868149105,0.49386813185089495,0
2015-05-25,5929.29,7564.34,0.5,0.5,0,0,0.5038343459516311,0.4961656540483689,0.5038343459516311,0.4961656540483689,0
2015-05-26,6063.02,7679.36,0.5,0.5,0,0,0.5056372920665981,0.49436270793340187,0.5056372920665981,0.49436270793340187,0
2015-05-27,6046.16,7671.44,0.5,0.5,0,0,0.505199144086983,0.494800855913017,0.505199144086983,0.494800855913017,0
2015-05-28,5685.31,7185.34,0.5,0.5,0,0,0.5061799663528765,0.49382003364712346,0.5061799663528765,0.49382003364712346,0
2015-05-29,5721.71,7190.74,0.5,0.5,0,0,0.5075874007669513,0.49241259923304875,0.5075874007669513,0.49241259923304875,0
2015-06-01,5996.05,7552.23,0.5,0.5,0,0,0.5070336218843345,0.4929663781156655,0.5070336218843345,0.4929663781156655,0
2015-06-02,6153.06,7673.39,0.5,0.5,0,1,0.5095161827160506,0.49048381728394935,0.5,0.5,1
2015-06-03,6161.87,7685.75,0.5,0.5,0,0,0.49995532959841643,0.5000446704015837,0.49995532959841643,0.5000446704015837,0
2015-06-04,6173.64,7776.91,0.5,0.5,0,0,0.49748464839767365,0.5025153516023263,0.49748464839767365,0.5025153516023263,0
2015-06-05,6224.43,7900.75,0.5,0.5,0,0,0.4955834050357824,0.5044165949642176,0.4955834050357824,0.5044165949642176,0
2015-06-08,6246.24,8141.42,0.5,0.5,0,0,0.4889578084835707,0.5110421915164295,0.4889578084835707,0.5110421915164295,0
2015-06-09,6199.81,8073.96,0.5,0.5,0,0,0.4891725825679838,0.5108274174320162,0.4891725825679838,0.5108274174320162,0
2015-06-10,6286.2,8039.27,0.5,0.5,0,0,0.49370719528294194,0.5062928047170581,0.49370719528294194,0.5062928047170581,0
2015-06-11,6327.51,8044.45,0.5,0.5,0,0,0.49518348939250273,0.5048165106074974,0.49518348939250273,0.5048165106074974,0
2015-06-12,6400.1,8128.14,0.5,0.5,0,0,0.4954477459321174,0.5045522540678826,0.4954477459321174,0.5045522540678826,0
2015-06-15,6244.63,7987.74,0.5,0.5,0,0,0.49365609261163257,0.5063439073883674,0.49365609261163257,0.5063439073883674,0
2015-06-16,6056.23,7722.66,0.5,0.5,0,0,0.4944346324623187,0.5055653675376813,0.4944346324623187,0.5055653675376813,0
2015-06-17,6149.37,7850.42,0.5,0.5,0,0,0.49414816331607997,0.5058518366839201,0.49414816331607997,0.5058518366839201,0
2015-06-18,5896.24,7582.42,0.5,0.5,0,0,0.4923234607829993,0.5076765392170007,0.4923234607829993,0.5076765392170007,0
2015-06-19,5534.81,7094.46,0.5,0.5,0,0,0.49313843608460917,0.5068615639153907,0.49313843608460917,0.5068615639153907,0
2015-06-23,5656.13,7279.1,0.5,0.5,0,0,0.49213606477148975,0.5078639352285103,0.49213606477148975,0.5078639352285103,0
2015-06-24,5761.67,7471.08,0.5,0.5,0,0,0.49025043009680863,0.5097495699031913,0.49025043009680863,0.5097495699031913,0
2015-06-25,5549.62,7248.24,0.5,0.5,0,0,0.48844699581083867,0.5115530041891613,0.48844699581083867,0.5115530041891613,0
2015-06-26,5118.13,6718.46,0.5,0.5,0,0,0.4871875946423546,0.5128124053576454,0.4871875946423546,0.5128124053576454,0
2015-06-29,4925.85,6557.32,0.5,0.5,0,0,0.4836867536426666,0.5163132463573333,0.4836867536426666,0.5163132463573333,0
2015-06-30,5237.22,6953.64,0.5,0.5,0,0,0.48433875979023455,0.5156612402097653,0.48433875979023455,0.5156612402097653,0
2015-07-01,5022.14,6598.02,0.5,0.5,0,0,0.4869768247502461,0.5130231752497539,0.4869768247502461,0.5130231752497539,0
2015-07-02,4838.09,6344.07,0.5,0.5,0,0,0.48745475275676237,0.5125452472432376,0.48745475275676237,0.5125452472432376,0
2015-07-03,4605.79,5939.15,0.5,0.5,0,0,0.491640069795102,0.508359930204898,0.491640069795102,0.508359930204898,0
2015-07-06,4661.19,6130.1,0.5,0.5,0,0,0.48672029826750635,0.5132797017324936,0.48672029826750635,0.5132797017324936,0
2015-07-07,4502.37,6107.61,0.5,0.5,0,0,0.4789817360387896,0.5210182639612104,0.4789817360387896,0.5210182639612104,0
2015-07-08,4296.7,5702.74,0.5,0.5,0,0,0.4844324097173517,0.5155675902826483,0.4844324097173517,0.5155675902826483,0
2015-07-09,4513.02,6063.9,0.5,0.5,0,0,0.48136423046919036,0.5186357695308096,0.48136423046919036,0.5186357695308096,0
2015-07-10,4701.74,6353.51,0.5,0.5,0,0,0.47994432072272364,0.5200556792772764,0.47994432072272364,0.5200556792772764,0
2015-07-13,4859.35,6499.13,0.5,0.5,0,0,0.48251846415562727,0.5174815358443726,0.48251846415562727,0.5174815358443726,0
2015-07-14,4836.94,6353.53,0.5,0.5,0,0,0.4870230913925267,0.5129769086074734,0.4870230913925267,0.5129769086074734,0
2015-07-15,4666.64,6161.06,0.5,0.5,0,0,0.4857537236453711,0.5142462763546288,0.4857537236453711,0.5142462763546288,0
2015-07-16,4705.77,6197.31,0.5,0.5,0,0,0.4863741418194909,0.5136258581805092,0.4863741418194909,0.5136258581805092,0
2015-07-17,4899.84,6402.96,0.5,0.5,0,0,0.48831491515141573,0.5116850848485842,0.48831491515141573,0.5116850848485842,0
2015-07-20,4932.38,6415.73,0.5,0.5,0,0,0.489471012540459,0.5105289874595409,0.489471012540459,0.5105289874595409,0
2015-07-21,4943.45,6421.19,0.5,0.5,0,0,0.4898186549602462,0.5101813450397539,0.4898186549602462,0.5101813450397539,0
2015-07-22,4951.13,6404.11,0.5,0.5,0,0,0.49087222470111336,0.5091277752988866,0.49087222470111336,0.5091277752988866,0
2015-07-23,5062.7,6552.14,0.5,0.5,0,0,0.4907303633275118,0.5092696366724881,0.4907303633275118,0.5092696366724881,0
2015-07-24,4977.4,6458.48,0.5,0.5,0,0,0.4900819638195194,0.5099180361804806,0.4900819638195194,0.5099180361804806,0
2015-07-27,4589.05,5917.34,0.5,0.5,0,0,0.49164952345859453,0.5083504765414054,0.49164952345859453,0.5083504765414054,0
2015-07-28,4567.62,5883.66,0.5,0.5,0,0,0.49190626822621697,0.508093731773783,0.49190626822621697,0.508093731773783,0
2015-07-29,4709.47,6061.4,0.5,0.5,0,0,0.4921115443766473,0.5078884556233527,0.4921115443766473,0.5078884556233527,0
2015-07-30,4561.37,5902.12,0.5,0.5,0,0,0.49078114211759766,0.5092188578824024,0.49078114211759766,0.5092188578824024,0
2015-07-31,4575.77,5908.94,0.5,0.5,0,0,0.49128026232878724,0.5087197376712128,0.49128026232878724,0.5087197376712128,0
2015-08-03,4570.88,5955.5,0.5,0.5,0,1,0.4890516414515302,0.5109483585484699,0.5,0.5,1
2015-08-04,4722.86,6126.87,0.5,0.5,0,0,0.5010849853310699,0.49891501466893,0.5010849853310699,0.49891501466893,0
2015-08-05,4628.76,6022.62,0.5,0.5,0,0,0.5003440121607745,0.49965598783922544,0.5003440121607745,0.49965598783922544,0
2015-08-06,4595.16,5974.63,0.5,0.5,0,0,0.5005227048694474,0.49947729513055256,0.5005227048694474,0.49947729513055256,0
2015-08-07,4695.74,6085.43,0.5,0.5,0,0,0.5013419320291932,0.49865806797080675,0.5013419320291932,0.49865806797080675,0
2015-08-10,4877.97,6336.67,0.5,0.5,0,0,0.5007462923551206,0.4992537076448795,0.5007462923551206,0.4992537076448795,0
2015-08-11,4859.16,6318.54,0.5,0.5,0,0,0.5004967074490387,0.49950329255096126,0.5004967074490387,0.49950329255096126,0
2015-08-12,4775.41,6238.5,0.5,0.5,0,0,0.4993373706496756,0.5006626293503244,0.4993373706496756,0.5006626293503244,0
2015-08-13,4848.02,6331.97,0.5,0.5,0,0,0.499392096749039,0.500607903250961,0.499392096749039,0.500607903250961,0
2015-08-14,4854.81,6343.97,0.5,0.5,0,0,0.4992686571256407,0.5007313428743593,0.4992686571256407,0.5007313428743593,0
2015-08-17,4879.74,6390.78,0.5,0.5,0,0,0.4987112600749902,0.5012887399250099,0.4987112600749902,0.5012887399250099,0
2015-08-18,4588.86,5985.58,0.5,0.5,0,0,0.4997219499668707,0.5002780500331293,0.4997219499668707,0.5002780500331293,0
2015-08-19,4680.86,6077.58,0.5,0.5,0,0,0.5008711688928468,0.4991288311071532,0.5008711688928468,0.4991288311071532,0
2015-08-20,4547.81,5895.71,0.5,0.5,0,0,0.5012575589525113,0.49874244104748855,0.5012575589525113,0.49874244104748855,0
2015-08-21,4332.6,5647.47,0.5,0.5,0,0,0.49989239556094034,0.5001076044390597,0.49989239556094034,0.5001076044390597,0
2015-08-24,3976.92,5163.8,0.5,0.5,0,0,0.5008610800451444,0.4991389199548555,0.5008610800451444,0.4991389199548555,0
2015-08-25,3727.9,4806.38,0.5,0.5,0,0,0.5026275473630725,0.49737245263692753,0.5026275473630725,0.49737245263692753,0
2015-08-26,3709.76,4827.1,0.5,0.5,0,0,0.5003326817083535,0.4996673182916465,0.5003326817083535,0.4996673182916465,0
2015-08-27,3889.2,5106.3,0.5,0.5,0,0,0.4980844656836818,0.5019155343163181,0.4980844656836818,0.5019155343163181,0
2015-08-28,4034.95,5310.32,0.5,0.5,0,0,0.49748782833313826,0.5025121716668618,0.49748782833313826,0.5025121716668618,0
2015-08-31,3999.7,5331.56,0.5,0.5,0,0,0.49429647135741717,0.505703528642583,0.49429647135741717,0.505703528642583,0
2015-09-01,3925.46,5306.67,0.5,0.5,0,0,0.4907831536089928,0.5092168463910073,0.4907831536089928,0.5092168463910073,0
2015-09-02,3918.69,5330.05,0.5,0.5,0,0,0.48925320814100104,0.510746791858999,0.48925320814100104,0.510746791858999,0
2015-09-07,3830.41,5142.73,0.5,0.5,0,0,0.4924998616054747,0.5075001383945252,0.4924998616054747,0.5075001383945252,0
2015-09-08,3949.77,5269.12,0.5,0.5,0,0,0.49410112357429137,0.5058988764257085,0.49410112357429137,0.5058988764257085,0
2015-09-09,4030.76,5359.47,0.5,0.5,0,0,0.49492499178754773,0.5050750082124523,0.49492499178754773,0.5050750082124523,0
2015-09-10,3993.39,5310.56,0.5,0.5,0,0,0.49488833283177597,0.5051116671682241,0.49488833283177597,0.5051116671682241,0
2015-09-11,4002.14,5308.76,0.5,0.5,0,0,0.49552020675817127,0.5044797932418288,0.49552020675817127,0.5044797932418288,0
2015-09-14,3876.6,5213.35,0.5,0.5,0,0,0.492086974049326,0.507913025950674,0.492086974049326,0.507913025950674,0
2015-09-15,3727.38,5040.02,0.5,0.5,0,0,0.4907272981403554,0.5092727018596447,0.4907272981403554,0.5092727018596447,0
2015-09-16,3906.96,5243.38,0.5,0.5,0,0,0.4926012064124233,0.5073987935875767,0.4926012064124233,0.5073987935875767,0
2015-09-17,3830.27,5133.38,0.5,0.5,0,0,0.4929455683827957,0.5070544316172043,0.4929455683827957,0.5070544316172043,0
2015-09-18,3853.96,5146.03,0.5,0.5,0,0,0.49387157274307214,0.5061284272569277,0.49387157274307214,0.5061284272569277,0
2015-09-21,3935.65,5208.93,0.5,0.5,0,0,0.49607783241983533,0.5039221675801646,0.49607783241983533,0.5039221675801646,0
2015-09-22,3960.82,5252.45,0.5,0.5,0,0,0.4955915782166984,0.5044084217833016,0.4955915782166984,0.5044084217833016,0
2015-09-23,3897.65,5136.75,0.5,0.5,0,0,0.49714069103187913,0.5028593089681208,0.49714069103187913,0.5028593089681208,0
2015-09-24,3928.96,5166.33,0.5,0.5,0,0,0.49770541705057536,0.5022945829494246,0.49770541705057536,0.5022945829494246,0
2015-09-25,3850.68,5106.1,0.5,0.5,0,0,0.4956059302366696,0.5043940697633305,0.4956059302366696,0.5043940697633305,0
2015-09-28,3895.65,5106.17,0.5,0.5,0,0,0.4985050917998688,0.5014949082001312,0.4985050917998688,0.5014949082001312,0
2015-09-29,3838.54,5005.57,0.5,0.5,0,0,0.4997875523545922,0.5002124476454078,0.4997875523545922,0.5002124476454078,0
2015-09-30,3860.91,5039.37,0.5,0.5,0,0,0.49955781224327156,0.5004421877567284,0.49955781224327156,0.5004421877567284,0
2015-10-08,3974.89,5168.87,0.5,0.5,0,1,0.5004880984942158,0.49951190150578406,0.5,0.5,1
2015-10-09,4018.1,5227.64,0.5,0.5,0,0,0.49987656047216655,0.5001234395278333,0.49987656047216655,0.5001234395278333,0
2015-10-12,4147.61,5386.27,0.5,0.5,0,0,0.500334040657896,0.499665959342104,0.500334040657896,0.499665959342104,0
2015-10-13,4162.46,5381.2,0.5,0.5,0,0,0.501462963130013,0.49853703686998707,0.501462963130013,0.49853703686998707,0
2015-10-14,4106.33,5317.49,0.5,0.5,0,0,0.5010463282845373,0.4989536717154627,0.5010463282845373,0.4989536717154627,0
2015-10-15,4210.38,5426.46,0.5,0.5,0,0,0.5022307198140543,0.4977692801859457,0.5022307198140543,0.4977692801859457,0
2015-10-16,4262.71,5497.04,0.5,0.5,0,0,0.5020880788379051,0.49791192116209504,0.5020880788379051,0.49791192116209504,0
2015-10-19,4254.36,5490.79,0.5,0.5,0,0,0.5018822954738794,0.4981177045261206,0.5018822954738794,0.4981177045261206,0
2015-10-20,4302.32,5537.08,0.5,0.5,0,0,0.5025860137638506,0.4974139862361494,0.5025860137638506,0.4974139862361494,0
2015-10-21,4146.9,5414.59,0.5,0.5,0,0,0.4989802330071366,0.5010197669928633,0.4989802330071366,0.5010197669928633,0
2015-10-22,4230.76,5465.09,0.5,0.5,0,0,0.5016645131559931,0.4983354868440067,0.5016645131559931,0.4983354868440067,0
2015-10-23,4313.5,5535.55,0.5,0.5,0,0,0.5033038848753466,0.4966961151246534,0.5033038848753466,0.4966961151246534,0
2015-10-26,4336.21,5550.22,0.5,0.5,0,0,0.503954954835233,0.49604504516476683,0.503954954835233,0.49604504516476683,0
2015-10-27,4333.48,5542.44,0.5,0.5,0,0,0.5041481794642193,0.49585182053578064,0.5041481794642193,0.49585182053578064,0
2015-10-28,4247.23,5465.52,0.5,0.5,0,0,0.5026161658438005,0.49738383415619947,0.5026161658438005,0.49738383415619947,0
2015-10-29,4266.28,5487.61,0.5,0.5,0,0,0.5027265856201809,0.49727341437981903,0.5027265856201809,0.49727341437981903,0
2015-10-30,4270.68,5480.79,0.5,0.5,0,0,0.503295161091028,0.496704838908972,0.503295161091028,0.496704838908972,0
2015-11-02,4199.06,5405.92,0.5,0.5,0,0,0.5025057446578478,0.4974942553421522,0.5025057446578478,0.4974942553421522,0
2015-11-03,4188.22,5389.04,0.5,0.5,0,0,0.5026413710324549,0.4973586289675451,0.5026413710324549,0.4973586289675451,0
2015-11-04,4382.17,5603.93,0.5,0.5,0,0,0.5041831322399406,0.49581686776005934,0.5041831322399406,0.49581686776005934,0
2015-11-05,4426.45,5708.18,0.5,0.5,0,0,0.5020886617986893,0.49791133820131056,0.5020886617986893,0.49791133820131056,0
2015-11-06,4530.16,5784.47,0.5,0.5,0,0,0.5045592586196963,0.49544074138030364,0.5045592586196963,0.49544074138030364,0
2015-11-09,4605.68,5887.66,0.5,0.5,0,0,0.5042720736357938,0.49572792636420626,0.5042720736357938,0.49572792636420626,0
2015-11-10,4614.34,5861.25,0.5,0.5,0,0,0.5058654748148882,0.49413452518511186,0.5058654748148882,0.49413452518511186,0
2015-11-11,4636.49,5843.38,0.5,0.5,0,0,0.5078256706802922,0.4921743293197079,0.5078256706802922,0.4921743293197079,0
2015-11-12,4605.59,5789.37,0.5,0.5,0,0,0.5084752698855808,0.4915247301144192,0.5084752698855808,0.4915247301144192,0
2015-11-13,4537.07,5729.55,0.5,0.5,0,0,0.5073248401419288,0.49267515985807114,0.5073248401419288,0.49267515985807114,0
2015-11-16,4597.13,5758.65,0.5,0.5,0,0,0.5093454476700621,0.490654552329938,0.5093454476700621,0.490654552329938,0
2015-11-17,4561.99,5758.75,0.5,0.5,0,0,0.5074233334442699,0.49257666655573007,0.5074233334442699,0.49257666655573007,0
2015-11-18,4513.7,5735.58,0.5,0.5,0,0,0.505771083357596,0.494228916642404,0.505771083357596,0.494228916642404,0
2015-11-19,4607.16,5804.83,0.5,0.5,0,0,0.5078939207044605,0.49210607929553946,0.5078939207044605,0.49210607929553946,0
2015-11-20,4633.48,5821.77,0.5,0.5,0,0,0.5085893768203944,0.49141062317960565,0.5085893768203944,0.49141062317960565,0
2015-11-23,4602.55,5801.29,0.5,0.5,0,0,0.507796171180614,0.4922038288193859,0.507796171180614,0.4922038288193859,0
2015-11-24,4619.49,5786.74,0.5,0.5,0,0,0.5093419720332154,0.4906580279667846,0.5093419720332154,0.4906580279667846,0
2015-11-25,4680.71,5822.36,0.5,0.5,0,0,0.5110984645070035,0.4889015354929964,0.5110984645070035,0.4889015354929964,0
2015-11-26,4645.46,5804.67,0.5,0.5,0,0,0.5099698418253181,0.4900301581746818,0.5099698418253181,0.4900301581746818,0
2015-11-27,4394.28,5514.48,0.5,0.5,0,0,0.5088949005863067,0.4911050994136932,0.5088949005863067,0.4911050994136932,0
2015-11-30,4430.36,5554.79,0.5,0.5,0,0,0.5091183008289828,0.49088169917101737,0.5091183008289828,0.49088169917101737,0
2015-12-01,4460.54,5614.22,0.5,0.5,0,0,0.5081553244820748,0.4918446755179251,0.5081553244820748,0.4918446755179251,0
2015-12-02,4562.34,5822.33,0.5,0.5,0,0,0.5046978981798071,0.49530210182019274,0.5046978981798071,0.49530210182019274,0
2015-12-03,4617.14,5869.0,0.5,0.5,0,0,0.5056868111188406,0.4943131888811594,0.5056868111188406,0.4943131888811594,0
2015-12-04,4552.8,5760.01,0.5,0.5,0,0,0.5068646283127516,0.4931353716872484,0.5068646283127516,0.4931353716872484,0
2015-12-07,4585.95,5770.13,0.5,0.5,0,0,0.5082391771914301,0.49176082280857,0.5082391771914301,0.49176082280857,0
2015-12-08,4506.35,5667.06,0.5,0.5,0,1,0.5083677360828662,0.4916322639171339,0.5,0.5,1
2015-12-09,4510.16,5688.95,0.5,0.5,0,0,0.4992474716439236,0.5007525283560764,0.4992474716439236,0.5007525283560764,0
2015-12-10,4509.71,5656.29,0.5,0.5,0,0,0.5006618999055884,0.4993381000944115,0.5006618999055884,0.4993381000944115,0
2015-12-11,4475.44,5626.36,0.5,0.5,0,0,0.5000812314515725,0.49991876854842754,0.5000812314515725,0.49991876854842754,0
2015-12-14,4562.38,5744.18,0.5,0.5,0,0,0.4997100501396959,0.5002899498603041,0.4997100501396959,0.5002899498603041,0
2015-12-15,4580.42,5725.45,0.5,0.5,0,0,0.5015131202671628,0.4984868797328372,0.5015131202671628,0.4984868797328372,0
2015-12-16,4581.27,5704.13,0.5,0.5,0,0,0.5024921618432252,0.4975078381567748,0.5024921618432252,0.4975078381567748,0
2015-12-17,4685.47,5822.74,0.5,0.5,0,0,0.5029695253435611,0.497030474656439,0.5029695253435611,0.497030474656439,0
2015-12-18,4709.57,5860.3,0.5,0.5,0,0,0.5026446662023587,0.49735533379764124,0.5026446662023587,0.49735533379764124,0
2015-12-21,4831.96,6018.1,0.5,0.5,0,0,0.5024158659759475,0.4975841340240526,0.5024158659759475,0.4975841340240526,0
2015-12-22,4854.58,6023.06,0.5,0.5,0,0,0.503377474868065,0.49662252513193506,0.503377474868065,0.49662252513193506,0
2015-12-23,4823.03,6016.48,0.5,0.5,0,0,0.5020207245236448,0.49797927547635523,0.5020207245236448,0.49797927547635523,0
2015-12-24,4791.68,5975.54,0.5,0.5,0,0,0.5020973781619193,0.4979026218380806,0.5020973781619193,0.4979026218380806,0
2015-12-25,4811.8,6000.33,0.5,0.5,0,0,0.5021099170539763,0.49789008294602366,0.5021099170539763,0.49789008294602366,0
2015-12-28,4696.57,5837.75,0.5,0.5,0,0,0.5029174563812293,0.4970825436187707,0.5029174563812293,0.4970825436187707,0
2015-12-29,4739.82,5893.53,0.5,0.5,0,0,0.502831712928078,0.49716828707192184,0.502831712928078,0.49716828707192184,0
2015-12-30,4765.15,5897.18,0.5,0.5,0,0,0.5040093383491562,0.4959906616508438,0.5040093383491562,0.4959906616508438,0
2015-12-31,4708.25,5850.63,0.5,0.5,0,0,0.5029874376690565,0.4970125623309435,0.5029874376690565,0.4970125623309435,0
2016-01-04,4347.46,5478.65,0.5,0.5,0,0,0.4994789996401605,0.5005210003598395,0.4994789996401605,0.5005210003598395,0
2016-01-05,4318.38,5502.62,0.5,0.5,0,0,0.4967097827459802,0.5032902172540198,0.4967097827459802,0.5032902172540198,0
2016-01-06,4393.96,5608.75,0.5,0.5,0,0,0.49627155506639237,0.5037284449336078,0.49627155506639237,0.5037284449336078,0
2016-01-07,4057.2,5265.28,0.5,0.5,0,0,0.49213607514173413,0.5078639248582658,0.49213607514173413,0.5078639248582658,0
2016-01-08,4118.18,5373.31,0.5,0.5,0,0,0.49078858327259,0.5092114167274101,0.49078858327259,0.5092114167274101,0
2016-01-11,3879.83,5121.06,0.5,0.5,0,0,0.487905569876104,0.5120944301238959,0.487905569876104,0.5120944301238959,0
2016-01-12,3917.74,5134.78,0.5,0.5,0,0,0.48966669883403313,0.5103333011659669,0.48966669883403313,0.5103333011659669,0
2016-01-13,3818.41,5054.2,0.5,0.5,0,0,0.48720216496904634,0.5127978350309537,0.48720216496904634,0.5127978350309537,0
2016-01-14,3932.09,5134.25,0.5,0.5,0,0,0.49060617210894736,0.5093938278910526,0.49060617210894736,0.5093938278910526,0
2016-01-15,3811.62,4968.44,0.5,0.5,0,0,0.49103379618147547,0.5089662038185245,0.49103379618147547,0.5089662038185245,0
2016-01-18,3848.4,4969.51,0.5,0.5,0,0,0.49338018316804655,0.5066198168319535,0.49338018316804655,0.5066198168319535,0
2016-01-19,3966.6,5106.32,0.5,0.5,0,0,0.49415358344239896,0.505846416557601,0.49415358344239896,0.505846416557601,0
2016-01-20,3901.12,5032.69,0.5,0.5,0,0,0.4936233483772626,0.5063766516227374,0.4936233483772626,0.5063766516227374,0
2016-01-21,3773.0,4903.11,0.5,0.5,0,0,0.49179665988976023,0.5082033401102397,0.49179665988976023,0.5082033401102397,0
2016-01-22,3819.8,4947.85,0.5,0.5,0,0,0.49260750821971716,0.507392491780283,0.49260750821971716,0.507392491780283,0
2016-01-25,3842.68,4978.33,0.5,0.5,0,0,0.4925651725215211,0.5074348274784788,0.4925651725215211,0.5074348274784788,0
2016-01-26,3597.5,4704.7,0.5,0.5,0,0,0.49021627453507943,0.5097837254649206,0.49021627453507943,0.5097837254649206,0
2016-01-27,3571.69,4683.61,0.5,0.5,0,0,0.48953968760776095,0.510460312392239,0.48953968760776095,0.510460312392239,0
2016-01-28,3465.36,4569.65,0.5,0.5,0,0,0.488142938231439,0.511857061768561,0.488142938231439,0.511857061768561,0
2016-01-29,3588.2,4693.25,0.5,0.5,0,0,0.4901783458820051,0.509821654117995,0.4901783458820051,0.509821654117995,0
2016-02-01,3553.25,4618.23,0.5,0.5,0,0,0.4917592748800562,0.5082407251199437,0.4917592748800562,0.5082407251199437,0
2016-02-02,3653.25,4702.23,0.5,0.5,0,0,0.4941910787813111,0.5058089212186888,0.4941910787813111,0.5058089212186888,0
2016-02-03,3655.32,4679.75,0.5,0.5,0,0,0.49553059467130867,0.5044694053286913,0.49553059467130867,0.5044694053286913,0
2016-02-04,3714.65,4735.95,0.5,0.5,0,0,0.4965713218753117,0.5034286781246884,0.4965713218753117,0.5034286781246884,0
2016-02-05,3687.73,4719.21,0.5,0.5,0,0,0.4956382685040763,0.5043617314959238,0.4956382685040763,0.5043617314959238,0
2016-02-15,3678.39,4686.91,0.5,0.5,0,1,0.49672119481988386,0.5032788051801161,0.5,0.5,1
2016-02-16,3808.74,4816.58,0.5,0.5,0,0,0.5018831544432782,0.49811684555672187,0.5018831544432782,0.49811684555672187,0
2016-02-17,3840.38,4854.12,0.5,0.5,0,0,0.5020104520194757,0.49798954798052425,0.5020104520194757,0.49798954798052425,0
2016-02-18,3825.05,4846.78,0.5,0.5,0,0,0.5013888295316722,0.4986111704683277,0.5013888295316722,0.4986111704683277,0
2016-02-19,3834.26,4833.0,0.5,0.5,0,0,0.5027018297052949,0.4972981702947051,0.5027018297052949,0.4972981702947051,0
2016-02-22,3913.15,4939.13,0.5,0.5,0,0,0.5023629409538103,0.49763705904618977,0.5023629409538103,0.49763705904618977,0
2016-02-23,3881.01,4901.36,0.5,0.5,0,0,0.5022202533243484,0.49777974667565167,0.5022202533243484,0.49777974667565167,0
2016-02-24,3888.31,4936.47,0.5,0.5,0,0,0.5009056178390567,0.49909438216094326,0.5009056178390567,0.49909438216094326,0
2016-02-25,3632.32,4664.23,0.5,0.5,0,0,0.49806179998746364,0.5019382000125364,0.49806179998746364,0.5019382000125364,0
2016-02-26,3649.9,4717.53,0.5,0.5,0,0,0.4964282539256887,0.5035717460743114,0.4964282539256887,0.5035717460743114,0
2016-02-29,3513.9,4635.54,0.5,0.5,0,0,0.4913189211791691,0.5086810788208309,0.4913189211791691,0.5086810788208309,0
2016-03-01,3584.84,4704.75,0.5,0.5,0,0,0.49261042964952634,0.5073895703504736,0.49261042964952634,0.5073895703504736,0
2016-03-02,3737.78,4891.44,0.5,0.5,0,0,0.49332626483524555,0.5066737351647546,0.49332626483524555,0.5066737351647546,0
2016-03-03,3747.21,4908.68,0.5,0.5,0,0,0.49307665671753775,0.5069233432824622,0.49307665671753775,0.5069233432824622,0
2016-03-04,3711.59,4975.61,0.5,0.5,0,0,0.4873054138255239,0.5126945861744759,0.4873054138255239,0.5126945861744759,0
2016-03-07,3751.19,4993.47,0.5,0.5,0,0,0.4890618514901204,0.5109381485098795,0.4890618514901204,0.5109381485098795,0
2016-03-08,3760.3,4992.67,0.5,0.5,0,0,0.4897080201648051,0.5102919798351949,0.4897080201648051,0.5102919798351949,0
2016-03-09,3705.5,4933.49,0.5,0.5,0,0,0.48901924445792994,0.51098075554207,0.48901924445792994,0.51098075554207,0
2016-03-10,3651.9,4846.53,0.5,0.5,0,0,0.48982214494632065,0.5101778550536794,0.48982214494632065,0.5101778550536794,0
2016-03-11,3644.33,4851.89,0.5,0.5,0,0,0.4890274058490691,0.5109725941509308,0.4890274058490691,0.5109725941509308,0
2016-03-14,3734.24,4911.41,0.5,0.5,0,0,0.4920710667162516,0.5079289332837483,0.4920710667162516,0.5079289332837483,0
2016-03-15,3730.54,4923.26,0.5,0.5,0,0,0.49122101301445514,0.5087789869855449,0.49122101301445514,0.5087789869855449,0
2016-03-16,3717.42,4957.0,0.5,0.5,0,0,0.4886338385862229,0.5113661614137771,0.4886338385862229,0.5113661614137771,0
2016-03-17,3805.28,4987.51,0.5,0.5,0,0,0.49293825685398635,0.5070617431460135,0.49293825685398635,0.5070617431460135,0
2016-03-18,3900.77,5047.17,0.5,0.5,0,0,0.4961612353363539,0.5038387646636461,0.4961612353363539,0.5038387646636461,0
2016-03-21,3997.73,5120.38,0.5,0.5,0,0,0.498699104245823,0.501300895754177,0.498699104245823,0.501300895754177,0
2016-03-22,3980.02,5086.87,0.5,0.5,0,0,0.49923062422988096,0.500769375770119,0.49923062422988096,0.500769375770119,0
2016-03-23,4005.88,5092.18,0.5,0.5,0,0,0.5005889028145445,0.49941109718545557,0.5005889028145445,0.49941109718545557,0
2016-03-24,3941.9,5026.86,0.5,0.5,0,0,0.49979141654280823,0.5002085834571918,0.49979141654280823,0.5002085834571918,0
2016-03-25,3962.15,5057.53,0.5,0.5,0,0,0.49955173653461965,0.5004482634653803,0.49955173653461965,0.5004482634653803,0
2016-03-28,3932.7,5019.08,0.5,0.5,0,0,0.4995944808819152,0.5004055191180848,0.4995944808819152,0.5004055191180848,0
2016-03-29,3876.77,4964.95,0.5,0.5,0,0,0.4987243692713033,0.5012756307286967,0.4987243692713033,0.5012756307286967,0
2016-03-30,3996.52,5088.08,0.5,0.5,0,0,0.5002054483693855,0.4997945516306145,0.5002054483693855,0.4997945516306145,0
2016-03-31,4001.18,5088.54,0.5,0.5,0,0,0.500474181205957,0.49952581879404295,0.500474181205957,0.49952581879404295,0
2016-04-01,3981.06,5105.36,0.5,0.5,0,0,0.4983888824569192,0.5016111175430809,0.4983888824569192,0.5016111175430809,0
2016-04-05,4062.54,5159.71,0.5,0.5,0,0,0.5008065937142401,0.4991934062857599,0.5008065937142401,0.4991934062857599,0
2016-04-06,4073.41,5142.94,0.5,0.5,0,0,0.5022884706144274,0.49771152938557267,0.5022884706144274,0.49771152938557267,0
2016-04-07,4011.19,5080.02,0.5,0.5,0,0,0.5015177746048302,0.4984822253951698,0.5015177746048302,0.4984822253951698,0
2016-04-08,3976.08,5051.01,0.5,0.5,0,0,0.5007516360049395,0.49924836399506045,0.5007516360049395,0.49924836399506045,0
2016-04-11,4045.98,5117.82,0.5,0.5,0,0,0.501823389093597,0.4981766109064029,0.501823389093597,0.4981766109064029,0
2016-04-12,4021.64,5102.25,0.5,0.5,0,0,0.5010766285820233,0.4989233714179767,0.5010766285820233,0.4989233714179767,0
2016-04-13,4068.44,5166.04,0.5,0.5,0,0,0.5008628882123164,0.49913711178768355,0.5008628882123164,0.49913711178768355,0
2016-04-14,4094.96,5186.06,0.5,0.5,0,0,0.5015202585266039,0.49847974147339624,0.5015202585266039,0.49847974147339624,0
2016-04-15,4085.41,5186.99,0.5,0.5,0,1,0.5008917198695889,0.49910828013041114,0.5,0.5,1
2016-04-18,4020.44,5131.33,0.5,0.5,0,0,0.49868948838493854,0.5013105116150616,0.49868948838493854,0.5013105116150616,0
2016-04-19,4030.1,5142.34,0.5,0.5,0,0,0.49875361202053703,0.5012463879794631,0.49875361202053703,0.5012463879794631,0
2016-04-20,3899.74,5057.21,0.5,0.5,0,0,0.4947068011058565,0.5052931988941434,0.4947068011058565,0.5052931988941434,0
2016-04-21,3865.22,5041.88,0.5,0.5,0,0,0.4932431738781702,0.5067568261218298,0.4932431738781702,0.5067568261218298,0
2016-04-22,3896.02,5063.9,0.5,0.5,0,0,0.49413778333948777,0.5058622166605122,0.49413778333948777,0.5058622166605122,0
2016-04-25,3876.85,5055.05,0.5,0.5,0,0,0.49334206895503235,0.5066579310449677,0.49334206895503235,0.5066579310449677,0
2016-04-26,3912.71,5077.87,0.5,0.5,0,0,0.49451767552251513,0.5054823244774849,0.49451767552251513,0.5054823244774849,0
2016-04-27,3901.05,5061.12,0.5,0.5,0,0,0.49459756574752234,0.5054024342524777,0.49459756574752234,0.5054024342524777,0
2016-04-28,3895.89,5052.29,0.5,0.5,0,0,0.4947032037672902,0.5052967962327097,0.4947032037672902,0.5052967962327097,0
2016-04-29,3894.67,5044.0,0.5,0.5,0,0,0.4950354158157088,0.5049645841842912,0.4950354158157088,0.5049645841842912,0
2016-05-03,3992.03,5122.97,0.5,0.5,0,0,0.4973242759061652,0.5026757240938348,0.4973242759061652,0.5026757240938348,0
2016-05-04,3984.11,5117.22,0.5,0.5,0,0,0.49710855821741723,0.5028914417825827,0.49710855821741723,0.5028914417825827,0
2016-05-05,3997.99,5123.08,0.5,0.5,0,0,0.49769186417998706,0.5023081358200129,0.49769186417998706,0.5023081358200129,0
2016-05-06,3868.91,5000.43,0.5,0.5,0,0,0.4955452133512319,0.5044547866487681,0.4955452133512319,0.5044547866487681,0
2016-05-09,3768.04,4901.05,0.5,0.5,0,0,0.4939595392645155,0.5060404607354845,0.4939595392645155,0.5060404607354845,0
2016-05-10,3768.41,4905.32,0.5,0.5,0,0,0.4937664000932415,0.5062335999067585,0.4937664000932415,0.5062335999067585,0
2016-05-11,3769.52,4934.72,0.5,0.5,0,0,0.49234640178375955,0.5076535982162405,0.49234640178375955,0.5076535982162405,0
2016-05-12,3775.52,4942.67,0.5,0.5,0,0,0.4923415808711099,0.5076584191288902,0.4923415808711099,0.5076584191288902,0
2016-05-13,3760.56,4927.48,0.5,0.5,0,0,0.4921185674326661,0.5078814325673339,0.4921185674326661,0.5078814325673339,0
2016-05-16,3807.02,4955.77,0.5,0.5,0,0,0.4937567378917853,0.5062432621082147,0.4937567378917853,0.5062432621082147,0
2016-05-17,3797.22,4928.75,0.5,0.5,0,0,0.49447904710446183,0.5055209528955382,0.49447904710446183,0.5055209528955382,0
2016-05-18,3737.2,4895.51,0.5,0.5,0,0,0.4921880573480944,0.5078119426519055,0.4921880573480944,0.5078119426519055,0
2016-05-19,3741.59,4883.66,0.5,0.5,0,0,0.49308723875104915,0.5069127612489508,0.49308723875104915,0.5069127612489508,0
2016-05-20,3771.84,4904.21,0.5,0.5,0,0,0.494050381617452,0.505949618382548,0.494050381617452,0.505949618382548,0
2016-05-23,3802.21,4919.21,0.5,0.5,0,0,0.49529164045814733,0.5047083595418528,0.49529164045814733,0.5047083595418528,0
2016-05-24,3772.12,4879.57,0.5,0.5,0,0,0.49532802432537726,0.5046719756746229,0.49532802432537726,0.5046719756746229,0
2016-05-25,3758.19,4879.16,0.5,0.5,0,0,0.49442419655429626,0.5055758034457039,0.49442419655429626,0.5055758034457039,0
2016-05-26,3768.36,4884.54,0.5,0.5,0,0,0.49482424870434377,0.5051757512956563,0.49482424870434377,0.5051757512956563,0
2016-05-27,3765.13,4884.48,0.5,0.5,0,0,0.49461296712986486,0.5053870328701352,0.49461296712986486,0.5053870328701352,0
2016-05-30,3757.87,4889.9,0.5,0.5,0,0,0.493853292460384,0.506146707539616,0.493853292460384,0.506146707539616,0
2016-05-31,3898.64,5019.79,0.5,0.5,0,0,0.496492845322035,0.5035071546779651,0.496492845322035,0.5035071546779651,0
2016-06-01,3905.9,5010.41,0.5,0.5,0,0,0.4974255126045914,0.5025744873954087,0.4974255126045914,0.5025744873954087,0
2016-06-02,3927.1,5015.17,0.5,0.5,0,0,0.4985413536021827,0.5014586463978173,0.4985413536021827,0.5014586463978173,0
2016-06-03,3955.03,5042.32,0.5,0.5,0,0,0.49896334395890524,0.5010366560410948,0.49896334395890524,0.5010366560410948,0
2016-06-06,3948.77,5033.26,0.5,0.5,0,0,0.4990169336425515,0.5009830663574485,0.4990169336425515,0.5009830663574485,0
2016-06-07,3944.16,5030.34,0.5,0.5,0,0,0.49886997807557154,0.5011300219244285,0.49886997807557154,0.5011300219244285,0
2016-06-08,3925.29,5015.59,0.5,0.5,0,0,0.49840516773377264,0.5015948322662274,0.49840516773377264,0.5015948322662274,0
2016-06-13,3770.81,4894.1,0.5,0.5,0,0,0.4944979499717236,0.5055020500282764,0.4944979499717236,0.5055020500282764,0
2016-06-14,3783.67,4909.87,0.5,0.5,0,0,0.4945448290198265,0.5054551709801736,0.4945448290198265,0.5054551709801736,0
2016-06-15,3871.4,4967.71,0.5,0.5,0,1,0.49734720148971634,0.5026527985102835,0.5,0.5,1
2016-06-16,3844.03,4941.37,0.5,0.5,0,0,0.49955536145929685,0.5004446385407032,0.49955536145929685,0.5004446385407032,0
2016-06-17,3868.5,4967.81,0.5,0.5,0,0,0.4998076266297754,0.5001923733702245,0.4998076266297754,0.5001923733702245,0
2016-06-20,3879.83,4973.48,0.5,0.5,0,0,0.5002535781182861,0.4997464218817139,0.5002535781182861,0.4997464218817139,0
2016-06-21,3853.68,4956.04,0.5,0.5,0,0,0.49944106817660217,0.5005589318233978,0.49944106817660217,0.5005589318233978,0
2016-06-22,3906.32,4989.87,0.5,0.5,0,0,0.5011321649723621,0.4988678350276379,0.5011321649723621,0.4988678350276379,0
2016-06-23,3881.88,4961.13,0.5,0.5,0,0,0.5010072000389499,0.49899279996105,0.5010072000389499,0.49899279996105,0
2016-06-24,3837.85,4903.44,0.5,0.5,0,0,0.5010795195615332,0.49892048043846693,0.5010795195615332,0.49892048043846693,0
2016-06-27,3913.12,4956.16,0.5,0.5,0,0,0.5032615869933601,0.4967384130066399,0.5032615869933601,0.4967384130066399,0
2016-06-28,3942.13,4966.22,0.5,0.5,0,0,0.5046011125239588,0.4953988874760411,0.5046011125239588,0.4953988874760411,0
2016-06-29,3947.82,4997.74,0.5,0.5,0,0,0.5033800705550171,0.49661992944498284,0.5033800705550171,0.49661992944498284,0
2016-06-30,3959.22,4990.87,0.5,0.5,0,0,0.5044447737909894,0.4955552262090105,0.5044447737909894,0.4955552262090105,0
2016-07-01,3951.52,4998.37,0.5,0.5,0,0,0.5035827452657456,0.49641725473425435,0.5035827452657456,0.49641725473425435,0
2016-07-04,4017.46,5072.79,0.5,0.5,0,0,0.5040253306924914,0.4959746693075087,0.5040253306924914,0.4959746693075087,0
2016-07-05,4012.34,5074.09,0.5,0.5,0,0,0.5036424816550501,0.4963575183449499,0.5036424816550501,0.4963575183449499,0
2016-07-06,4030.13,5082.67,0.5,0.5,0,0,0.5043260645570431,0.49567393544295685,0.5043260645570431,0.49567393544295685,0
2016-07-07,4026.23,5069.37,0.5,0.5,0,0,0.5047390269169231,0.4952609730830769,0.5047390269169231,0.4952609730830769,0
2016-07-08,4016.89,5034.33,0.5,0.5,0,0,0.5058923005077578,0.49410769949224226,0.5058923005077578,0.49410769949224226,0
2016-07-11,4017.59,5052.15,0.5,0.5,0,0,0.5050526019365957,0.49494739806340415,0.5050526019365957,0.49494739806340415,0
2016-07-12,4097.27,5157.2,0.5,0.5,0,0,0.5048173190151266,0.49518268098487334,0.5048173190151266,0.49518268098487334,0
2016-07-13,4123.49,5174.83,0.5,0.5,0,0,0.5055588145569516,0.4944411854430482,0.5055588145569516,0.4944411854430482,0
2016-07-14,4122.94,5161.6,0.5,0.5,0,0,0.5061653531901269,0.4938346468098731,0.5061653531901269,0.4938346468098731,0
2016-07-15,4109.96,5167.25,0.5,0.5,0,0,0.5051036813871205,0.4948963186128795,0.5051036813871205,0.4948963186128795,0
2016-07-18,4079.52,5158.77,0.5,0.5,0,0,0.5036559163604656,0.4963440836395344,0.5036559163604656,0.4963440836395344,0
2016-07-19,4078.31,5129.04,0.5,0.5,0,0,0.5050265682415862,0.49497343175841374,0.5050265682415862,0.49497343175841374,0
2016-07-20,4070.97,5112.31,0.5,0.5,0,0,0.5053929693623538,0.49460703063764627,0.5053929693623538,0.49460703063764627,0
2016-07-21,4091.09,5141.49,0.5,0.5,0,0,0.5052026342493937,0.49479736575060634,0.5052026342493937,0.49479736575060634,0
2016-07-22,4055.69,5095.18,0.5,0.5,0,0,0.5052919546842629,0.4947080453157371,0.5052919546842629,0.4947080453157371,0
2016-07-25,4060.89,5102.34,0.5,0.5,0,0,0.5052612243063769,0.49473877569362307,0.5052612243063769,0.49473877569362307,0
2016-07-26,4119.04,5163.02,0.5,0.5,0,0,0.5058600360416823,0.49413996395831766,0.5058600360416823,0.49413996395831766,0
2016-07-27,3997.79,5099.99,0.5,0.5,0,0,0.5014614708625508,0.4985385291374493,0.5014614708625508,0.4985385291374493,0
2016-07-28,4004.64,5115.67,0.5,0.5,0,0,0.5011220184488704,0.4988779815511296,0.5011220184488704,0.4988779815511296,0
2016-07-29,3982.2,5098.36,0.5,0.5,0,0,0.5005645701641473,0.4994354298358526,0.5005645701641473,0.4994354298358526,0
2016-08-01,3935.7,5070.77,0.5,0.5,0,0,0.4989847132807586,0.5010152867192414,0.4989847132807586,0.5010152867192414,0
2016-08-02,3956.42,5092.4,0.5,0.5,0,0,0.4992332791942418,0.5007667208057581,0.4992332791942418,0.5007667208057581,0
2016-08-03,3966.7,5099.25,0.5,0.5,0,0,0.49954595394729456,0.5004540460527054,0.49954595394729456,0.5004540460527054,0
2016-08-04,3994.36,5108.89,0.5,0.5,0,0,0.5008109936030302,0.4991890063969699,0.5008109936030302,0.4991890063969699,0
2016-08-05,3989.77,5120.03,0.5,0.5,0,0,0.49997901433197295,0.5000209856680272,0.49997901433197295,0.5000209856680272,0
2016-08-08,4027.78,5166.27,0.5,0.5,0,0,0.5001017920434132,0.49989820795658674,0.5001017920434132,0.49989820795658674,0
2016-08-09,4063.71,5201.35,0.5,0.5,0,0,0.500630227864159,0.499369772135841,0.500630227864159,0.499369772135841,0
2016-08-10,4037.03,5182.42,0.5,0.5,0,0,0.49989497876850003,0.5001050212314999,0.49989497876850003,0.5001050212314999,0
2016-08-11,4010.09,5170.16,0.5,0.5,0,0,0.4988132071654883,0.5011867928345116,0.4988132071654883,0.5011867928345116,0
2016-08-12,4076.83,5277.47,0.5,0.5,0,0,0.49780393412994406,0.5021960658700558,0.49780393412994406,0.5021960658700558,0
2016-08-15,4209.48,5426.75,0.5,0.5,0,1,0.49883536890111435,0.5011646310988858,0.5,0.5,1
2016-08-16,4210.8,5394.95,0.5,0.5,0,0,0.5015476515563416,0.4984523484436584,0.5015476515563416,0.4984523484436584,0
2016-08-17,4209.28,5385.74,0.5,0.5,0,0,0.5018845398748398,0.4981154601251602,0.5018845398748398,0.4981154601251602,0
2016-08-18,4193.36,5377.48,0.5,0.5,0,0,0.5013209375167034,0.4986790624832965,0.5013209375167034,0.4986790624832965,0
2016-08-19,4187.14,5366.6,0.5,0.5,0,0,0.5014561623453297,0.49854383765467025,0.5014561623453297,0.49854383765467025,0
2016-08-22,4137.67,5328.46,0.5,0.5,0,0,0.5002679662374143,0.49973203376258574,0.5002679662374143,0.49973203376258574,0
2016-08-23,4146.63,5338.49,0.5,0.5,0,0,0.5003386044828673,0.4996613955171326,0.5003386044828673,0.4996613955171326,0
2016-08-24,4138.71,5315.56,0.5,0.5,0,0,0.5009367689239557,0.4990632310760444,0.5009367689239557,0.4990632310760444,0
2016-08-25,4114.6,5283.12,0.5,0.5,0,0,0.501006522439023,0.49899347756097695,0.501006522439023,0.49899347756097695,0
2016-08-26,4116.63,5278.97,0.5,0.5,0,0,0.5013262888844002,0.4986737111155998,0.5013262888844002,0.4986737111155998,0
2016-08-29,4116.07,5277.79,0.5,0.5,0,0,0.5013481663744039,0.49865183362559606,0.5013481663744039,0.49865183362559606,0
2016-08-30,4119.33,5289.84,0.5,0.5,0,0,0.5009759568953814,0.4990240431046186,0.5009759568953814,0.4990240431046186,0
2016-08-31,4139.36,5316.4,0.5,0.5,0,0,0.5009365257491785,0.4990634742508216,0.5009365257491785,0.4990634742508216,0
2016-09-01,4097.82,5274.04,0.5,0.5,0,0,0.5004149389386799,0.49958506106132017,0.5004149389386799,0.49958506106132017,0
2016-09-02,4101.48,5293.83,0.5,0.5,0,0,0.4997017990720876,0.5002982009279124,0.4997017990720876,0.5002982009279124,0
2016-09-05,4123.49,5311.65,0.5,0.5,0,0,0.5001996685249888,0.49980033147501124,0.5001996685249888,0.49980033147501124,0
2016-09-06,4171.16,5343.14,0.5,0.5,0,0,0.5015954903026313,0.49840450969736855,0.5015954903026313,0.49840450969736855,0
2016-09-07,4161.58,5348.82,0.5,0.5,0,0,0.5007550337888914,0.4992449662111086,0.5007550337888914,0.4992449662111086,0
2016-09-08,4162.75,5353.51,0.5,0.5,0,0,0.5006061988128102,0.4993938011871899,0.5006061988128102,0.4993938011871899,0
2016-09-09,4130.31,5322.66,0.5,0.5,0,0,0.5000951474291162,0.49990485257088374,0.5000951474291162,0.49990485257088374,0
2016-09-12,4045.46,5239.63,0.5,0.5,0,0,0.4988364228410598,0.5011635771589403,0.4988364228410598,0.5011635771589403,0
2016-09-13,4054.56,5238.36,0.5,0.5,0,0,0.4994587514230453,0.5005412485769548,0.4994587514230453,0.5005412485769548,0
2016-09-14,4030.13,5194.78,0.5,0.5,0,0,0.5000364154218919,0.499963584578108,0.5000364154218919,0.499963584578108,0
2016-09-19,4063.72,5237.94,0.5,0.5,0,0,0.5000429556064387,0.4999570443935613,0.5000429556064387,0.4999570443935613,0
2016-09-20,4057.42,5232.63,0.5,0.5,0,0,0.49990864682992514,0.5000913531700748,0.49990864682992514,0.5000913531700748,0
2016-09-21,4068.07,5241.98,0.5,0.5,0,0,0.5001176748434478,0.4998823251565521,0.5001176748434478,0.4998823251565521,0
2016-09-22,4098.19,5289.1,0.5,0.5,0,0,0.499724654322479,0.5002753456775212,0.499724654322479,0.5002753456775212,0
2016-09-23,4074.87,5266.11,0.5,0.5,0,0,0.499387049855792,0.5006129501442079,0.499387049855792,0.5006129501442079,0
2016-09-26,3999.21,5191.45,0.5,0.5,0,0,0.49827128275196314,0.5017287172480369,0.49827128275196314,0.5017287172480369,0
2016-09-27,4032.05,5224.07,0.5,0.5,0,0,0.49874986343885197,0.5012501365611481,0.49874986343885197,0.5012501365611481,0
2016-09-28,4027.97,5209.73,0.5,0.5,0,0,0.49918395057090426,0.5008160494290957,0.49918395057090426,0.5008160494290957,0
2016-09-29,4046.06,5230.52,0.5,0.5,0,0,0.4993085434417272,0.5006914565582727,0.4993085434417272,0.5006914565582727,0
2016-09-30,4065.36,5242.93,0.5,0.5,0,0,0.49990577525741825,0.5000942247425817,0.49990577525741825,0.5000942247425817,0
2016-10-10,4126.45,5304.5,0.5,0.5,0,0,0.5007158144313463,0.49928418556865367,0.5007158144313463,0.49928418556865367,0
2016-10-11,4142.33,5320.57,0.5,0.5,0,0,0.5009198225653989,0.49908017743460115,0.5009198225653989,0.49908017743460115,0
2016-10-12,4138.61,5308.34,0.5,0.5,0,0,0.501270526620399,0.49872947337960105,0.501270526620399,0.49872947337960105,0
2016-10-13,4138.62,5303.33,0.5,0.5,0,0,0.5015071897393678,0.49849281026063214,0.5015071897393678,0.49849281026063214,0
2016-10-14,4127.46,5309.71,0.5,0.5,0,0,0.5005315721172091,0.49946842788279094,0.5005315721172091,0.49946842788279094,0
2016-10-17,4085.81,5267.69,0.5,0.5,0,1,0.4999823405523362,0.5000176594476639,0.5,0.5,1
2016-10-18,4137.66,5331.71,0.5,0.5,0,0,0.5001325849039857,0.4998674150960143,0.5001325849039857,0.4998674150960143,0
2016-10-19,4120.25,5322.29,0.5,0.5,0,0,0.4995205302685951,0.5004794697314049,0.4995205302685951,0.5004794697314049,0
2016-10-20,4123.89,5328.99,0.5,0.5,0,0,0.49942677702516397,0.5005732229748361,0.49942677702516397,0.5005732229748361,0
2016-10-21,4118.69,5349.69,0.5,0.5,0,0,0.4981421279380576,0.5018578720619423,0.4981421279380576,0.5018578720619423,0
2016-10-24,4166.48,5409.13,0.5,0.5,0,0,0.49826381428723104,0.5017361857127691,0.49826381428723104,0.5017361857127691,0
2016-10-25,4169.21,5415.87,0.5,0.5,0,0,0.49811625348080385,0.5018837465191962,0.49811625348080385,0.5018837465191962,0
2016-10-26,4155.11,5387.89,0.5,0.5,0,0,0.4985642541215802,0.5014357458784199,0.4985642541215802,0.5014357458784199,0
2016-10-27,4145.55,5370.36,0.5,0.5,0,0,0.49880311868883564,0.5011968813111642,0.49880311868883564,0.5011968813111642,0
2016-10-28,4129.75,5365.04,0.5,0.5,0,0,0.49809625467082036,0.5019037453291797,0.49809625467082036,0.5019037453291797,0
2016-10-31,4126.26,5359.89,0.5,0.5,0,0,0.4981249878954351,0.501875012104565,0.4981249878954351,0.501875012104565,0
2016-11-01,4163.11,5398.01,0.5,0.5,0,0,0.4985759951507183,0.5014240048492817,0.4985759951507183,0.5014240048492817,0
2016-11-02,4130.27,5349.84,0.5,0.5,0,0,0.4988370189568636,0.5011629810431363,0.4988370189568636,0.5011629810431363,0
2016-11-03,4157.46,5395.58,0.5,0.5,0,0,0.4983490440519043,0.5016509559480956,0.4983490440519043,0.5016509559480956,0
2016-11-04,4141.53,5382.17,0.5,0.5,0,0,0.49801140734125016,0.5019885926587498,0.49801140734125016,0.5019885926587498,0
2016-11-07,4138.73,5395.45,0.5,0.5,0,0,0.49722625668213866,0.5027737433178613,0.49722625668213866,0.5027737433178613,0
2016-11-08,4160.89,5411.36,0.5,0.5,0,0,0.497825135548634,0.5021748644513659,0.497825135548634,0.5021748644513659,0
2016-11-09,4136.56,5385.8,0.5,0.5,0,0,0.4975426711314641,0.5024573288685359,0.4975426711314641,0.5024573288685359,0
2016-11-10,4181.16,5450.03,0.5,0.5,0,0,0.4972599144233613,0.5027400855766387,0.4972599144233613,0.5027400855766387,0
2016-11-11,4209.8,5490.53,0.5,0.5,0,0,0.49711560495264406,0.5028843950473559,0.49711560495264406,0.5028843950473559,0
2016-11-14,4222.28,5509.54,0.5,0.5,0,0,0.4969915544604336,0.5030084455395665,0.4969915544604336,0.5030084455395665,0
2016-11-15,4238.18,5506.65,0.5,0.5,0,0,0.49806236476000443,0.5019376352399957,0.49806236476000443,0.5019376352399957,0
2016-11-16,4242.99,5506.71,0.5,0.5,0,0,0.4983432065561938,0.5016567934438062,0.4983432065561938,0.5016567934438062,0
2016-11-17,4235.26,5522.85,0.5,0.5,0,0,0.4971556879797763,0.5028443120202238,0.4971556879797763,0.5028443120202238,0
2016-11-18,4209.14,5500.02,0.5,0.5,0,0,0.4966446913460931,0.5033553086539069,0.4966446913460931,0.5033553086539069,0
2016-11-21,4216.22,5542.8,0.5,0.5,0,0,0.4951279404601395,0.5048720595398604,0.4951279404601395,0.5048720595398604,0
2016-11-22,4247.71,5586.55,0.5,0.5,0,0,0.49502267249313064,0.5049773275068693,0.49502267249313064,0.5049773275068693,0
2016-11-23,4245.6,5607.91,0.5,0.5,0,0,0.4939445442478206,0.5060554557521795,0.4939445442478206,0.5060554557521795,0
2016-11-24,4259.24,5634.28,0.5,0.5,0,0,0.49357368272697705,0.5064263172730229,0.49357368272697705,0.5064263172730229,0
2016-11-25,4288.73,5689.59,0.5,0.5,0,0,0.49285658701446844,0.5071434129855316,0.49285658701446844,0.5071434129855316,0
2016-11-28,4291.05,5718.87,0.5,0.5,0,0,0.4917088015920588,0.5082911984079412,0.4917088015920588,0.5082911984079412,0
2016-11-29,4306.6,5747.92,0.5,0.5,0,0,0.49134651931858186,0.5086534806814182,0.49134651931858186,0.5086534806814182,0
2016-11-30,4289.64,5694.13,0.5,0.5,0,0,0.4927102503002367,0.5072897496997633,0.4927102503002367,0.5072897496997633,0
2016-12-01,4323.67,5744.06,0.5,0.5,0,0,0.4925031224948009,0.5074968775051991,0.4925031224948009,0.5074968775051991,0
2016-12-02,4258.07,5689.47,0.5,0.5,0,0,0.49106866242143044,0.5089313375785697,0.49106866242143044,0.5089313375785697,0
2016-12-05,4190.9,5603.31,0.5,0.5,0,0,0.4909084908170011,0.5090915091829988,0.4909084908170011,0.5090915091829988,0
2016-12-06,4186.11,5588.08,0.5,0.5,0,0,0.49130289860647763,0.5086971013935223,0.49130289860647763,0.5086971013935223,0
2016-12-07,4209.52,5611.58,0.5,0.5,0,0,0.49164783906433507,0.508352160935665,0.49164783906433507,0.508352160935665,0
2016-12-08,4196.1,5614.31,0.5,0.5,0,0,0.4907282549946729,0.5092717450053272,0.4907282549946729,0.5092717450053272,0
2016-12-09,4199.5,5666.91,0.5,0.5,0,0,0.4886003298765776,0.5113996701234225,0.4886003298765776,0.5113996701234225,0
2016-12-12,4054.17,5553.96,0.5,0.5,0,0,0.48483133993343464,0.5151686600665654,0.48483133993343464,0.5151686600665654,0
2016-12-13,4052.68,5534.69,0.5,0.5,0,0,0.48560767056053206,0.514392329439468,0.48560767056053206,0.514392329439468,0
2016-12-14,4014.53,5503.26,0.5,0.5,0,0,0.48466770266146375,0.5153322973385362,0.48466770266146375,0.5153322973385362,0
2016-12-15,3999.9,5426.54,0.5,0.5,0,0,0.48726264939752045,0.5127373506024796,0.48726264939752045,0.5127373506024796,0
2016-12-16,4021.8,5430.04,0.5,0.5,0,0,0.4884657977404119,0.511534202259588,0.4884657977404119,0.511534202259588,0
2016-12-19,3995.1,5411.19,0.5,0.5,0,1,0.4876703799639547,0.5123296200360453,0.5,0.5,1
2016-12-20,3980.33,5371.22,0.5,0.5,0,0,0.500927519221082,0.49907248077891797,0.500927519221082,0.49907248077891797,0
2016-12-21,4005.11,5413.86,0.5,0.5,0,0,0.5005022836673129,0.4994977163326872,0.5005022836673129,0.4994977163326872,0
2016-12-22,3998.43,5413.05,0.5,0.5,0,0,0.5001223751937716,0.4998776248062283,0.5001223751937716,0.4998776248062283,0
2016-12-23,3959.27,5372.29,0.5,0.5,0,0,0.4995514565011828,0.5004485434988172,0.4995514565011828,0.5004485434988172,0
2016-12-26,3977.03,5395.13,0.5,0.5,0,0,0.4996097591476384,0.5003902408523616,0.4996097591476384,0.5003902408523616,0
2016-12-27,3976.13,5390.39,0.5,0.5,0,0,0.49977291687205516,0.5002270831279448,0.49977291687205516,0.5002270831279448,0
2016-12-28,3962.2,5370.27,0.5,0.5,0,0,0.49983041537627537,0.5001695846237246,0.49983041537627537,0.5001695846237246,0
2016-12-29,3952.29,5359.04,0.5,0.5,0,0,0.4997276812028372,0.5002723187971627,0.4997276812028372,0.5002723187971627,0
2016-12-30,3972.35,5376.54,0.5,0.5,0,0,0.5001783089976902,0.4998216910023096,0.5001783089976902,0.4998216910023096,0
2017-01-03,4005.32,5431.02,0.5,0.5,0,0,0.49972423436589897,0.5002757656341009,0.49972423436589897,0.5002757656341009,0
2017-01-04,4041.62,5469.06,0.5,0.5,0,0,0.500234816975973,0.499765183024027,0.500234816975973,0.499765183024027,0
2017-01-05,4029.99,5475.58,0.5,0.5,0,0,0.49921652811836387,0.5007834718816361,0.49921652811836387,0.5007834718816361,0
2017-01-06,3998.01,5452.45,0.5,0.5,0,0,0.49828303422054776,0.5017169657794522,0.49828303422054776,0.5017169657794522,0
2017-01-09,4009.8,5476.99,0.5,0.5,0,0,0.49789653898115926,0.5021034610188406,0.49789653898115926,0.5021034610188406,0
2017-01-10,4002.72,5468.37,0.5,0.5,0,0,0.49784850541317077,0.5021514945868292,0.49784850541317077,0.5021514945868292,0
2017-01-11,3969.68,5431.26,0.5,0.5,0,0,0.49747871066972427,0.5025212893302757,0.49747871066972427,0.5025212893302757,0
2017-01-12,3949.06,5401.6,0.5,0.5,0,0,0.49754571757070043,0.5024542824292995,0.49754571757070043,0.5024542824292995,0
2017-01-13,3920.01,5412.1,0.5,0.5,0,0,0.4952145058141139,0.504785494185886,0.4952145058141139,0.504785494185886,0
2017-01-16,3857.87,5427.25,0.5,0.5,0,0,0.4905219053271056,0.5094780946728944,0.4905219053271056,0.5094780946728944,0
2017-01-17,3884.65,5425.77,0.5,0.5,0,0,0.4923189758920145,0.5076810241079854,0.4923189758920145,0.5076810241079854,0
2017-01-18,3878.71,5457.9,0.5,0.5,0,0,0.4904608939062876,0.5095391060937123,0.4904608939062876,0.5095391060937123,0
2017-01-19,3872.54,5440.78,0.5,0.5,0,0,0.49084817499756495,0.509151825002435,0.49084817499756495,0.509151825002435,0
2017-01-20,3921.56,5480.0,0.5,0.5,0,0,0.4921968471883675,0.5078031528116325,0.4921968471883675,0.5078031528116325,0
2017-01-23,3936.24,5496.37,0.5,0.5,0,0,0.4923852138325479,0.5076147861674523,0.4923852138325479,0.5076147861674523,0
2017-01-24,3919.64,5513.55,0.5,0.5,0,0,0.49054900968980863,0.5094509903101914,0.49054900968980863,0.5094509903101914,0
2017-01-25,3934.98,5529.56,0.5,0.5,0,0,0.4908005318831646,0.5091994681168354,0.4908005318831646,0.5091994681168354,0
2017-01-26,3956.93,5551.37,0.5,0.5,0,0,0.4912069440086487,0.5087930559913513,0.4912069440086487,0.5087930559913513,0
2017-02-03,3936.2,5504.04,0.5,0.5,0,0,0.49203413515998856,0.5079658648400114,0.49203413515998856,0.5079658648400114,0
2017-02-06,3957.68,5519.28,0.5,0.5,0,0,0.49270326793592994,0.5072967320640701,0.49270326793592994,0.5072967320640701,0
2017-02-07,3944.61,5512.99,0.5,0.5,0,0,0.4921614887219871,0.5078385112780128,0.4921614887219871,0.5078385112780128,0
2017-02-08,3973.26,5534.45,0.5,0.5,0,0,0.49299924362726494,0.5070007563727351,0.49299924362726494,0.5070007563727351,0
2017-02-09,3985.3,5555.79,0.5,0.5,0,0,0.49279359556119684,0.5072064044388033,0.49279359556119684,0.5072064044388033,0
2017-02-10,3986.77,5593.72,0.5,0.5,0,0,0.4911852285979846,0.5088147714020155,0.4911852285979846,0.5088147714020155,0
2017-02-13,4016.18,5631.41,0.5,0.5,0,0,0.49134380715419623,0.5086561928458039,0.49134380715419623,0.5086561928458039,0
2017-02-14,4006.98,5629.94,0.5,0.5,0,0,0.4908358955977013,0.5091641044022988,0.4908358955977013,0.5091641044022988,0
2017-02-15,3978.29,5618.15,0.5,0.5,0,0,0.48956403383379715,0.5104359661662028,0.48956403383379715,0.5104359661662028,0
2017-02-16,4007.09,5651.59,0.5,0.5,0,0,0.4898835788115982,0.5101164211884018,0.4898835788115982,0.5101164211884018,0
2017-02-17,3990.07,5606.05,0.5,0.5,0,0,0.4908417304917913,0.5091582695082087,0.4908417304917913,0.5091582695082087,0
2017-02-20,4034.0,5697.01,0.5,0.5,0,1,0.4895558657000865,0.5104441342999135,0.5,0.5,1
2017-02-21,4059.11,5711.94,0.5,0.5,0,0,0.5008970123513047,0.49910298764869526,0.5008970123513047,0.49910298764869526,0
2017-02-22,4069.93,5729.24,0.5,0.5,0,0,0.5008064867723783,0.49919351322762173,0.5008064867723783,0.49919351322762173,0
2017-02-23,4059.22,5698.1,0.5,0.5,0,0,0.5015102672232391,0.49848973277676084,0.5015102672232391,0.49848973277676084,0
2017-02-24,4067.53,5689.75,0.5,0.5,0,0,0.5023881472030635,0.4976118527969365,0.5023881472030635,0.4976118527969365,0
2017-02-27,4033.58,5640.78,0.5,0.5,0,0,0.5024537306877974,0.4975462693122027,0.5024537306877974,0.4975462693122027,0
2017-02-28,4041.4,5656.46,0.5,0.5,0,0,0.5022439719398192,0.49775602806018077,0.5022439719398192,0.49775602806018077,0
2017-03-01,4045.49,5662.59,0.5,0.5,0,0,0.5022260682748801,0.49777393172511997,0.5022260682748801,0.49777393172511997,0
2017-03-02,4024.86,5621.54,0.5,0.5,0,0,0.5027668508100709,0.4972331491899291,0.5027668508100709,0.4972331491899291,0
2017-03-03,4028.54,5610.13,0.5,0.5,0,0,0.5035032355586435,0.4964967644413565,0.5035032355586435,0.4964967644413565,0
2017-03-06,4069.72,5634.53,0.5,0.5,0,0,0.5049607123608075,0.4950392876391926,0.5049607123608075,0.4950392876391926,0
2017-03-07,4083.85,5639.36,0.5,0.5,0,0,0.5056129200308713,0.4943870799691288,0.5056129200308713,0.4943870799691288,0
2017-03-08,4066.14,5634.45,0.5,0.5,0,0,0.5047442686863374,0.4952557313136626,0.5047442686863374,0.4952557313136626,0
2017-03-09,4038.2,5593.96,0.5,0.5,0,0,0.5048235104015099,0.49517648959849014,0.5048235104015099,0.49517648959849014,0
2017-03-10,4048.2,5599.34,0.5,0.5,0,0,0.505201472476489,0.494798527523511,0.505201472476489,0.494798527523511,0
2017-03-13,4084.65,5644.36,0.5,0.5,0,0,0.5054403515645953,0.4945596484354048,0.5054403515645953,0.4945596484354048,0
2017-03-14,4072.62,5644.62,0.5,0.5,0,0,0.5046915333432584,0.4953084666567415,0.5046915333432584,0.4953084666567415,0
2017-03-15,4080.21,5653.98,0.5,0.5,0,0,0.5047428007471905,0.4952571992528094,0.5047428007471905,0.4952571992528094,0
2017-03-16,4110.74,5682.53,0.5,0.5,0,0,0.5053471814198407,0.4946528185801593,0.5053471814198407,0.4946528185801593,0
2017-03-17,4064.29,5620.64,0.5,0.5,0,0,0.5052439491779169,0.4947560508220831,0.5052439491779169,0.4947560508220831,0
2017-03-20,4067.9,5623.54,0.5,0.5,0,0,0.5053369406063077,0.4946630593936924,0.5053369406063077,0.4946630593936924,0
2017-03-21,4087.72,5650.12,0.5,0.5,0,0,0.5053731955967905,0.49462680440320955,0.5053731955967905,0.49462680440320955,0
2017-03-22,4071.15,5612.72,0.5,0.5,0,0,0.506017984522682,0.49398201547731807,0.506017984522682,0.49398201547731807,0
2017-03-23,4081.26,5632.68,0.5,0.5,0,0,0.5057506090051677,0.4942493909948322,0.5057506090051677,0.4942493909948322,0
2017-03-24,4114.43,5673.51,0.5,0.5,0,0,0.5059685588203188,0.4940314411796813,0.5059685588203188,0.4940314411796813,0
2017-03-27,4090.04,5661.8,0.5,0.5,0,0,0.504998814285392,0.49500118571460805,0.504998814285392,0.49500118571460805,0
2017-03-28,4079.19,5645.38,0.5,0.5,0,0,0.5050608181726698,0.49493918182733015,0.5050608181726698,0.49493918182733015,0
2017-03-29,4058.02,5640.98,0.5,0.5,0,0,0.5039550167405741,0.49604498325942586,0.5039550167405741,0.49604498325942586,0
2017-03-30,4007.57,5605.84,0.5,0.5,0,0,0.5023897811487495,0.49761021885125045,0.5023897811487495,0.49761021885125045,0
2017-03-31,4030.19,5639.0,0.5,0.5,0,0,0.5023224364723864,0.4976775635276135,0.5023224364723864,0.4976775635276135,0
2017-04-05,4096.36,5718.54,0.5,0.5,0,0,0.5028920384274256,0.4971079615725746,0.5028920384274256,0.4971079615725746,0
2017-04-06,4104.49,5743.72,0.5,0.5,0,0,0.5022893461734524,0.4977106538265475,0.5022893461734524,0.4977106538265475,0
2017-04-07,4114.45,5748.43,0.5,0.5,0,0,0.5026903315543747,0.4973096684456254,0.5026903315543747,0.4973096684456254,0
2017-04-10,4093.66,5744.62,0.5,0.5,0,0,0.5015896714091731,0.49841032859082696,0.5015896714091731,0.49841032859082696,0
2017-04-11,4106.34,5767.24,0.5,0.5,0,0,0.5013803783016094,0.49861962169839047,0.5013803783016094,0.49861962169839047,0
2017-04-12,4083.82,5752.47,0.5,0.5,0,0,0.5006466329842114,0.49935336701578853,0.5006466329842114,0.49935336701578853,0
2017-04-13,4101.98,5761.56,0.5,0.5,0,0,0.5013611338551484,0.49863886614485153,0.5013611338551484,0.49863886614485153,0
2017-04-14,4058.35,5708.11,0.5,0.5,0,0,0.501017886772724,0.498982113227276,0.501017886772724,0.498982113227276,0
2017-04-17,4041.86,5693.93,0.5,0.5,0,0,0.5006218304793029,0.4993781695206972,0.5006218304793029,0.4993781695206972,0
2017-04-18,4023.32,5655.96,0.5,0.5,0,0,0.5011451510665067,0.4988548489334934,0.5011451510665067,0.4988548489334934,0
2017-04-19,4013.93,5616.95,0.5,0.5,0,0,0.5022912428545183,0.4977087571454817,0.5022912428545183,0.4977087571454817,0
2017-04-20,4023.25,5626.07,0.5,0.5,0,1,0.5024654594600693,0.49753454053993074,0.5,0.5,1
2017-04-21,4021.06,5644.5,0.5,0.5,0,0,0.49904626321968953,0.5009537367803104,0.49904626321968953,0.5009537367803104,0
2017-04-24,3971.99,5576.25,0.5,0.5,0,0,0.4990179611633597,0.5009820388366402,0.4990179611633597,0.5009820388366402,0
2017-04-25,3983.16,5590.08,0.5,0.5,0,0,0.4991007495420322,0.5008992504579678,0.4991007495420322,0.5008992504579678,0
2017-04-26,3996.88,5602.18,0.5,0.5,0,0,0.499419842151496,0.5005801578485041,0.499419842151496,0.5005801578485041,0
2017-04-27,4005.42,5602.19,0.5,0.5,0,0,0.4999529924303715,0.5000470075696285,0.4999529924303715,0.5000470075696285,0
2017-04-28,3998.8,5602.15,0.5,0.5,0,0,0.4995412456253196,0.5004587543746805,0.4995412456253196,0.5004587543746805,0
2017-05-02,3987.96,5584.2,0.5,0.5,0,0,0.499664939807085,0.5003350601929151,0.499664939807085,0.5003350601929151,0
2017-05-03,3969.7,5552.9,0.5,0.5,0,0,0.49992283244709684,0.5000771675529032,0.49992283244709684,0.5000771675529032,0
2017-05-04,3957.73,5538.87,0.5,0.5,0,0,0.49980030957408217,0.5001996904259178,0.49980030957408217,0.5001996904259178,0
2017-05-05,3917.79,5504.68,0.5,0.5,0,0,0.49881255180892664,0.5011874481910733,0.49881255180892664,0.5011874481910733,0
2017-05-08,3862.4,5469.23,0.5,0.5,0,0,0.49686804889487285,0.5031319511051272,0.49686804889487285,0.5031319511051272,0
2017-05-09,3856.39,5466.03,0.5,0.5,0,0,0.4966250650697468,0.5033749349302533,0.4966250650697468,0.5033749349302533,0
2017-05-10,3818.63,5433.94,0.5,0.5,0,0,0.495637202902486,0.5043627970975141,0.495637202902486,0.5043627970975141,0
2017-05-11,3830.77,5467.14,0.5,0.5,0,0,0.4949080055720997,0.5050919944279004,0.4949080055720997,0.5050919944279004,0
2017-05-12,3839.31,5522.41,0.5,0.5,0,0,0.49295032275701267,0.5070496772429873,0.49295032275701267,0.5070496772429873,0
2017-05-15,3860.74,5534.55,0.5,0.5,0,0,0.4937927517687244,0.5062072482312756,0.4937927517687244,0.5062072482312756,0
2017-05-16,3917.95,5572.35,0.5,0.5,0,0,0.49576830312153247,0.5042316968784674,0.49576830312153247,0.5042316968784674,0
2017-05-17,3907.56,5546.98,0.5,0.5,0,0,0.4962452259023281,0.5037547740976719,0.4962452259023281,0.5037547740976719,0
2017-05-18,3883.48,5522.0,0.5,0.5,0,0,0.49582826277447795,0.5041717372255221,0.49582826277447795,0.5041717372255221,0
2017-05-19,3885.47,5532.07,0.5,0.5,0,0,0.4955008728741293,0.5044991271258706,0.4955008728741293,0.5044991271258706,0
2017-05-22,3866.92,5537.22,0.5,0.5,0,0,0.4940719961016357,0.5059280038983643,0.4940719961016357,0.5059280038983643,0
2017-05-23,3838.07,5555.36,0.5,0.5,0,0,0.49138273512441727,0.5086172648755827,0.49138273512441727,0.5086172648755827,0
2017-05-24,3850.36,5559.26,0.5,0.5,0,0,0.4920063719033293,0.5079936280966708,0.4920063719033293,0.5079936280966708,0
2017-05-25,3894.3,5678.91,0.5,0.5,0,0,0.4895204726892147,0.5104795273107852,0.4895204726892147,0.5104795273107852,0
2017-05-26,3884.22,5675.32,0.5,0.5,0,0,0.48903085041644173,0.5109691495835583,0.48903085041644173,0.5109691495835583,0
2017-05-31,3888.75,5695.19,0.5,0.5,0,0,0.4884487879023501,0.5115512120976501,0.4884487879023501,0.5115512120976501,0
2017-06-01,3860.01,5692.13,0.5,0.5,0,0,0.48672971059530695,0.513270289404693,0.48672971059530695,0.513270289404693,0
2017-06-02,3871.71,5680.62,0.5,0.5,0,0,0.48799156134243965,0.5120084386575604,0.48799156134243965,0.5120084386575604,0
2017-06-05,3878.54,5651.19,0.5,0.5,0,0,0.48972988724315675,0.5102701127568432,0.48972988724315675,0.5102701127568432,0
2017-06-06,3904.97,5689.98,0.5,0.5,0,0,0.48971757142247985,0.5102824285775202,0.48971757142247985,0.5102824285775202,0
2017-06-07,3965.0,5755.63,0.5,0.5,0,0,0.49066320233022437,0.5093367976697757,0.49066320233022437,0.5093367976697757,0
2017-06-08,3989.98,5798.16,0.5,0.5,0,0,0.4903928602995963,0.5096071397004037,0.4903928602995963,0.5096071397004037,0
2017-06-09,3995.95,5820.41,0.5,0.5,0,0,0.4898093515836837,0.5101906484163163,0.4898093515836837,0.5101906484163163,0
2017-06-12,3969.67,5823.23,0.5,0.5,0,0,0.4880395310160011,0.5119604689839989,0.4880395310160011,0.5119604689839989,0
2017-06-13,3995.18,5836.66,0.5,0.5,0,0,0.4890645035316146,0.5109354964683853,0.4890645035316146,0.5109354964683853,0
2017-06-14,3960.52,5755.74,0.5,0.5,0,0,0.49037589645398655,0.5096241035460134,0.49037589645398655,0.5096241035460134,0
2017-06-15,3991.7,5739.25,0.5,0.5,0,0,0.4930528931105681,0.506947106889432,0.4930528931105681,0.506947106889432,0
2017-06-16,3977.31,5716.72,0.5,0.5,0,0,0.4931333356304961,0.506866664369504,0.4931333356304961,0.506866664369504,0
2017-06-19,4016.78,5781.6,0.5,0.5,0,0,0.49278081275548136,0.5072191872445185,0.49278081275548136,0.5072191872445185,0
2017-06-20,4019.18,5775.5,0.5,0.5,0,1,0.4931939672772946,0.5068060327227054,0.5,0.5,1
2017-06-21,4057.29,5829.33,0.5,0.5,0,0,0.5000400307840484,0.4999599692159517,0.5000400307840484,0.4999599692159517,0
2017-06-22,4025.88,5839.23,0.5,0.5,0,0,0.4976728949791701,0.50232710502083,0.4976728949791701,0.50232710502083,0
2017-06-23,4053.71,5886.54,0.5,0.5,0,0,0.497377787411718,0.5026222125882819,0.497377787411718,0.5026222125882819,0
2017-06-26,4107.9,5953.6,0.5,0.5,0,0,0.49786571332185725,0.5021342866781427,0.49786571332185725,0.5021342866781427,0
2017-06-27,4109.68,5971.04,0.5,0.5,0,0,0.49724277320644766,0.5027572267935524,0.49724277320644766,0.5027572267935524,0
2017-06-28,4074.36,5939.51,0.5,0.5,0,0,0.496408554711523,0.503591445288477,0.496408554711523,0.503591445288477,0
2017-06-29,4096.96,5974.49,0.5,0.5,0,0,0.49632342320782596,0.503676576792174,0.49632342320782596,0.503676576792174,0
2017-06-30,4100.84,5972.74,0.5,0.5,0,0,0.49663329543426343,0.5033667045657366,0.49663329543426343,0.5033667045657366,0
2017-07-03,4096.82,5957.02,0.5,0.5,0,0,0.4970469438369632,0.5029530561630369,0.4970469438369632,0.5029530561630369,0
2017-07-04,4071.36,5904.43,0.5,0.5,0,0,0.4977052937035551,0.5022947062964449,0.4977052937035551,0.5022947062964449,0
2017-07-05,4099.29,5971.89,0.5,0.5,0,0,0.49657436829786694,0.5034256317021331,0.49657436829786694,0.5034256317021331,0
2017-07-06,4091.91,5983.83,0.5,0.5,0,0,0.49562460007860637,0.5043753999213937,0.49562460007860637,0.5043753999213937,0
2017-07-07,4093.27,5972.67,0.5,0.5,0,0,0.49617433191674054,0.5038256680832595,0.49617433191674054,0.5038256680832595,0
2017-07-10,4074.92,5981.49,0.5,0.5,0,0,0.49468228671675973,0.5053177132832404,0.49468228671675973,0.5053177132832404,0
2017-07-11,4076.72,6010.03,0.5,0.5,0,0,0.49360283267970934,0.5063971673202906,0.49360283267970934,0.5063971673202906,0
2017-07-12,4065.81,5995.16,0.5,0.5,0,0,0.4935522172317091,0.5064477827682909,0.4935522172317091,0.5064477827682909,0
2017-07-13,4082.07,6050.07,0.5,0.5,0,0,0.49227094109046027,0.5077290589095397,0.49227094109046027,0.5077290589095397,0
2017-07-14,4068.99,6081.45,0.5,0.5,0,0,0.4901759115035431,0.5098240884964568,0.4901759115035431,0.5098240884964568,0
2017-07-17,3942.91,6036.54,0.5,0.5,0,0,0.4841640383316314,0.5158359616683686,0.4841640383316314,0.5158359616683686,0
2017-07-18,3944.01,6048.55,0.5,0.5,0,0,0.48373732073994563,0.5162626792600544,0.48373732073994563,0.5162626792600544,0
2017-07-19,4035.61,6138.15,0.5,0.5,0,0,0.4857990714881407,0.5142009285118592,0.4857990714881407,0.5142009285118592,0
2017-07-20,4061.52,6164.3,0.5,0.5,0,0,0.48633581139003484,0.5136641886099652,0.48633581139003484,0.5136641886099652,0
2017-07-21,4058.29,6133.27,0.5,0.5,0,0,0.4873978155332747,0.5126021844667253,0.4873978155332747,0.5126021844667253,0
2017-07-24,4075.75,6171.2,0.5,0.5,0,0,0.4869300784229716,0.5130699215770284,0.4869300784229716,0.5130699215770284,0
2017-07-25,4050.32,6140.6,0.5,0.5,0,0,0.48660829459137594,0.513391705408624,0.48660829459137594,0.513391705408624,0
2017-07-26,4034.11,6118.5,0.5,0.5,0,0,0.48650719417973687,0.5134928058202631,0.48650719417973687,0.5134928058202631,0
2017-07-27,4069.21,6101.69,0.5,0.5,0,0,0.48935911351835193,0.510640886481648,0.48935911351835193,0.510640886481648,0
2017-07-28,4069.84,6117.57,0.5,0.5,0,0,0.4887483145712715,0.5112516854287286,0.4887483145712715,0.5112516854287286,0
2017-07-31,4087.39,6145.92,0.5,0.5,0,0,0.48866821787474013,0.5113317821252598,0.48866821787474013,0.5113317821252598,0
2017-08-01,4103.28,6204.28,0.5,0.5,0,0,0.48727629967253977,0.5127237003274602,0.48727629967253977,0.5127237003274602,0
2017-08-02,4094.57,6184.48,0.5,0.5,0,0,0.48754400491320377,0.5124559950867963,0.48754400491320377,0.5124559950867963,0
2017-08-03,4073.03,6131.5,0.5,0.5,0,0,0.4883757716968212,0.5116242283031788,0.4883757716968212,0.5116242283031788,0
2017-08-04,4048.58,6096.53,0.5,0.5,0,0,0.48830048005124865,0.5116995199487513,0.48830048005124865,0.5116995199487513,0
2017-08-07,4065.61,6132.85,0.5,0.5,0,0,0.48786517232155757,0.5121348276784423,0.48786517232155757,0.5121348276784423,0
2017-08-08,4085.46,6123.5,0.5,0.5,0,0,0.48946341800817167,0.5105365819918284,0.48946341800817167,0.5105365819918284,0
2017-08-09,4091.51,6112.24,0.5,0.5,0,0,0.49029314675095265,0.5097068532490474,0.49029314675095265,0.5097068532490474,0
2017-08-10,4080.8,6074.07,0.5,0.5,0,0,0.4912036795487375,0.5087963204512624,0.4912036795487375,0.5087963204512624,0
2017-08-11,4012.9,5949.56,0.5,0.5,0,0,0.4921865950319773,0.5078134049680227,0.4921865950319773,0.5078134049680227,0
2017-08-14,4101.79,6000.71,0.5,0.5,0,0,0.4955232694461197,0.5044767305538803,0.4955232694461197,0.5044767305538803,0
2017-08-15,4113.29,6027.11,0.5,0.5,0,0,0.49512577950934583,0.5048742204906541,0.49512577950934583,0.5048742204906541,0
2017-08-16,4124.41,6008.04,0.5,0.5,0,0,0.4965928872480002,0.5034071127519998,0.4965928872480002,0.5034071127519998,0
2017-08-17,4144.73,6039.74,0.5,0.5,0,0,0.49650596040268136,0.5034940395973186,0.49650596040268136,0.5034940395973186,0
2017-08-18,4124.69,6058.81,0.5,0.5,0,0,0.49450631741286816,0.5054936825871318,0.49450631741286816,0.5054936825871318,0
2017-08-21,4150.65,6087.13,0.5,0.5,0,1,0.49490896925539485,0.5050910307446052,0.5,0.5,1
2017-08-22,4144.76,6119.31,0.5,0.5,0,0,0.4983268308817502,0.5016731691182498,0.4983268308817502,0.5016731691182498,0
2017-08-23,4138.64,6123.47,0.5,0.5,0,0,0.49778752942401866,0.5022124705759813,0.49778752942401866,0.5022124705759813,0
2017-08-24,4106.67,6100.29,0.5,0.5,0,0,0.49679702578429963,0.5032029742157004,0.49679702578429963,0.5032029742157004,0
2017-08-25,4159.81,6210.68,0.5,0.5,0,0,0.49552781106379606,0.5044721889362039,0.49552781106379606,0.5044721889362039,0
2017-08-28,4241.88,6271.26,0.5,0.5,0,0,0.4979852693031523,0.5020147306968477,0.4979852693031523,0.5020147306968477,0
2017-08-29,4219.55,6274.45,0.5,0.5,0,0,0.49653865862156515,0.5034613413784348,0.49653865862156515,0.5034613413784348,0
2017-08-30,4230.0,6272.9,0.5,0.5,0,0,0.4972187744841836,0.5027812255158164,0.4972187744841836,0.5027812255158164,0
2017-08-31,4240.24,6236.97,0.5,0.5,0,0,0.49925928596135694,0.5007407140386431,0.49925928596135694,0.5007407140386431,0
2017-09-01,4261.66,6245.66,0.5,0.5,0,0,0.5001709227407696,0.4998290772592303,0.5001709227407696,0.4998290772592303,0
2017-09-04,4290.24,6253.0,0.5,0.5,0,0,0.5015482662104369,0.4984517337895632,0.5015482662104369,0.4984517337895632,0
2017-09-05,4299.48,6274.92,0.5,0.5,0,0,0.5012112743833821,0.49878872561661797,0.5012112743833821,0.49878872561661797,0
2017-09-06,4309.48,6258.25,0.5,0.5,0,0,0.5024570831361833,0.49754291686381674,0.5024570831361833,0.49754291686381674,0
2017-09-07,4283.15,6225.37,0.5,0.5,0,0,0.5022418848898882,0.49775811511011187,0.5022418848898882,0.49775811511011187,0
2017-09-08,4275.91,6220.02,0.5,0.5,0,0,0.5020338839926436,0.49796611600735635,0.5020338839926436,0.49796611600735635,0
2017-09-11,4296.68,6220.52,0.5,0.5,0,0,0.503225176445385,0.49677482355461505,0.503225176445385,0.49677482355461505,0
2017-09-12,4297.83,6244.93,0.5,0.5,0,0,0.502313000350472,0.4976869996495281,0.502313000350472,0.4976869996495281,0
2017-09-13,4311.98,6253.3,0.5,0.5,0,0,0.5027998779243732,0.49720012207562675,0.5027998779243732,0.49720012207562675,0
2017-09-14,4299.5,6236.06,0.5,0.5,0,0,0.5027654522895904,0.4972345477104097,0.5027654522895904,0.4972345477104097,0
2017-09-15,4306.21,6221.0,0.5,0.5,0,0,0.5037597439279449,0.496240256072055,0.5037597439279449,0.496240256072055,0
2017-09-18,4340.86,6231.38,0.5,0.5,0,0,0.505346402687717,0.49465359731228287,0.505346402687717,0.49465359731228287,0
2017-09-19,4312.59,6224.74,0.5,0.5,0,0,0.5039795997336313,0.4960204002663688,0.5039795997336313,0.4960204002663688,0
2017-09-20,4341.22,6237.96,0.5,0.5,0,0,0.5051033144100806,0.4948966855899195,0.5051033144100806,0.4948966855899195,0
2017-09-21,4315.01,6232.26,0.5,0.5,0,0,0.5038180187809386,0.49618198121906143,0.5038180187809386,0.49618198121906143,0
2017-09-22,4310.53,6230.74,0.5,0.5,0,0,0.5036193163685837,0.4963806836314163,0.5036193163685837,0.4963806836314163,0
2017-09-25,4265.77,6191.53,0.5,0.5,0,0,0.5025880350614629,0.497411964938537,0.5025880350614629,0.497411964938537,0
2017-09-26,4260.15,6194.81,0.5,0.5,0,0,0.5021260581873025,0.4978739418126975,0.5021260581873025,0.4978739418126975,0
2017-09-27,4287.17,6191.74,0.5,0.5,0,0,0.5038305384686164,0.4961694615313835,0.5038305384686164,0.4961694615313835,0
2017-09-28,4280.68,6168.71,0.5,0.5,0,0,0.5043833610462581,0.4956166389537419,0.5043833610462581,0.4956166389537419,0
2017-09-29,4317.19,6187.92,0.5,0.5,0,0,0.5057291195178263,0.49427088048217377,0.5057291195178263,0.49427088048217377,0
2017-10-09,4367.94,6258.85,0.5,0.5,0,0,0.505801439063169,0.494198560936831,0.505801439063169,0.494198560936831,0
2017-10-10,4389.38,6266.85,0.5,0.5,0,0,0.5067060750414073,0.49329392495859287,0.5067060750414073,0.49329392495859287,0
2017-10-11,4395.11,6283.2,0.5,0.5,0,0,0.5063808816172696,0.49361911838273037,0.5063808816172696,0.49361911838273037,0
2017-10-12,4392.26,6297.75,0.5,0.5,0,0,0.5056405687107366,0.4943594312892635,0.5056405687107366,0.4943594312892635,0
2017-10-13,4415.23,6303.93,0.5,0.5,0,0,0.5066992083781845,0.4933007916218156,0.5066992083781845,0.4933007916218156,0
2017-10-16,4372.44,6290.05,0.5,0.5,0,0,0.5048158369896641,0.49518416301033585,0.5048158369896641,0.49518416301033585,0
2017-10-17,4375.91,6294.68,0.5,0.5,0,0,0.5048302056746886,0.4951697943253114,0.5048302056746886,0.4951697943253114,0
2017-10-18,4388.58,6332.78,0.5,0.5,0,0,0.5040444497559076,0.4959555502440924,0.5040444497559076,0.4959555502440924,0
2017-10-19,4348.62,6318.12,0.5,0.5,0,0,0.5023371368854869,0.4976628631145131,0.5023371368854869,0.4976628631145131,0
2017-10-20,4359.4,6310.35,0.5,0.5,0,0,0.5032637157649389,0.4967362842350611,0.5032637157649389,0.4967362842350611,0
2017-10-23,4372.55,6313.99,0.5,0.5,0,1,0.5038725011636228,0.4961274988363773,0.5,0.5,1
2017-10-24,4395.11,6355.84,0.5,0.5,0,0,0.4996349819083464,0.5003650180916536,0.4996349819083464,0.5003650180916536,0
2017-10-25,4418.23,6380.04,0.5,0.5,0,0,0.49999655996758685,0.5000034400324131,0.49999655996758685,0.5000034400324131,0
2017-10-26,4422.0,6389.43,0.5,0.5,0,0,0.4998421158312297,0.5001578841687703,0.4998421158312297,0.5001578841687703,0
2017-10-27,4408.76,6440.86,0.5,0.5,0,0,0.49708824356903203,0.5029117564309679,0.49708824356903203,0.5029117564309679,0
2017-10-30,4363.35,6413.98,0.5,0.5,0,0,0.49554551067401614,0.5044544893259838,0.49554551067401614,0.5044544893259838,0
2017-10-31,4371.73,6398.67,0.5,0.5,0,0,0.4966225760962363,0.5033774239037638,0.4966225760962363,0.5033774239037638,0
2017-11-01,4355.2,6379.64,0.5,0.5,0,0,0.4964201380327759,0.503579861967224,0.4964201380327759,0.503579861967224,0
2017-11-02,4348.7,6373.27,0.5,0.5,0,0,0.4962964956304767,0.5037035043695233,0.4962964956304767,0.5037035043695233,0
2017-11-03,4331.36,6339.09,0.5,0.5,0,0,0.4966420001975517,0.5033579998024483,0.4966420001975517,0.5033579998024483,0
2017-11-06,4375.68,6355.81,0.5,0.5,0,0,0.49852851037115165,0.5014714896288482,0.49852851037115165,0.5014714896288482,0
2017-11-07,4412.25,6424.99,0.5,0.5,0,0,0.49790279541692406,0.5020972045830759,0.49790279541692406,0.5020972045830759,0
2017-11-08,4421.16,6419.69,0.5,0.5,0,0,0.49861343319588725,0.5013865668041126,0.49861343319588725,0.5013865668041126,0
2017-11-09,4457.08,6460.85,0.5,0.5,0,0,0.4990386007877937,0.5009613992122063,0.4990386007877937,0.5009613992122063,0
2017-11-10,4498.09,6506.43,0.5,0.5,0,0,0.4995708468370704,0.5004291531629296,0.4995708468370704,0.5004291531629296,0
2017-11-13,4514.84,6541.34,0.5,0.5,0,0,0.4991622894748117,0.5008377105251882,0.4991622894748117,0.5008377105251882,0
2017-11-14,4466.72,6516.21,0.5,0.5,0,0,0.4974457430537572,0.5025542569462428,0.4974457430537572,0.5025542569462428,0
2017-11-15,4417.0,6485.36,0.5,0.5,0,0,0.4958338081882994,0.5041661918117006,0.4958338081882994,0.5041661918117006,0
2017-11-16,4440.89,6525.51,0.5,0.5,0,0,0.49563939534383145,0.5043606046561685,0.49563939534383145,0.5043606046561685,0
2017-11-17,4404.17,6577.07,0.5,0.5,0,0,0.4915967676626351,0.5084032323373648,0.4915967676626351,0.5084032323373648,0
2017-11-20,4450.14,6610.83,0.5,0.5,0,0,0.49291242138563096,0.507087578614369,0.49291242138563096,0.507087578614369,0
2017-11-21,4527.28,6720.42,0.5,0.5,0,0,0.4930984654734352,0.5069015345265646,0.4930984654734352,0.5069015345265646,0
2017-11-22,4518.29,6756.83,0.5,0.5,0,0,0.4912511935081918,0.5087488064918082,0.4912511935081918,0.5087488064918082,0
2017-11-23,4370.6,6580.97,0.5,0.5,0,0,0.48953642588572466,0.5104635741142753,0.48953642588572466,0.5104635741142753,0
2017-11-24,4361.68,6597.98,0.5,0.5,0,0,0.48838089368981796,0.5116191063101821,0.48838089368981796,0.5116191063101821,0
2017-11-27,4296.78,6530.93,0.5,0.5,0,0,0.48718730454240317,0.5128126954575968,0.48718730454240317,0.5128126954575968,0
2017-11-28,4335.62,6520.02,0.5,0.5,0,0,0.48985354859609215,0.5101464514039078,0.48985354859609215,0.5101464514039078,0
2017-11-29,4322.43,6539.07,0.5,0.5,0,0,0.48836316026720017,0.5116368397327998,0.48836316026720017,0.5116368397327998,0
2017-11-30,4279.94,6468.78,0.5,0.5,0,0,0.4885952050206461,0.5114047949793539,0.4885952050206461,0.5114047949793539,0
2017-12-01,4301.66,6434.73,0.5,0.5,0,0,0.4911790543013482,0.5088209456986518,0.4911790543013482,0.5088209456986518,0
2017-12-04,4301.11,6454.24,0.5,0.5,0,0,0.4903905066993818,0.5096094933006183,0.4903905066993818,0.5096094933006183,0
2017-12-05,4267.02,6492.17,0.5,0.5,0,0,0.4869380474668306,0.5130619525331693,0.4869380474668306,0.5130619525331693,0
2017-12-06,4273.47,6442.29,0.5,0.5,0,0,0.48924254031324793,0.510757459686752,0.48924254031324793,0.510757459686752,0
2017-12-07,4222.82,6369.91,0.5,0.5,0,0,0.4890865470926101,0.5109134529073899,0.4890865470926101,0.5109134529073899,0
2017-12-08,4263.85,6419.1,0.5,0.5,0,0,0.48958051626976096,0.5104194837302392,0.48958051626976096,0.5104194837302392,0
2017-12-11,4342.25,6506.37,0.5,0.5,0,0,0.49075915069237713,0.5092408493076228,0.49075915069237713,0.5092408493076228,0
2017-12-12,4299.72,6413.56,0.5,0.5,0,0,0.4918899235284309,0.508110076471569,0.4918899235284309,0.508110076471569,0
2017-12-13,4334.33,6470.44,0.5,0.5,0,0,0.4916868594779972,0.5083131405220029,0.4916868594779972,0.5083131405220029,0
2017-12-14,4305.36,6441.38,0.5,0.5,0,0,0.4911357784941914,0.5088642215058087,0.4911357784941914,0.5088642215058087,0
2017-12-15,4264.13,6370.68,0.5,0.5,0,0,0.4914891729407674,0.5085108270592327,0.4914891729407674,0.5085108270592327,0
2017-12-18,4248.77,6389.17,0.5,0.5,0,0,0.4898630400102737,0.5101369599897263,0.4898630400102737,0.5101369599897263,0
2017-12-19,4285.25,6482.07,0.5,0.5,0,0,0.48839219432579756,0.5116078056742024,0.48839219432579756,0.5116078056742024,0
2017-12-20,4261.15,6464.12,0.5,0.5,0,0,0.48767590540099526,0.5123240945990047,0.48767590540099526,0.5123240945990047,0
2017-12-21,4298.95,6516.49,0.5,0.5,0,0,0.4878664733159786,0.5121335266840215,0.4878664733159786,0.5121335266840215,0
2017-12-22,4289.54,6502.05,0.5,0.5,0,0,0.4878732368020273,0.5121267631979727,0.4878732368020273,0.5121267631979727,0
2017-12-25,4253.08,6497.45,0.5,0.5,0,1,0.48591749488376496,0.514082505116235,0.5,0.5,1
2017-12-26,4257.12,6529.07,0.5,0.5,0,0,0.4990236831559702,0.5009763168440297,0.4990236831559702,0.5009763168440297,0
2017-12-27,4201.5,6435.44,0.5,0.5,0,0,0.49934693924574486,0.5006530607542552,0.49934693924574486,0.5006530607542552,0
2017-12-28,4220.92,6459.62,0.5,0.5,0,0,0.49956224689219003,0.50043775310781,0.49956224689219003,0.50043775310781,0
2017-12-29,4244.19,6485.09,0.5,0.5,0,0,0.49995291471843734,0.5000470852815625,0.49995291471843734,0.5000470852815625,0
2018-01-02,4292.92,6615.26,0.5,0.5,0,0,0.4978386181045528,0.5021613818954471,0.4978386181045528,0.5021613818954471,0
2018-01-03,4345.2,6627.53,0.5,0.5,0,0,0.5004014918395179,0.4995985081604822,0.5004014918395179,0.4995985081604822,0
2018-01-04,4366.26,6653.63,0.5,0.5,0,0,0.5006276504008143,0.49937234959918586,0.5006276504008143,0.49937234959918586,0
2018-01-05,4369.42,6697.18,0.5,0.5,0,0,0.4991775259428442,0.5008224740571557,0.4991775259428442,0.5008224740571557,0
2018-01-08,4391.81,6743.21,0.5,0.5,0,0,0.49874293665175207,0.5012570633482478,0.49874293665175207,0.5012570633482478,0
2018-01-09,4406.83,6765.66,0.5,0.5,0,0,0.4987655420512923,0.5012344579487078,0.4987655420512923,0.5012344579487078,0
2018-01-10,4398.3,6807.63,0.5,0.5,0,0,0.496735153040279,0.5032648469597211,0.496735153040279,0.5032648469597211,0
2018-01-11,4402.14,6797.95,0.5,0.5,0,0,0.497309039999728,0.502690960000272,0.497309039999728,0.502690960000272,0
2018-01-12,4409.34,6846.53,0.5,0.5,0,0,0.4959374468290851,0.504062553170915,0.4959374468290851,0.504062553170915,0
2018-01-15,4346.29,6879.82,0.5,0.5,0,0,0.49112505339725265,0.5088749466027473,0.49112505339725265,0.5088749466027473,0
2018-01-16,4376.67,6952.1,0.5,0.5,0,0,0.490253923338156,0.509746076661844,0.490253923338156,0.509746076661844,0
2018-01-17,4370.32,6944.03,0.5,0.5,0,0,0.4901813377068069,0.5098186622931931,0.4901813377068069,0.5098186622931931,0
2018-01-18,4378.12,7011.51,0.5,0.5,0,0,0.4882103581693769,0.5117896418306231,0.4882103581693769,0.5117896418306231,0
2018-01-19,4384.06,7020.34,0.5,0.5,0,0,0.48823466009848415,0.5117653399015158,0.48823466009848415,0.5117653399015158,0
2018-01-22,4465.49,7084.82,0.5,0.5,0,0,0.49054883826932705,0.5094511617306728,0.49054883826932705,0.5094511617306728,0
2018-01-23,4490.6,7170.97,0.5,0.5,0,0,0.488929748825949,0.5110702511740509,0.488929748825949,0.5110702511740509,0
2018-01-24,4530.57,7170.17,0.5,0.5,0,0,0.4911721077310991,0.5088278922689009,0.4911721077310991,0.5088278922689009,0
2018-01-25,4497.24,7131.87,0.5,0.5,0,0,0.490665277020226,0.5093347229797741,0.490665277020226,0.5093347229797741,0
2018-01-26,4508.47,7177.07,0.5,0.5,0,0,0.4897097017127685,0.5102902982872316,0.4897097017127685,0.5102902982872316,0
2018-01-29,4431.78,7088.91,0.5,0.5,0,0,0.48851104364953185,0.5114889563504682,0.48851104364953185,0.5114889563504682,0
2018-01-30,4403.11,7000.73,0.5,0.5,0,0,0.49001708832349355,0.5099829116765064,0.49001708832349355,0.5099829116765064,0
2018-01-31,4366.77,7038.31,0.5,0.5,0,0,0.48660867497523536,0.5133913250247646,0.48660867497523536,0.5133913250247646,0
2018-02-01,4287.67,7008.81,0.5,0.5,0,0,0.4830919240505023,0.5169080759494977,0.4830919240505023,0.5169080759494977,0
2018-02-02,4304.01,7051.95,0.5,0.5,0,0,0.4825094739375771,0.5174905260624229,0.4825094739375771,0.5174905260624229,0
2018-02-05,4264.74,7128.01,0.5,0.5,0,0,0.4775439895390119,0.5224560104609882,0.4775439895390119,0.5224560104609882,0
2018-02-06,4095.69,6919.29,0.5,0.5,0,0,0.47486829745715387,0.5251317025428462,0.47486829745715387,0.5251317025428462,0
2018-02-07,4037.61,6738.63,0.5,0.5,0,0,0.477905063419335,0.5220949365806651,0.477905063419335,0.5220949365806651,0
2018-02-08,4073.69,6624.53,0.5,0.5,0,0,0.48438911609601276,0.5156108839039872,0.48438911609601276,0.5156108839039872,0
2018-02-09,3920.54,6322.68,0.5,0.5,0,0,0.48646645556820756,0.5135335444317924,0.48646645556820756,0.5135335444317924,0
2018-02-12,4017.47,6374.47,0.5,0.5,0,0,0.49053057411561823,0.5094694258843818,0.49053057411561823,0.5094694258843818,0
2018-02-13,4043.15,6468.76,0.5,0.5,0,0,0.4884535583235776,0.5115464416764224,0.4884535583235776,0.5115464416764224,0
2018-02-14,4063.86,6525.62,0.5,0.5,0,0,0.48754349276388054,0.5124565072361194,0.48754349276388054,0.5124565072361194,0
2018-02-22,4144.74,6652.32,0.5,0.5,0,0,0.4876626947971032,0.5123373052028968,0.4876626947971032,0.5123373052028968,0
2018-02-23,4145.6,6696.44,0.5,0.5,0,0,0.4860630748258985,0.5139369251741014,0.4860630748258985,0.5139369251741014,0
2018-02-26,4234.02,6751.43,0.5,0.5,0,1,0.4892926192132534,0.5107073807867465,0.5,0.5,1
2018-02-27,4193.99,6624.57,0.5,0.5,0,0,0.5023673627956956,0.49763263720430445,0.5023673627956956,0.49763263720430445,0
2018-02-28,4189.37,6566.2,0.5,0.5,0,0,0.5043042746707244,0.4956957253292757,0.5043042746707244,0.4956957253292757,0
2018-03-01,4230.12,6590.71,0.5,0.5,0,0,0.5057926702329488,0.4942073297670511,0.5057926702329488,0.4942073297670511,0
2018-03-02,4194.22,6548.86,0.5,0.5,0,0,0.5052545156082071,0.4947454843917929,0.5052545156082071,0.4947454843917929,0
2018-03-05,4203.91,6532.71,0.5,0.5,0,0,0.5064485468448753,0.49355145315512483,0.5064485468448753,0.49355145315512483,0
2018-03-06,4250.78,6621.22,0.5,0.5,0,0,0.5058560548229055,0.49414394517709437,0.5058560548229055,0.49414394517709437,0
2018-03-07,4211.46,6588.84,0.5,0.5,0,0,0.5047584838581237,0.4952415161418764,0.5047584838581237,0.4952415161418764,0
2018-03-08,4247.43,6652.36,0.5,0.5,0,0,0.5044860929044749,0.49551390709552506,0.5044860929044749,0.49551390709552506,0
2018-03-09,4313.23,6678.74,0.5,0.5,0,0,0.5073395063565619,0.49266049364343806,0.5073395063565619,0.49266049364343806,0
2018-03-12,4365.0,6700.53,0.5,0.5,0,0,0.5095073537972734,0.4904926462027266,0.5095073537972734,0.4904926462027266,0
2018-03-13,4332.36,6657.66,0.5,0.5,0,0,0.5092356480804608,0.49076435191953915,0.5092356480804608,0.49076435191953915,0
2018-03-14,4292.58,6618.46,0.5,0.5,0,0,0.508406126417647,0.49159387358235296,0.508406126417647,0.49159387358235296,0
2018-03-15,4306.05,6638.97,0.5,0.5,0,0,0.508415859492522,0.4915841405074781,0.508415859492522,0.4915841405074781,0
2018-03-16,4256.07,6594.36,0.5,0.5,0,0,0.5071829805352619,0.49281701946473805,0.5071829805352619,0.49281701946473805,0
2018-03-19,4262.34,6601.85,0.5,0.5,0,0,0.5072671958056802,0.49273280419431975,0.5072671958056802,0.49273280419431975,0
2018-03-20,4268.58,6614.57,0.5,0.5,0,0,0.5071517285928224,0.4928482714071776,0.5071517285928224,0.4928482714071776,0
2018-03-21,4240.97,6585.74,0.5,0.5,0,0,0.5066215501393114,0.4933784498606886,0.5066215501393114,0.4933784498606886,0
2018-03-22,4199.83,6530.87,0.5,0.5,0,0,0.5062762504684029,0.4937237495315971,0.5062762504684029,0.4937237495315971,0
2018-03-23,4028.94,6333.87,0.5,0.5,0,0,0.5035485224825322,0.4964514775174678,0.5035485224825322,0.4964514775174678,0
2018-03-26,4066.72,6257.02,0.5,0.5,0,0,0.5089328449741884,0.49106715502581155,0.5089328449741884,0.49106715502581155,0
2018-03-27,4146.37,6285.49,0.5,0.5,0,0,0.5126452749917242,0.48735472500827587,0.5126452749917242,0.48735472500827587,0
2018-03-28,4083.03,6187.81,0.5,0.5,0,0,0.5127124022832268,0.4872875977167732,0.5127124022832268,0.4872875977167732,0
2018-03-29,4128.15,6304.66,0.5,0.5,0,0,0.510784017401263,0.4892159825987369,0.510784017401263,0.4892159825987369,0
2018-03-30,4169.49,6281.5,0.5,0.5,0,0,0.5141930257216077,0.48580697427839237,0.5141930257216077,0.48580697427839237,0
2018-04-02,4157.35,6254.76,0.5,0.5,0,0,0.5145302865967782,0.4854697134032218,0.5145302865967782,0.4854697134032218,0
2018-04-03,4129.41,6211.37,0.5,0.5,0,0,0.5145847348809414,0.48541526511905864,0.5145847348809414,0.48541526511905864,0
2018-04-04,4106.48,6198.66,0.5,0.5,0,0,0.5137054439250888,0.4862945560749113,0.5137054439250888,0.4862945560749113,0
2018-04-09,4095.09,6194.35,0.5,0.5,0,0,0.5131853290053907,0.48681467099460934,0.5131853290053907,0.48681467099460934,0
2018-04-10,4147.81,6340.39,0.5,0.5,0,0,0.5105590901965924,0.4894409098034076,0.5105590901965924,0.4894409098034076,0
2018-04-11,4165.77,6367.59,0.5,0.5,0,0,0.5105690525164506,0.4894309474835494,0.5105690525164506,0.4894309474835494,0
2018-04-12,4134.74,6295.9,0.5,0.5,0,0,0.5115300202596612,0.48846997974033884,0.5115300202596612,0.48846997974033884,0
2018-04-13,4111.02,6256.22,0.5,0.5,0,0,0.5116722394786766,0.48832776052132343,0.5116722394786766,0.48832776052132343,0
2018-04-16,4066.53,6124.73,0.5,0.5,0,0,0.51426058633255,0.4857394136674501,0.51426058633255,0.4857394136674501,0
2018-04-17,3991.0,6055.88,0.5,0.5,0,0,0.5124010970007074,0.4875989029992927,0.5124010970007074,0.4875989029992927,0
2018-04-18,4029.5,6093.95,0.5,0.5,0,0,0.5132339735811376,0.48676602641886224,0.5132339735811376,0.48676602641886224,0
2018-04-19,4074.79,6157.51,0.5,0.5,0,0,0.5134340595621001,0.4865659404378999,0.5134340595621001,0.4865659404378999,0
2018-04-20,3994.3,6078.15,0.5,0.5,0,0,0.5116904713834198,0.4883095286165802,0.5116904713834198,0.4883095286165802,0
2018-04-23,3990.71,6101.5,0.5,0.5,0,0,0.5105076915144282,0.48949230848557174,0.5105076915144282,0.48949230848557174,0
2018-04-24,4085.24,6232.16,0.5,0.5,0,0,0.5110631775159628,0.48893682248403714,0.5110631775159628,0.48893682248403714,0
2018-04-25,4085.12,6184.29,0.5,0.5,0,0,0.5129824154016525,0.48701758459834754,0.5129824154016525,0.48701758459834754,0
2018-04-26,3984.42,6080.38,0.5,0.5,0,1,0.5109799844322254,0.48902001556777464,0.5,0.5,1
2018-04-27,3992.93,6074.07,0.5,0.5,0,0,0.5007929604184965,0.4992070395815034,0.5007929604184965,0.4992070395815034,0
2018-05-02,3993.65,6086.65,0.5,0.5,0,0,0.5003207973583988,0.4996792026416012,0.5003207973583988,0.4996792026416012,0
2018-05-03,4042.99,6121.66,0.5,0.5,0,0,0.5019566534724292,0.4980433465275707,0.5019566534724292,0.4980433465275707,0
2018-05-04,4024.99,6093.84,0.5,0.5,0,0,0.5019798495729237,0.49802015042707626,0.5019798495729237,0.49802015042707626,0
2018-05-07,4091.62,6175.88,0.5,0.5,0,0,0.5027412313704018,0.4972587686295982,0.5027412313704018,0.4972587686295982,0
2018-05-08,4117.88,6254.47,0.5,0.5,0,0,0.5011793722826153,0.4988206277173847,0.5011793722826153,0.4988206277173847,0
2018-05-09,4104.63,6245.52,0.5,0.5,0,0,0.5007316585545618,0.49926834144543814,0.5007316585545618,0.49926834144543814,0
2018-05-10,4124.46,6268.8,0.5,0.5,0,0,0.5010063965235922,0.4989936034764078,0.5010063965235922,0.4989936034764078,0
2018-05-11,4084.55,6247.37,0.5,0.5,0,0,0.49943160677247717,0.5005683932275228,0.49943160677247717,0.5005683932275228,0
2018-05-14,4111.56,6292.7,0.5,0.5,0,0,0.49927193184382634,0.5007280681561738,0.49927193184382634,0.5007280681561738,0
2018-05-15,4139.52,6307.03,0.5,0.5,0,0,0.5003975981584493,0.4996024018415507,0.5003975981584493,0.4996024018415507,0
2018-05-16,4117.77,6249.95,0.5,0.5,0,0,0.5013534289810203,0.49864657101897963,0.5013534289810203,0.49864657101897963,0
2018-05-17,4085.57,6220.16,0.5,0.5,0,0,0.5005852651679749,0.49941473483202514,0.5005852651679749,0.49941473483202514,0
2018-05-18,4106.71,6290.42,0.5,0.5,0,0,0.4990674556722772,0.5009325443277227,0.4990674556722772,0.5009325443277227,0
2018-05-21,4146.75,6315.39,0.5,0.5,0,0,0.5005027051959092,0.49949729480409083,0.5005027051959092,0.49949729480409083,0
2018-05-22,4139.91,6280.45,0.5,0.5,0,0,0.5014769588739305,0.49852304112606943,0.5014769588739305,0.49852304112606943,0
2018-05-23,4085.37,6190.9,0.5,0.5,0,0,0.5017518092646382,0.49824819073536175,0.5017518092646382,0.49824819073536175,0
2018-05-24,4054.97,6151.47,0.5,0.5,0,0,0.5014819081087953,0.49851809189120455,0.5014819081087953,0.49851809189120455,0
2018-05-25,4007.04,6136.48,0.5,0.5,0,0,0.49911924202195107,0.5008807579780489,0.49911924202195107,0.5008807579780489,0
2018-05-28,4014.31,6148.23,0.5,0.5,0,0,0.4990941709269991,0.5009058290730009,0.4990941709269991,0.5009058290730009,0
2018-05-29,3971.21,6114.66,0.5,0.5,0,0,0.4977642913290583,0.5022357086709417,0.4977642913290583,0.5022357086709417,0
2018-05-30,3872.63,5972.89,0.5,0.5,0,0,0.497344625861696,0.5026553741383041,0.497344625861696,0.5026553741383041,0
2018-05-31,3952.42,6089.03,0.5,0.5,0,0,0.49762869182484204,0.5023713081751578,0.49762869182484204,0.5023713081751578,0
2018-06-01,3906.38,6051.84,0.5,0.5,0,0,0.496231119903768,0.503768880096232,0.496231119903768,0.503768880096232,0
2018-06-04,3911.54,6122.7,0.5,0.5,0,0,0.4936511964407235,0.5063488035592765,0.4936511964407235,0.5063488035592765,0
2018-06-05,3972.39,6160.86,0.5,0.5,0,0,0.49595683529326023,0.5040431647067398,0.49595683529326023,0.5040431647067398,0
2018-06-06,3963.36,6139.67,0.5,0.5,0,0,0.49624921879411543,0.5037507812058846,0.49624921879411543,0.5037507812058846,0
2018-06-07,3946.45,6135.14,0.5,0.5,0,0,0.49536487803768753,0.5046351219623124,0.49536487803768753,0.5046351219623124,0
2018-06-08,3901.66,6043.82,0.5,0.5,0,0,0.49626038958423924,0.5037396104157608,0.49626038958423924,0.5037396104157608,0
2018-06-11,3892.94,6057.99,0.5,0.5,0,0,0.495115663502118,0.504884336497882,0.495115663502118,0.504884336497882,0
2018-06-12,3937.35,6124.11,0.5,0.5,0,0,0.49523762067633076,0.5047623793236693,0.49523762067633076,0.5047623793236693,0
2018-06-13,3880.75,6086.96,0.5,0.5,0,0,0.4931392041340196,0.5068607958659803,0.4931392041340196,0.5068607958659803,0
2018-06-14,3856.68,6079.68,0.5,0.5,0,0,0.4918832343365545,0.5081167656634454,0.4918832343365545,0.5081167656634454,0
2018-06-15,3807.17,6072.75,0.5,0.5,0,0,0.48893930945998837,0.5110606905400116,0.48893930945998837,0.5110606905400116,0
2018-06-19,3616.46,5876.55,0.5,0.5,0,0,0.48430546501530986,0.5156945349846902,0.48430546501530986,0.5156945349846902,0
2018-06-20,3643.21,5879.98,0.5,0.5,0,0,0.4860004697180009,0.5139995302819991,0.4860004697180009,0.5139995302819991,0
2018-06-21,3567.23,5835.41,0.5,0.5,0,0,0.482637057682534,0.5173629423174659,0.482637057682534,0.5173629423174659,0
2018-06-22,3607.72,5849.07,0.5,0.5,0,0,0.48487180834676746,0.5151281916532325,0.48487180834676746,0.5151281916532325,0
2018-06-25,3569.26,5756.91,0.5,0.5,0,0,0.4861617492234038,0.5138382507765962,0.4861617492234038,0.5138382507765962,0
2018-06-26,3579.91,5685.84,0.5,0.5,0,1,0.4900098859665665,0.5099901140334334,0.5,0.5,1
2018-06-27,3514.38,5591.76,0.5,0.5,0,0,0.49955256270630055,0.5004474372936994,0.49955256270630055,0.5004474372936994,0
2018-06-28,3489.43,5533.23,0.5,0.5,0,0,0.5004019700093274,0.49959802999067254,0.5004019700093274,0.49959802999067254,0
2018-06-29,3602.89,5659.22,0.5,0.5,0,0,0.502772831765514,0.497227168234486,0.502772831765514,0.497227168234486,0
2018-07-02,3522.37,5468.48,0.5,0.5,0,0,0.5056933971984766,0.4943066028015234,0.5056933971984766,0.4943066028015234,0
2018-07-03,3533.47,5489.71,0.5,0.5,0,0,0.5055113200897572,0.4944886799102428,0.5055113200897572,0.4944886799102428,0
2018-07-04,3458.7,5435.8,0.5,0.5,0,0,0.5026318019902105,0.4973681980097895,0.5026318019902105,0.4973681980097895,0
2018-07-05,3398.22,5404.08,0.5,0.5,0,0,0.4996846886406012,0.5003153113593988,0.4996846886406012,0.5003153113593988,0
2018-07-06,3423.83,5434.7,0.5,0.5,0,0,0.5001491748376204,0.4998508251623796,0.5001491748376204,0.4998508251623796,0
2018-07-09,3522.41,5584.98,0.5,0.5,0,0,0.5004264439081623,0.4995735560918377,0.5004264439081623,0.4995735560918377,0
2018-07-10,3538.1,5596.41,0.5,0.5,0,0,0.5010264366250048,0.49897356337499515,0.5010264366250048,0.49897356337499515,0
2018-07-11,3470.9,5504.19,0.5,0.5,0,0,0.500386379685841,0.499613620314159,0.500386379685841,0.499613620314159,0
2018-07-12,3566.12,5597.76,0.5,0.5,0,0,0.502938182533275,0.497061817466725,0.502938182533275,0.497061817466725,0
2018-07-13,3586.85,5601.67,0.5,0.5,0,0,0.5042126067052174,0.4957873932947826,0.5042126067052174,0.4957873932947826,0
2018-07-16,3577.83,5547.23,0.5,0.5,0,0,0.5060244535450938,0.49397554645490616,0.5060244535450938,0.49397554645490616,0
2018-07-17,3563.29,5512.62,0.5,0.5,0,0,0.5065709914812953,0.4934290085187047,0.5065709914812953,0.4934290085187047,0
2018-07-18,3533.44,5491.87,0.5,0.5,0,0,0.5054108630018991,0.49458913699810086,0.5054108630018991,0.49458913699810086,0
2018-07-19,3518.13,5496.21,0.5,0.5,0,0,0.5041279181517871,0.49587208184821285,0.5041279181517871,0.49587208184821285,0
2018-07-20,3570.94,5617.9,0.5,0.5,0,0,0.5023780198124794,0.4976219801875205,0.5023780198124794,0.4976219801875205,0
2018-07-23,3600.33,5700.84,0.5,0.5,0,0,0.5007632965658759,0.499236703434124,0.5007632965658759,0.499236703434124,0
2018-07-24,3654.63,5790.42,0.5,0.5,0,0,0.5006078102468027,0.4993921897531975,0.5006078102468027,0.4993921897531975,0
2018-07-25,3642.82,5791.01,0.5,0.5,0,0,0.49977315127322186,0.5002268487267781,0.49977315127322186,0.5002268487267781,0
2018-07-26,3597.39,5747.26,0.5,0.5,0,0,0.49853164825528373,0.5014683517447163,0.49853164825528373,0.5014683517447163,0
2018-07-27,3573.77,5725.0,0.5,0.5,0,0,0.4978549443282003,0.5021450556717998,0.4978549443282003,0.5021450556717998,0
2018-07-30,3536.49,5748.66,0.5,0.5,0,0,0.49420254452177986,0.5057974554782202,0.49420254452177986,0.5057974554782202,0
2018-07-31,3537.62,5758.32,0.5,0.5,0,0,0.49386271631973033,0.5061372836802696,0.49386271631973033,0.5061372836802696,0
2018-08-01,3470.21,5641.99,0.5,0.5,0,0,0.49415513720823406,0.505844862791766,0.49415513720823406,0.505844862791766,0
2018-08-02,3383.91,5530.44,0.5,0.5,0,0,0.49285190713381827,0.5071480928661817,0.49285190713381827,0.5071480928661817,0
2018-08-03,3316.87,5473.08,0.5,0.5,0,0,0.4904564719559939,0.5095435280440062,0.4904564719559939,0.5095435280440062,0
2018-08-06,3245.43,5428.37,0.5,0.5,0,0,0.4870654268174998,0.5129345731825001,0.4870654268174998,0.5129345731825001,0
2018-08-07,3337.79,5587.74,0.5,0.5,0,0,0.48684683845847143,0.5131531615415286,0.48684683845847143,0.5131531615415286,0
2018-08-08,3271.64,5517.85,0.5,0.5,0,0,0.48499058833644665,0.5150094116635533,0.48499058833644665,0.5150094116635533,0
2018-08-09,3370.48,5627.22,0.5,0.5,0,0,0.4875228018273496,0.5124771981726505,0.4875228018273496,0.5124771981726505,0
2018-08-10,3391.72,5621.56,0.5,0.5,0,0,0.48934390755641194,0.5106560924435879,0.48934390755641194,0.5106560924435879,0
2018-08-13,3404.21,5584.34,0.5,0.5,0,0,0.49192266831264625,0.5080773316873538,0.49192266831264625,0.5080773316873538,0
2018-08-14,3377.0,5558.46,0.5,0.5,0,0,0.49107791291393516,0.5089220870860649,0.49107791291393516,0.5089220870860649,0
2018-08-15,3294.0,5437.07,0.5,0.5,0,0,0.49037707139448733,0.5096229286055127,0.49037707139448733,0.5096229286055127,0
2018-08-16,3274.77,5406.69,0.5,0.5,0,0,0.4903141556142398,0.5096858443857603,0.4903141556142398,0.5096858443857603,0
2018-08-17,3214.81,5344.08,0.5,0.5,0,0,0.4886069885993565,0.5113930114006435,0.4886069885993565,0.5113930114006435,0
2018-08-20,3238.5,5404.34,0.5,0.5,0,0,0.48763980325564643,0.5123601967443535,0.48763980325564643,0.5123601967443535,0
2018-08-21,3290.13,5480.15,0.5,0.5,0,0,0.4881111957877371,0.511888804212263,0.4881111957877371,0.511888804212263,0
2018-08-22,3252.92,5461.41,0.5,0.5,0,0,0.4861253802525843,0.5138746197474157,0.4861253802525843,0.5138746197474157,0
2018-08-23,3268.72,5470.02,0.5,0.5,0,0,0.48694232254835235,0.5130576774516477,0.48694232254835235,0.5130576774516477,0
2018-08-24,3261.1,5490.93,0.5,0.5,0,0,0.48540618006877323,0.5145938199312267,0.48540618006877323,0.5145938199312267,0
2018-08-27,3345.19,5598.18,0.5,0.5,0,1,0.4869337658947402,0.51306623410526,0.5,0.5,1
2018-08-28,3344.95,5592.53,0.5,0.5,0,0,0.5002345046939703,0.4997654953060297,0.5002345046939703,0.4997654953060297,0
2018-08-29,3317.72,5563.1,0.5,0.5,0,0,0.49951008638981376,0.5004899136101862,0.49951008638981376,0.5004899136101862,0
2018-08-30,3270.86,5512.2,0.5,0.5,0,0,0.49825180249991896,0.5017481975000812,0.49825180249991896,0.5017481975000812,0
2018-08-31,3229.51,5502.41,0.5,0.5,0,0,0.4955156943918472,0.5044843056081529,0.4955156943918472,0.5044843056081529,0
2018-09-03,3217.8,5485.34,0.5,0.5,0,0,0.49538434835357803,0.504615651646422,0.49538434835357803,0.504615651646422,0
2018-09-04,3254.91,5552.83,0.5,0.5,0,0,0.49519389041663053,0.5048061095833695,0.49519389041663053,0.5048061095833695,0
2018-09-05,3197.8,5435.9,0.5,0.5,0,0,0.49608908598157014,0.5039109140184299,0.49608908598157014,0.5039109140184299,0
2018-09-06,3163.02,5387.12,0.5,0.5,0,0,0.49560871287780456,0.5043912871221954,0.49560871287780456,0.5043912871221954,0
2018-09-07,3163.76,5428.85,0.5,0.5,0,0,0.4937383074541585,0.5062616925458414,0.4937383074541585,0.5062616925458414,0
2018-09-10,3093.67,5378.2,0.5,0.5,0,0,0.4904817486350932,0.5095182513649068,0.4904817486350932,0.5095182513649068,0
2018-09-11,3096.28,5338.45,0.5,0.5,0,0,0.4925465756598558,0.5074534243401442,0.4925465756598558,0.5074534243401442,0
2018-09-12,3082.28,5316.17,0.5,0.5,0,0,0.49245920064584875,0.5075407993541512,0.49245920064584875,0.5075407993541512,0
2018-09-13,3102.34,5382.86,0.5,0.5,0,0,0.4909647051155161,0.509035294884484,0.4909647051155161,0.509035294884484,0
2018-09-14,3088.35,5392.25,0.5,0.5,0,0,0.48939965908866057,0.5106003409113394,0.48939965908866057,0.5106003409113394,0
2018-09-17,3045.87,5327.32,0.5,0.5,0,0,0.4889658739905237,0.5110341260094763,0.4889658739905237,0.5110341260094763,0
2018-09-18,3095.38,5435.65,0.5,0.5,0,0,0.4879647302812463,0.5120352697187538,0.4879647302812463,0.5120352697187538,0
2018-09-19,3132.89,5499.46,0.5,0.5,0,0,0.48805828321652706,0.5119417167834729,0.48805828321652706,0.5119417167834729,0
2018-09-20,3132.87,5499.69,0.5,0.5,0,0,0.4880462387688049,0.511953761231195,0.4880462387688049,0.511953761231195,0
2018-09-21,3203.73,5664.75,0.5,0.5,0,0,0.48624623178885873,0.5137537682111413,0.48624623178885873,0.5137537682111413,0
2018-09-25,3177.7,5618.08,0.5,0.5,0,0,0.48627488589337836,0.5137251141066217,0.48627488589337836,0.5137251141066217,0
2018-09-26,3208.44,5664.66,0.5,0.5,0,0,0.4866172007831124,0.5133827992168877,0.4866172007831124,0.5133827992168877,0
2018-09-27,3176.54,5643.63,0.5,0.5,0,0,0.4850502399206503,0.5149497600793498,0.4850502399206503,0.5149497600793498,0
2018-09-28,3202.39,5697.74,0.5,0.5,0,0,0.48469124952633535,0.5153087504736646,0.48469124952633535,0.5153087504736646,0
2018-10-08,3071.81,5487.58,0.5,0.5,0,0,0.48368021391147165,0.5163197860885284,0.48368021391147165,0.5163197860885284,0
2018-10-09,3065.69,5487.52,0.5,0.5,0,0,0.48318491730271756,0.5168150826972824,0.48318491730271756,0.5168150826972824,0
2018-10-10,3058.62,5503.35,0.5,0.5,0,0,0.48188914876002875,0.5181108512399712,0.48188914876002875,0.5181108512399712,0
2018-10-11,2878.34,5245.0,0.5,0.5,0,0,0.4787269870892826,0.5212730129107175,0.4787269870892826,0.5212730129107175,0
2018-10-12,2887.11,5322.45,0.5,0.5,0,0,0.4758289378600231,0.5241710621399768,0.4758289378600231,0.5241710621399768,0
2018-10-15,2847.89,5232.56,0.5,0.5,0,0,0.4766659068212672,0.5233340931787328,0.4766659068212672,0.5233340931787328,0
2018-10-16,2791.29,5191.64,0.5,0.5,0,0,0.47361759165468353,0.5263824083453165,0.47361759165468353,0.5263824083453165,0
2018-10-17,2814.76,5234.16,0.5,0.5,0,0,0.4736715444332261,0.5263284555667739,0.4736715444332261,0.5263284555667739,0
2018-10-18,2755.98,5103.83,0.5,0.5,0,0,0.4746966117261853,0.5253033882738146,0.4746966117261853,0.5253033882738146,0
2018-10-19,2829.73,5249.84,0.5,0.5,0,0,0.47424824424853496,0.5257517557514652,0.47424824424853496,0.5257517557514652,0
2018-10-22,2983.11,5437.65,0.5,0.5,0,0,0.4786473572872305,0.5213526427127694,0.4786473572872305,0.5213526427127694,0
2018-10-23,2925.87,5309.0,0.5,0.5,0,0,0.47978762851707724,0.5202123714829228,0.47978762851707724,0.5202123714829228,0
2018-10-24,2916.43,5340.19,0.5,0.5,0,0,0.47751943768320376,0.5224805623167962,0.47751943768320376,0.5224805623167962,0
2018-10-25,2917.98,5363.11,0.5,0.5,0,0,0.4765835467797273,0.5234164532202726,0.4765835467797273,0.5234164532202726,0
2018-10-26,2896.13,5360.25,0.5,0.5,0,0,0.4748419629841755,0.5251580370158244,0.4748419629841755,0.5251580370158244,0
2018-10-29,2820.83,5206.99,0.5,0.5,0,1,0.47550643746143506,0.5244935625385649,0.5,0.5,1
2018-10-30,2854.09,5262.04,0.5,0.5,0,0,0.5003012636599441,0.499698736340056,0.5003012636599441,0.499698736340056,0
2018-10-31,2895.78,5328.99,0.5,0.5,0,0,0.500765890351081,0.499234109648919,0.500765890351081,0.499234109648919,0
2018-11-01,2933.06,5344.41,0.5,0.5,0,0,0.5032414239917719,0.49675857600822804,0.5032414239917719,0.49675857600822804,0
2018-11-02,3053.57,5497.45,0.5,0.5,0,0,0.5062491334266782,0.49375086657332184,0.5062491334266782,0.49375086657332184,0
2018-11-05,3045.07,5461.64,0.5,0.5,0,0,0.5071858962556819,0.492814103744318,0.5071858962556819,0.492814103744318,0
2018-11-06,3018.21,5446.63,0.5,0.5,0,0,0.5056591726845578,0.49434082731544216,0.5056591726845578,0.49434082731544216,0
2018-11-07,2999.9,5416.73,0.5,0.5,0,0,0.5055141334942559,0.4944858665057441,0.5055141334942559,0.4944858665057441,0
2018-11-08,2972.16,5412.4,0.5,0.5,0,0,0.5033917303750532,0.49660826962494675,0.5033917303750532,0.49660826962494675,0
2018-11-09,2954.01,5316.92,0.5,0.5,0,0,0.5063097067323276,0.4936902932676725,0.5063097067323276,0.4936902932676725,0
2018-11-12,3026.23,5373.01,0.5,0.5,0,0,0.5097238071693234,0.49027619283067675,0.5097238071693234,0.49027619283067675,0
2018-11-13,3077.46,5422.96,0.5,0.5,0,0,0.511606308581272,0.48839369141872796,0.511606308581272,0.48839369141872796,0
2018-11-14,3051.24,5381.51,0.5,0.5,0,0,0.5113854933364624,0.48861450666353756,0.5113854933364624,0.48861450666353756,0
2018-11-15,3090.12,5440.96,0.5,0.5,0,0,0.5118041050253014,0.4881958949746988,0.5118041050253014,0.4881958949746988,0
2018-11-16,3117.86,5460.57,0.5,0.5,0,0,0.5131380938017569,0.48686190619824316,0.5131380938017569,0.48686190619824316,0
2018-11-19,3139.46,5511.8,0.5,0.5,0,0,0.5125299630295802,0.4874700369704198,0.5125299630295802,0.4874700369704198,0
2018-11-20,3042.37,5394.84,0.5,0.5,0,0,0.5100398157423891,0.48996018425761095,0.5100398157423891,0.48996018425761095,0
2018-11-21,3051.11,5401.69,0.5,0.5,0,0,0.5104395768637817,0.48956042313621817,0.5104395768637817,0.48956042313621817,0
2018-11-22,3045.33,5379.26,0.5,0.5,0,0,0.5110055314456018,0.4889944685543982,0.5110055314456018,0.4889944685543982,0
2018-11-23,2949.69,5263.11,0.5,0.5,0,0,0.5084863747335591,0.49151362526644093,0.5084863747335591,0.49151362526644093,0
2018-11-26,2938.04,5270.94,0.5,0.5,0,0,0.5071257083727729,0.49287429162722707,0.5071257083727729,0.49287429162722707,0
2018-11-27,2943.14,5256.35,0.5,0.5,0,0,0.5082519893731293,0.4917480106268706,0.5082519893731293,0.4917480106268706,0
2018-11-28,2995.75,5314.41,0.5,0.5,0,0,0.5099345434522736,0.4900654565477264,0.5099345434522736,0.4900654565477264,0
2018-11-29,2935.43,5252.01,0.5,0.5,0,0,0.5078028353664732,0.49219716463352686,0.5078028353664732,0.49219716463352686,0
2018-11-30,2970.17,5294.41,0.5,0.5,0,0,0.5087337188509585,0.4912662811490415,0.5087337188509585,0.4912662811490415,0
2018-12-03,3070.71,5424.74,0.5,0.5,0,0,0.5109756413393268,0.4890243586606732,0.5109756413393268,0.4890243586606732,0
2018-12-04,3078.76,5438.43,0.5,0.5,0,0,0.5110000468070132,0.4889999531929867,0.5110000468070132,0.4889999531929867,0
2018-12-05,3068.3,5405.62,0.5,0.5,0,0,0.5116617084695857,0.4883382915304143,0.5116617084695857,0.4883382915304143,0
2018-12-06,2991.42,5315.83,0.5,0.5,0,0,0.5095063081678028,0.49049369183219715,0.5095063081678028,0.49049369183219715,0
2018-12-07,2989.89,5320.45,0.5,0.5,0,0,0.509161348820439,0.4908386511795611,0.509161348820439,0.4908386511795611,0
2018-12-10,2949.97,5263.49,0.5,0.5,0,0,0.5084920537644176,0.49150794623558236,0.5084920537644176,0.49150794623558236,0
2018-12-11,2969.68,5282.4,0.5,0.5,0,0,0.5092600532681144,0.49073994673188553,0.5092600532681144,0.49073994673188553,0
2018-12-12,2975.43,5307.01,0.5,0.5,0,0,0.5085818481405642,0.4914181518594357,0.5085818481405642,0.4914181518594357,0
2018-12-13,3020.54,5384.05,0.5,0.5,0,0,0.508740492035261,0.49125950796473894,0.508740492035261,0.49125950796473894,0
2018-12-14,2953.69,5305.59,0.5,0.5,0,0,0.5068158378333064,0.4931841621666936,0.5068158378333064,0.4931841621666936,0
2018-12-17,2938.2,5310.36,0.5,0.5,0,0,0.5052768803681073,0.49472311963189275,0.5052768803681073,0.49472311963189275,0
2018-12-18,2910.92,5263.08,0.5,0.5,0,0,0.5051807049675263,0.4948192950324737,0.5051807049675263,0.4948192950324737,0
2018-12-19,2864.25,5212.74,0.5,0.5,0,0,0.5035428637960816,0.4964571362039184,0.5035428637960816,0.4964571362039184,0
2018-12-20,2872.95,5168.74,0.5,0.5,0,0,0.5064199514487138,0.49358004855128623,0.5064199514487138,0.49358004855128623,0
2018-12-21,2836.77,5123.33,0.5,0.5,0,0,0.5054578453437044,0.49454215465629564,0.5054578453437044,0.49454215465629564,0
2018-12-24,2852.26,5134.77,0.5,0.5,0,0,0.5062615217869656,0.4937384782130344,0.5062615217869656,0.4937384782130344,0
2018-12-25,2826.0,5097.04,0.5,0.5,0,0,0.5057930135145646,0.49420698648543543,0.5057930135145646,0.49420698648543543,0
2018-12-26,2809.69,5081.26,0.5,0.5,0,0,0.5051212410128662,0.49487875898713385,0.5051212410128662,0.49487875898713385,0
2018-12-27,2787.19,5062.9,0.5,0.5,0,0,0.5040162296164299,0.49598377038357006,0.5040162296164299,0.49598377038357006,0
2018-12-28,2802.45,5080.17,0.5,0.5,0,0,0.5045298997548913,0.49547010024510874,0.5045298997548913,0.49547010024510874,0
2019-01-02,2776.53,5005.9,0.5,0.5,0,1,0.5058886066299577,0.49411139337004234,0.5,0.5,1
2019-01-03,2760.45,5015.72,0.5,0.5,0,0,0.49805800968678415,0.5019419903132158,0.49805800968678415,0.5019419903132158,0
2019-01-04,2838.6,5112.44,0.5,0.5,0,0,0.5002623643994558,0.49973763560054413,0.5002623643994558,0.49973763560054413,0
2019-01-07,2876.13,5135.96,0.5,0.5,0,0,0.5023985147221299,0.49760148527786996,0.5023985147221299,0.49760148527786996,0
2019-01-08,2871.11,5120.22,0.5,0.5,0,0,0.5027291173654569,0.49727088263454317,0.5027291173654569,0.49727088263454317,0
2019-01-09,2899.49,5170.97,0.5,0.5,0,0,0.5027224325500093,0.49727756744999074,0.5027224325500093,0.49727756744999074,0
2019-01-10,2898.67,5157.49,0.5,0.5,0,0,0.5033042654558215,0.4966957345441785,0.5033042654558215,0.4966957345441785,0
2019-01-11,2917.33,5196.37,0.5,0.5,0,0,0.5030309077973939,0.49696909220260604,0.5030309077973939,0.49696909220260604,0
2019-01-14,2894.9,5161.35,0.5,0.5,0,0,0.502791887259314,0.497208112740686,0.502791887259314,0.497208112740686,0
2019-01-15,2956.06,5228.95,0.5,0.5,0,0,0.5047653751159236,0.4952346248840764,0.5047653751159236,0.4952346248840764,0
2019-01-16,2954.11,5235.84,0.5,0.5,0,0,0.5042712464301604,0.49572875356983975,0.5042712464301604,0.49572875356983975,0
2019-01-17,2929.85,5215.02,0.5,0.5,0,0,0.503205849521373,0.496794150478627,0.503205849521373,0.496794150478627,0
2019-01-18,2978.57,5304.41,0.5,0.5,0,0,0.5030799709667426,0.4969200290332574,0.5030799709667426,0.4969200290332574,0
2019-01-21,2994.35,5332.97,0.5,0.5,0,0,0.5030584977397711,0.49694150226022876,0.5030584977397711,0.49694150226022876,0
2019-01-22,2946.82,5269.3,0.5,0.5,0,0,0.5020610799733083,0.4979389200266917,0.5020610799733083,0.4979389200266917,0
2019-01-23,2945.59,5272.14,0.5,0.5,0,0,0.501822005568273,0.4981779944317268,0.501822005568273,0.4981779944317268,0
2019-01-24,2964.34,5294.37,0.5,0.5,0,0,0.5023564048220355,0.49764359517796447,0.5023564048220355,0.49764359517796447,0
2019-01-25,2978.22,5338.48,0.5,0.5,0,0,0.5014500230670753,0.4985499769329248,0.5014500230670753,0.4985499769329248,0
2019-01-28,2972.15,5336.8,0.5,0.5,0,0,0.5010186596910817,0.4989813403089184,0.5010186596910817,0.4989813403089184,0
2019-01-29,2963.38,5359.76,0.5,0.5,0,0,0.49920664590935215,0.5007933540906478,0.49920664590935215,0.5007933540906478,0
2019-01-30,2931.5,5328.56,0.5,0.5,0,0,0.49796212997723227,0.5020378700227677,0.49796212997723227,0.5020378700227677,0
2019-01-31,2938.85,5384.54,0.5,0.5,0,0,0.49597552042461074,0.5040244795753892,0.49597552042461074,0.5040244795753892,0
2019-02-01,3014.51,5432.82,0.5,0.5,0,0,0.5000985575631665,0.4999014424368335,0.5000985575631665,0.4999014424368335,0
2019-02-11,3108.68,5493.69,0.5,0.5,0,0,0.5050031600253371,0.49499683997466304,0.5050031600253371,0.49499683997466304,0
2019-02-12,3139.31,5522.97,0.5,0.5,0,0,0.5061253289568824,0.49387467104311755,0.5061253289568824,0.49387467104311755,0
2019-02-13,3207.75,5606.96,0.5,0.5,0,0,0.5077434667799637,0.4922565332200361,0.5077434667799637,0.4922565332200361,0
2019-02-14,3228.07,5597.38,0.5,0.5,0,0,0.5097490328926982,0.49025096710730187,0.5097490328926982,0.49025096710730187,0
2019-02-15,3184.74,5493.34,0.5,0.5,0,0,0.5110605637799043,0.4889394362200957,0.5110605637799043,0.4889394362200957,0
2019-02-18,3307.04,5637.26,0.5,0.5,0,0,0.5140139955668952,0.48598600443310463,0.5140139955668952,0.48598600443310463,0
2019-02-19,3304.6,5633.16,0.5,0.5,0,0,0.5140113666476003,0.4859886333523998,0.5140113666476003,0.4859886333523998,0
2019-02-20,3316.89,5654.6,0.5,0.5,0,0,0.5139897211418958,0.4860102788581042,0.5139897211418958,0.4860102788581042,0
2019-02-21,3320.32,5624.48,0.5,0.5,0,0,0.515581936389769,0.484418063610231,0.515581936389769,0.484418063610231,0
2019-02-22,3412.34,5703.35,0.5,0.5,0,0,0.5189309017025832,0.48106909829741684,0.5189309017025832,0.48106909829741684,0
2019-02-25,3602.43,6041.66,0.5,0.5,0,0,0.5180783856085508,0.4819216143914492,0.5180783856085508,0.4819216143914492,0
2019-02-26,3583.91,5967.84,0.5,0.5,0,0,0.5198606948905433,0.48013930510945674,0.5198606948905433,0.48013930510945674,0
2019-02-27,3546.68,5982.09,0.5,0.5,0,0,0.5166581374187944,0.48334186258120565,0.5166581374187944,0.48334186258120565,0
2019-02-28,3544.27,5961.53,0.5,0.5,0,0,0.5173481149757474,0.4826518850242526,0.5173481149757474,0.4826518850242526,0
2019-03-01,3609.39,6088.31,0.5,0.5,0,0,0.5166397314703789,0.483360268529621,0.5166397314703789,0.483360268529621,0
2019-03-04,3675.09,6153.56,0.5,0.5,0,1,0.5184821044508647,0.4815178955491353,0.5,0.5,1
2019-03-05,3737.18,6184.23,0.5,0.5,0,0,0.5029454576632246,0.49705454233677543,0.5029454576632246,0.49705454233677543,0
2019-03-06,3782.38,6245.57,0.5,0.5,0,0,0.5034834893036716,0.4965165106963283,0.5034834893036716,0.4965165106963283,0
2019-03-07,3770.45,6182.29,0.5,0.5,0,0,0.5052394978823033,0.49476050211769673,0.5052394978823033,0.49476050211769673,0
2019-03-08,3636.19,5926.35,0.5,0.5,0,0,0.506744859573157,0.4932551404268431,0.506744859573157,0.4932551404268431,0
2019-03-11,3752.0,6023.25,0.5,0.5,0,0,0.5105272451297701,0.48947275487023006,0.5105272451297701,0.48947275487023006,0
2019-03-12,3792.95,6072.79,0.5,0.5,0,0,0.5111929041035618,0.4888070958964383,0.5111929041035618,0.4888070958964383,0
2019-03-13,3708.18,6051.85,0.5,0.5,0,0,0.5064072326940355,0.4935927673059645,0.5064072326940355,0.4935927673059645,0
2019-03-14,3652.69,6016.46,0.5,0.5,0,0,0.5041044052887492,0.49589559471125083,0.5041044052887492,0.49589559471125083,0
2019-03-15,3705.11,6094.83,0.5,0.5,0,0,0.5044311917473543,0.4955688082526459,0.5044311917473543,0.4955688082526459,0
2019-03-18,3821.25,6244.07,0.5,0.5,0,0,0.5060993311413355,0.49390066885866435,0.5060993311413355,0.49390066885866435,0
2019-03-19,3804.24,6230.72,0.5,0.5,0,0,0.5055191488753948,0.4944808511246052,0.5055191488753948,0.4944808511246052,0
2019-03-20,3786.68,6243.22,0.5,0.5,0,0,0.5038616044155368,0.49613839558446304,0.5038616044155368,0.49613839558446304,0
2019-03-21,3803.46,6239.04,0.5,0.5,0,0,0.5051343216128966,0.49486567838710327,0.5051343216128966,0.49486567838710327,0
2019-03-22,3797.97,6238.39,0.5,0.5,0,0,0.5047992853930232,0.4952007146069768,0.5047992853930232,0.4952007146069768,0
2019-03-25,3716.19,6096.88,0.5,0.5,0,0,0.5050935585256376,0.4949064414743624,0.5050935585256376,0.4949064414743624,0
2019-03-26,3648.91,6029.38,0.5,0.5,0,0,0.5033093168290438,0.49669068317095627,0.5033093168290438,0.49669068317095627,0
2019-03-27,3684.58,6102.01,0.5,0.5,0,0,0.502747840445403,0.49725215955459695,0.502747840445403,0.49725215955459695,0
2019-03-28,3664.59,6038.28,0.5,0.5,0,0,0.5040125165695515,0.4959874834304485,0.5040125165695515,0.4959874834304485,0
2019-03-29,3815.39,6240.9,0.5,0.5,0,0,0.5058426437431184,0.49415735625688173,0.5058426437431184,0.49415735625688173,0
2019-04-01,3943.87,6415.46,0.5,0.5,0,0,0.5072257284871613,0.49277427151283876,0.5072257284871613,0.49277427151283876,0
2019-04-02,3937.06,6431.31,0.5,0.5,0,0,0.5061769746886752,0.4938230253113249,0.5061769746886752,0.4938230253113249,0
2019-04-03,3975.17,6517.25,0.5,0.5,0,0,0.5052668453448955,0.4947331546551045,0.5052668453448955,0.4947331546551045,0
2019-04-04,4011.7,6596.23,0.5,0.5,0,0,0.5045423680030497,0.4954576319969502,0.5045423680030497,0.4954576319969502,0
2019-04-08,3996.11,6636.8,0.5,0.5,0,0,0.5020361443174685,0.49796385568253165,0.5020361443174685,0.49796385568253165,0
2019-04-09,4021.35,6623.61,0.5,0.5,0,0,0.5041074782437165,0.49589252175628346,0.5041074782437165,0.49589252175628346,0
2019-04-10,4040.26,6618.65,0.5,0.5,0,0,0.505467476725078,0.4945325232749221,0.505467476725078,0.4945325232749221,0
2019-04-11,3938.55,6506.75,0.5,0.5,0,0,0.5033563719917994,0.49664362800820067,0.5033563719917994,0.49664362800820067,0
2019-04-12,3927.64,6499.39,0.5,0.5,0,0,0.5029458569694851,0.4970541430305149,0.5029458569694851,0.4970541430305149,0
2019-04-15,3892.7,6485.3,0.5,0.5,0,0,0.5012545176017928,0.4987454823982071,0.5012545176017928,0.4987454823982071,0
2019-04-16,3984.01,6662.41,0.5,0.5,0,0,0.5003151806511924,0.49968481934880754,0.5003151806511924,0.49968481934880754,0
2019-04-17,4006.68,6656.87,0.5,0.5,0,0,0.5019416697593109,0.4980583302406891,0.5019416697593109,0.4980583302406891,0
2019-04-18,3989.43,6613.38,0.5,0.5,0,0,0.5025016411025154,0.49749835889748467,0.5025016411025154,0.49749835889748467,0
2019-04-19,4040.84,6690.94,0.5,0.5,0,0,0.5027878142685961,0.497212185731404,0.5027878142685961,0.497212185731404,0
2019-04-22,3964.52,6528.07,0.5,0.5,0,0,0.504181552962012,0.49581844703798805,0.504181552962012,0.49581844703798805,0
2019-04-23,3938.87,6498.44,0.5,0.5,0,0,0.5036961541751312,0.4963038458248688,0.5036961541751312,0.4963038458248688,0
2019-04-24,3971.85,6512.14,0.5,0.5,0,0,0.5052540585641536,0.4947459414358463,0.5052540585641536,0.4947459414358463,0
2019-04-25,3855.18,6356.78,0.5,0.5,0,0,0.5038371478345742,0.49616285216542577,0.5038371478345742,0.49616285216542577,0
2019-04-26,3798.31,6259.41,0.5,0.5,0,0,0.5039807792543987,0.49601922074560134,0.5039807792543987,0.49601922074560134,0
2019-04-29,3749.52,6289.13,0.5,0.5,0,0,0.4995645599599229,0.500435440040077,0.4995645599599229,0.500435440040077,0
2019-04-30,3768.78,6330.27,0.5,0.5,0,0,0.4992154022330314,0.5007845977669687,0.4992154022330314,0.5007845977669687,0
2019-05-06,3496.22,6002.96,0.5,0.5,0,1,0.4937210445805839,0.506278955419416,0.5,0.5,1
2019-05-07,3546.52,6044.48,0.5,0.5,0,0,0.5018479111320588,0.4981520888679411,0.5018479111320588,0.4981520888679411,0
2019-05-08,3506.4,5955.25,0.5,0.5,0,0,0.5027217187935075,0.49727828120649253,0.5027217187935075,0.49727828120649253,0
2019-05-09,3453.43,5857.3,0.5,0.5,0,0,0.5030623340905208,0.4969376659094792,0.5030623340905208,0.4969376659094792,0
2019-05-10,3591.5,6035.34,0.5,0.5,0,0,0.5053768046223639,0.49462319537763605,0.5053768046223639,0.49462319537763605,0
2019-05-13,3524.42,5939.93,0.5,0.5,0,0,0.5046470739272724,0.4953529260727276,0.5046470739272724,0.4953529260727276,0
2019-05-14,3498.19,5906.56,0.5,0.5,0,0,0.5041879996202323,0.4958120003797677,0.5041879996202323,0.4958120003797677,0
2019-05-15,3581.89,6011.86,0.5,0.5,0,0,0.5056814317732136,0.49431856822678627,0.5056814317732136,0.49431856822678627,0
2019-05-16,3596.25,6043.39,0.5,0.5,0,0,0.5053739978376306,0.4946260021623694,0.5053739978376306,0.4946260021623694,0
2019-05-17,3485.33,5909.66,0.5,0.5,0,0,0.5031361406596332,0.49686385934036675,0.5031361406596332,0.49686385934036675,0
2019-05-20,3446.23,5869.38,0.5,0.5,0,0,0.5020255312972546,0.4979744687027455,0.5020255312972546,0.4979744687027455,0
2019-05-21,3508.82,5936.55,0.5,0.5,0,0,0.503680418051556,0.49631958194844417,0.503680418051556,0.49631958194844417,0
2019-05-22,3488.67,5905.06,0.5,0.5,0,0,0.5035702543982972,0.49642974560170294,0.5035702543982972,0.49642974560170294,0
2019-05-23,3406.53,5817.06,0.5,0.5,0,0,0.5013673702043935,0.4986326297956066,0.5013673702043935,0.4986326297956066,0
2019-05-24,3402.88,5836.26,0.5,0.5,0,0,0.5002755617722564,0.4997244382277436,0.5002755617722564,0.4997244382277436,0
2019-05-27,3471.52,5894.51,0.5,0.5,0,0,0.5027853274840952,0.4972146725159048,0.5027853274840952,0.4972146725159048,0
2019-05-28,3500.98,5937.47,0.5,0.5,0,0,0.5030824881030507,0.49691751189694944,0.5030824881030507,0.49691751189694944,0
2019-05-29,3496.63,5929.63,0.5,0.5,0,0,0.5031019919725989,0.49689800802740125,0.5031019919725989,0.49689800802740125,0
2019-05-30,3475.44,5908.69,0.5,0.5,0,0,0.5024667892611464,0.49753321073885354,0.5024667892611464,0.49753321073885354,0
2019-05-31,3459.79,5889.82,0.5,0.5,0,0,0.5021381751407792,0.49786182485922076,0.5021381751407792,0.49786182485922076,0
2019-06-03,3442.58,5885.47,0.5,0.5,0,0,0.5010762195201529,0.4989237804798471,0.5010762195201529,0.4989237804798471,0
2019-06-04,3406.58,5840.94,0.5,0.5,0,0,0.5003468521234519,0.4996531478765482,0.5003468521234519,0.4996531478765482,0
2019-06-05,3408.86,5843.65,0.5,0.5,0,0,0.5003981546606076,0.4996018453393925,0.5003981546606076,0.4996018453393925,0
2019-06-06,3351.73,5799.04,0.5,0.5,0,0,0.49808864427923927,0.5019113557207607,0.49808864427923927,0.5019113557207607,0
2019-06-10,3391.78,5870.72,0.5,0.5,0,0,0.49798697824497307,0.5020130217550269,0.49798697824497307,0.5020130217550269,0
2019-06-11,3520.65,6019.6,0.5,0.5,0,0,0.5010487774020014,0.49895122259799846,0.5010487774020014,0.49895122259799846,0
2019-06-12,3491.18,5979.32,0.5,0.5,0,0,0.5006258083897384,0.4993741916102616,0.5006258083897384,0.4993741916102616,0
2019-06-13,3491.8,5970.83,0.5,0.5,0,0,0.5010254266596635,0.4989745733403364,0.5010254266596635,0.4989745733403364,0
2019-06-14,3446.93,5920.19,0.5,0.5,0,0,0.49992143321980737,0.5000785667801927,0.49992143321980737,0.5000785667801927,0
2019-06-17,3438.07,5934.37,0.5,0.5,0,0,0.49867992581618575,0.5013200741838143,0.49867992581618575,0.5013200741838143,0
2019-06-18,3445.67,5947.57,0.5,0.5,0,0,0.4986764864854377,0.5013235135145622,0.4986764864854377,0.5013235135145622,0
2019-06-19,3492.78,6008.7,0.5,0.5,0,0,0.4995149645962267,0.5004850354037733,0.4995149645962267,0.5004850354037733,0
2019-06-20,3585.68,6170.6,0.5,0.5,0,0,0.4994305885959589,0.5005694114040411,0.4994305885959589,0.5005694114040411,0
2019-06-21,3610.16,6164.17,0.5,0.5,0,0,0.5013922194415416,0.4986077805584586,0.5013922194415416,0.4986077805584586,0
2019-06-24,3616.48,6178.27,0.5,0.5,0,0,0.5012582913724575,0.49874170862754247,0.5012582913724575,0.49874170862754247,0
2019-06-25,3583.72,6097.06,0.5,0.5,0,0,0.5022912277909266,0.4977087722090734,0.5022912277909266,0.4977087722090734,0
2019-06-26,3584.96,6083.92,0.5,0.5,0,0,0.5029170637429812,0.49708293625701877,0.5029170637429812,0.49708293625701877,0
2019-06-27,3627.82,6130.17,0.5,0.5,0,0,0.5039948477227613,0.4960051522772389,0.5039948477227613,0.4960051522772389,0
2019-06-28,3607.13,6108.86,0.5,0.5,0,0,0.5034355864161645,0.49656441358383546,0.5034355864161645,0.49656441358383546,0
2019-07-01,3737.7,6252.26,0.5,0.5,0,0,0.5065240663735592,0.4934759336264407,0.5065240663735592,0.4934759336264407,0
2019-07-02,3735.62,6250.32,0.5,0.5,0,0,0.5064624990312088,0.49353750096879123,0.5064624990312088,0.49353750096879123,0
2019-07-03,3673.9,6219.82,0.5,0.5,0,0,0.5035207159963996,0.49647928400360036,0.5035207159963996,0.49647928400360036,0
2019-07-04,3653.67,6212.62,0.5,0.5,0,0,0.5024299135689924,0.4975700864310076,0.5024299135689924,0.4975700864310076,0
2019-07-05,3681.76,6224.81,0.5,0.5,0,0,0.5038544923820051,0.4961455076179951,0.5038544923820051,0.4961455076179951,0
2019-07-08,3587.32,6072.76,0.5,0.5,0,1,0.5035405669949072,0.49645943300509265,0.5,0.5,1
2019-07-09,3591.89,6042.49,0.5,0.5,0,0,0.5015675296277705,0.4984324703722295,0.5015675296277705,0.4984324703722295,0
2019-07-10,3580.56,6012.01,0.5,0.5,0,0,0.5020419558656338,0.4979580441343662,0.5020419558656338,0.4979580441343662,0
2019-07-11,3577.43,6019.81,0.5,0.5,0,0,0.5014991853822904,0.4985008146177094,0.5014991853822904,0.4985008146177094,0
2019-07-12,3596.22,6049.87,0.5,0.5,0,0,0.5015635701426552,0.49843642985734476,0.5015635701426552,0.49843642985734476,0
2019-07-15,3621.62,6063.67,0.5,0.5,0,0,0.5027534730530105,0.49724652694698945,0.5027534730530105,0.49724652694698945,0
2019-07-16,3607.18,6051.6,0.5,0.5,0,0,0.5022528335284937,0.49774716647150635,0.5022528335284937,0.49774716647150635,0
2019-07-17,3609.31,6043.27,0.5,0.5,0,0,0.5027447608050595,0.4972552391949406,0.5027447608050595,0.4972552391949406,0
2019-07-18,3558.82,5998.86,0.5,0.5,0,0,0.5010668407333062,0.4989331592666938,0.5010668407333062,0.4989331592666938,0
2019-07-19,3586.56,6065.7,0.5,0.5,0,0,0.5002378412639195,0.49976215873608065,0.5002378412639195,0.49976215873608065,0
2019-07-22,3550.66,6020.71,0.5,0.5,0,0,0.49958402521466916,0.5004159747853308,0.49958402521466916,0.5004159747853308,0
2019-07-23,3572.7,6031.68,0.5,0.5,0,0,0.5006759558131149,0.49932404418688525,0.5006759558131149,0.49932404418688525,0
2019-07-24,3604.85,6078.09,0.5,0.5,0,0,0.5009993612811068,0.4990006387188932,0.5009993612811068,0.4990006387188932,0
2019-07-25,3631.02,6111.32,0.5,0.5,0,0,0.5014446466678983,0.4985553533321017,0.5014446466678983,0.4985553533321017,0
2019-07-26,3639.08,6126.25,0.5,0.5,0,0,0.501388965564305,0.4986110344356951,0.501388965564305,0.4986110344356951,0
2019-07-29,3639.28,6110.52,0.5,0.5,0,0,0.5020454324098107,0.4979545675901893,0.5020454324098107,0.4979545675901893,0
2019-07-30,3653.45,6147.58,0.5,0.5,0,0,0.5015052978384097,0.49849470216159014,0.5015052978384097,0.49849470216159014,0
2019-07-31,3628.91,6081.28,0.5,0.5,0,0,0.5025312081030934,0.4974687918969066,0.5025312081030934,0.4974687918969066,0
2019-08-01,3604.58,6028.32,0.5,0.5,0,0,0.503036134052582,0.4969638659474181,0.503036134052582,0.4969638659474181,0
2019-08-02,3558.08,5944.23,0.5,0.5,0,0,0.5033019179302484,0.49669808206975163,0.5033019179302484,0.49669808206975163,0
2019-08-05,3494.49,5835.17,0.5,0.5,0,0,0.5034229049729975,0.49657709502700254,0.5034229049729975,0.49657709502700254,0
2019-08-06,3442.43,5758.18,0.5,0.5,0,0,0.5029909533586489,0.4970090466413512,0.5029909533586489,0.4970090466413512,0
2019-08-07,3434.12,5734.03,0.5,0.5,0,0,0.5034374204633766,0.4965625795366234,0.5034374204633766,0.4965625795366234,0
2019-08-08,3477.4,5796.2,0.5,0.5,0,0,0.5038724598270855,0.4961275401729145,0.5038724598270855,0.4961275401729145,0
2019-08-09,3434.54,5753.96,0.5,0.5,0,0,0.502600596312017,0.4973994036879829,0.502600596312017,0.4973994036879829,0
2019-08-12,3509.33,5826.06,0.5,0.5,0,0,0.5048728382853801,0.4951271617146199,0.5048728382853801,0.4951271617146199,0
2019-08-13,3478.97,5768.28,0.5,0.5,0,0,0.5051923437903675,0.49480765620963263,0.5051923437903675,0.49480765620963263,0
2019-08-14,3503.39,5773.76,0.5,0.5,0,0,0.5067034352631491,0.4932965647368509,0.5067034352631491,0.4932965647368509,0
2019-08-15,3517.93,5785.55,0.5,0.5,0,0,0.5072287738314811,0.492771226168519,0.5072287738314811,0.492771226168519,0
2019-08-16,3539.61,5795.82,0.5,0.5,0,0,0.5083210753798109,0.4916789246201892,0.5083210753798109,0.4916789246201892,0
2019-08-19,3635.61,5904.94,0.5,0.5,0,0,0.5103473755689494,0.4896526244310507,0.5103473755689494,0.4896526244310507,0
2019-08-20,3636.67,5895.17,0.5,0.5,0,0,0.5108340158695273,0.4891659841304727,0.5108340158695273,0.4891659841304727,0
2019-08-21,3636.97,5895.84,0.5,0.5,0,0,0.5108262304595612,0.4891737695404388,0.5108262304595612,0.4891737695404388,0
2019-08-22,3653.93,5892.83,0.5,0.5,0,0,0.5121163111099759,0.48788368889002404,0.5121163111099759,0.48788368889002404,0
2019-08-23,3671.75,5931.67,0.5,0.5,0,0,0.5116904657190011,0.4883095342809988,0.5116904657190011,0.4883095342809988,0
2019-08-26,3623.42,5847.33,0.5,0.5,0,0,0.5119579632861987,0.48804203671380125,0.5119579632861987,0.48804203671380125,0
2019-08-27,3685.93,5906.71,0.5,0.5,0,0,0.5137069814378038,0.48629301856219614,0.5137069814378038,0.48629301856219614,0
2019-08-28,3676.06,5874.93,0.5,0.5,0,0,0.5143848224725234,0.4856151775274766,0.5143848224725234,0.4856151775274766,0
2019-08-29,3672.2,5843.07,0.5,0.5,0,0,0.5154806468610887,0.48451935313891137,0.5154806468610887,0.48451935313891137,0
2019-08-30,3668.48,5839.79,0.5,0.5,0,0,0.5153677484481375,0.4846322515518624,0.5153677484481375,0.4846322515518624,0
2019-09-02,3733.95,5912.58,0.5,0.5,0,0,0.5166918353838807,0.48330816461611925,0.5166918353838807,0.48330816461611925,0
2019-09-03,3752.4,5915.28,0.5,0.5,0,0,0.5178086119293233,0.48219138807067674,0.5178086119293233,0.48219138807067674,0
2019-09-04,3782.07,5995.29,0.5,0.5,0,0,0.5164203702701508,0.4835796297298493,0.5164203702701508,0.4835796297298493,0
2019-09-05,3824.89,6029.33,0.5,0.5,0,0,0.5178178535741985,0.4821821464258015,0.5178178535741985,0.4821821464258015,0
2019-09-06,3836.33,6068.28,0.5,0.5,0,0,0.5169556878481006,0.48304431215189936,0.5169556878481006,0.48304431215189936,0
2019-09-09,3893.99,6089.31,0.5,0.5,0,1,0.5198164533872106,0.48018354661278945,0.5,0.5,1
2019-09-10,3877.9,6066.62,0.5,0.5,0,0,0.49989814821132256,0.5001018517886774,0.49989814821132256,0.5001018517886774,0
2019-09-11,3837.51,6067.94,0.5,0.5,0,0,0.4972262737509573,0.5027737262490427,0.4972262737509573,0.5027737262490427,0
2019-09-12,3872.94,6132.45,0.5,0.5,0,0,0.4968800406512638,0.5031199593487362,0.4968800406512638,0.5031199593487362,0
2019-09-16,3869.91,6108.56,0.5,0.5,0,0,0.497660172250784,0.5023398277492159,0.497660172250784,0.5023398277492159,0
2019-09-17,3798.35,6003.93,0.5,0.5,0,0,0.49731326161390355,0.5026867383860965,0.49731326161390355,0.5026867383860965,0
2019-09-18,3820.42,6013.3,0.5,0.5,0,0,0.4983717851108715,0.5016282148891286,0.4983717851108715,0.5016282148891286,0
2019-09-19,3849.45,6014.98,0.5,0.5,0,0,0.5001944231072919,0.499805576892708,0.5001944231072919,0.499805576892708,0
2019-09-20,3858.11,6018.1,0.5,0.5,0,0,0.5006265664946379,0.4993734335053621,0.5006265664946379,0.4993734335053621,0
2019-09-23,3815.67,5947.87,0.5,0.5,0,0,0.5007958832035958,0.49920411679640414,0.5007958832035958,0.49920411679640414,0
2019-09-24,3833.73,5948.18,0.5,0.5,0,0,0.501963331187331,0.4980366688126691,0.501963331187331,0.4980366688126691,0
2019-09-25,3784.31,5907.2,0.5,0.5,0,0,0.5004480153187729,0.49955198468122713,0.5004480153187729,0.49955198468122713,0
2019-09-26,3726.43,5903.68,0.5,0.5,0,0,0.4967438513849518,0.5032561486150482,0.4967438513849518,0.5032561486150482,0
2019-09-27,3756.69,5896.44,0.5,0.5,0,0,0.4990724779371942,0.5009275220628058,0.4990724779371942,0.5009275220628058,0
2019-09-30,3717.35,5857.05,0.5,0.5,0,0,0.4981163641343534,0.5018836358656465,0.4981163641343534,0.5018836358656465,0
2019-10-08,3725.99,5916.26,0.5,0.5,0,0,0.4961822071359667,0.5038177928640333,0.4961822071359667,0.5038177928640333,0
2019-10-09,3723.3,5945.04,0.5,0.5,0,0,0.4947885760467432,0.5052114239532569,0.4947885760467432,0.5052114239532569,0
2019-10-10,3772.39,5964.35,0.5,0.5,0,0,0.4972523046955229,0.5027476953044772,0.4972523046955229,0.5027476953044772,0
2019-10-11,3795.05,6036.81,0.5,0.5,0,0,0.4957306775548557,0.5042693224451443,0.4957306775548557,0.5042693224451443,0
2019-10-14,3832.02,6101.42,0.5,0.5,0,0,0.4954928681457335,0.5045071318542664,0.4954928681457335,0.5045071318542664,0
2019-10-15,3807.38,6067.43,0.5,0.5,0,0,0.4952767911962861,0.5047232088037139,0.4952767911962861,0.5047232088037139,0
2019-10-16,3786.48,6065.94,0.5,0.5,0,0,0.49396222988174815,0.5060377701182518,0.49396222988174815,0.5060377701182518,0
2019-10-17,3785.52,6057.78,0.5,0.5,0,0,0.494235330807545,0.505764669192455,0.494235330807545,0.505764669192455,0
2019-10-18,3743.55,5967.91,0.5,0.5,0,0,0.4951846520438055,0.5048153479561944,0.4951846520438055,0.5048153479561944,0
2019-10-21,3742.13,5991.84,0.5,0.5,0,0,0.49408949041695954,0.5059105095830405,0.49408949041695954,0.5059105095830405,0
2019-10-22,3772.48,6006.0,0.5,0.5,0,0,0.4955186391216104,0.5044813608783896,0.4955186391216104,0.5044813608783896,0
2019-10-23,3747.72,5979.7,0.5,0.5,0,0,0.4949695926143031,0.5050304073856968,0.4949695926143031,0.5050304073856968,0
2019-10-24,3738.02,5993.17,0.5,0.5,0,0,0.4937593260684858,0.5062406739315143,0.4937593260684858,0.5062406739315143,0
2019-10-25,3774.75,5986.68,0.5,0.5,0,0,0.49647445590032796,0.503525544099672,0.49647445590032796,0.503525544099672,0
2019-10-28,3817.4,6000.49,0.5,0.5,0,0,0.49870721937340967,0.5012927806265904,0.49870721937340967,0.5012927806265904,0
2019-10-29,3799.54,5968.99,0.5,0.5,0,0,0.49885067923114995,0.5011493207688501,0.49885067923114995,0.5011493207688501,0
2019-10-30,3778.26,5938.47,0.5,0.5,0,0,0.4987281271609993,0.5012718728390008,0.4987281271609993,0.5012718728390008,0
2019-10-31,3771.7,5932.69,0.5,0.5,0,0,0.49853713625803586,0.501462863741964,0.49853713625803586,0.501462863741964,0
2019-11-01,3835.57,6054.66,0.5,0.5,0,0,0.49764758416590776,0.5023524158340924,0.49764758416590776,0.5023524158340924,0
2019-11-04,3864.99,6087.96,0.5,0.5,0,0,0.49818662804947006,0.5018133719505299,0.49818662804947006,0.5018133719505299,0
2019-11-05,3892.87,6122.51,0.5,0.5,0,0,0.4985687457980097,0.5014312542019903,0.4985687457980097,0.5014312542019903,0
2019-11-06,3868.17,6109.9,0.5,0.5,0,0,0.4974929101280652,0.5025070898719347,0.4974929101280652,0.5025070898719347,0
2019-11-07,3886.4,6113.21,0.5,0.5,0,0,0.49853293213708977,0.5014670678629103,0.49853293213708977,0.5014670678629103,0
2019-11-08,3873.78,6080.18,0.5,0.5,0,0,0.49907422846727323,0.5009257715327269,0.49907422846727323,0.5009257715327269,0
2019-11-11,3797.59,5963.9,0.5,0.5,0,1,0.49893561696649136,0.5010643830335086,0.5,0.5,1
2019-11-12,3792.74,5959.75,0.5,0.5,0,0,0.49985453841077393,0.500145461589226,0.49985453841077393,0.500145461589226,0
2019-11-13,3800.71,5928.35,0.5,0.5,0,0,0.5016999778947241,0.49830002210527585,0.5016999778947241,0.49830002210527585,0
2019-11-14,3814.74,5922.53,0.5,0.5,0,0,0.5028666591890184,0.49713334081098165,0.5028666591890184,0.49713334081098165,0
2019-11-15,3779.49,5894.49,0.5,0.5,0,0,0.5017322526003928,0.4982677473996073,0.5017322526003928,0.4982677473996073,0
2019-11-18,3802.53,5947.57,0.5,0.5,0,0,0.5010104677173242,0.49898953228267573,0.5010104677173242,0.49898953228267573,0
2019-11-19,3868.15,5990.22,0.5,0.5,0,0,0.5035014906885066,0.4964985093114934,0.5035014906885066,0.4964985093114934,0
2019-11-20,3836.03,5928.58,0.5,0.5,0,0,0.5040027215280486,0.4959972784719514,0.5040027215280486,0.4959972784719514,0
2019-11-21,3820.46,5904.87,0.5,0.5,0,0,0.5039877590778118,0.4960122409221882,0.5039877590778118,0.4960122409221882,0
2019-11-22,3775.42,5883.42,0.5,0.5,0,0,0.5019328363201023,0.49806716367989773,0.5019328363201023,0.49806716367989773,0
2019-11-25,3782.58,5988.04,0.5,0.5,0,0,0.49800004676855725,0.5019999532314428,0.49800004676855725,0.5019999532314428,0
2019-11-26,3804.03,5967.03,0.5,0.5,0,0,0.5002924223141996,0.4997075776858006,0.5002924223141996,0.4997075776858006,0
2019-11-27,3792.03,5944.73,0.5,0.5,0,0,0.5004385892477351,0.49956141075226485,0.5004385892477351,0.49956141075226485,0
2019-11-28,3781.51,5926.13,0.5,0.5,0,0,0.5005274970816321,0.4994725029183678,0.5005274970816321,0.4994725029183678,0
2019-11-29,3747.64,5894.17,0.5,0.5,0,0,0.49963013912425724,0.5003698608757428,0.49963013912425724,0.5003698608757428,0
2019-12-02,3761.87,5909.24,0.5,0.5,0,0,0.49993923028243503,0.5000607697175649,0.49993923028243503,0.5000607697175649,0
2019-12-03,3777.61,5940.52,0.5,0.5,0,0,0.49966320939610237,0.5003367906038976,0.49966320939610237,0.5003367906038976,0
2019-12-04,3786.1,5925.8,0.5,0.5,0,0,0.5008446844508491,0.499155315549151,0.5008446844508491,0.499155315549151,0
2019-12-05,3829.73,5951.78,0.5,0.5,0,0,0.5026154623003843,0.4973845376996157,0.5026154623003843,0.4973845376996157,0
2019-12-06,3870.59,5965.25,0.5,0.5,0,0,0.5047033509817088,0.49529664901829107,0.5047033509817088,0.49529664901829107,0
2019-12-09,3870.09,5986.56,0.5,0.5,0,0,0.5037796231035674,0.4962203768964326,0.5037796231035674,0.4962203768964326,0
2019-12-10,3880.65,5982.96,0.5,0.5,0,0,0.504611172034935,0.495388827965065,0.504611172034935,0.495388827965065,0
2019-12-11,3861.36,6006.92,0.5,0.5,0,0,0.502366304715126,0.4976336952848741,0.502366304715126,0.4976336952848741,0
2019-12-12,3846.46,5995.37,0.5,0.5,0,0,0.5018809197792179,0.49811908022078205,0.5018809197792179,0.49811908022078205,0
2019-12-13,3918.81,6104.01,0.5,0.5,0,0,0.5020500081424241,0.497949991857576,0.5020500081424241,0.497949991857576,0
2019-12-16,3951.89,6127.44,0.5,0.5,0,0,0.5031936754472626,0.49680632455273754,0.5031936754472626,0.49680632455273754,0
2019-12-17,4007.53,6194.65,0.5,0.5,0,0,0.5039616794950369,0.49603832050496294,0.5039616794950369,0.49603832050496294,0
2019-12-18,3991.57,6186.0,0.5,0.5,0,0,0.5033134358540523,0.49668656414594764,0.5033134358540523,0.49668656414594764,0
2019-12-19,3983.42,6203.08,0.5,0.5,0,0,0.502113182013854,0.4978868179861461,0.502113182013854,0.4978868179861461,0
2019-12-20,3960.86,6190.69,0.5,0.5,0,0,0.5011931470577686,0.4988068529422315,0.5011931470577686,0.4988068529422315,0
2019-12-23,3914.64,6121.4,0.5,0.5,0,0,0.5010726276397701,0.4989273723602299,0.5010726276397701,0.4989273723602299,0
2019-12-24,3960.8,6151.82,0.5,0.5,0,0,0.502763978482712,0.4972360215172879,0.502763978482712,0.4972360215172879,0
2019-12-25,3971.78,6137.2,0.5,0.5,0,0,0.5040508411998652,0.49594915880013474,0.5040508411998652,0.49594915880013474,0
2019-12-26,3997.74,6196.89,0.5,0.5,0,0,0.5032598594680209,0.4967401405319792,0.5032598594680209,0.4967401405319792,0
2019-12-27,3994.67,6198.44,0.5,0.5,0,0,0.5030052886951182,0.49699471130488176,0.5030052886951182,0.49699471130488176,0
2019-12-30,4050.0,6263.52,0.5,0.5,0,0,0.5038330569588358,0.49616694304116427,0.5038330569588358,0.49616694304116427,0
2019-12-31,4073.22,6283.47,0.5,0.5,0,0,0.5044672411978385,0.4955327588021614,0.5044672411978385,0.4955327588021614,0
2020-01-02,4128.5,6382.75,0.5,0.5,0,0,0.5039181898898877,0.4960818101101124,0.5039181898898877,0.4960818101101124,0
2020-01-03,4111.53,6374.69,0.5,0.5,0,0,0.5032043896482779,0.4967956103517222,0.5032043896482779,0.4967956103517222,0
2020-01-06,4114.11,6335.05,0.5,0.5,0,0,0.5049205403748623,0.49507945962513766,0.5049205403748623,0.49507945962513766,0
2020-01-07,4168.9,6379.65,0.5,0.5,0,0,0.5064738755962203,0.49352612440377974,0.5064738755962203,0.49352612440377974,0
2020-01-08,4133.16,6308.27,0.5,0.5,0,0,0.5071342035678454,0.4928657964321546,0.5071342035678454,0.4928657964321546,0
2020-01-09,4209.83,6361.56,0.5,0.5,0,0,0.5096254634307044,0.4903745365692956,0.5096254634307044,0.4903745365692956,0
2020-01-10,4209.33,6347.12,0.5,0.5,0,0,0.5101636742480946,0.48983632575190533,0.5101636742480946,0.48983632575190533,0
2020-01-13,4261.85,6384.99,0.5,0.5,0,1,0.5117756694596381,0.48822433054036174,0.5,0.5,1
2020-01-14,4244.26,6384.7,0.5,0.5,0,0,0.49897739231961763,0.5010226076803824,0.49897739231961763,0.5010226076803824,0
2020-01-15,4239.02,6317.1,0.5,0.5,0,0,0.5013296102065298,0.49867038979347017,0.5013296102065298,0.49867038979347017,0
2020-01-16,4232.08,6277.92,0.5,0.5,0,0,0.5024753466621283,0.49752465333787166,0.5024753466621283,0.49752465333787166,0
2020-01-17,4228.43,6284.67,0.5,0.5,0,0,0.5019909934946966,0.49800900650530333,0.5019909934946966,0.49800900650530333,0
2020-01-20,4270.73,6313.62,0.5,0.5,0,0,0.5033304890446855,0.4966695109553146,0.5033304890446855,0.4966695109553146,0
2020-01-21,4199.83,6194.73,0.5,0.5,0,0,0.5038978467068536,0.4961021532931465,0.5038978467068536,0.4961021532931465,0
2020-01-22,4237.49,6203.05,0.5,0.5,0,0,0.5057938884630718,0.49420611153692817,0.5057938884630718,0.49420611153692817,0
2020-01-23,4092.8,6022.69,0.5,0.5,0,0,0.5044853581844625,0.49551464181553756,0.5044853581844625,0.49551464181553756,0
2020-02-03,3767.5,5554.46,0.5,0.5,0,0,0.5040141707213889,0.4959858292786111,0.5040141707213889,0.4959858292786111,0
2020-02-04,3899.42,5675.29,0.5,0.5,0,0,0.5072376808538678,0.4927623191461322,0.5072376808538678,0.4927623191461322,0
2020-02-05,3981.06,5717.18,0.5,0.5,0,0,0.5105781772584239,0.489421822741576,0.5105781772584239,0.489421822741576,0
2020-02-06,4081.55,5792.65,0.5,0.5,0,0,0.5135300787440994,0.48646992125590066,0.5135300787440994,0.48646992125590066,0
2020-02-07,4085.1,5778.69,0.5,0.5,0,0,0.5143500029199461,0.4856499970800539,0.5143500029199461,0.4856499970800539,0
2020-02-10,4123.68,5816.72,0.5,0.5,0,0,0.5150594499482452,0.4849405500517549,0.5150594499482452,0.4849405500517549,0
2020-02-11,4155.99,5866.21,0.5,0.5,0,0,0.5148927141816765,0.4851072858183235,0.5148927141816765,0.4851072858183235,0
2020-02-12,4209.55,5891.62,0.5,0.5,0,0,0.5170112658212561,0.4829887341787439,0.5170112658212561,0.4829887341787439,0
2020-02-13,4175.47,5861.66,0.5,0.5,0,0,0.5162544382961339,0.48374556170386607,0.5162544382961339,0.48374556170386607,0
2020-02-14,4192.16,5900.62,0.5,0.5,0,0,0.5155962560737914,0.48440374392620844,0.5155962560737914,0.48440374392620844,0
2020-02-17,4291.71,6006.67,0.5,0.5,0,0,0.5170087650034649,0.4829912349965352,0.5170087650034649,0.4829912349965352,0
2020-02-18,4286.73,5965.11,0.5,0.5,0,0,0.5184524392347383,0.48154756076526173,0.5184524392347383,0.48154756076526173,0
2020-02-19,4267.05,5951.94,0.5,0.5,0,0,0.5178554265874791,0.4821445734125209,0.5178554265874791,0.4821445734125209,0
2020-02-20,4361.17,6044.43,0.5,0.5,0,0,0.519452618511426,0.48054738148857395,0.519452618511426,0.48054738148857395,0
2020-02-21,4391.32,6029.39,0.5,0.5,0,0,0.5217938336968663,0.47820616630313384,0.5217938336968663,0.47820616630313384,0
2020-02-24,4398.18,5977.75,0.5,0.5,0,0,0.5243290623279994,0.4756709376720007,0.5243290623279994,0.4756709376720007,0
2020-02-25,4406.63,5928.75,0.5,0.5,0,0,0.5268599703281325,0.4731400296718675,0.5268599703281325,0.4731400296718675,0
2020-02-26,4299.27,5942.29,0.5,0.5,0,0,0.5201384109480219,0.47986158905197807,0.5201384109480219,0.47986158905197807,0
2020-02-27,4322.72,5957.3,0.5,0.5,0,0,0.5208663886330244,0.4791336113669757,0.5208663886330244,0.4791336113669757,0
2020-02-28,4137.43,5791.93,0.5,0.5,0,0,0.5169574533425613,0.4830425466574388,0.5169574533425613,0.4830425466574388,0
2020-03-02,4275.31,5993.18,0.5,0.5,0,0,0.5166141421117457,0.4833858578882543,0.5166141421117457,0.4833858578882543,0
2020-03-03,4315.6,5999.66,0.5,0.5,0,0,0.5186863300564208,0.48131366994357927,0.5186863300564208,0.48131366994357927,0
2020-03-04,4329.88,6057.84,0.5,0.5,0,0,0.5171016045164656,0.4828983954835344,0.5171016045164656,0.4828983954835344,0
2020-03-05,4426.17,6177.39,0.5,0.5,0,0,0.5177139290817082,0.48228607091829173,0.5177139290817082,0.48228607091829173,0
2020-03-06,4373.04,6075.79,0.5,0.5,0,0,0.5188393227519962,0.4811606772480038,0.5188393227519962,0.4811606772480038,0
2020-03-09,4192.85,5895.91,0.5,0.5,0,0,0.5158367980104107,0.4841632019895893,0.5158367980104107,0.4841632019895893,0
2020-03-10,4299.63,5989.01,0.5,0.5,0,0,0.5182043084149462,0.4817956915850538,0.5182043084149462,0.4817956915850538,0
2020-03-11,4234.58,5921.65,0.5,0.5,0,0,0.517222086469062,0.48277791353093796,0.517222086469062,0.48277791353093796,0
2020-03-12,4128.75,5831.26,0.5,0.5,0,0,0.5147427708819305,0.48525722911806934,0.5147427708819305,0.48525722911806934,0
2020-03-13,4075.75,5737.91,0.5,0.5,0,1,0.5155465698641142,0.48445343013588577,0.5,0.5,1
2020-03-16,3865.86,5549.91,0.5,0.5,0,0,0.49511083315377913,0.504889166846221,0.49511083315377913,0.504889166846221,0
2020-03-17,3845.54,5531.67,0.5,0.5,0,0,0.49461634052259884,0.505383659477401,0.49461634052259884,0.505383659477401,0
2020-03-18,3784.34,5425.93,0.5,0.5,0,0,0.49543073709016217,0.5045692629098378,0.49543073709016217,0.5045692629098378,0
2020-03-19,3753.0,5319.12,0.5,0.5,0,0,0.4983219807264824,0.5016780192735176,0.4983219807264824,0.5016780192735176,0
2020-03-20,3823.8,5419.27,0.5,0.5,0,0,0.49833096275510796,0.501669037244892,0.49833096275510796,0.501669037244892,0
2020-03-23,3669.31,5250.63,0.5,0.5,0,0,0.4959240447354186,0.5040759552645814,0.4959240447354186,0.5040759552645814,0
2020-03-24,3764.95,5388.08,0.5,0.5,0,0,0.495896524230863,0.5041034757691369,0.495896524230863,0.5041034757691369,0
2020-03-25,3885.23,5515.3,0.5,0.5,0,0,0.4979241093008306,0.5020758906991696,0.4979241093008306,0.5020758906991696,0
2020-03-26,3856.7,5483.24,0.5,0.5,0,0,0.4975390154012719,0.5024609845987281,0.4975390154012719,0.5024609845987281,0
2020-03-27,3854.57,5508.66,0.5,0.5,0,0,0.4962446485260293,0.5037553514739708,0.4962446485260293,0.5037553514739708,0
2020-03-30,3794.35,5469.75,0.5,0.5,0,0,0.49408039168154183,0.5059196083184581,0.49408039168154183,0.5059196083184581,0
2020-03-31,3841.91,5446.74,0.5,0.5,0,0,0.4982481641429416,0.5017518358570585,0.4982481641429416,0.5017518358570585,0
2020-04-01,3834.94,5428.28,0.5,0.5,0,0,0.49864293283146915,0.5013570671685308,0.49864293283146915,0.5013570671685308,0
2020-04-02,3916.31,5483.1,0.5,0.5,0,0,0.5013798722944215,0.4986201277055784,0.5013798722944215,0.4986201277055784,0
2020-04-03,3894.94,5442.87,0.5,0.5,0,0,0.5018529998294093,0.49814700017059077,0.5018529998294093,0.49814700017059077,0
2020-04-07,4012.87,5538.88,0.5,0.5,0,0,0.5049384982682411,0.4950615017317589,0.5049384982682411,0.4950615017317589,0
2020-04-08,3997.5,5512.07,0.5,0.5,0,0,0.5051921099180811,0.49480789008191894,0.5051921099180811,0.49480789008191894,0
2020-04-09,4020.06,5518.08,0.5,0.5,0,0,0.5063264393281837,0.4936735606718163,0.5063264393281837,0.4936735606718163,0
2020-04-10,3974.2,5509.13,0.5,0.5,0,0,0.503864174994673,0.49613582500532705,0.503864174994673,0.49613582500532705,0
2020-04-13,3962.43,5508.43,0.5,0.5,0,0,0.5031544784063844,0.49684552159361556,0.5031544784063844,0.49684552159361556,0
2020-04-14,4054.37,5578.26,0.5,0.5,0,0,0.5057394143062447,0.4942605856937553,0.5057394143062447,0.4942605856937553,0
2020-04-15,4025.37,5530.13,0.5,0.5,0,0,0.506111136272593,0.493888863727407,0.506111136272593,0.493888863727407,0
2020-04-16,4038.03,5526.2,0.5,0.5,0,0,0.5070737241532859,0.49292627584671406,0.5070737241532859,0.49292627584671406,0
2020-04-17,4074.75,5572.76,0.5,0.5,0,0,0.5072392955607415,0.4927607044392585,0.5072392955607415,0.4927607044392585,0
2020-04-20,4097.9,5588.15,0.5,0.5,0,0,0.5079659801009138,0.4920340198990863,0.5079659801009138,0.4920340198990863,0
2020-04-21,4045.07,5532.07,0.5,0.5,0,0,0.5072437536423902,0.49275624635760995,0.5072437536423902,0.49275624635760995,0
2020-04-22,4100.74,5551.1,0.5,0.5,0,0,0.5098016423072936,0.4901983576927063,0.5098016423072936,0.4901983576927063,0
2020-04-23,4088.82,5542.38,0.5,0.5,0,0,0.509467033991202,0.49053296600879803,0.509467033991202,0.49053296600879803,0
2020-04-24,4056.49,5494.51,0.5,0.5,0,0,0.5096510285367986,0.49034897146320144,0.5096510285367986,0.49034897146320144,0
2020-04-27,4078.19,5524.66,0.5,0.5,0,0,0.5096167661911137,0.4903832338088862,0.5096167661911137,0.4903832338088862,0
2020-04-28,4105.85,5523.27,0.5,0.5,0,0,0.5113687810637131,0.488631218936287,0.5113687810637131,0.488631218936287,0
2020-04-29,4092.83,5593.96,0.5,0.5,0,0,0.5073968282688807,0.49260317173111945,0.5073968282688807,0.49260317173111945,0
2020-04-30,4151.76,5652.84,0.5,0.5,0,0,0.5083528529997395,0.49164714700026046,0.5083528529997395,0.49164714700026046,0
2020-05-06,4209.12,5643.59,0.5,0.5,0,0,0.512190949784259,0.48780905021574106,0.512190949784259,0.48780905021574106,0
2020-05-07,4213.21,5618.7,0.5,0.5,0,0,0.5135378805364792,0.48646211946352075,0.5135378805364792,0.48646211946352075,0
2020-05-08,4263.67,5676.54,0.5,0.5,0,0,0.5139535392557508,0.48604646074424923,0.5139535392557508,0.48604646074424923,0
2020-05-11,4252.98,5705.43,0.5,0.5,0,0,0.5120581151558468,0.48794188484415324,0.5120581151558468,0.48794188484415324,0
2020-05-12,4277.94,5680.77,0.5,0.5,0,0,0.5146021095811717,0.48539789041882836,0.5146021095811717,0.48539789041882836,0
2020-05-13,4301.68,5675.74,0.5,0.5,0,1,0.5162055584846452,0.48379444151535483,0.5,0.5,1
2020-05-14,4254.94,5613.47,0.5,0.5,0,0,0.5000267253740192,0.4999732746259808,0.5000267253740192,0.4999732746259808,0
2020-05-15,4240.25,5601.33,0.5,0.5,0,0,0.4997033669093643,0.5002966330906357,0.4997033669093643,0.5002966330906357,0
2020-05-18,4253.82,5610.47,0.5,0.5,0,0,0.5000945537601633,0.4999054462398367,0.5000945537601633,0.4999054462398367,0
2020-05-19,4300.8,5648.97,0.5,0.5,0,0,0.5011307809528783,0.4988692190471216,0.5011307809528783,0.4988692190471216,0
2020-05-20,4266.02,5632.2,0.5,0.5,0,0,0.4998441214932312,0.5001558785067688,0.4998441214932312,0.5001558785067688,0
2020-05-21,4243.25,5596.39,0.5,0.5,0,0,0.5001007613281292,0.4998992386718708,0.5001007613281292,0.4998992386718708,0
2020-05-22,4143.97,5483.47,0.5,0.5,0,0,0.4992778656458011,0.5007221343541989,0.4992778656458011,0.5007221343541989,0
2020-05-25,4158.04,5486.41,0.5,0.5,0,0,0.499991247814092,0.5000087521859081,0.499991247814092,0.5000087521859081,0
2020-05-26,4231.6,5534.6,0.5,0.5,0,0,0.5021890318241727,0.49781096817582726,0.5021890318241727,0.49781096817582726,0
2020-05-27,4184.72,5530.81,0.5,0.5,0,0,0.4995752062950445,0.5004247937049556,0.4995752062950445,0.5004247937049556,0
2020-05-28,4176.16,5562.61,0.5,0.5,0,0,0.4976300299279128,0.5023699700720873,0.4976300299279128,0.5023699700720873,0
2020-05-29,4224.57,5540.51,0.5,0.5,0,0,0.5015065538079277,0.4984934461920722,0.5015065538079277,0.4984934461920722,0
2020-06-01,4353.82,5649.79,0.5,0.5,0,0,0.5041575420794977,0.4958424579205024,0.5041575420794977,0.4958424579205024,0
2020-06-02,4342.93,5695.28,0.5,0.5,0,0,0.5015266905497697,0.49847330945023033,0.5015266905497697,0.49847330945023033,0
2020-06-03,4343.19,5697.84,0.5,0.5,0,0,0.5014293093002213,0.49857069069977855,0.5014293093002213,0.49857069069977855,0
2020-06-04,4362.47,5689.51,0.5,0.5,0,0,0.5029023647880275,0.49709763521197253,0.5029023647880275,0.49709763521197253,0
2020-06-05,4385.04,5691.77,0.5,0.5,0,0,0.5040931043742063,0.4959068956257937,0.5040931043742063,0.4959068956257937,0
2020-06-08,4399.66,5741.43,0.5,0.5,0,0,0.5027535382277215,0.4972464617722785,0.5027535382277215,0.4972464617722785,0
2020-06-09,4434.44,5759.69,0.5,0.5,0,0,0.5039281674100681,0.4960718325899319,0.5039281674100681,0.4960718325899319,0
2020-06-10,4448.16,5723.09,0.5,0.5,0,0,0.5062939089070043,0.4937060910929957,0.5062939089070043,0.4937060910929957,0
2020-06-11,4412.4,5649.67,0.5,0.5,0,0,0.50750366910067,0.49249633089933004,0.50750366910067,0.49249633089933004,0
2020-06-12,4425.29,5645.07,0.5,0.5,0,0,0.5084363298999293,0.49156367010007074,0.5084363298999293,0.49156367010007074,0
2020-06-15,4382.95,5578.98,0.5,0.5,0,0,0.5089768745232712,0.4910231254767288,0.5089768745232712,0.4910231254767288,0
2020-06-16,4461.72,5653.67,0.5,0.5,0,0,0.5101048133066118,0.4898951866933882,0.5101048133066118,0.4898951866933882,0
2020-06-17,4467.98,5655.45,0.5,0.5,0,0,0.5103765174811037,0.48962348251889637,0.5103765174811037,0.48962348251889637,0
2020-06-18,4496.54,5683.77,0.5,0.5,0,0,0.5107205503409955,0.4892794496590045,0.5107205503409955,0.4892794496590045,0
2020-06-19,4570.84,5705.73,0.5,0.5,0,0,0.5138517970826604,0.4861482029173397,0.5138517970826604,0.4861482029173397,0
2020-06-22,4573.22,5670.4,0.5,0.5,0,0,0.5155332991841669,0.48446670081583304,0.5155332991841669,0.48446670081583304,0
2020-06-23,4625.35,5644.03,0.5,0.5,0,0,0.5195273132256931,0.4804726867743067,0.5195273132256931,0.4804726867743067,0
2020-06-24,4642.36,5681.17,0.5,0.5,0,0,0.5188063657637675,0.48119363423623246,0.5188063657637675,0.48119363423623246,0
2020-06-29,4632.06,5630.05,0.5,0.5,0,0,0.5205081572558865,0.47949184274411355,0.5205081572558865,0.47949184274411355,0
2020-06-30,4717.57,5651.68,0.5,0.5,0,0,0.5241153492379985,0.4758846507620015,0.5241153492379985,0.4758846507620015,0
2020-07-01,4787.65,5787.36,0.5,0.5,0,0,0.5218757168253301,0.47812428317466993,0.5218757168253301,0.47812428317466993,0
2020-07-02,4840.18,5928.41,0.5,0.5,0,0,0.5185892201146355,0.48141077988536457,0.5185892201146355,0.48141077988536457,0
2020-07-03,4882.87,6034.31,0.5,0.5,0,0,0.5163608954727438,0.4836391045272562,0.5163608954727438,0.4836391045272562,0
2020-07-06,5069.55,6435.51,0.5,0.5,0,0,0.5096528683746823,0.49034713162531773,0.5096528683746823,0.49034713162531773,0
2020-07-07,5161.11,6409.81,0.5,0.5,0,0,0.5151247219303701,0.48487527806963004,0.5151247219303701,0.48487527806963004,0
2020-07-08,5222.59,6485.6,0.5,0.5,0,0,0.5151464693349387,0.48485353066506137,0.5151464693349387,0.48485353066506137,0
2020-07-09,5350.95,6536.29,0.5,0.5,0,0,0.519265381649124,0.480734618350876,0.519265381649124,0.480734618350876,0
2020-07-10,5322.6,6332.91,0.5,0.5,0,0,0.5258263366727923,0.4741736633272077,0.5258263366727923,0.4741736633272077,0
2020-07-13,5491.67,6414.02,0.5,0.5,0,1,0.5304476519581055,0.4695523480418946,0.5,0.5,1
2020-07-14,5435.5,6335.16,0.5,0.5,0,0,0.5005225656699455,0.4994774343300545,0.5005225656699455,0.4994774343300545,0
2020-07-15,5383.14,6244.03,0.5,0.5,0,0,0.501724958289867,0.498275041710133,0.501724958289867,0.498275041710133,0
2020-07-16,5064.74,6071.38,0.5,0.5,0,0,0.4934930417835313,0.5065069582164687,0.4934930417835313,0.5065069582164687,0
2020-07-17,5137.15,6085.38,0.5,0.5,0,0,0.4964658335068922,0.5035341664931078,0.4964658335068922,0.5035341664931078,0
2020-07-20,5245.54,6338.99,0.5,0.5,0,0,0.49147896575201766,0.5085210342479822,0.49147896575201766,0.5085210342479822,0
2020-07-21,5299.33,6303.92,0.5,0.5,0,0,0.4954157674821933,0.5045842325178068,0.4954157674821933,0.5045842325178068,0
2020-07-22,5352.83,6301.31,0.5,0.5,0,0,0.4980304265545783,0.5019695734454217,0.4980304265545783,0.5019695734454217,0
2020-07-23,5377.88,6247.18,0.5,0.5,0,0,0.5013544725087099,0.4986455274912902,0.5013544725087099,0.4986455274912902,0
2020-07-24,5095.36,6035.9,0.5,0.5,0,0,0.4964648511393777,0.5035351488606223,0.4964648511393777,0.5035351488606223,0
2020-07-27,5128.39,6033.47,0.5,0.5,0,0,0.4981808303352375,0.5018191696647625,0.4981808303352375,0.5018191696647625,0
2020-07-28,5206.33,6054.52,0.5,0.5,0,0,0.5010809766085738,0.49891902339142624,0.5010809766085738,0.49891902339142624,0
2020-07-29,5341.72,6160.23,0.5,0.5,0,0,0.5031718086333711,0.496828191366629,0.5031718086333711,0.496828191366629,0
2020-07-30,5324.37,6124.63,0.5,0.5,0,0,0.50380739366659,0.49619260633341006,0.50380739366659,0.49619260633341006,0
2020-07-31,5384.36,6148.34,0.5,0.5,0,0,0.5056422977189119,0.49435770228108816,0.5056422977189119,0.49435770228108816,0
2020-08-03,5465.98,6243.04,0.5,0.5,0,0,0.5055822695515076,0.49441773044849235,0.5055822695515076,0.49441773044849235,0
2020-08-04,5435.36,6316.56,0.5,0.5,0,0,0.5012512024634025,0.4987487975365974,0.5012512024634025,0.4987487975365974,0
2020-08-05,5459.89,6275.8,0.5,0.5,0,0,0.5039952891762304,0.49600471082376957,0.5039952891762304,0.49600471082376957,0
2020-08-06,5403.04,6292.37,0.5,0.5,0,0,0.5007194471472055,0.49928055285279455,0.5007194471472055,0.49928055285279455,0
2020-08-07,5331.46,6245.49,0.5,0.5,0,0,0.4992548353876314,0.5007451646123686,0.4992548353876314,0.5007451646123686,0
2020-08-10,5330.27,6315.94,0.5,0.5,0,0,0.4963948418864204,0.5036051581135795,0.4963948418864204,0.5036051581135795,0
2020-08-11,5277.14,6256.14,0.5,0.5,0,0,0.49626875014848676,0.5037312498515132,0.49626875014848676,0.5037312498515132,0
2020-08-12,5198.69,6245.3,0.5,0.5,0,0,0.49295829327770585,0.5070417067222941,0.49295829327770585,0.5070417067222941,0
2020-08-13,5187.95,6243.17,0.5,0.5,0,0,0.4925266524290933,0.5074733475709067,0.4925266524290933,0.5074733475709067,0
2020-08-14,5268.56,6317.33,0.5,0.5,0,0,0.4934289410062141,0.506571058993786,0.4934289410062141,0.506571058993786,0
2020-08-17,5351.94,6479.0,0.5,0.5,0,0,0.4910376488571741,0.5089623511428261,0.4910376488571741,0.5089623511428261,0
2020-08-18,5374.09,6458.38,0.5,0.5,0,0,0.4928666254720475,0.5071333745279525,0.4928666254720475,0.5071333745279525,0
2020-08-19,5276.77,6393.87,0.5,0.5,0,0,0.4908081032140872,0.5091918967859128,0.4908081032140872,0.5091918967859128,0
2020-08-20,5215.46,6323.53,0.5,0.5,0,0,0.4906519683743314,0.5093480316256687,0.4906519683743314,0.5093480316256687,0
2020-08-21,5269.3,6343.55,0.5,0.5,0,0,0.49242877838202703,0.507571221617973,0.49242877838202703,0.507571221617973,0
2020-08-24,5352.48,6348.61,0.5,0.5,0,0,0.4961445600001378,0.5038554399998624,0.4961445600001378,0.5038554399998624,0
2020-08-25,5378.4,6324.92,0.5,0.5,0,0,0.4982868483551696,0.5017131516448303,0.4982868483551696,0.5017131516448303,0
2020-08-26,5308.22,6249.71,0.5,0.5,0,0,0.4979938409047316,0.5020061590952684,0.4979938409047316,0.5020061590952684,0
2020-08-27,5357.49,6252.0,0.5,0.5,0,0,0.5002119974890282,0.49978800251097183,0.5002119974890282,0.49978800251097183,0
2020-08-28,5488.9,6371.06,0.5,0.5,0,0,0.5015539527786718,0.4984460472213284,0.5015539527786718,0.4984460472213284,0
2020-08-31,5467.99,6333.06,0.5,0.5,0,0,0.502095332511538,0.497904667488462,0.502095332511538,0.497904667488462,0
2020-09-01,5510.58,6347.29,0.5,0.5,0,0,0.5034738819443125,0.4965261180556874,0.5034738819443125,0.4965261180556874,0
2020-09-02,5534.56,6324.87,0.5,0.5,0,0,0.505443887015591,0.4945561129844091,0.505443887015591,0.4945561129844091,0
2020-09-03,5501.78,6307.8,0.5,0.5,0,0,0.5046345008097053,0.4953654991902947,0.5046345008097053,0.4953654991902947,0
2020-09-04,5429.84,6270.18,0.5,0.5,0,0,0.5028395759612245,0.4971604240387754,0.5028395759612245,0.4971604240387754,0
2020-09-07,5271.47,6209.02,0.5,0.5,0,0,0.49789001459392207,0.5021099854060779,0.49789001459392207,0.5021099854060779,0
2020-09-08,5271.69,6291.56,0.5,0.5,0,0,0.4945991506460507,0.5054008493539492,0.4945991506460507,0.5054008493539492,0
2020-09-09,5114.79,6205.06,0.5,0.5,0,0,0.4905074095795404,0.5094925904204596,0.4905074095795404,0.5094925904204596,0
2020-09-10,5114.72,6189.23,0.5,0.5,0,0,0.49114237500018015,0.5088576249998199,0.49114237500018015,0.5088576249998199,0
2020-09-11,5196.86,6198.08,0.5,0.5,0,0,0.49476740381709094,0.5052325961829089,0.49476740381709094,0.5052325961829089,0
2020-09-14,5243.75,6237.87,0.5,0.5,0,1,0.49541311218674705,0.5045868878132529,0.5,0.5,1
2020-09-15,5291.71,6286.74,0.5,0.5,0,0,0.5003251695559877,0.4996748304440124,0.5003251695559877,0.4996748304440124,0
2020-09-16,5229.92,6287.76,0.5,0.5,0,0,0.49734827032572615,0.5026517296742739,0.49734827032572615,0.5026517296742739,0
2020-09-17,5205.08,6288.34,0.5,0.5,0,0,0.4961350353812579,0.5038649646187422,0.4961350353812579,0.5038649646187422,0
2020-09-18,5282.05,6436.55,0.5,0.5,0,0,0.4939811618413319,0.506018838158668,0.4939811618413319,0.506018838158668,0
2020-09-21,5235.69,6377.78,0.5,0.5,0,0,0.49407039127944685,0.5059296087205531,0.49407039127944685,0.5059296087205531,0
2020-09-22,5185.0,6274.9,0.5,0.5,0,0,0.4957036506862069,0.5042963493137931,0.4957036506862069,0.5042963493137931,0
2020-09-23,5230.35,6258.33,0.5,0.5,0,0,0.49854168108703695,0.501458318912963,0.49854168108703695,0.501458318912963,0
2020-09-24,5120.73,6145.6,0.5,0.5,0,0,0.4977906431608892,0.5022093568391108,0.4977906431608892,0.5022093568391108,0
2020-09-25,5121.34,6122.51,0.5,0.5,0,0,0.4987614693128276,0.5012385306871724,0.4987614693128276,0.5012385306871724,0
2020-09-28,5125.64,6134.72,0.5,0.5,0,0,0.49847321590774885,0.501526784092251,0.49847321590774885,0.501526784092251,0
2020-09-29,5171.44,6118.01,0.5,0.5,0,0,0.5013790430513007,0.49862095694869935,0.5013790430513007,0.49862095694869935,0
2020-09-30,5181.24,6083.52,0.5,0.5,0,0,0.5032656587543392,0.49673434124566085,0.5032656587543392,0.49673434124566085,0
2020-10-09,5325.64,6175.21,0.5,0.5,0,0,0.5063976230437248,0.49360237695627507,0.5063976230437248,0.49360237695627507,0
2020-10-12,5490.5,6330.64,0.5,0.5,0,0,0.5078043350876308,0.49219566491236916,0.5078043350876308,0.49219566491236916,0
2020-10-13,5522.46,6340.5,0.5,0.5,0,0,0.508865988155904,0.491134011844096,0.508865988155904,0.491134011844096,0
2020-10-14,5485.84,6316.95,0.5,0.5,0,0,0.5081331867850895,0.4918668132149105,0.5081331867850895,0.4918668132149105,0
2020-10-15,5452.66,6324.21,0.5,0.5,0,0,0.5063297428511315,0.49367025714886853,0.5063297428511315,0.49367025714886853,0
2020-10-16,5414.37,6346.98,0.5,0.5,0,0,0.5036697610259543,0.49633023897404577,0.5036697610259543,0.49633023897404577,0
2020-10-19,5356.64,6328.81,0.5,0.5,0,0,0.5017066370644409,0.4982933629355592,0.5017066370644409,0.4982933629355592,0
2020-10-20,5431.47,6332.98,0.5,0.5,0,0,0.5050100330164697,0.49498996698353026,0.5050100330164697,0.49498996698353026,0
2020-10-21,5388.15,6372.94,0.5,0.5,0,0,0.5014357667929301,0.49856423320706983,0.5014357667929301,0.49856423320706983,0
2020-10-22,5362.78,6354.71,0.5,0.5,0,0,0.5009720272316669,0.49902797276833316,0.5009720272316669,0.49902797276833316,0
2020-10-23,5242.04,6339.42,0.5,0.5,0,0,0.4958814283166762,0.5041185716833237,0.4958814283166762,0.5041185716833237,0
2020-10-26,5242.37,6301.45,0.5,0.5,0,0,0.4973989752712734,0.5026010247287266,0.4973989752712734,0.5026010247287266,0
2020-10-27,5273.42,6268.96,0.5,0.5,0,0,0.5001676308643775,0.4998323691356226,0.5001676308643775,0.4998323691356226,0
2020-10-28,5344.9,6257.42,0.5,0.5,0,0,0.5039941056317692,0.49600589436823084,0.5039941056317692,0.49600589436823084,0
2020-10-29,5402.15,6268.68,0.5,0.5,0,0,0.506207956733683,0.49379204326631704,0.506207956733683,0.49379204326631704,0
2020-10-30,5304.08,6175.8,0.5,0.5,0,0,0.5053597431119641,0.494640256888036,0.5053597431119641,0.494640256888036,0
2020-11-02,5353.75,6223.75,0.5,0.5,0,0,0.5057563750804269,0.4942436249195732,0.5057563750804269,0.4942436249195732,0
2020-11-03,5408.2,6304.71,0.5,0.5,0,0,0.5050551362257257,0.49494486377427416,0.5050551362257257,0.49494486377427416,0
2020-11-04,5451.55,6360.58,0.5,0.5,0,0,0.5048454209270984,0.49515457907290156,0.5048454209270984,0.49515457907290156,0
2020-11-05,5537.02,6448.41,0.5,0.5,0,0,0.5053059877678446,0.4946940122321554,0.5053059877678446,0.4946940122321554,0
2020-11-06,5523.35,6481.55,0.5,0.5,0,0,0.5034066392100243,0.49659336078997574,0.5034066392100243,0.49659336078997574,0
2020-11-09,5641.12,6569.39,0.5,0.5,0,0,0.5053156827570886,0.4946843172429115,0.5053156827570886,0.4946843172429115,0
2020-11-10,5605.42,6554.28,0.5,0.5,0,0,0.5043042942101682,0.4956957057898318,0.5043042942101682,0.4956957057898318,0
2020-11-11,5522.22,6576.35,0.5,0.5,0,0,0.49972549000063754,0.5002745099993625,0.49972549000063754,0.5002745099993625,0
2020-11-12,5560.69,6561.17,0.5,0.5,0,0,0.502038775523931,0.49796122447606916,0.502038775523931,0.49796122447606916,0
2020-11-13,5528.78,6476.28,0.5,0.5,0,0,0.5038556214853447,0.49614437851465526,0.5038556214853447,0.49614437851465526,0
2020-11-16,5587.18,6582.69,0.5,0.5,0,1,0.5024082558627264,0.49759174413727353,0.5,0.5,1
2020-11-17,5536.75,6622.17,0.5,0.5,0,0,0.49623841196842716,0.5037615880315729,0.49623841196842716,0.5037615880315729,0
2020-11-18,5471.6,6667.99,0.5,0.5,0,0,0.4915561533055403,0.5084438466944597,0.4915561533055403,0.5084438466944597,0
2020-11-19,5530.21,6691.7,0.5,0.5,0,0,0.4933320517825986,0.5066679482174014,0.4933320517825986,0.5066679482174014,0
2020-11-20,5561.04,6699.21,0.5,0.5,0,0,0.4944413092559783,0.5055586907440217,0.4944413092559783,0.5055586907440217,0
2020-11-23,5621.63,6787.13,0.5,0.5,0,0,0.49389087263305187,0.5061091273669481,0.49389087263305187,0.5061091273669481,0
2020-11-24,5591.21,6733.39,0.5,0.5,0,0,0.4945216639725,0.5054783360275,0.4945216639725,0.5054783360275,0
2020-11-25,5477.66,6684.43,0.5,0.5,0,0,0.4912173658897176,0.5087826341102824,0.4912173658897176,0.5087826341102824,0
2020-11-26,5460.36,6705.36,0.5,0.5,0,0,0.48964555654142217,0.5103544434585778,0.48964555654142217,0.5103544434585778,0
2020-11-27,5500.08,6791.16,0.5,0.5,0,0,0.4882795623816429,0.5117204376183572,0.4882795623816429,0.5117204376183572,0
2020-11-30,5473.91,6737.81,0.5,0.5,0,0,0.48905849990366124,0.5109415000963387,0.48905849990366124,0.5109415000963387,0
2020-12-01,5579.51,6869.24,0.5,0.5,0,0,0.4890058407282108,0.5109941592717892,0.4890058407282108,0.5109941592717892,0
2020-12-02,5594.0,6881.16,0.5,0.5,0,0,0.48922070573347914,0.5107792942665209,0.48922070573347914,0.5107792942665209,0
2020-12-03,5602.42,6827.29,0.5,0.5,0,0,0.4915607065765673,0.5084392934234326,0.4915607065765673,0.5084392934234326,0
2020-12-04,5657.55,6784.53,0.5,0.5,0,0,0.495578791397702,0.5044212086022981,0.495578791397702,0.5044212086022981,0
2020-12-07,5663.85,6678.09,0.5,0.5,0,0,0.4998101608214026,0.5001898391785974,0.4998101608214026,0.5001898391785974,0
2020-12-08,5669.33,6630.55,0.5,0.5,0,0,0.5018379859049267,0.49816201409507327,0.5018379859049267,0.49816201409507327,0
2020-12-09,5591.15,6564.58,0.5,0.5,0,0,0.5008663114370153,0.49913368856298473,0.5008663114370153,0.49913368856298473,0
2020-12-10,5610.35,6559.93,0.5,0.5,0,0,0.5019004815455794,0.4980995184544205,0.5019004815455794,0.4980995184544205,0
2020-12-11,5557.17,6484.34,0.5,0.5,0,0,0.5024169150224249,0.4975830849775751,0.5024169150224249,0.4975830849775751,0
2020-12-14,5620.83,6511.03,0.5,0.5,0,0,0.5042375152361559,0.495762484763844,0.5042375152361559,0.495762484763844,0
2020-12-15,5645.94,6494.04,0.5,0.5,0,0,0.5060048758642026,0.4939951241357975,0.5060048758642026,0.4939951241357975,0
2020-12-16,5676.38,6499.68,0.5,0.5,0,0,0.5071319036319085,0.49286809636809154,0.5071319036319085,0.49286809636809154,0
2020-12-17,5735.22,6575.95,0.5,0.5,0,0,0.5067935432159704,0.4932064567840297,0.5067935432159704,0.4932064567840297,0
2020-12-18,5720.99,6562.53,0.5,0.5,0,0,0.5066832161415784,0.49331678385842154,0.5066832161415784,0.49331678385842154,0
2020-12-21,5820.33,6567.22,0.5,0.5,0,0,0.5108071022114334,0.48919289778856656,0.5108071022114334,0.48919289778856656,0
2020-12-22,5749.83,6416.91,0.5,0.5,0,0,0.5135472795786411,0.4864527204213589,0.5135472795786411,0.4864527204213589,0
2020-12-23,5793.79,6461.09,0.5,0.5,0,0,0.5137358951612415,0.48626410483875854,0.5137358951612415,0.48626410483875854,0
2020-12-24,5766.62,6434.3,0.5,0.5,0,0,0.5135996083774543,0.48640039162254567,0.5135996083774543,0.48640039162254567,0
2020-12-25,5838.27,6481.26,0.5,0.5,0,0,0.5148677089262781,0.4851322910737218,0.5148677089262781,0.4851322910737218,0
2020-12-28,5860.41,6504.53,0.5,0.5,0,0,0.5149179457173931,0.48508205428260676,0.5149179457173931,0.48508205428260676,0
2020-12-29,5820.92,6479.92,0.5,0.5,0,0,0.5141759370804918,0.48582406291950825,0.5141759370804918,0.48582406291950825,0
2020-12-30,5935.69,6506.79,0.5,0.5,0,0,0.5180186493480693,0.4819813506519306,0.5180186493480693,0.4819813506519306,0
2020-12-31,6051.71,6589.51,0.5,0.5,0,0,0.5196974693099223,0.4803025306900778,0.5196974693099223,0.4803025306900778,0
2021-01-04,6189.93,6588.38,0.5,0.5,0,0,0.5253744516141433,0.47462554838585663,0.5253744516141433,0.47462554838585663,0
2021-01-05,6363.0,6588.15,0.5,0.5,0,0,0.5322541909105402,0.46774580908945995,0.5322541909105402,0.46774580908945995,0
2021-01-06,6404.79,6653.67,0.5,0.5,0,0,0.5314201320654992,0.46857986793450085,0.5314201320654992,0.46857986793450085,0
2021-01-07,6536.77,6718.43,0.5,0.5,0,0,0.5340864093944924,0.4659135906055077,0.5340864093944924,0.4659135906055077,0
2021-01-08,6487.09,6758.51,0.5,0.5,0,0,0.5307064053114667,0.46929359468853327,0.5307064053114667,0.46929359468853327,0
2021-01-11,6411.47,6704.84,0.5,0.5,0,0,0.5297716679525698,0.47022833204743014,0.5297716679525698,0.47022833204743014,0
2021-01-12,6571.91,6823.48,0.5,0.5,0,0,0.531558912964255,0.468441087035745,0.531558912964255,0.468441087035745,0
2021-01-13,6515.3,6848.98,0.5,0.5,0,0,0.5284747339248341,0.47152526607516576,0.5284747339248341,0.47152526607516576,0
2021-01-14,6367.36,6781.61,0.5,0.5,0,0,0.5252133941656674,0.4747866058343326,0.5252133941656674,0.4747866058343326,0
2021-01-15,6334.71,6818.95,0.5,0.5,0,0,0.5225614996436138,0.47743850035638624,0.5225614996436138,0.47743850035638624,0
2021-01-18,6391.78,6869.18,0.5,0.5,0,1,0.5229680341576005,0.4770319658423996,0.5,0.5,1
2021-01-19,6268.13,6841.67,0.5,0.5,0,0,0.4961196180054367,0.5038803819945633,0.4961196180054367,0.5038803819945633,0
2021-01-20,6388.84,6814.65,0.5,0.5,0,0,0.5018774815412467,0.49812251845875344,0.5018774815412467,0.49812251845875344,0
2021-01-21,6524.22,6859.68,0.5,0.5,0,0,0.5054729219465217,0.4945270780534781,0.5054729219465217,0.4945270780534781,0
2021-01-22,6619.16,6790.42,0.5,0.5,0,0,0.5116198144639583,0.4883801855360416,0.5116198144639583,0.4883801855360416,0
2021-01-25,6704.11,6806.08,0.5,0.5,0,0,0.5142302535965964,0.4857697464034037,0.5142302535965964,0.4857697464034037,0
2021-01-26,6551.58,6725.66,0.5,0.5,0,0,0.5114500302866201,0.4885499697133799,0.5114500302866201,0.4885499697133799,0
2021-01-27,6564.49,6753.62,0.5,0.5,0,0,0.5109052983685544,0.48909470163144564,0.5109052983685544,0.48909470163144564,0
2021-01-28,6353.12,6619.93,0.5,0.5,0,0,0.5077226819743297,0.49227731802567043,0.5077226819743297,0.49227731802567043,0
2021-01-29,6339.5,6566.05,0.5,0.5,0,0,0.5092288059209946,0.4907711940790054,0.5092288059209946,0.4907711940790054,0
2021-02-01,6416.93,6646.44,0.5,0.5,0,0,0.5092215509561188,0.4907784490438813,0.5092215509561188,0.4907784490438813,0
2021-02-02,6578.83,6665.15,0.5,0.5,0,0,0.514744825715541,0.4852551742844589,0.514744825715541,0.4852551742844589,0
2021-02-03,6596.04,6641.63,0.5,0.5,0,0,0.5162802438280129,0.4837197561719872,0.5162802438280129,0.4837197561719872,0
2021-02-04,6576.47,6630.46,0.5,0.5,0,0,0.5159585510750335,0.4840414489249664,0.5159585510750335,0.4840414489249664,0
2021-02-05,6550.39,6641.75,0.5,0.5,0,0,0.5145411625203313,0.48545883747966867,0.5145411625203313,0.48545883747966867,0
2021-02-08,6690.14,6701.91,0.5,0.5,0,0,0.5175613209371241,0.4824386790628759,0.5175613209371241,0.4824386790628759,0
2021-02-09,6871.64,6791.1,0.5,0.5,0,0,0.5209431928139978,0.47905680718600235,0.5209431928139978,0.47905680718600235,0
2021-02-10,7081.17,6853.81,0.5,0.5,0,0,0.526142737094333,0.4738572629056669,0.526142737094333,0.4738572629056669,0
2021-02-18,6934.84,6967.29,0.5,0.5,0,0,0.5168345323944875,0.4831654676055125,0.5168345323944875,0.4831654676055125,0
2021-02-19,6916.1,7046.4,0.5,0.5,0,0,0.5133386165364842,0.48666138346351584,0.5133386165364842,0.48666138346351584,0
2021-02-22,6640.21,7027.28,0.5,0.5,0,0,0.5038438796452668,0.4961561203547332,0.5038438796452668,0.4961561203547332,0
2021-02-23,6604.5,7027.49,0.5,0.5,0,0,0.5024883754037256,0.4975116245962744,0.5024883754037256,0.4975116245962744,0
2021-02-24,6385.79,6937.5,0.5,0.5,0,0,0.49729144648758705,0.502708553512413,0.49729144648758705,0.502708553512413,0
2021-02-25,6366.16,7065.83,0.5,0.5,0,0,0.49194017870928547,0.5080598212907145,0.49194017870928547,0.5080598212907145,0
2021-02-26,6214.51,6894.56,0.5,0.5,0,0,0.49204720455984297,0.5079527954401569,0.49204720455984297,0.5079527954401569,0
2021-03-01,6380.44,6951.08,0.5,0.5,0,0,0.4965930444879429,0.503406955512057,0.4965930444879429,0.503406955512057,0
2021-03-02,6291.96,6871.92,0.5,0.5,0,0,0.4959653461871412,0.5040346538128588,0.4959653461871412,0.5040346538128588,0
2021-03-03,6383.17,7045.72,0.5,0.5,0,0,0.49331950972202104,0.5066804902779791,0.49331950972202104,0.5066804902779791,0
2021-03-04,6106.62,6941.92,0.5,0.5,0,0,0.4859604377770465,0.5140395622229534,0.4859604377770465,0.5140395622229534,0
2021-03-05,6089.86,6873.66,0.5,0.5,0,0,0.4877425381919055,0.5122574618080945,0.4877425381919055,0.5122574618080945,0
2021-03-08,5819.91,6799.31,0.5,0.5,0,0,0.47913602501678926,0.5208639749832108,0.47913602501678926,0.5208639749832108,0
2021-03-09,5672.46,6708.24,0.5,0.5,0,0,0.4760977862019501,0.5239022137980499,0.4760977862019501,0.5239022137980499,0
2021-03-10,5756.75,6680.82,0.5,0.5,0,0,0.48080051842085497,0.5191994815791451,0.48080051842085497,0.5191994815791451,0
2021-03-11,5920.37,6862.24,0.5,0.5,0,0,0.4811082420336616,0.5188917579663384,0.4811082420336616,0.5188917579663384,0
2021-03-12,5935.31,6937.21,0.5,0.5,0,0,0.47902519974484253,0.5209748002551575,0.47902519974484253,0.5209748002551575,0
2021-03-15,5731.27,6922.36,0.5,0.5,0,0,0.4708362265006496,0.5291637734993504,0.4708362265006496,0.5291637734993504,0
2021-03-16,5785.49,6983.59,0.5,0.5,0,0,0.47098809899698424,0.5290119010030158,0.47098809899698424,0.5290119010030158,0
2021-03-17,5875.71,6919.01,0.5,0.5,0,0,0.4771624406998728,0.5228375593001271,0.4771624406998728,0.5228375593001271,0
2021-03-18,5960.2,6948.7,0.5,0.5,0,1,0.47965658567314984,0.5203434143268503,0.5,0.5,1
2021-03-19,5795.12,6806.24,0.5,0.5,0,0,0.49815673329620164,0.5018432667037984,0.49815673329620164,0.5018432667037984,0
2021-03-22,5815.35,6895.9,0.5,0.5,0,0,0.49575622575661954,0.5042437742433804,0.49575622575661954,0.5042437742433804,0
2021-03-23,5743.38,6808.86,0.5,0.5,0,0,0.49581853150973343,0.5041814684902666,0.49581853150973343,0.5041814684902666,0
2021-03-24,5644.3,6687.55,0.5,0.5,0,0,0.4959623756923378,0.5040376243076621,0.4959623756923378,0.5040376243076621,0
2021-03-25,5673.34,6662.52,0.5,0.5,0,0,0.4981827010925699,0.5018172989074301,0.4981827010925699,0.5018172989074301,0
2021-03-26,5845.32,6746.15,0.5,0.5,0,0,0.502529959268757,0.4974700407312431,0.502529959268757,0.4974700407312431,0
2021-03-29,5869.33,6776.09,0.5,0.5,0,0,0.5024476810366714,0.4975523189633286,0.5024476810366714,0.4975523189633286,0
2021-03-30,5945.94,6808.89,0.5,0.5,0,0,0.504482399060774,0.4955176009392261,0.504482399060774,0.4955176009392261,0
2021-03-31,5881.93,6785.96,0.5,0.5,0,0,0.5026199064351888,0.4973800935648112,0.5026199064351888,0.4973800935648112,0
2021-04-01,5992.88,6822.75,0.5,0.5,0,0,0.5059397294900343,0.4940602705099657,0.5059397294900343,0.4940602705099657,0
2021-04-02,6099.5,6803.03,0.5,0.5,0,0,0.511070503856489,0.4889294961435109,0.511070503856489,0.4889294961435109,0
2021-04-06,6060.57,6789.73,0.5,0.5,0,0,0.5099594906919038,0.49004050930809623,0.5099594906919038,0.49004050930809623,0
2021-04-07,6000.93,6803.94,0.5,0.5,0,0,0.5069653381802997,0.49303466181970046,0.5069653381802997,0.49303466181970046,0
2021-04-08,6029.26,6786.51,0.5,0.5,0,0,0.5087836011148407,0.49121639888515944,0.5087836011148407,0.49121639888515944,0
2021-04-09,5935.78,6740.62,0.5,0.5,0,0,0.5065738932933703,0.4934261067066297,0.5065738932933703,0.4934261067066297,0
2021-04-12,5812.48,6690.81,0.5,0.5,0,0,0.5031806923850768,0.4968193076149232,0.5031806923850768,0.4968193076149232,0
2021-04-13,5821.81,6646.42,0.5,0.5,0,0,0.5052456575967056,0.49475434240329447,0.5052456575967056,0.49475434240329447,0
2021-04-14,5908.49,6674.35,0.5,0.5,0,0,0.5078916027384327,0.49210839726156724,0.5078916027384327,0.49210839726156724,0
2021-04-15,5885.19,6640.66,0.5,0.5,0,0,0.5081688289989682,0.4918311710010318,0.5081688289989682,0.4918311710010318,0
2021-04-16,5904.48,6691.13,0.5,0.5,0,0,0.5070943164405214,0.4929056835594785,0.5070943164405214,0.4929056835594785,0
2021-04-19,6076.66,6770.62,0.5,0.5,0,0,0.511326335522046,0.4886736644779541,0.511326335522046,0.4886736644779541,0
2021-04-20,6087.58,6749.7,0.5,0.5,0,0,0.5125481458085652,0.4874518541914348,0.5125481458085652,0.4874518541914348,0
2021-04-21,6100.61,6735.97,0.5,0.5,0,0,0.5135910254820069,0.4864089745179932,0.5135910254820069,0.4864089745179932,0
2021-04-22,6103.99,6716.93,0.5,0.5,0,0,0.5144364875789906,0.4855635124210093,0.5144364875789906,0.4855635124210093,0
2021-04-23,6198.72,6723.41,0.5,0.5,0,0,0.5180416405305768,0.4819583594694233,0.5180416405305768,0.4819583594694233,0
2021-04-26,6112.59,6646.73,0.5,0.5,0,0,0.5174119884068538,0.4825880115931463,0.5174119884068538,0.4825880115931463,0
2021-04-27,6148.56,6641.51,0.5,0.5,0,0,0.519073019472173,0.4809269805278272,0.519073019472173,0.4809269805278272,0
2021-04-28,6214.39,6659.02,0.5,0.5,0,0,0.5210739572839352,0.47892604271606476,0.5210739572839352,0.47892604271606476,0
2021-04-29,6237.12,6727.26,0.5,0.5,0,0,0.5194404856066436,0.4805595143933565,0.5194404856066436,0.4805595143933565,0
2021-04-30,6218.36,6637.33,0.5,0.5,0,0,0.522047440520906,0.477952559479094,0.522047440520906,0.477952559479094,0
2021-05-06,6121.29,6665.46,0.5,0.5,0,0,0.5170644809466336,0.4829355190533663,0.5170644809466336,0.4829355190533663,0
2021-05-07,6004.0,6686.89,0.5,0.5,0,0,0.5114299021039866,0.48857009789601347,0.5114299021039866,0.48857009789601347,0
2021-05-10,6008.93,6723.66,0.5,0.5,0,0,0.5102647078718675,0.48973529212813255,0.5102647078718675,0.48973529212813255,0
2021-05-11,6042.43,6701.22,0.5,0.5,0,0,0.5124892025296856,0.4875107974703145,0.5124892025296856,0.4875107974703145,0
2021-05-12,6091.02,6713.77,0.5,0.5,0,0,0.5140226888672973,0.48597731113270276,0.5140226888672973,0.48597731113270276,0
2021-05-13,6009.91,6617.34,0.5,0.5,0,0,0.5142878218639255,0.4857121781360744,0.5142878218639255,0.4857121781360744,0
2021-05-14,6124.07,6712.21,0.5,0.5,0,0,0.5154323983139971,0.48456760168600294,0.5154323983139971,0.48456760168600294,0
2021-05-17,6272.64,6746.18,0.5,0.5,0,0,0.5201569331185464,0.4798430668814535,0.5201569331185464,0.4798430668814535,0
2021-05-18,6260.2,6764.75,0.5,0.5,0,1,0.5189752279153884,0.4810247720846117,0.5,0.5,1
2021-05-19,6263.3,6706.66,0.5,0.5,0,0,0.5022798123949758,0.4977201876050242,0.5022798123949758,0.4977201876050242,0
2021-05-20,6285.25,6691.21,0.5,0.5,0,0,0.5037309473236358,0.49626905267636423,0.5037309473236358,0.49626905267636423,0
2021-05-21,6241.25,6665.37,0.5,0.5,0,0,0.5029420133981817,0.49705798660181827,0.5029420133981817,0.49705798660181827,0
2021-05-24,6270.5,6654.59,0.5,0.5,0,0,0.504515483907441,0.4954845160925591,0.504515483907441,0.4954845160925591,0
2021-05-25,6453.68,6795.82,0.5,0.5,0,0,0.5064636314083538,0.4935363685916462,0.5064636314083538,0.4935363685916462,0
2021-05-26,6434.98,6832.94,0.5,0.5,0,0,0.5043766059026339,0.4956233940973662,0.5043766059026339,0.4956233940973662,0
2021-05-27,6485.21,6835.98,0.5,0.5,0,0,0.5062090639653372,0.4937909360346629,0.5062090639653372,0.4937909360346629,0
2021-05-28,6461.66,6822.52,0.5,0.5,0,0,0.5057923704044263,0.4942076295955738,0.5057923704044263,0.4942076295955738,0
2021-05-31,6515.6,6793.94,0.5,0.5,0,0,0.5089194126128093,0.4910805873871906,0.5089194126128093,0.4910805873871906,0
2021-06-01,6554.49,6794.29,0.5,0.5,0,0,0.510393734996263,0.48960626500373694,0.510393734996263,0.48960626500373694,0
2021-06-02,6489.01,6780.39,0.5,0.5,0,0,0.5083963423330616,0.4916036576669383,0.5083963423330616,0.4916036576669383,0
2021-06-03,6447.75,6744.19,0.5,0.5,0,0,0.5081400336862384,0.4918599663137616,0.5081400336862384,0.4918599663137616,0
2021-06-04,6493.93,6753.52,0.5,0.5,0,0,0.5095781322723238,0.4904218677276762,0.5095781322723238,0.4904218677276762,0
2021-06-07,6487.17,6730.56,0.5,0.5,0,0,0.5101688983575516,0.4898311016424483,0.5101688983575516,0.4898311016424483,0
2021-06-08,6388.19,6716.66,0.5,0.5,0,0,0.5068428573704201,0.4931571426295798,0.5068428573704201,0.4931571426295798,0
2021-06-09,6406.75,6733.77,0.5,0.5,0,0,0.5069320881708226,0.4930679118291773,0.5069320881708226,0.4930679118291773,0
2021-06-10,6500.14,6732.75,0.5,0.5,0,0,0.5105867198515961,0.48941328014840385,0.5105867198515961,0.48941328014840385,0
2021-06-11,6452.32,6717.5,0.5,0.5,0,0,0.5093081412541329,0.490691858745867,0.5093081412541329,0.490691858745867,0
2021-06-15,6400.53,6616.13,0.5,0.5,0,0,0.511094020178308,0.4889059798216921,0.511094020178308,0.4889059798216921,0
2021-06-16,6210.13,6606.03,0.5,0.5,0,0,0.5039279526823569,0.4960720473176431,0.5039279526823569,0.4960720473176431,0
2021-06-17,6291.45,6566.85,0.5,0.5,0,0,0.5086667508329754,0.4913332491670246,0.5086667508329754,0.4913332491670246,0
2021-06-18,6312.57,6524.39,0.5,0.5,0,0,0.5111253119286597,0.4888746880713402,0.5111253119286597,0.4888746880713402,0
2021-06-21,6347.07,6469.46,0.5,0.5,0,0,0.514599303640627,0.485400696359373,0.514599303640627,0.485400696359373,0
2021-06-22,6391.7,6524.0,0.5,0.5,0,0,0.5142525782044324,0.48574742179556757,0.5142525782044324,0.48574742179556757,0
2021-06-23,6425.3,6566.37,0.5,0.5,0,0,0.5139452140414374,0.48605478595856266,0.5139452140414374,0.48605478595856266,0
2021-06-24,6428.6,6579.7,0.5,0.5,0,0,0.5135668705625227,0.48643312943747724,0.5135668705625227,0.48643312943747724,0
2021-06-25,6546.44,6655.32,0.5,0.5,0,0,0.5152497758327758,0.48475022416722413,0.5152497758327758,0.48475022416722413,0
2021-06-28,6615.48,6602.68,0.5,0.5,0,0,0.5198520341076706,0.4801479658923295,0.5198520341076706,0.4801479658923295,0
2021-06-29,6573.55,6515.17,0.5,0.5,0,0,0.5215950298213928,0.4784049701786071,0.5215950298213928,0.4784049701786071,0
2021-06-30,6646.66,6535.42,0.5,0.5,0,0,0.5235802526833403,0.4764197473166598,0.5235802526833403,0.4764197473166598,0
2021-07-01,6637.3,6566.89,0.5,0.5,0,0,0.5220302449483085,0.47796975505169154,0.5220302449483085,0.47796975505169154,0
2021-07-02,6425.41,6459.04,0.5,0.5,0,0,0.5180653614646437,0.48193463853535634,0.5180653614646437,0.48193463853535634,0
2021-07-05,6448.66,6436.1,0.5,0.5,0,0,0.5198552441887754,0.48014475581122446,0.5198552441887754,0.48014475581122446,0
2021-07-06,6402.3,6483.06,0.5,0.5,0,0,0.5162387499600578,0.48376125003994214,0.5162387499600578,0.48376125003994214,0
2021-07-07,6552.28,6484.69,0.5,0.5,0,0,0.5219564303035308,0.4780435696964693,0.5219564303035308,0.4780435696964693,0
2021-07-08,6530.82,6365.17,0.5,0.5,0,0,0.5257783086945261,0.47422169130547387,0.5257783086945261,0.47422169130547387,0
2021-07-09,6490.61,6359.76,0.5,0.5,0,0,0.5244502452435174,0.47554975475648265,0.5244502452435174,0.47554975475648265,0
2021-07-12,6624.39,6363.36,0.5,0.5,0,0,0.5293947959186637,0.4706052040813363,0.5293947959186637,0.4706052040813363,0
2021-07-13,6628.32,6416.66,0.5,0.5,0,0,0.5274640338456199,0.47253596615438004,0.5274640338456199,0.47253596615438004,0
2021-07-14,6582.37,6330.07,0.5,0.5,0,0,0.529116206933874,0.47088379306612593,0.529116206933874,0.47088379306612593,0
2021-07-15,6687.82,6408.06,0.5,0.5,0,0,0.5300249720070499,0.4699750279929501,0.5300249720070499,0.4699750279929501,0
2021-07-16,6547.07,6398.36,0.5,0.5,0,0,0.5251011524000582,0.4748988475999419,0.5251011524000582,0.4748988475999419,0
2021-07-19,6577.73,6379.01,0.5,0.5,0,1,0.5270211382828123,0.4729788617171877,0.5,0.5,1
2021-07-20,6598.99,6325.88,0.5,0.5,0,0,0.5028976334444671,0.4971023665555329,0.5028976334444671,0.4971023665555329,0
2021-07-21,6697.46,6293.21,0.5,0.5,0,0,0.5078944157920942,0.4921055842079058,0.5078944157920942,0.4921055842079058,0
2021-07-22,6676.42,6359.09,0.5,0.5,0,0,0.504504838671395,0.4954951613286049,0.504504838671395,0.4954951613286049,0
2021-07-23,6552.01,6322.4,0.5,0.5,0,0,0.5012490478470387,0.49875095215296134,0.5012490478470387,0.49875095215296134,0
2021-07-26,6336.44,6152.42,0.5,0.5,0,0,0.4996987020564254,0.5003012979435746,0.4996987020564254,0.5003012979435746,0
2021-07-27,6080.8,5978.39,0.5,0.5,0,0,0.49657709777650194,0.5034229022234981,0.49657709777650194,0.5034229022234981,0
2021-07-28,6135.49,5976.36,0.5,0.5,0,0,0.4989003691435697,0.5010996308564303,0.4989003691435697,0.5010996308564303,0
2021-07-29,6327.06,5992.12,0.5,0.5,0,0,0.5059281253178048,0.49407187468219504,0.5059281253178048,0.49407187468219504,0
2021-07-30,6242.88,5997.1,0.5,0.5,0,0,0.5023721840021955,0.4976278159978044,0.5023721840021955,0.4976278159978044,0
2021-08-02,6389.25,6098.16,0.5,0.5,0,0,0.5039881694595527,0.4960118305404472,0.5039881694595527,0.4960118305404472,0
2021-08-03,6379.41,6107.09,0.5,0.5,0,0,0.503237064062597,0.49676293593740284,0.503237064062597,0.49676293593740284,0
2021-08-04,6497.27,6111.86,0.5,0.5,0,0,0.5076179491404686,0.49238205085953146,0.5076179491404686,0.49238205085953146,0
2021-08-05,6447.68,6095.06,0.5,0.5,0,0,0.5063908971924601,0.4936091028075399,0.5063908971924601,0.4936091028075399,0
2021-08-06,6386.03,6117.2,0.5,0.5,0,0,0.5030828430473163,0.4969171569526837,0.5030828430473163,0.4969171569526837,0
2021-08-09,6409.74,6236.87,0.5,0.5,0,0,0.4991658673746933,0.5008341326253067,0.4991658673746933,0.5008341326253067,0
2021-08-10,6481.76,6274.01,0.5,0.5,0,0,0.5004748965237887,0.4995251034762113,0.5004748965237887,0.4995251034762113,0
2021-08-11,6439.77,6340.83,0.5,0.5,0,0,0.49620166366272456,0.5037983363372754,0.49620166366272456,0.5037983363372754,0
2021-08-12,6363.31,6341.29,0.5,0.5,0,0,0.49319783877080503,0.506802161229195,0.49319783877080503,0.506802161229195,0
2021-08-13,6317.67,6342.98,0.5,0.5,0,0,0.4913321163781003,0.5086678836218997,0.4913321163781003,0.5086678836218997,0
2021-08-16,6260.7,6369.41,0.5,0.5,0,0,0.48802937995666834,0.5119706200433316,0.48802937995666834,0.5119706200433316,0
2021-08-17,6091.6,6288.3,0.5,0.5,0,0,0.48439087898201233,0.5156091210179877,0.48439087898201233,0.5156091210179877,0
2021-08-18,6104.76,6417.67,0.5,0.5,0,0,0.47984514779861737,0.5201548522013826,0.47984514779861737,0.5201548522013826,0
2021-08-19,6104.41,6316.65,0.5,0.5,0,0,0.48379209767297493,0.5162079023270252,0.48379209767297493,0.5162079023270252,0
2021-08-20,5956.05,6292.58,0.5,0.5,0,0,0.47860296608282976,0.5213970339171702,0.47860296608282976,0.5213970339171702,0
2021-08-23,6101.14,6326.16,0.5,0.5,0,0,0.4832825920334836,0.5167174079665164,0.4832825920334836,0.5167174079665164,0
2021-08-24,6192.88,6358.42,0.5,0.5,0,0,0.4857397529361467,0.5142602470638533,0.4857397529361467,0.5142602470638533,0
2021-08-25,6241.64,6362.76,0.5,0.5,0,0,0.48752857100887165,0.5124714289911283,0.48752857100887165,0.5124714289911283,0
2021-08-26,6107.88,6315.8,0.5,0.5,0,0,0.4839676285422488,0.5160323714577512,0.4839676285422488,0.5160323714577512,0
2021-08-27,6128.02,6368.56,0.5,0.5,0,0,0.4827122747974455,0.5172877252025545,0.4827122747974455,0.5172877252025545,0
2021-08-30,6136.1,6329.92,0.5,0.5,0,0,0.48456115324805227,0.5154388467519476,0.48456115324805227,0.5154388467519476,0
2021-08-31,6048.27,6420.57,0.5,0.5,0,0,0.47741253260742456,0.5225874673925754,0.47741253260742456,0.5225874673925754,0
2021-09-01,6075.19,6534.09,0.5,0.5,0,0,0.4741489185968089,0.5258510814031911,0.4741489185968089,0.5258510814031911,0
2021-09-02,6018.68,6647.39,0.5,0.5,0,0,0.46753744891438653,0.5324625510856135,0.46753744891438653,0.5324625510856135,0
2021-09-03,5988.29,6645.62,0.5,0.5,0,0,0.46634374959546493,0.533656250404535,0.46634374959546493,0.533656250404535,0
2021-09-06,6156.19,6691.01,0.5,0.5,0,0,0.4715349264137983,0.5284650735862018,0.4715349264137983,0.5284650735862018,0
2021-09-07,6223.27,6832.29,0.5,0.5,0,0,0.4690294001256951,0.530970599874305,0.4690294001256951,0.530970599874305,0
2021-09-08,6178.21,6866.06,0.5,0.5,0,0,0.4659929250023946,0.5340070749976055,0.4659929250023946,0.5340070749976055,0
2021-09-09,6182.76,6920.99,0.5,0.5,0,0,0.46419368899929253,0.5358063110007076,0.46419368899929253,0.5358063110007076,0
2021-09-10,6233.73,6928.27,0.5,0.5,0,0,0.4659746537007943,0.5340253462992058,0.4659746537007943,0.5340253462992058,0
2021-09-13,6202.99,7008.15,0.5,0.5,0,0,0.4618942553805081,0.5381057446194918,0.4618942553805081,0.5381057446194918,0
2021-09-14,6195.02,6817.68,0.5,0.5,0,0,0.4684294849835157,0.5315705150164842,0.4684294849835157,0.5315705150164842,0
2021-09-15,6127.23,6790.29,0.5,0.5,0,0,0.46669248295224924,0.5333075170477507,0.46669248295224924,0.5333075170477507,0
2021-09-16,6043.88,6704.69,0.5,0.5,0,0,0.46644105891067633,0.5335589410893237,0.46644105891067633,0.5335589410893237,0
2021-09-17,6119.44,6691.5,0.5,0.5,0,0,0.47002492216757186,0.529975077832428,0.47002492216757186,0.529975077832428,0
2021-09-22,6062.55,6722.63,0.5,0.5,0,1,0.46654363324879866,0.5334563667512014,0.5,0.5,1
2021-09-23,6095.42,6761.19,0.5,0.5,0,0,0.49992192570088284,0.5000780742991171,0.49992192570088284,0.5000780742991171,0
2021-09-24,6124.59,6635.01,0.5,0.5,0,0,0.5058248824262068,0.4941751175737931,0.5058248824262068,0.4941751175737931,0
2021-09-27,6191.82,6513.06,0.5,0.5,0,0,0.5131890940921167,0.48681090590788334,0.5131890940921167,0.48681090590788334,0
2021-09-28,6157.4,6625.27,0.5,0.5,0,0,0.5075275382362867,0.4924724617637133,0.5075275382362867,0.4924724617637133,0
2021-09-29,6069.42,6532.1,0.5,0.5,0,0,0.507470321011715,0.492529678988285,0.507470321011715,0.492529678988285,0
2021-09-30,6176.43,6538.83,0.5,0.5,0,0,0.5115807104123281,0.4884192895876719,0.5115807104123281,0.4884192895876719,0
2021-10-08,6196.33,6589.26,0.5,0.5,0,0,0.5104647400484997,0.4895352599515002,0.5104647400484997,0.4895352599515002,0
2021-10-11,6166.01,6613.88,0.5,0.5,0,0,0.5083068414945487,0.49169315850545126,0.5083068414945487,0.49169315850545126,0
2021-10-12,6083.94,6536.02,0.5,0.5,0,0,0.5079175976753181,0.492082402324682,0.5079175976753181,0.492082402324682,0
2021-10-13,6222.99,6485.48,0.5,0.5,0,0,0.5155034311716445,0.4844965688283555,0.5155034311716445,0.4844965688283555,0
2021-10-14,6208.73,6450.2,0.5,0.5,0,0,0.5162927725367875,0.4837072274632125,0.5162927725367875,0.4837072274632125,0
2021-10-15,6256.66,6461.67,0.5,0.5,0,0,0.517769423702993,0.48223057629700705,0.517769423702993,0.48223057629700705,0
2021-10-18,6183.26,6480.02,0.5,0.5,0,0,0.5141139962030993,0.4858860037969007,0.5141139962030993,0.4858860037969007,0
2021-10-19,6251.49,6536.48,0.5,0.5,0,0,0.5146882686857164,0.4853117313142835,0.5146882686857164,0.4853117313142835,0
2021-10-20,6240.97,6489.51,0.5,0.5,0,0,0.5160688482536246,0.48393115174637535,0.5160688482536246,0.48393115174637535,0
2021-10-21,6227.72,6580.07,0.5,0.5,0,0,0.5120761146808531,0.48792388531914693,0.5120761146808531,0.48792388531914693,0
2021-10-22,6266.79,6551.92,0.5,0.5,0,0,0.5147095213774299,0.4852904786225702,0.5147095213774299,0.4852904786225702,0
2021-10-25,6303.79,6555.86,0.5,0.5,0,0,0.5160296740884367,0.48397032591156325,0.5160296740884367,0.48397032591156325,0
2021-10-26,6290.37,6520.93,0.5,0.5,0,0,0.5168315957785143,0.4831684042214856,0.5168315957785143,0.4831684042214856,0
2021-10-27,6223.71,6446.5,0.5,0.5,0,0,0.5170378477499434,0.4829621522500565,0.5170378477499434,0.4829621522500565,0
2021-10-28,6176.99,6361.56,0.5,0.5,0,0,0.518468197133745,0.48153180286625497,0.518468197133745,0.48153180286625497,0
2021-10-29,6276.5,6342.35,0.5,0.5,0,0,0.5232113248081917,0.4767886751918083,0.5232113248081917,0.4767886751918083,0
2021-11-01,6232.09,6386.66,0.5,0.5,0,0,0.5197021067354343,0.4802978932645658,0.5197021067354343,0.4802978932645658,0
2021-11-02,6201.3,6248.72,0.5,0.5,0,0,0.5239145511237961,0.4760854488762039,0.5239145511237961,0.4760854488762039,0
2021-11-03,6172.13,6280.5,0.5,0.5,0,0,0.5214726211067156,0.4785273788932844,0.5214726211067156,0.4785273788932844,0
2021-11-04,6244.99,6286.24,0.5,0.5,0,0,0.5241724832651076,0.4758275167348925,0.5241724832651076,0.4758275167348925,0
2021-11-05,6214.59,6203.97,0.5,0.5,0,0,0.5262406903242385,0.4737593096757616,0.5262406903242385,0.4737593096757616,0
2021-11-08,6230.69,6212.78,0.5,0.5,0,0,0.5265319460690407,0.47346805393095925,0.5265319460690407,0.47346805393095925,0
2021-11-09,6244.16,6201.83,0.5,0.5,0,0,0.5275099802281189,0.4724900197718811,0.5275099802281189,0.4724900197718811,0
2021-11-10,6208.69,6174.54,0.5,0.5,0,0,0.5271892728443419,0.4728107271556581,0.5271892728443419,0.4728107271556581,0
2021-11-11,6276.47,6314.3,0.5,0.5,0,0,0.5243157440226988,0.4756842559773012,0.5243157440226988,0.4756842559773012,0
2021-11-12,6263.55,6285.56,0.5,0.5,0,0,0.5249395667771763,0.4750604332228236,0.5249395667771763,0.4750604332228236,0
2021-11-15,6237.2,6286.52,0.5,0.5,0,0,0.5238500487559746,0.47614995124402537,0.5238500487559746,0.47614995124402537,0
2021-11-16,6263.49,6243.1,0.5,0.5,0,0,0.5266271920526743,0.4733728079473257,0.5266271920526743,0.4733728079473257,0
2021-11-17,6296.0,6248.53,0.5,0.5,0,0,0.5277009109172034,0.47229908908279655,0.5277009109172034,0.47229908908279655,0
2021-11-18,6233.37,6208.98,0.5,0.5,0,0,0.5267916719580266,0.47320832804197344,0.5267916719580266,0.47320832804197344,0
2021-11-19,6305.3,6290.61,0.5,0.5,0,0,0.5263957995289544,0.4736042004710456,0.5263957995289544,0.4736042004710456,0
2021-11-22,6396.14,6270.69,0.5,0.5,0,1,0.5307504495991345,0.46924955040086547,0.5,0.5,1
2021-11-23,6387.24,6284.04,0.5,0.5,0,0,0.4991202202777546,0.5008797797222453,0.4991202202777546,0.5008797797222453,0
2021-11-24,6401.85,6295.98,0.5,0.5,0,0,0.49921684804780114,0.5007831519521988,0.49921684804780114,0.5007831519521988,0
2021-11-25,6386.75,6272.51,0.5,0.5,0,0,0.49956016294162015,0.5004398370583799,0.49956016294162015,0.5004398370583799,0
2021-11-26,6365.89,6212.75,0.5,0.5,0,0,0.5011355306419687,0.4988644693580313,0.5011355306419687,0.4988644693580313,0
2021-11-29,6403.92,6194.07,0.5,0.5,0,0,0.5033773569188054,0.49662264308119464,0.5033773569188054,0.49662264308119464,0
2021-11-30,6367.18,6189.27,0.5,0.5,0,0,0.502132796273607,0.4978672037263931,0.502132796273607,0.4978672037263931,0
2021-12-01,6346.04,6254.69,0.5,0.5,0,0,0.49867278486959044,0.5013272151304096,0.49867278486959044,0.5013272151304096,0
2021-12-02,6353.28,6295.52,0.5,0.5,0,0,0.49733119001453435,0.5026688099854656,0.49733119001453435,0.5026688099854656,0
2021-12-03,6412.76,6349.41,0.5,0.5,0,0,0.497529913421244,0.5024700865787559,0.497529913421244,0.5024700865787559,0
2021-12-06,6345.35,6368.16,0.5,0.5,0,0,0.49415111689436153,0.5058488831056386,0.49415111689436153,0.5058488831056386,0
2021-12-07,6339.1,6446.67,0.5,0.5,0,0,0.4908422235123474,0.5091577764876526,0.4908422235123474,0.5091577764876526,0
2021-12-08,6478.67,6459.95,0.5,0.5,0,0,0.49577144521248556,0.5042285547875144,0.49577144521248556,0.5042285547875144,0
2021-12-09,6568.18,6514.15,0.5,0.5,0,0,0.4971129712066975,0.5028870287933024,0.4971129712066975,0.5028870287933024,0
2021-12-10,6551.56,6477.75,0.5,0.5,0,0,0.49788043129819615,0.5021195687018039,0.49788043129819615,0.5021195687018039,0
2021-12-13,6605.95,6500.73,0.5,0.5,0,0,0.4990619993003045,0.5009380006996955,0.4990619993003045,0.5009380006996955,0
2021-12-14,6598.14,6423.17,0.5,0.5,0,0,0.5017669273568472,0.4982330726431528,0.5017669273568472,0.4982330726431528,0
2021-12-15,6524.02,6436.62,0.5,0.5,0,0,0.49841973170323073,0.5015802682967693,0.49841973170323073,0.5015802682967693,0
2021-12-16,6547.96,6510.0,0.5,0.5,0,0,0.49650150898408046,0.5034984910159194,0.49650150898408046,0.5034984910159194,0
2021-12-17,6418.64,6469.72,0.5,0.5,0,0,0.49306672927102435,0.5069332707289756,0.49306672927102435,0.5069332707289756,0
2021-12-20,6295.2,6425.07,0.5,0.5,0,0,0.48994426248179845,0.5100557375182015,0.48994426248179845,0.5100557375182015,0
2021-12-21,6326.43,6508.7,0.5,0.5,0,0,0.4879493504964068,0.5120506495035934,0.4879493504964068,0.5120506495035934,0
2021-12-22,6358.19,6475.44,0.5,0.5,0,0,0.49048087526798356,0.5095191247320164,0.49048087526798356,0.5095191247320164,0
2021-12-23,6406.49,6513.45,0.5,0.5,0,0,0.49090949739598416,0.5090905026040159,0.49090949739598416,0.5090905026040159,0
2021-12-24,6371.86,6469.88,0.5,0.5,0,0,0.4912322919558045,0.5087677080441955,0.4912322919558045,0.5087677080441955,0
2021-12-27,6357.14,6482.97,0.5,0.5,0,0,0.49014916610141085,0.5098508338985892,0.49014916610141085,0.5098508338985892,0
2021-12-28,6411.1,6486.06,0.5,0.5,0,0,0.492142476324884,0.507857523675116,0.492142476324884,0.507857523675116,0
2021-12-29,6299.45,6425.82,0.5,0.5,0,0,0.49008374840230917,0.5099162515976908,0.49008374840230917,0.5099162515976908,0
2021-12-30,6361.74,6453.84,0.5,0.5,0,0,0.4914554157740072,0.5085445842259928,0.4914554157740072,0.5085445842259928,0
2021-12-31,6380.25,6498.07,0.5,0.5,0,0,0.4904745988200365,0.5095254011799635,0.4904745988200365,0.5095254011799635,0
2022-01-04,6316.54,6536.75,0.5,0.5,0,0,0.48648409426721373,0.5135159057327863,0.48648409426721373,0.5135159057327863,0
2022-01-05,6186.05,6544.1,0.5,0.5,0,0,0.48099031469418585,0.5190096853058142,0.48099031469418585,0.5190096853058142,0
2022-01-06,6123.62,6533.23,0.5,0.5,0,0,0.4788735051760205,0.5211264948239795,0.4788735051760205,0.5211264948239795,0
2022-01-07,6073.19,6620.02,0.5,0.5,0,0,0.47351913197738793,0.526480868022612,0.47351913197738793,0.526480868022612,0
2022-01-10,6099.12,6651.8,0.5,0.5,0,0,0.4733873526016026,0.5266126473983975,0.4733873526016026,0.5266126473983975,0
2022-01-11,6018.19,6651.47,0.5,0.5,0,0,0.4700709172966822,0.5299290827033178,0.4700709172966822,0.5299290827033178,0
2022-01-12,6114.2,6634.39,0.5,0.5,0,0,0.4746564677649605,0.5253435322350395,0.4746564677649605,0.5253435322350395,0
2022-01-13,5978.75,6584.05,0.5,0.5,0,0,0.47097097540794824,0.5290290245920517,0.47097097540794824,0.5290290245920517,0
2022-01-14,5985.12,6464.53,0.5,0.5,0,0,0.47580336324080047,0.5241966367591996,0.47580336324080047,0.5241966367591996,0
2022-01-17,6056.33,6495.34,0.5,0.5,0,0,0.47756774951673137,0.5224322504832687,0.47756774951673137,0.5224322504832687,0
2022-01-18,6077.63,6589.8,0.5,0.5,0,0,0.47484214560836907,0.5251578543916309,0.47484214560836907,0.5251578543916309,0
2022-01-19,6008.02,6624.0,0.5,0.5,0,0,0.47068055946997306,0.5293194405300269,0.47068055946997306,0.5293194405300269,0
2022-01-20,6020.85,6694.86,0.5,0.5,0,0,0.4685615518824165,0.5314384481175835,0.4685615518824165,0.5314384481175835,0
2022-01-21,5958.25,6626.56,0.5,0.5,0,0,0.4685124023675654,0.5314875976324346,0.4685124023675654,0.5314875976324346,0
2022-01-24,5973.76,6617.88,0.5,0.5,0,1,0.4694862614254944,0.5305137385745058,0.5,0.5,1
2022-01-25,5834.7,6430.3,0.5,0.5,0,0,0.501300044356561,0.49869995564343905,0.501300044356561,0.49869995564343905,0
2022-01-26,5872.33,6481.11,0.5,0.5,0,0,0.5009395560745709,0.49906044392542903,0.5009395560745709,0.49906044392542903,0
2022-01-27,5731.88,6392.15,0.5,0.5,0,0,0.4983428639908307,0.5016571360091693,0.4983428639908307,0.5016571360091693,0
2022-01-28,5672.18,6310.38,0.5,0.5,0,0,0.49894404132586395,0.5010559586741361,0.49894404132586395,0.5010559586741361,0
2022-02-07,5704.87,6499.63,0.5,0.5,0,0,0.4929938275708613,0.5070061724291388,0.4929938275708613,0.5070061724291388,0
2022-02-08,5606.84,6606.95,0.5,0.5,0,0,0.48457082215637287,0.5154291778436271,0.48457082215637287,0.5154291778436271,0
2022-02-09,5683.78,6634.7,0.5,0.5,0,0,0.4869283753472604,0.5130716246527397,0.4869283753472604,0.5130716246527397,0
2022-02-10,5632.01,6687.78,0.5,0.5,0,0,0.482652701929149,0.517347298070851,0.482652701929149,0.517347298070851,0
2022-02-11,5529.65,6706.1,0.5,0.5,0,0,0.4773918002157432,0.5226081997842569,0.4773918002157432,0.5226081997842569,0
2022-02-14,5506.35,6559.92,0.5,0.5,0,0,0.4818385175001158,0.5181614824998841,0.4818385175001158,0.5181614824998841,0
2022-02-15,5637.64,6519.93,0.5,0.5,0,0,0.4892517636919435,0.5107482363080564,0.4892517636919435,0.5107482363080564,0
2022-02-16,5646.44,6573.73,0.5,0.5,0,0,0.48758814706282516,0.5124118529371748,0.48758814706282516,0.5124118529371748,0
2022-02-17,5671.04,6555.51,0.5,0.5,0,0,0.4893678872111428,0.5106321127888572,0.4893678872111428,0.5106321127888572,0
2022-02-18,5682.93,6648.12,0.5,0.5,0,0,0.48638620788756326,0.5136137921124366,0.48638620788756326,0.5136137921124366,0
2022-02-21,5655.18,6640.71,0.5,0.5,0,0,0.4854420123616923,0.5145579876383077,0.4854420123616923,0.5145579876383077,0
2022-02-22,5569.33,6563.18,0.5,0.5,0,0,0.48455442834021556,0.5154455716597844,0.48455442834021556,0.5154455716597844,0
2022-02-23,5682.16,6550.95,0.5,0.5,0,0,0.49003129539590173,0.5099687046040983,0.49003129539590173,0.5099687046040983,0
2022-02-24,5565.83,6431.05,0.5,0.5,0,0,0.48947826106045694,0.510521738939543,0.48947826106045694,0.510521738939543,0
2022-02-25,5657.38,6428.84,0.5,0.5,0,0,0.4936416682679871,0.506358331732013,0.4936416682679871,0.506358331732013,0
2022-02-28,5683.05,6430.61,0.5,0.5,0,0,0.4947044957509776,0.5052955042490224,0.4947044957509776,0.5052955042490224,0
2022-03-01,5737.19,6482.76,0.5,0.5,0,0,0.49505559364984575,0.5049444063501543,0.49505559364984575,0.5049444063501543,0
2022-03-02,5662.86,6479.26,0.5,0.5,0,0,0.4919310232629948,0.5080689767370051,0.4919310232629948,0.5080689767370051,0
2022-03-03,5574.2,6538.18,0.5,0.5,0,0,0.4857260051281729,0.514273994871827,0.4857260051281729,0.514273994871827,0
2022-03-04,5511.6,6471.11,0.5,0.5,0,0,0.4854805431242557,0.5145194568757443,0.4854805431242557,0.5145194568757443,0
2022-03-07,5304.55,6370.73,0.5,0.5,0,0,0.47982331562857766,0.5201766843714224,0.47982331562857766,0.5201766843714224,0
2022-03-08,5232.41,6178.55,0.5,0.5,0,0,0.48405213416525666,0.5159478658347434,0.48405213416525666,0.5159478658347434,0
2022-03-09,5200.9,6075.67,0.5,0.5,0,0,0.4867375987329458,0.5132624012670541,0.4867375987329458,0.5132624012670541,0
2022-03-10,5324.58,6116.19,0.5,0.5,0,0,0.49094924215146263,0.5090507578485373,0.49094924215146263,0.5090507578485373,0
2022-03-11,5338.46,6143.8,0.5,0.5,0,0,0.4904742304218145,0.5095257695781855,0.4904742304218145,0.5095257695781855,0
2022-03-14,5158.56,5998.85,0.5,0.5,0,0,0.48787443258979346,0.5121255674102065,0.48787443258979346,0.5121255674102065,0
2022-03-15,4949.84,5640.62,0.5,0.5,0,0,0.49294041825445417,0.5070595817455458,0.49294041825445417,0.5070595817455458,0
2022-03-16,5163.51,5841.74,0.5,0.5,0,0,0.4947467971034129,0.505253202896587,0.4947467971034129,0.505253202896587,0
2022-03-17,5301.62,5920.94,0.5,0.5,0,0,0.4979789475635416,0.5020210524364583,0.4979789475635416,0.5020210524364583,0
2022-03-18,5300.85,6060.53,0.5,0.5,0,0,0.4921177685879925,0.5078822314120076,0.4921177685879925,0.5078822314120076,0
2022-03-21,5315.65,6019.34,0.5,0.5,0,0,0.4945192727796816,0.5054807272203183,0.4945192727796816,0.5054807272203183,0
2022-03-22,5264.4,6098.72,0.5,0.5,0,0,0.4888235614863555,0.5111764385136445,0.4888235614863555,0.5111764385136445,0
2022-03-23,5321.03,6089.59,0.5,0.5,0,0,0.4918718835389476,0.5081281164610524,0.4918718835389476,0.5081281164610524,0
2022-03-24,5271.79,6072.17,0.5,0.5,0,1,0.4902643452281091,0.5097356547718909,0.5,0.5,1
2022-03-25,5154.35,6023.71,0.5,0.5,0,0,0.4963709996046754,0.5036290003953245,0.4963709996046754,0.5036290003953245,0
2022-03-28,5092.47,6073.71,0.5,0.5,0,0,0.49128574019575655,0.5087142598042435,0.49128574019575655,0.5087142598042435,0
2022-03-29,5069.5,6059.21,0.5,0.5,0,0,0.49075326402136626,0.5092467359786337,0.49075326402136626,0.5092467359786337,0
2022-03-30,5233.58,6175.88,0.5,0.5,0,0,0.4939478574977973,0.5060521425022027,0.4939478574977973,0.5060521425022027,0
2022-03-31,5167.62,6203.97,0.5,0.5,0,0,0.489643705968503,0.5103562940314971,0.489643705968503,0.5103562940314971,0
2022-04-01,5216.78,6278.09,0.5,0.5,0,0,0.4890419132058877,0.5109580867941123,0.4890419132058877,0.5109580867941123,0
2022-04-06,5153.48,6357.24,0.5,0.5,0,0,0.4828627072638551,0.5171372927361448,0.4828627072638551,0.5171372927361448,0
2022-04-07,5080.72,6264.89,0.5,0.5,0,0,0.48296610133403955,0.5170338986659604,0.48296610133403955,0.5170338986659604,0
2022-04-08,5085.46,6333.26,0.5,0.5,0,0,0.48048902471266236,0.5195109752873377,0.48048902471266236,0.5195109752873377,0
2022-04-11,4901.31,6205.23,0.5,0.5,0,0,0.4763816165209283,0.5236183834790717,0.4763816165209283,0.5236183834790717,0
2022-04-12,5022.92,6244.43,0.5,0.5,0,0,0.4809261717557964,0.5190738282442036,0.4809261717557964,0.5190738282442036,0
2022-04-13,4941.81,6214.31,0.5,0.5,0,0,0.47806983818829557,0.5219301618117045,0.47806983818829557,0.5219301618117045,0
2022-04-14,5018.7,6288.67,0.5,0.5,0,0,0.4789542940669989,0.521045705933001,0.4789542940669989,0.521045705933001,0
2022-04-15,4999.57,6293.61,0.5,0.5,0,0,0.4778053820970216,0.5221946179029784,0.4778053820970216,0.5221946179029784,0
2022-04-18,5026.49,6161.23,0.5,0.5,0,0,0.48445290552273357,0.5155470944772663,0.48445290552273357,0.5155470944772663,0
2022-04-19,4976.43,6172.58,0.5,0.5,0,0,0.48149394175773386,0.5185060582422661,0.48149394175773386,0.5185060582422661,0
2022-04-20,4881.44,6043.32,0.5,0.5,0,0,0.48196602678096623,0.5180339732190338,0.48196602678096623,0.5180339732190338,0
2022-04-21,4762.25,5945.97,0.5,0.5,0,0,0.47984908066442555,0.5201509193355744,0.47984908066442555,0.5201509193355744,0
2022-04-22,4746.65,6025.95,0.5,0.5,0,0,0.4756966760352724,0.5243033239647278,0.4756966760352724,0.5243033239647278,0
2022-04-25,4480.17,5745.9,0.5,0.5,0,0,0.473155963749542,0.526844036250458,0.473155963749542,0.526844036250458,0
2022-04-26,4455.28,5660.18,0.5,0.5,0,0,0.4755146735648144,0.5244853264351856,0.4755146735648144,0.5244853264351856,0
2022-04-27,4656.42,5732.08,0.5,0.5,0,0,0.4833847498623446,0.5166152501376555,0.4833847498623446,0.5166152501376555,0
2022-04-28,4667.08,5798.97,0.5,0.5,0,0,0.4810589099947901,0.5189410900052099,0.4810589099947901,0.5189410900052099,0
2022-04-29,4792.63,5897.77,0.5,0.5,0,0,0.4834687979131851,0.516531202086815,0.4834687979131851,0.516531202086815,0
2022-05-05,4782.34,5916.38,0.5,0.5,0,0,0.4821454110849836,0.5178545889150165,0.4821454110849836,0.5178545889150165,0
2022-05-06,4660.4,5768.19,0.5,0.5,0,0,0.48202999701627103,0.517970002983729,0.48202999701627103,0.517970002983729,0
2022-05-09,4628.33,5750.73,0.5,0.5,0,0,0.4810629081845468,0.5189370918154532,0.4810629081845468,0.5189370918154532,0
2022-05-10,4692.08,5795.66,0.5,0.5,0,0,0.4825352811779594,0.5174647188220405,0.4825352811779594,0.5174647188220405,0
2022-05-11,4792.32,5789.46,0.5,0.5,0,0,0.4880826792986092,0.5119173207013907,0.4880826792986092,0.5119173207013907,0
2022-05-12,4783.4,5751.89,0.5,0.5,0,0,0.48924395165652995,0.5107560483434701,0.48924395165652995,0.5107560483434701,0
2022-05-13,4799.12,5845.71,0.5,0.5,0,0,0.48602128936582445,0.5139787106341757,0.48602128936582445,0.5139787106341757,0
2022-05-16,4760.29,5825.56,0.5,0.5,0,0,0.48485451784159284,0.5151454821584072,0.48485451784159284,0.5151454821584072,0
2022-05-17,4816.55,5847.08,0.5,0.5,0,0,0.486868417075249,0.513131582924751,0.486868417075249,0.513131582924751,0
2022-05-18,4797.58,5808.71,0.5,0.5,0,0,0.48752738371119175,0.5124726162888082,0.48752738371119175,0.5124726162888082,0
2022-05-19,4813.12,5823.34,0.5,0.5,0,0,0.4877068818744031,0.512293118125597,0.4877068818744031,0.512293118125597,0
2022-05-20,4915.95,5914.05,0.5,0.5,0,0,0.4891267691543159,0.5108732308456839,0.4891267691543159,0.5108732308456839,0
2022-05-23,4899.5,5884.3,0.5,0.5,0,0,0.48954938364065526,0.5104506163593446,0.48954938364065526,0.5104506163593446,0
2022-05-24,4749.63,5774.58,0.5,0.5,0,1,0.48649010604022225,0.5135098939597778,0.5,0.5,1
2022-05-25,4768.51,5838.58,0.5,0.5,0,0,0.4982362765041947,0.5017637234958053,0.4982362765041947,0.5017637234958053,0
2022-05-26,4774.21,5885.91,0.5,0.5,0,0,0.49651654692610936,0.5034834530738908,0.49651654692610936,0.5034834530738908,0
2022-05-27,4786.78,5893.2,0.5,0.5,0,0,0.496864444583653,0.5031355554163469,0.496864444583653,0.5031355554163469,0
2022-05-30,4848.17,5882.19,0.5,0.5,0,0,0.5005177445212544,0.4994822554787455,0.5005177445212544,0.4994822554787455,0
2022-05-31,4957.99,5918.19,0.5,0.5,0,0,0.5045920118819713,0.4954079881180288,0.5045920118819713,0.4954079881180288,0
2022-06-01,4960.38,5912.1,0.5,0.5,0,0,0.5049698509872773,0.4950301490127228,0.5049698509872773,0.4950301490127228,0
2022-06-02,4989.87,5883.32,0.5,0.5,0,0,0.5076712567743354,0.49232874322566456,0.5076712567743354,0.49232874322566456,0
2022-06-06,5129.31,5908.93,0.5,0.5,0,0,0.5134730345646387,0.48652696543536134,0.5134730345646387,0.48652696543536134,0
2022-06-07,5147.85,5930.57,0.5,0.5,0,0,0.513461153369701,0.48653884663029906,0.513461153369701,0.48653884663029906,0
2022-06-08,5200.86,5965.43,0.5,0.5,0,0,0.5145563011947474,0.4854436988052526,0.5145563011947474,0.4854436988052526,0
2022-06-09,5102.34,5971.51,0.5,0.5,0,0,0.509523407486883,0.49047659251311715,0.509523407486883,0.49047659251311715,0
2022-06-10,5190.15,6022.22,0.5,0.5,0,0,0.5116742385475535,0.4883257614524465,0.5116742385475535,0.4883257614524465,0
2022-06-13,5158.08,5937.85,0.5,0.5,0,0,0.5136506340526654,0.4863493659473346,0.5136506340526654,0.4863493659473346,0
2022-06-14,5166.8,6033.42,0.5,0.5,0,0,0.5100832161310536,0.4899167838689464,0.5100832161310536,0.4899167838689464,0
2022-06-15,5209.32,6118.84,0.5,0.5,0,0,0.5086180462112654,0.49138195378873467,0.5086180462112654,0.49138195378873467,0
2022-06-16,5213.43,6010.14,0.5,0.5,0,0,0.5132940540031089,0.4867059459968911,0.5132940540031089,0.4867059459968911,0
2022-06-17,5315.89,6028.65,0.5,0.5,0,0,0.5173870239627206,0.48261297603727943,0.5173870239627206,0.48261297603727943,0
2022-06-20,5375.09,5986.2,0.5,0.5,0,0,0.5219152758901466,0.47808472410985337,0.5219152758901466,0.47808472410985337,0
2022-06-21,5340.41,5997.7,0.5,0.5,0,0,0.5198209007484916,0.48017909925150837,0.5198209007484916,0.48017909925150837,0
2022-06-22,5269.82,5911.81,0.5,0.5,0,0,0.5200999040470435,0.47990009595295635,0.5200999040470435,0.47990009595295635,0
2022-06-23,5373.89,5983.37,0.5,0.5,0,0,0.5219775528728594,0.4780224471271407,0.5219775528728594,0.4780224471271407,0
2022-06-24,5466.67,5986.66,0.5,0.5,0,0,0.5261099283001498,0.47389007169985015,0.5261099283001498,0.47389007169985015,0
2022-06-27,5538.46,6028.13,0.5,0.5,0,0,0.5276414000051131,0.4723585999948869,0.5276414000051131,0.4723585999948869,0
2022-06-28,5609.81,6073.85,0.5,0.5,0,0,0.5289483361586637,0.47105166384133634,0.5289483361586637,0.47105166384133634,0
2022-06-29,5477.98,6041.08,0.5,0.5,0,0,0.5243687831976065,0.47563121680239356,0.5243687831976065,0.47563121680239356,0
2022-06-30,5600.26,6080.7,0.5,0.5,0,0,0.5282429072765306,0.4717570927234694,0.5282429072765306,0.4717570927234694,0
2022-07-01,5577.08,6072.53,0.5,0.5,0,0,0.527544292278552,0.472455707721448,0.527544292278552,0.472455707721448,0
2022-07-04,5635.4,6087.58,0.5,0.5,0,0,0.5295197061373093,0.47048029386269075,0.5295197061373093,0.47048029386269075,0
2022-07-05,5629.23,6107.08,0.5,0.5,0,0,0.5284499166089851,0.47155008339101506,0.5284499166089851,0.47155008339101506,0
2022-07-06,5546.04,5988.24,0.5,0.5,0,0,0.5296365741689988,0.4703634258310012,0.5296365741689988,0.4703634258310012,0
2022-07-07,5580.4,5992.46,0.5,0.5,0,0,0.530999501806684,0.4690004981933159,0.530999501806684,0.4690004981933159,0
2022-07-08,5537.86,5982.1,0.5,0.5,0,0,0.5295244315503052,0.47047556844969485,0.5295244315503052,0.47047556844969485,0
2022-07-11,5422.52,5938.52,0.5,0.5,0,0,0.5261011305156764,0.47389886948432347,0.5261011305156764,0.47389886948432347,0
2022-07-12,5340.45,5945.0,0.5,0.5,0,0,0.5220252858364646,0.47797471416353543,0.5220252858364646,0.47797471416353543,0
2022-07-13,5389.21,5909.07,0.5,0.5,0,0,0.525804342251046,0.4741956577489539,0.525804342251046,0.4741956577489539,0
2022-07-14,5446.14,5824.79,0.5,0.5,0,0,0.5320019336349985,0.46799806636500146,0.5320019336349985,0.46799806636500146,0
2022-07-15,5364.33,5683.37,0.5,0.5,0,0,0.5343522762893916,0.4656477237106085,0.5343522762893916,0.4656477237106085,0
2022-07-18,5418.12,5802.47,0.5,0.5,0,0,0.531673532910356,0.4683264670896441,0.531673532910356,0.4683264670896441,0
2022-07-19,5367.5,5811.16,0.5,0.5,0,0,0.5289627536682262,0.47103724633177385,0.5289627536682262,0.47103724633177385,0
2022-07-20,5398.35,5831.77,0.5,0.5,0,0,0.5295085688535788,0.4704914311464211,0.5295085688535788,0.4704914311464211,0
2022-07-21,5354.13,5740.15,0.5,0.5,0,0,0.5314040296136789,0.46859597038632106,0.5314040296136789,0.46859597038632106,0
2022-07-22,5331.12,5743.38,0.5,0.5,0,0,0.5301912930759303,0.46980870692406973,0.5301912930759303,0.46980870692406973,0
2022-07-25,5277.98,5732.59,0.5,0.5,0,1,0.5281638617982924,0.4718361382017075,0.5,0.5,1
2022-07-26,5328.04,5788.52,0.5,0.5,0,0,0.4999326954395173,0.5000673045604829,0.4999326954395173,0.5000673045604829,0
2022-07-27,5314.0,5763.9,0.5,0.5,0,0,0.5003386262575381,0.49966137374246195,0.5003386262575381,0.49966137374246195,0
2022-07-28,5324.98,5763.9,0.5,0.5,0,0,0.5008546525725236,0.4991453474274764,0.5008546525725236,0.4991453474274764,0
2022-07-29,5241.0,5717.95,0.5,0.5,0,0,0.4988814911401672,0.5011185088598328,0.4988814911401672,0.5011185088598328,0
2022-08-01,5312.2,5695.77,0.5,0.5,0,0,0.5032265189154972,0.49677348108450275,0.5032265189154972,0.49677348108450275,0
2022-08-02,5192.64,5558.67,0.5,0.5,0,0,0.5036267749360893,0.49637322506391074,0.5036267749360893,0.49637322506391074,0
2022-08-03,5131.11,5492.09,0.5,0.5,0,0,0.5036592150757364,0.4963407849242637,0.5036592150757364,0.4963407849242637,0
2022-08-04,5164.12,5531.55,0.5,0.5,0,0,0.5034726021003222,0.4965273978996778,0.5034726021003222,0.4965273978996778,0
2022-08-05,5257.97,5583.39,0.5,0.5,0,0,0.5056429825732948,0.4943570174267053,0.5056429825732948,0.4943570174267053,0
2022-08-08,5261.13,5595.75,0.5,0.5,0,0,0.5052404176944211,0.49475958230557887,0.5052404176944211,0.49475958230557887,0
2022-08-09,5297.44,5598.37,0.5,0.5,0,0,0.506842619746663,0.49315738025333716,0.506842619746663,0.49315738025333716,0
2022-08-10,5246.98,5568.54,0.5,0.5,0,0,0.5057856814344777,0.49421431856552234,0.5057856814344777,0.49421431856552234,0
2022-08-11,5360.86,5669.67,0.5,0.5,0,0,0.5066539776003381,0.4933460223996619,0.5066539776003381,0.4933460223996619,0
2022-08-12,5337.53,5700.83,0.5,0.5,0,0,0.5041937035795083,0.4958062964204917,0.5041937035795083,0.4958062964204917,0
2022-08-15,5366.53,5682.59,0.5,0.5,0,0,0.5063492560058503,0.4936507439941497,0.5063492560058503,0.4936507439941497,0
2022-08-16,5360.43,5686.8,0.5,0.5,0,0,0.5058798496323542,0.4941201503676457,0.5058798496323542,0.4941201503676457,0
2022-08-17,5403.5,5727.94,0.5,0.5,0,0,0.5060784314913269,0.493921568508673,0.5060784314913269,0.493921568508673,0
2022-08-18,5369.27,5664.7,0.5,0.5,0,0,0.5072649910146482,0.49273500898535183,0.5072649910146482,0.49273500898535183,0
2022-08-19,5290.21,5691.34,0.5,0.5,0,0,0.5023840339724364,0.4976159660275637,0.5023840339724364,0.4976159660275637,0
2022-08-22,5349.92,5723.57,0.5,0.5,0,0,0.5037781425321232,0.4962218574678769,0.5037781425321232,0.4962218574678769,0
2022-08-23,5332.56,5710.87,0.5,0.5,0,0,0.5035209501855201,0.4964790498144798,0.5035209501855201,0.4964790498144798,0
2022-08-24,5178.64,5651.78,0.5,0.5,0,0,0.49879898245241044,0.5012010175475895,0.49879898245241044,0.5012010175475895,0
2022-08-25,5189.49,5751.56,0.5,0.5,0,0,0.49494724473758256,0.5050527552624174,0.49494724473758256,0.5050527552624174,0
2022-08-26,5163.11,5724.35,0.5,0.5,0,0,0.49485870422574196,0.505141295774258,0.49485870422574196,0.505141295774258,0
2022-08-29,5150.45,5720.41,0.5,0.5,0,0,0.4944171308241409,0.505582869175859,0.4944171308241409,0.505582869175859,0
2022-08-30,5116.68,5704.1,0.5,0.5,0,0,0.4934865093720942,0.5065134906279057,0.4934865093720942,0.5065134906279057,0
2022-08-31,5054.32,5710.07,0.5,0.5,0,0,0.49016027733543255,0.5098397226645676,0.49016027733543255,0.5098397226645676,0
2022-09-01,5004.6,5702.73,0.5,0.5,0,0,0.48801141541540405,0.511988584584596,0.48801141541540405,0.511988584584596,0
2022-09-02,4987.54,5687.32,0.5,0.5,0,0,0.4878343150195672,0.5121656849804329,0.4878343150195672,0.5121656849804329,0
2022-09-05,4987.14,5745.34,0.5,0.5,0,0,0.4852786297104329,0.5147213702895671,0.4852786297104329,0.5147213702895671,0
2022-09-06,5053.29,5801.57,0.5,0.5,0,0,0.48613728686422625,0.5138627131357738,0.48613728686422625,0.5138627131357738,0
2022-09-07,5078.45,5791.52,0.5,0.5,0,0,0.48781124156138933,0.5121887584386106,0.48781124156138933,0.5121887584386106,0
2022-09-08,5035.54,5786.29,0.5,0.5,0,0,0.4859170833873221,0.5140829166126779,0.4859170833873221,0.5140829166126779,0
2022-09-09,5090.75,5873.95,0.5,0.5,0,0,0.4848850651668342,0.5151149348331658,0.4848850651668342,0.5151149348331658,0
2022-09-13,5090.53,5868.63,0.5,0.5,0,0,0.48510059272858486,0.5148994072714151,0.48510059272858486,0.5148994072714151,0
2022-09-14,5020.12,5811.08,0.5,0.5,0,0,0.4840832259818589,0.5159167740181411,0.4840832259818589,0.5159167740181411,0
2022-09-15,4899.77,5814.16,0.5,0.5,0,0,0.4778934042540955,0.5221065957459046,0.4778934042540955,0.5221065957459046,0
2022-09-16,4778.73,5645.0,0.5,0.5,0,0,0.47901947920716625,0.5209805207928337,0.47901947920716625,0.5209805207928337,0
2022-09-19,4761.35,5639.9,0.5,0.5,0,0,0.47833579575764396,0.521664204242356,0.47833579575764396,0.521664204242356,0
2022-09-20,4804.19,5610.55,0.5,0.5,0,0,0.48187386855403574,0.5181261314459643,0.48187386855403574,0.5181261314459643,0
2022-09-21,4753.4,5639.83,0.5,0.5,0,0,0.47792191961303115,0.5220780803869689,0.47792191961303115,0.5220780803869689,0
2022-09-22,4720.42,5617.21,0.5,0.5,0,0,0.4771875154488504,0.5228124845511496,0.4771875154488504,0.5228124845511496,0
2022-09-23,4669.32,5604.5,0.5,0.5,0,0,0.47503766816147064,0.5249623318385294,0.47503766816147064,0.5249623318385294,0
2022-09-26,4669.99,5495.59,0.5,0.5,0,1,0.47996946711057153,0.5200305328894285,0.5,0.5,1
2022-09-27,4758.39,5531.08,0.5,0.5,0,0,0.5030787868311039,0.4969212131688961,0.5030787868311039,0.4969212131688961,0
2022-09-28,4635.87,5461.97,0.5,0.5,0,0,0.4997008438367143,0.5002991561632856,0.4997008438367143,0.5002991561632856,0
2022-09-29,4661.3,5423.06,0.5,0.5,0,0,0.5028557613170517,0.49714423868294827,0.5028557613170517,0.49714423868294827,0
2022-09-30,4595.88,5450.19,0.5,0.5,0,0,0.4980747099179539,0.5019252900820461,0.4980747099179539,0.5019252900820461,0
2022-10-10,4466.08,5424.18,0.5,0.5,0,0,0.49210899337278335,0.5078910066272168,0.49210899337278335,0.5078910066272168,0
2022-10-11,4498.08,5425.66,0.5,0.5,0,0,0.49382534145035095,0.506174658549649,0.49382534145035095,0.506174658549649,0
2022-10-12,4600.92,5491.14,0.5,0.5,0,0,0.49647741361653447,0.5035225863834655,0.49647741361653447,0.5035225863834655,0
2022-10-13,4585.19,5431.95,0.5,0.5,0,0,0.4983306014289738,0.5016693985710262,0.4983306014289738,0.5016693985710262,0
2022-10-14,4736.12,5502.58,0.5,0.5,0,0,0.5031975024148241,0.49680249758517603,0.5031975024148241,0.49680249758517603,0
2022-10-17,4747.74,5503.53,0.5,0.5,0,0,0.5037669369489803,0.4962330630510197,0.5037669369489803,0.4962330630510197,0
2022-10-18,4749.14,5491.41,0.5,0.5,0,0,0.5043917665408486,0.49560823345915145,0.5043917665408486,0.49560823345915145,0
2022-10-19,4681.43,5428.56,0.5,0.5,0,0,0.5036796174416204,0.4963203825583796,0.5036796174416204,0.4963203825583796,0
2022-10-20,4651.99,5391.4,0.5,0.5,0,0,0.5038196796082992,0.49618032039170085,0.5038196796082992,0.49618032039170085,0
2022-10-21,4628.25,5395.13,0.5,0.5,0,0,0.5023677708402458,0.4976322291597542,0.5023677708402458,0.4976322291597542,0
2022-10-24,4520.06,5264.98,0.5,0.5,0,0,0.5025592134660506,0.49744078653394946,0.5025592134660506,0.49744078653394946,0
2022-10-25,4506.81,5259.13,0.5,0.5,0,0,0.5021032362002305,0.4978967637997696,0.5021032362002305,0.4978967637997696,0
2022-10-26,4586.01,5252.87,0.5,0.5,0,0,0.5067557871263544,0.49324421287364556,0.5067557871263544,0.49324421287364556,0
2022-10-27,4548.22,5259.6,0.5,0.5,0,0,0.5043673867922628,0.4956326132077373,0.5043673867922628,0.4956326132077373,0
2022-10-28,4420.6,5147.87,0.5,0.5,0,0,0.5026203306786392,0.4973796693213609,0.5026203306786392,0.4973796693213609,0
2022-10-31,4394.14,5066.19,0.5,0.5,0,0,0.5051177716030752,0.49488222839692475,0.5051177716030752,0.49488222839692475,0
2022-11-01,4560.18,5169.19,0.5,0.5,0,0,0.5093576860575474,0.4906423139424525,0.5093576860575474,0.4906423139424525,0
2022-11-02,4632.77,5202.83,0.5,0.5,0,0,0.5116831917854029,0.48831680821459705,0.5116831917854029,0.48831680821459705,0
2022-11-03,4618.84,5164.68,0.5,0.5,0,0,0.5127695896454693,0.4872304103545308,0.5127695896454693,0.4872304103545308,0
2022-11-04,4780.96,5286.81,0.5,0.5,0,0,0.5155488213160483,0.48445117868395177,0.5155488213160483,0.48445117868395177,0
2022-11-07,4800.97,5317.05,0.5,0.5,0,0,0.5151674362065763,0.4848325637934238,0.5151674362065763,0.4848325637934238,0
2022-11-08,4760.03,5306.33,0.5,0.5,0,0,0.5135323307458632,0.4864676692541367,0.5135323307458632,0.4864676692541367,0
2022-11-09,4706.32,5298.56,0.5,0.5,0,0,0.5110632497242612,0.48893675027573874,0.5110632497242612,0.48893675027573874,0
2022-11-10,4636.83,5294.74,0.5,0.5,0,0,0.5075259541277372,0.4924740458722628,0.5075259541277372,0.4924740458722628,0
2022-11-11,4741.66,5441.71,0.5,0.5,0,0,0.5062704106826114,0.49372958931738864,0.5062704106826114,0.49372958931738864,0
2022-11-14,4712.14,5488.93,0.5,0.5,0,0,0.5025494385688939,0.4974505614311062,0.5025494385688939,0.4974505614311062,0
2022-11-15,4825.18,5552.67,0.5,0.5,0,0,0.5055893093451412,0.49441069065485865,0.5055893093451412,0.49441069065485865,0
2022-11-16,4777.04,5522.09,0.5,0.5,0,0,0.504463310964169,0.4955366890358311,0.504463310964169,0.4955366890358311,0
2022-11-17,4751.97,5505.92,0.5,0.5,0,0,0.5038810255479541,0.49611897445204595,0.5038810255479541,0.49611897445204595,0
2022-11-18,4737.58,5477.22,0.5,0.5,0,0,0.5044293356082095,0.4955706643917906,0.5044293356082095,0.4955706643917906,0
2022-11-21,4715.73,5448.31,0.5,0.5,0,0,0.5045966910823919,0.4954033089176081,0.5045966910823919,0.4954033089176081,0
2022-11-22,4655.39,5511.9,0.5,0.5,0,0,0.49847633443297007,0.5015236655670299,0.49847633443297007,0.5015236655670299,0
2022-11-23,4649.8,5534.27,0.5,0.5,0,0,0.49716342056262913,0.502836579437371,0.49716342056262913,0.502836579437371,0
2022-11-24,4645.4,5530.88,0.5,0.5,0,0,0.49707992566324205,0.5029200743367579,0.49707992566324205,0.5029200743367579,0
2022-11-25,4612.27,5629.71,0.5,0.5,0,0,0.490863825656777,0.509136174343223,0.490863825656777,0.509136174343223,0
2022-11-28,4563.04,5563.62,0.5,0.5,0,1,0.49113320830355955,0.5088667916964404,0.5,0.5,1
2022-11-29,4663.56,5747.49,0.5,0.5,0,0,0.49731896936471565,0.5026810306352842,0.49731896936471565,0.5026810306352842,0
2022-11-30,4666.01,5733.28,0.5,0.5,0,0,0.49806911746051574,0.5019308825394841,0.49806911746051574,0.5019308825394841,0
2022-12-01,4741.61,5722.89,0.5,0.5,0,0,0.5025406594826882,0.49745934051731167,0.5025406594826882,0.49745934051731167,0
2022-12-02,4716.87,5685.83,0.5,0.5,0,0,0.5028570280838508,0.4971429719161492,0.5028570280838508,0.4971429719161492,0
2022-12-05,4742.79,5852.54,0.5,0.5,0,0,0.4970024665531696,0.5029975334468304,0.4970024665531696,0.5029975334468304,0
2022-12-06,4782.16,5832.22,0.5,0.5,0,0,0.499938629462045,0.5000613705379551,0.499938629462045,0.5000613705379551,0
2022-12-07,4789.55,5785.71,0.5,0.5,0,0,0.5023263043248488,0.4976736956751512,0.5023263043248488,0.4976736956751512,0
2022-12-08,4784.11,5803.87,0.5,0.5,0,0,0.5012587425256887,0.49874125747431114,0.5012587425256887,0.49874125747431114,0
2022-12-09,4829.06,5853.54,0.5,0.5,0,0,0.5014662789926768,0.4985337210073232,0.5014662789926768,0.4985337210073232,0
2022-12-12,4783.94,5750.72,0.5,0.5,0,0,0.5035497698259154,0.49645023017408474,0.5035497698259154,0.49645023017408474,0
2022-12-13,4744.38,5770.0,0.5,0.5,0,0,0.5006371463095254,0.4993628536904747,0.5006371463095254,0.4993628536904747,0
2022-12-14,4743.96,5760.96,0.5,0.5,0,0,0.5010070011232652,0.4989929988767347,0.5010070011232652,0.4989929988767347,0
2022-12-15,4765.06,5707.57,0.5,0.5,0,0,0.5044440510704781,0.49555594892952193,0.5044440510704781,0.49555594892952193,0
2022-12-16,4730.27,5758.7,0.5,0.5,0,0,0.5003826089268848,0.4996173910731151,0.5003826089268848,0.4996173910731151,0
2022-12-19,4661.66,5632.05,0.5,0.5,0,0,0.5022894886719179,0.49771051132808203,0.5022894886719179,0.49771051132808203,0
2022-12-20,4593.45,5566.75,0.5,0.5,0,0,0.5015199659406911,0.4984800340593088,0.5015199659406911,0.4984800340593088,0
2022-12-21,4583.49,5569.74,0.5,0.5,0,0,0.5008430616845445,0.4991569383154555,0.5008430616845445,0.4991569383154555,0
2022-12-22,4560.85,5553.94,0.5,0.5,0,0,0.5003153327912789,0.49968466720872107,0.5003153327912789,0.49968466720872107,0
2022-12-23,4543.0,5546.61,0.5,0.5,0,0,0.4996651410301423,0.5003348589698577,0.4996651410301423,0.5003348589698577,0
2022-12-26,4610.4,5528.51,0.5,0.5,0,0,0.5041639509344453,0.4958360490655546,0.5041639509344453,0.4958360490655546,0
2022-12-27,4668.7,5594.61,0.5,0.5,0,0,0.5043341248333362,0.4956658751666639,0.5043341248333362,0.4956658751666639,0
2022-12-28,4635.15,5601.09,0.5,0.5,0,0,0.5022417966692284,0.4977582033307717,0.5022417966692284,0.4977582033307717,0
2022-12-29,4627.57,5552.63,0.5,0.5,0,0,0.5040049419441225,0.4959950580558776,0.5040049419441225,0.4959950580558776,0
2022-12-30,4627.36,5589.26,0.5,0.5,0,0,0.5023498625502911,0.4976501374497089,0.5023498625502911,0.4976501374497089,0
2023-01-03,4651.42,5627.38,0.5,0.5,0,0,0.5019471119272269,0.49805288807277326,0.5019471119272269,0.49805288807277326,0
2023-01-04,4619.82,5691.43,0.5,0.5,0,0,0.4974135520955641,0.502586447904436,0.4974135520955641,0.502586447904436,0
2023-01-05,4736.13,5720.01,0.5,0.5,0,0,0.5023774071726697,0.4976225928273302,0.5023774071726697,0.4976225928273302,0
2023-01-06,4776.63,5717.43,0.5,0.5,0,0,0.5046188137834682,0.4953811862165317,0.5046188137834682,0.4953811862165317,0
2023-01-09,4823.9,5741.52,0.5,0.5,0,0,0.5060293710634466,0.4939706289365534,0.5060293710634466,0.4939706289365534,0
2023-01-10,4857.92,5700.19,0.5,0.5,0,0,0.50959151387112,0.49040848612887994,0.50959151387112,0.49040848612887994,0
2023-01-11,4823.04,5743.77,0.5,0.5,0,0,0.5058868662018395,0.49411313379816046,0.5058868662018395,0.49411313379816046,0
2023-01-12,4837.53,5742.53,0.5,0.5,0,0,0.5066906725082113,0.4933093274917887,0.5066906725082113,0.4933093274917887,0
2023-01-13,4890.16,5808.92,0.5,0.5,0,0,0.506522195800525,0.4934778041994749,0.506522195800525,0.4934778041994749,0
2023-01-16,4986.27,5852.66,0.5,0.5,0,0,0.5095117983136519,0.49048820168634816,0.5095117983136519,0.49048820168634816,0
2023-01-17,4999.24,5843.67,0.5,0.5,0,0,0.5105451321509046,0.4894548678490955,0.5105451321509046,0.4894548678490955,0
2023-01-18,4995.53,5848.94,0.5,0.5,0,0,0.5101343548080142,0.4898656451919859,0.5101343548080142,0.4898656451919859,0
2023-01-19,5040.04,5875.96,0.5,0.5,0,0,0.5111992453505471,0.4888007546494529,0.5111992453505471,0.4888007546494529,0
2023-01-20,5080.54,5929.85,0.5,0.5,0,0,0.5109179005378496,0.4890820994621504,0.5109179005378496,0.4890820994621504,0
2023-01-30,5128.77,5905.96,0.5,0.5,0,1,0.5142870500584671,0.485712949941533,0.5,0.5,1
2023-01-31,5079.7,5889.22,0.5,0.5,0,0,0.4983062039420369,0.501693796057963,0.4983062039420369,0.501693796057963,0
2023-02-01,5144.9,5927.39,0.5,0.5,0,0,0.49987952442972994,0.5001204755702701,0.49987952442972994,0.5001204755702701,0
2023-02-02,5141.66,5907.57,0.5,0.5,0,0,0.5005593876031901,0.4994406123968099,0.5005593876031901,0.4994406123968099,0
2023-02-03,5095.74,5850.27,0.5,0.5,0,0,0.5007533066070943,0.49924669339290567,0.5007533066070943,0.49924669339290567,0
2023-02-06,5029.0,5790.09,0.5,0.5,0,0,0.5000423669642238,0.4999576330357761,0.5000423669642238,0.4999576330357761,0
2023-02-07,5024.14,5821.82,0.5,0.5,0,0,0.49843438350623737,0.5015656164937626,0.49843438350623737,0.5015656164937626,0
2023-02-08,4994.55,5796.63,0.5,0.5,0,0,0.49804169749376825,0.5019583025062317,0.49804169749376825,0.5019583025062317,0
2023-02-09,5081.06,5846.5,0.5,0.5,0,0,0.5001932139443157,0.49980678605568424,0.5001932139443157,0.49980678605568424,0
2023-02-10,5039.18,5838.51,0.5,0.5,0,0,0.49846597713971086,0.501534022860289,0.49846597713971086,0.501534022860289,0
2023-02-13,5098.72,5860.59,0.5,0.5,0,0,0.5004588480951082,0.4995411519048917,0.5004588480951082,0.4995411519048917,0
2023-02-14,5092.81,5884.91,0.5,0.5,0,0,0.49913361081611257,0.5008663891838875,0.49913361081611257,0.5008663891838875,0
2023-02-15,5067.9,5842.9,0.5,0.5,0,0,0.4996988570008652,0.5003011429991349,0.4996988570008652,0.5003011429991349,0
2023-02-16,4999.69,5808.0,0.5,0.5,0,0,0.4978089588153942,0.5021910411846059,0.4978089588153942,0.5021910411846059,0
2023-02-17,4923.96,5779.84,0.5,0.5,0,0,0.4952084542725938,0.5047915457274061,0.4952084542725938,0.5047915457274061,0
2023-02-20,5023.66,5945.13,0.5,0.5,0,0,0.49317104988532223,0.5068289501146779,0.49317104988532223,0.5068289501146779,0
2023-02-21,5033.2,5990.41,0.5,0.5,0,0,0.4917488125610871,0.508251187438913,0.4917488125610871,0.508251187438913,0
2023-02-22,4991.5,5948.6,0.5,0.5,0,0,0.49142002086766395,0.5085799791323361,0.49142002086766395,0.5085799791323361,0
2023-02-23,4996.83,5948.99,0.5,0.5,0,0,0.49167037077845627,0.5083296292215437,0.49167037077845627,0.5083296292215437,0
2023-02-24,4941.67,5903.73,0.5,0.5,0,0,0.49080481742583837,0.5091951825741616,0.49080481742583837,0.5091951825741616,0
2023-02-27,4911.73,5875.56,0.5,0.5,0,0,0.49048139850602385,0.5095186014939761,0.49048139850602385,0.5095186014939761,0
2023-02-28,4938.37,5912.58,0.5,0.5,0,0,0.49026352571359505,0.509736474286405,0.49026352571359505,0.509736474286405,0
2023-03-01,4979.91,6005.53,0.5,0.5,0,0,0.48845886366194924,0.5115411363380508,0.48845886366194924,0.5115411363380508,0
2023-03-02,4949.31,6033.17,0.5,0.5,0,0,0.48577177781352676,0.5142282221864732,0.48577177781352676,0.5142282221864732,0
2023-03-03,4948.19,6079.75,0.5,0.5,0,0,0.48379428393798307,0.516205716062017,0.48379428393798307,0.516205716062017,0
2023-03-06,4947.77,6017.97,0.5,0.5,0,0,0.48632419263263216,0.513675807367368,0.48632419263263216,0.513675807367368,0
2023-03-07,4861.21,5971.87,0.5,0.5,0,0,0.4838364872959986,0.5161635127040014,0.4838364872959986,0.5161635127040014,0
2023-03-08,4842.41,5955.5,0.5,0.5,0,0,0.4835543130298937,0.5164456869701063,0.4835543130298937,0.5164456869701063,0
2023-03-09,4828.2,5934.07,0.5,0.5,0,0,0.4837206449142226,0.5162793550857774,0.4837206449142226,0.5162793550857774,0
2023-03-10,4779.54,5834.41,0.5,0.5,0,0,0.4854209605467289,0.514579039453271,0.4854209605467289,0.514579039453271,0
2023-03-13,4798.2,5909.83,0.5,0.5,0,0,0.48318632382133314,0.5168136761786669,0.48318632382133314,0.5168136761786669,0
2023-03-14,4761.6,5861.16,0.5,0.5,0,0,0.4833392594115432,0.5166607405884569,0.4833392594115432,0.5166607405884569,0
2023-03-15,4750.6,5923.5,0.5,0.5,0,0,0.48012038056629863,0.5198796194337014,0.48012038056629863,0.5198796194337014,0
2023-03-16,4665.22,5869.8,0.5,0.5,0,0,0.47786711750813804,0.5221328824918618,0.47786711750813804,0.5221328824918618,0
2023-03-17,4668.54,5930.79,0.5,0.5,0,0,0.475465995940278,0.5245340040597221,0.475465995940278,0.5245340040597221,0
2023-03-20,4665.94,5885.84,0.5,0.5,0,0,0.4772247699284157,0.5227752300715843,0.4772247699284157,0.5227752300715843,0
2023-03-21,4738.16,5892.08,0.5,0.5,0,0,0.4807934413863143,0.5192065586136857,0.4807934413863143,0.5192065586136857,0
2023-03-22,4751.06,5924.15,0.5,0.5,0,0,0.4801171603618911,0.5198828396381089,0.4801171603618911,0.5198828396381089,0
2023-03-23,4799.8,5966.79,0.5,0.5,0,0,0.48087466126496203,0.5191253387350381,0.48087466126496203,0.5191253387350381,0
2023-03-24,4812.95,5912.39,0.5,0.5,0,0,0.48384467518791,0.51615532481209,0.48384467518791,0.51615532481209,0
2023-03-27,4822.77,5863.94,0.5,0.5,0,0,0.4864090650621235,0.5135909349378764,0.4864090650621235,0.5135909349378764,0
2023-03-28,4779.31,5867.16,0.5,0.5,0,0,0.48401086107631097,0.515989138923689,0.48401086107631097,0.515989138923689,0
2023-03-29,4799.32,5838.04,0.5,0.5,0,0,0.4862972479126332,0.5137027520873667,0.4862972479126332,0.5137027520873667,0
2023-03-30,4840.52,5896.66,0.5,0.5,0,1,0.48593676278675996,0.5140632372132402,0.5,0.5,1
2023-03-31,4855.86,5908.05,0.5,0.5,0,0,0.5003085827710847,0.49969141722891514,0.5003085827710847,0.49969141722891514,0
2023-04-03,4912.55,5954.06,0.5,0.5,0,0,0.5012709351141527,0.4987290648858472,0.5012709351141527,0.4987290648858472,0
2023-04-04,4888.59,6007.97,0.5,0.5,0,0,0.49779524758696103,0.502204752413039,0.49779524758696103,0.502204752413039,0
2023-04-06,4900.25,5989.76,0.5,0.5,0,0,0.4991497047254943,0.5008502952745056,0.4991497047254943,0.5008502952745056,0
2023-04-07,4933.73,6014.87,0.5,0.5,0,0,0.4998061234256399,0.5001938765743601,0.4998061234256399,0.5001938765743601,0
2023-04-10,4896.93,6016.95,0.5,0.5,0,0,0.4978479952094009,0.5021520047905992,0.4978479952094009,0.5021520047905992,0
2023-04-11,4898.27,6030.55,0.5,0.5,0,0,0.4973519748339986,0.5026480251660013,0.4973519748339986,0.5026480251660013,0
2023-04-12,4886.33,6078.85,0.5,0.5,0,0,0.4947476714722118,0.5052523285277881,0.4947476714722118,0.5052523285277881,0
2023-04-13,4838.9,6056.24,0.5,0.5,0,0,0.4932409649186953,0.5067590350813047,0.4932409649186953,0.5067590350813047,0
2023-04-14,4874.48,6086.27,0.5,0.5,0,0,0.4938358006850218,0.5061641993149782,0.4938358006850218,0.5061641993149782,0
2023-04-17,4903.68,6207.59,0.5,0.5,0,0,0.49039546725914784,0.509604532740852,0.49039546725914784,0.509604532740852,0
2023-04-18,4892.08,6241.98,0.5,0.5,0,0,0.4884230862405067,0.5115769137594932,0.4884230862405067,0.5115769137594932,0
2023-04-19,4841.46,6191.32,0.5,0.5,0,0,0.4878603744438254,0.5121396255561746,0.4878603744438254,0.5121396255561746,0
2023-04-20,4792.68,6217.3,0.5,0.5,0,0,0.48428466829715117,0.5157153317028489,0.48428466829715117,0.5157153317028489,0
2023-04-21,4680.48,6103.56,0.5,0.5,0,0,0.48297967806519126,0.5170203219348087,0.48297967806519126,0.5170203219348087,0
2023-04-24,4587.33,6068.29,0.5,0.5,0,0,0.47940796394937385,0.5205920360506262,0.47940796394937385,0.5205920360506262,0
2023-04-25,4515.49,6076.0,0.5,0.5,0,0,0.4751532477463932,0.5248467522536068,0.4751532477463932,0.5248467522536068,0
2023-04-26,4550.84,6036.37,0.5,0.5,0,0,0.47873107476928084,0.5212689252307192,0.47873107476928084,0.5212689252307192,0
2023-04-27,4562.1,6092.84,0.5,0.5,0,0,0.4770243588213103,0.5229756411786898,0.4770243588213103,0.5229756411786898,0
2023-04-28,4596.24,6175.94,0.5,0.5,0,0,0.47550497854330936,0.5244950214566907,0.47550497854330936,0.5244950214566907,0
2023-05-04,4546.29,6258.5,0.5,0.5,0,0,0.4694717484415803,0.5305282515584197,0.4694717484415803,0.5305282515584197,0
2023-05-05,4509.92,6257.95,0.5,0.5,0,0,0.4674935882992372,0.5325064117007627,0.4674935882992372,0.5325064117007627,0
2023-05-08,4532.24,6401.25,0.5,0.5,0,0,0.4630890088607964,0.5369109911392036,0.4630890088607964,0.5369109911392036,0
2023-05-09,4500.45,6331.88,0.5,0.5,0,0,0.4640481857627157,0.5359518142372843,0.4640481857627157,0.5359518142372843,0
2023-05-10,4504.55,6227.26,0.5,0.5,0,0,0.46842096583980886,0.531579034160191,0.46842096583980886,0.531579034160191,0
2023-05-11,4508.9,6207.51,0.5,0.5,0,0,0.4694524198169018,0.5305475801830981,0.4694524198169018,0.5305475801830981,0
2023-05-12,4440.82,6137.64,0.5,0.5,0,0,0.4684825128907014,0.5315174871092986,0.4684825128907014,0.5315174871092986,0
2023-05-15,4525.77,6198.96,0.5,0.5,0,0,0.47072605001196793,0.529273949988032,0.47072605001196793,0.529273949988032,0
2023-05-16,4505.08,6152.22,0.5,0.5,0,0,0.4714701712916363,0.5285298287083636,0.4714701712916363,0.5285298287083636,0
2023-05-17,4491.9,6116.64,0.5,0.5,0,0,0.4721854411808822,0.5278145588191179,0.4721854411808822,0.5278145588191179,0
2023-05-18,4468.68,6139.17,0.5,0.5,0,0,0.4699780187075095,0.5300219812924906,0.4699780187075095,0.5300219812924906,0
2023-05-19,4472.4,6078.82,0.5,0.5,0,0,0.47264696483326774,0.5273530351667324,0.47264696483326774,0.5273530351667324,0
2023-05-22,4494.72,6093.04,0.5,0.5,0,0,0.47330545039584354,0.5266945496041563,0.47330545039584354,0.5266945496041563,0
2023-05-23,4443.33,5995.8,0.5,0.5,0,0,0.4744494768739187,0.5255505231260814,0.4744494768739187,0.5255505231260814,0
2023-05-24,4418.37,5874.21,0.5,0.5,0,0,0.4781547165543968,0.5218452834456031,0.4781547165543968,0.5218452834456031,0
2023-05-25,4399.88,5860.25,0.5,0.5,0,0,0.47770203445122766,0.5222979655487723,0.47770203445122766,0.5222979655487723,0
2023-05-26,4385.96,5895.03,0.5,0.5,0,0,0.47543550283782643,0.5245644971621736,0.47543550283782643,0.5245644971621736,0
2023-05-29,4334.87,5922.92,0.5,0.5,0,0,0.47133795371478276,0.5286620462852173,0.47133795371478276,0.5286620462852173,0
2023-05-30,4343.37,5931.54,0.5,0.5,0,1,0.4714636954692575,0.5285363045307425,0.5,0.5,1
2023-05-31,4294.83,5890.69,0.5,0.5,0,0,0.49891804331322936,0.5010819566867707,0.49891804331322936,0.5010819566867707,0
2023-06-01,4327.53,5875.33,0.5,0.5,0,0,0.5014670065531701,0.4985329934468298,0.5014670065531701,0.4985329934468298,0
2023-06-02,4397.44,5949.22,0.5,0.5,0,0,0.5023489242588273,0.49765107574117257,0.5023489242588273,0.49765107574117257,0
2023-06-05,4350.82,5963.46,0.5,0.5,0,0,0.4990867047162997,0.5009132952837003,0.4990867047162997,0.5009132952837003,0
2023-06-06,4280.36,5931.44,0.5,0.5,0,0,0.49635092301068773,0.5036490769893124,0.49635092301068773,0.5036490769893124,0
2023-06-07,4234.02,5951.54,0.5,0.5,0,0,0.4927843054962137,0.5072156945037863,0.4927843054962137,0.5072156945037863,0
2023-06-08,4236.31,6025.58,0.5,0.5,0,0,0.4898294526377981,0.510170547362202,0.4898294526377981,0.510170547362202,0
2023-06-09,4260.73,6029.17,0.5,0.5,0,0,0.491117055294442,0.5088829447055578,0.491117055294442,0.5088829447055578,0
2023-06-12,4290.41,6000.86,0.5,0.5,0,0,0.49402849355117123,0.5059715064488287,0.49402849355117123,0.5059715064488287,0
2023-06-13,4312.06,5988.88,0.5,0.5,0,0,0.49578626553110616,0.5042137344688937,0.49578626553110616,0.5042137344688937,0
2023-06-14,4314.74,5957.79,0.5,0.5,0,0,0.49724272597922764,0.5027572740207724,0.49724272597922764,0.5027572740207724,0
2023-06-15,4426.1,5991.53,0.5,0.5,0,0,0.5022013260717358,0.49779867392826416,0.5022013260717358,0.49779867392826416,0
2023-06-16,4468.01,6009.79,0.5,0.5,0,0,0.5037965881398603,0.4962034118601397,0.5037965881398603,0.4962034118601397,0
2023-06-19,4437.72,5940.41,0.5,0.5,0,0,0.504998810377046,0.49500118962295414,0.504998810377046,0.49500118962295414,0
2023-06-20,4430.96,5896.31,0.5,0.5,0,0,0.5064803532591242,0.4935196467408758,0.5064803532591242,0.4935196467408758,0
2023-06-21,4333.44,5838.39,0.5,0.5,0,0,0.5033849335962738,0.4966150664037262,0.5033849335962738,0.4966150664037262,0
2023-06-26,4297.01,5753.16,0.5,0.5,0,0,0.5049507117510676,0.49504928824893235,0.5049507117510676,0.49504928824893235,0
2023-06-27,4324.29,5849.25,0.5,0.5,0,0,0.5023919438589277,0.49760805614107223,0.5023919438589277,0.49760805614107223,0
2023-06-28,4313.54,5856.88,0.5,0.5,0,0,0.5014437973304816,0.4985562026695184,0.5014437973304816,0.4985562026695184,0
2023-06-29,4289.67,5826.58,0.5,0.5,0,0,0.5013532294110661,0.498646770588934,0.5013532294110661,0.498646770588934,0
2023-06-30,4340.12,5855.7,0.5,0.5,0,0,0.5030299086427872,0.4969700913572128,0.5030299086427872,0.4969700913572128,0
2023-07-03,4386.51,5935.1,0.5,0.5,0,0,0.5023208274447707,0.49767917255522937,0.5023208274447707,0.49767917255522937,0
2023-07-04,4400.9,5908.0,0.5,0.5,0,0,0.5042836532045414,0.4957163467954586,0.5042836532045414,0.4957163467954586,0
2023-07-05,4367.63,5883.85,0.5,0.5,0,0,0.5034105845037484,0.49658941549625146,0.5034105845037484,0.49658941549625146,0
2023-07-06,4328.74,5848.29,0.5,0.5,0,0,0.5026901058025325,0.4973098941974675,0.5026901058025325,0.4973098941974675,0
2023-07-07,4288.79,5851.88,0.5,0.5,0,0,0.5002187489859206,0.49978125101407955,0.5002187489859206,0.49978125101407955,0
2023-07-10,4337.22,5857.36,0.5,0.5,0,0,0.5027919537332047,0.49720804626679543,0.5027919537332047,0.49720804626679543,0
2023-07-11,4366.33,5878.94,0.5,0.5,0,0,0.5035448648655039,0.496455135134496,0.5035448648655039,0.496455135134496,0
2023-07-12,4341.87,5844.73,0.5,0.5,0,0,0.5035994532238814,0.49640054677611856,0.5035994532238814,0.49640054677611856,0
2023-07-13,4417.86,5911.42,0.5,0.5,0,0,0.5051004915515594,0.4948995084484406,0.5051004915515594,0.4948995084484406,0
2023-07-14,4391.5,5924.19,0.5,0.5,0,0,0.5030650158133082,0.4969349841866918,0.5030650158133082,0.4969349841866918,0
2023-07-17,4352.64,5875.62,0.5,0.5,0,0,0.5029010430583987,0.4970989569416014,0.5029010430583987,0.4970989569416014,0
2023-07-18,4348.27,5854.67,0.5,0.5,0,0,0.5035428813876933,0.49645711861230674,0.5035428813876933,0.49645711861230674,0
2023-07-19,4325.6,5880.88,0.5,0.5,0,0,0.5011194430726317,0.4988805569273683,0.5011194430726317,0.4988805569273683,0
2023-07-20,4304.07,5845.72,0.5,0.5,0,0,0.5013711586593665,0.4986288413406335,0.5013711586593665,0.4986288413406335,0
2023-07-21,4296.93,5829.8,0.5,0.5,0,0,0.5016378568996233,0.4983621431003768,0.5016378568996233,0.4983621431003768,0
2023-07-24,4252.97,5812.42,0.5,0.5,0,0,0.49981347158055434,0.5001865284194457,0.49981347158055434,0.5001865284194457,0
2023-07-25,4367.98,5974.67,0.5,0.5,0,0,0.499601281278006,0.5003987187219939,0.499601281278006,0.5003987187219939,0
2023-07-26,4366.63,5966.87,0.5,0.5,0,0,0.49985059350698813,0.5001494064930119,0.49985059350698813,0.5001494064930119,0
2023-07-27,4342.47,5959.0,0.5,0.5,0,0,0.49879349237789083,0.5012065076221093,0.49879349237789083,0.5012065076221093,0
2023-07-28,4409.83,6103.16,0.5,0.5,0,0,0.4966657497729567,0.5033342502270433,0.4966657497729567,0.5033342502270433,0
2023-07-31,4447.12,6140.66,0.5,0.5,0,1,0.4972394777173839,0.5027605222826159,0.5,0.5,1
2023-08-01,4434.72,6127.83,0.5,0.5,0,0,0.4998248304221084,0.5001751695778915,0.4998248304221084,0.5001751695778915,0
2023-08-02,4415.71,6067.46,0.5,0.5,0,0,0.5012260232986175,0.49877397670138246,0.5012260232986175,0.49877397670138246,0
2023-08-03,4452.32,6117.3,0.5,0.5,0,0,0.5012450020573739,0.49875499794262607,0.5012450020573739,0.49875499794262607,0
2023-08-04,4463.73,6133.17,0.5,0.5,0,0,0.5012371291784047,0.49876287082159537,0.5012371291784047,0.49876287082159537,0
2023-08-07,4427.88,6088.83,0.5,0.5,0,0,0.5010351239613047,0.4989648760386954,0.5010351239613047,0.4989648760386954,0
2023-08-08,4416.6,6071.15,0.5,0.5,0,0,0.5011244127124221,0.49887558728757786,0.5011244127124221,0.49887558728757786,0
2023-08-09,4403.49,6048.95,0.5,0.5,0,0,0.5012970565077264,0.4987029434922736,0.5012970565077264,0.4987029434922736,0
2023-08-10,4421.8,6063.89,0.5,0.5,0,0,0.5017177125587914,0.4982822874412086,0.5017177125587914,0.4982822874412086,0
2023-08-11,4324.75,5932.08,0.5,0.5,0,0,0.5016637332281609,0.49833626677183906,0.5016637332281609,0.49833626677183906,0
2023-08-14,4279.2,5914.58,0.5,0.5,0,0,0.4997552799778507,0.5002447200221493,0.4997552799778507,0.5002447200221493,0
2023-08-15,4236.08,5932.58,0.5,0.5,0,0,0.49646372186847526,0.5035362781315248,0.49646372186847526,0.5035362781315248,0
2023-08-16,4195.27,5906.42,0.5,0.5,0,0,0.49514848672822853,0.5048515132717715,0.49514848672822853,0.5048515132717715,0
2023-08-17,4226.77,5904.03,0.5,0.5,0,0,0.49711964986176416,0.5028803501382357,0.49711964986176416,0.5028803501382357,0
2023-08-18,4162.18,5854.49,0.5,0.5,0,0,0.4953765367460724,0.5046234632539276,0.4953765367460724,0.5046234632539276,0
2023-08-21,4101.74,5777.3,0.5,0.5,0,0,0.4950377531789777,0.5049622468210222,0.4950377531789777,0.5049622468210222,0
2023-08-22,4105.11,5835.68,0.5,0.5,0,0,0.49272983108272783,0.5072701689172721,0.49272983108272783,0.5072701689172721,0
2023-08-23,4017.18,5778.64,0.5,0.5,0,0,0.4897732603698432,0.5102267396301569,0.4897732603698432,0.5102267396301569,0
2023-08-24,4074.19,5762.7,0.5,0.5,0,0,0.49398563300908127,0.5060143669909188,0.49398563300908127,0.5060143669909188,0
2023-08-25,4035.36,5771.84,0.5,0.5,0,0,0.49119594234705005,0.50880405765295,0.49119594234705005,0.50880405765295,0
2023-08-28,4068.22,5866.36,0.5,0.5,0,0,0.48916338490082795,0.5108366150991721,0.48916338490082795,0.5108366150991721,0
2023-08-29,4158.81,5866.23,0.5,0.5,0,0,0.49467328389872256,0.5053267161012773,0.49467328389872256,0.5053267161012773,0
2023-08-30,4173.03,5830.49,0.5,0.5,0,0,0.49705425367985157,0.5029457463201485,0.49705425367985157,0.5029457463201485,0
2023-08-31,4144.92,5798.46,0.5,0.5,0,0,0.49674171001679385,0.5032582899832061,0.49674171001679385,0.5032582899832061,0
2023-09-01,4165.33,5864.8,0.5,0.5,0,0,0.49512581836659997,0.5048741816334001,0.49512581836659997,0.5048741816334001,0
2023-09-04,4234.32,5967.8,0.5,0.5,0,0,0.4948801616564519,0.505119838343548,0.4948801616564519,0.505119838343548,0
2023-09-05,4213.27,5912.5,0.5,0.5,0,0,0.4959615495874507,0.5040384504125492,0.4959615495874507,0.5040384504125492,0
2023-09-06,4199.25,5912.44,0.5,0.5,0,0,0.4951308701105766,0.5048691298894233,0.4951308701105766,0.5048691298894233,0
2023-09-07,4117.51,5867.39,0.5,0.5,0,0,0.49212921098797857,0.5078707890120214,0.49212921098797857,0.5078707890120214,0
2023-09-08,4094.0,5846.03,0.5,0.5,0,0,0.4916095930605638,0.5083904069394362,0.4916095930605638,0.5083904069394362,0
2023-09-11,4129.44,5887.77,0.5,0.5,0,0,0.49198569118856644,0.5080143088114336,0.49198569118856644,0.5080143088114336,0
2023-09-12,4119.37,5878.33,0.5,0.5,0,0,0.49177650753251706,0.5082234924674829,0.49177650753251706,0.5082234924674829,0
2023-09-13,4085.61,5867.26,0.5,0.5,0,0,0.4901909666702817,0.5098090333297183,0.4901909666702817,0.5098090333297183,0
2023-09-14,4062.65,5906.44,0.5,0.5,0,0,0.4871197806370746,0.5128802193629254,0.4871197806370746,0.5128802193629254,0
2023-09-15,4050.53,5874.8,0.5,0.5,0,0,0.48771528592449176,0.5122847140755082,0.48771528592449176,0.5122847140755082,0
2023-09-18,4075.33,5877.26,0.5,0.5,0,0,0.48913585787696084,0.5108641421230391,0.48913585787696084,0.5108641421230391,0
2023-09-19,4049.82,5896.39,0.5,0.5,0,0,0.48675501664693527,0.5132449833530648,0.48675501664693527,0.5132449833530648,0
2023-09-20,4016.62,5890.59,0.5,0.5,0,0,0.48494458331337037,0.5150554166866297,0.48494458331337037,0.5150554166866297,0
2023-09-21,3975.87,5850.94,0.5,0.5,0,0,0.4840845765982084,0.5159154234017915,0.4840845765982084,0.5159154234017915,0
2023-09-22,4048.24,5922.14,0.5,0.5,0,0,0.4855689794246049,0.514431020575395,0.4855689794246049,0.514431020575395,0
2023-09-25,4031.87,5885.31,0.5,0.5,0,0,0.48611517205379706,0.5138848279462029,0.48611517205379706,0.5138848279462029,0
2023-09-26,3996.99,5854.83,0.5,0.5,0,0,0.4852418252950756,0.5147581747049244,0.4852418252950756,0.5147581747049244,0
2023-09-27,4029.18,5852.51,0.5,0.5,0,0,0.48734464972328784,0.512655350276712,0.48734464972328784,0.512655350276712,0
2023-09-28,4018.13,5842.92,0.5,0.5,0,0,0.48706825483852456,0.5129317451614754,0.48706825483852456,0.5129317451614754,0
2023-10-09,4009.58,5824.65,0.5,0.5,0,1,0.48731849992415727,0.5126815000758428,0.5,0.5,1
2023-10-10,3984.65,5765.21,0.5,0.5,0,0,0.5010050769926353,0.49899492300736464,0.5010050769926353,0.49899492300736464,0
2023-10-11,4003.81,5751.71,0.5,0.5,0,0,0.5027903760332024,0.49720962396679746,0.5027903760332024,0.49720962396679746,0
2023-10-12,4045.94,5822.79,0.5,0.5,0,0,0.5023366817348595,0.49766331826514065,0.5023366817348595,0.49766331826514065,0
2023-10-13,3999.57,5792.76,0.5,0.5,0,0,0.5007476013247558,0.49925239867524424,0.5007476013247558,0.49925239867524424,0
2023-10-16,3936.87,5780.38,0.5,0.5,0,0,0.497332270568047,0.5026677294319529,0.497332270568047,0.5026677294319529,0
2023-10-17,3946.67,5809.46,0.5,0.5,0,0,0.49669929199065616,0.503300708009344,0.49669929199065616,0.503300708009344,0
2023-10-18,3901.3,5767.56,0.5,0.5,0,0,0.4956183948963593,0.5043816051036406,0.4956183948963593,0.5043816051036406,0
2023-10-19,3841.02,5654.87,0.5,0.5,0,0,0.49665836216922143,0.5033416378307786,0.49665836216922143,0.5033416378307786,0
2023-10-20,3821.47,5626.67,0.5,0.5,0,0,0.49663249755935734,0.5033675024406427,0.49663249755935734,0.5033675024406427,0
2023-10-23,3753.19,5552.16,0.5,0.5,0,0,0.4954580044234918,0.5045419955765081,0.4954580044234918,0.5045419955765081,0
2023-10-24,3786.59,5573.7,0.5,0.5,0,0,0.49670484415007904,0.5032951558499209,0.49670484415007904,0.5032951558499209,0
2023-10-25,3790.94,5585.48,0.5,0.5,0,0,0.4964640715118711,0.5035359284881289,0.4964640715118711,0.5035359284881289,0
2023-10-26,3791.12,5605.08,0.5,0.5,0,0,0.4956002572362125,0.5043997427637875,0.4956002572362125,0.5043997427637875,0
2023-10-27,3886.52,5630.81,0.5,0.5,0,0,0.5006683160789175,0.4993316839210825,0.5006683160789175,0.4993316839210825,0
2023-10-30,3953.29,5590.5,0.5,0.5,0,0,0.5067225521638955,0.49327744783610433,0.5067225521638955,0.49327744783610433,0
2023-10-31,3928.28,5586.97,0.5,0.5,0,0,0.5052940482330235,0.49470595176697657,0.5052940482330235,0.49470595176697657,0
2023-11-01,3906.26,5576.63,0.5,0.5,0,0,0.5043519294325063,0.4956480705674937,0.5043519294325063,0.4956480705674937,0
2023-11-02,3865.8,5573.99,0.5,0.5,0,0,0.5018674726931257,0.4981325273068743,0.5018674726931257,0.4981325273068743,0
2023-11-03,3918.98,5574.32,0.5,0.5,0,0,0.5052681783334753,0.4947318216665248,0.5052681783334753,0.4947318216665248,0
2023-11-06,4001.04,5600.89,0.5,0.5,0,0,0.5092592482859892,0.4907407517140108,0.5092592482859892,0.4907407517140108,0
2023-11-07,3989.69,5587.26,0.5,0.5,0,0,0.5091582110725096,0.49084178892749036,0.5091582110725096,0.49084178892749036,0
2023-11-08,3982.01,5562.8,0.5,0.5,0,0,0.5097731431931484,0.49022685680685163,0.5097731431931484,0.49022685680685163,0
2023-11-09,3986.98,5572.47,0.5,0.5,0,0,0.5096508171343443,0.4903491828656556,0.5096508171343443,0.4903491828656556,0
2023-11-10,3959.16,5542.42,0.5,0.5,0,0,0.5092522105554415,0.49074778944455855,0.5092522105554415,0.49074778944455855,0
2023-11-13,3958.56,5538.25,0.5,0.5,0,0,0.5094024340893157,0.4905975659106842,0.5094024340893157,0.4905975659106842,0
2023-11-14,3956.8,5544.22,0.5,0.5,0,0,0.5090220427183887,0.49097795728161125,0.5090220427183887,0.49097795728161125,0
2023-11-15,3992.09,5580.99,0.5,0.5,0,0,0.5095891084543309,0.4904108915456692,0.5095891084543309,0.4904108915456692,0
2023-11-16,3932.78,5554.69,0.5,0.5,0,0,0.5070286252579116,0.49297137474208835,0.5070286252579116,0.49297137474208835,0
2023-11-17,3936.1,5539.57,0.5,0.5,0,0,0.5079208170754551,0.49207918292454494,0.5079208170754551,0.49207918292454494,0
2023-11-20,3939.99,5555.79,0.5,0.5,0,0,0.5074369445370265,0.4925630554629735,0.5074369445370265,0.4925630554629735,0
2023-11-21,3932.72,5568.25,0.5,0.5,0,0,0.5064153706962903,0.49358462930370967,0.5064153706962903,0.49358462930370967,0
2023-11-22,3869.64,5536.48,0.5,0.5,0,0,0.5038036700803794,0.49619632991962054,0.5038036700803794,0.49619632991962054,0
2023-11-23,3892.32,5569.64,0.5,0.5,0,0,0.5037717722332102,0.4962282277667898,0.5037717722332102,0.4962282277667898,0
2023-11-24,3853.5,5557.08,0.5,0.5,0,0,0.5018303543028628,0.49816964569713723,0.5018303543028628,0.49816964569713723,0
2023-11-27,3832.65,5520.19,0.5,0.5,0,0,0.5021391379699823,0.4978608620300176,0.5021391379699823,0.4978608620300176,0
2023-11-28,3848.59,5516.67,0.5,0.5,0,0,0.5033361615402305,0.4966638384597695,0.5033361615402305,0.4966638384597695,0
2023-11-29,3818.78,5467.79,0.5,0.5,0,0,0.5036171621847619,0.496382837815238,0.5036171621847619,0.496382837815238,0
2023-11-30,3814.16,5483.11,0.5,0.5,0,0,0.5026150793815526,0.4973849206184475,0.5026150793815526,0.4973849206184475,0
2023-12-01,3803.52,5485.46,0.5,0.5,0,0,0.5018095952464139,0.4981904047535861,0.5018095952464139,0.4981904047535861,0
2023-12-04,3776.07,5469.8,0.5,0.5,0,0,0.5007135364366331,0.49928646356336687,0.5007135364366331,0.49928646356336687,0
2023-12-05,3703.22,5385.45,0.5,0.5,0,0,0.49972856327903104,0.5002714367209689,0.49972856327903104,0.5002714367209689,0
2023-12-06,3732.43,5377.09,0.5,0.5,0,0,0.5020811316204566,0.4979188683795435,0.5020811316204566,0.4979188683795435,0
2023-12-07,3711.01,5384.41,0.5,0.5,0,0,0.50030218743677,0.49969781256323,0.50030218743677,0.49969781256323,0
2023-12-08,3725.51,5383.05,0.5,0.5,0,0,0.5013402571165441,0.498659742883456,0.5013402571165441,0.498659742883456,0
2023-12-11,3747.49,5419.94,0.5,0.5,0,1,0.5011034860576603,0.49889651394233975,0.5,0.5,1
2023-12-12,3737.47,5456.16,0.5,0.5,0,0,0.4976655492224704,0.5023344507775297,0.4976655492224704,0.5023344507775297,0
2023-12-13,3671.82,5393.67,0.5,0.5,0,0,0.4961150459141929,0.503884954085807,0.4961150459141929,0.503884954085807,0
2023-12-14,3651.16,5382.44,0.5,0.5,0,0,0.49522554139743813,0.5047744586025619,0.49522554139743813,0.5047744586025619,0
2023-12-15,3643.22,5360.76,0.5,0.5,0,0,0.4956902598985374,0.5043097401014627,0.4956902598985374,0.5043097401014627,0
2023-12-18,3601.87,5352.83,0.5,0.5,0,0,0.49320697419081616,0.5067930258091838,0.49320697419081616,0.5067930258091838,0
2023-12-19,3612.02,5347.59,0.5,0.5,0,0,0.4941551770604685,0.5058448229395315,0.4941551770604685,0.5058448229395315,0
2023-12-20,3575.92,5309.04,0.5,0.5,0,0,0.49345285435115843,0.5065471456488416,0.49345285435115843,0.5065471456488416,0
2023-12-21,3622.76,5333.8,0.5,0.5,0,0,0.4955427928883813,0.5044572071116186,0.4955427928883813,0.5044572071116186,0
2023-12-22,3629.83,5348.82,0.5,0.5,0,0,0.49532721157857196,0.504672788421428,0.49532721157857196,0.504672788421428,0
2023-12-25,3645.69,5349.89,0.5,0.5,0,0,0.4963670916172277,0.5036329083827723,0.4963670916172277,0.5036329083827723,0
2023-12-26,3613.03,5330.59,0.5,0.5,0,0,0.4950209875811817,0.5049790124188183,0.4950209875811817,0.5049790124188183,0
2023-12-27,3618.56,5360.98,0.5,0.5,0,0,0.493982246885766,0.5060177531142341,0.493982246885766,0.5060177531142341,0
2023-12-28,3736.41,5420.09,0.5,0.5,0,0,0.499252825466259,0.5007471745337411,0.499252825466259,0.5007471745337411,0
2023-12-29,3750.47,5449.47,0.5,0.5,0,0,0.49884032006857293,0.5011596799314272,0.49884032006857293,0.5011596799314272,0
2024-01-02,3696.45,5439.45,0.5,0.5,0,0,0.4956734603725935,0.5043265396274065,0.4956734603725935,0.5043265396274065,0
2024-01-03,3674.96,5469.98,0.5,0.5,0,0,0.49281693193892057,0.5071830680610794,0.49281693193892057,0.5071830680610794,0
2024-01-04,3629.31,5464.01,0.5,0.5,0,0,0.4899658618284701,0.5100341381715299,0.4899658618284701,0.5100341381715299,0
2024-01-05,3587.4,5466.99,0.5,0.5,0,0,0.48692747438504963,0.5130725256149504,0.48692747438504963,0.5130725256149504,0
2024-01-08,3527.15,5413.57,0.5,0.5,0,0,0.4851493386976499,0.5148506613023501,0.4851493386976499,0.5148506613023501,0
2024-01-09,3536.7,5429.51,0.5,0.5,0,0,0.48509033685840763,0.5149096631415925,0.48509033685840763,0.5149096631415925,0
2024-01-10,3527.31,5398.81,0.5,0.5,0,0,0.48584264639584,0.51415735360416,0.48584264639584,0.51415735360416,0
2024-01-11,3572.12,5399.91,0.5,0.5,0,0,0.4889456598869013,0.5110543401130987,0.4889456598869013,0.5110543401130987,0
2024-01-12,3547.07,5411.98,0.5,0.5,0,0,0.48662952797225856,0.5133704720277414,0.48662952797225856,0.5133704720277414,0
2024-01-15,3526.49,5435.51,0.5,0.5,0,0,0.4840924085909419,0.5159075914090582,0.4840924085909419,0.5159075914090582,0
2024-01-16,3540.86,5467.04,0.5,0.5,0,0,0.4836635073542273,0.5163364926457727,0.4836635073542273,0.5163364926457727,0
2024-01-17,3435.77,5389.46,0.5,0.5,0,0,0.47970973187218524,0.5202902681278148,0.47970973187218524,0.5202902681278148,0
2024-01-18,3493.61,5401.35,0.5,0.5,0,0,0.4833274649806359,0.5166725350193642,0.4833274649806359,0.5166725350193642,0
2024-01-19,3472.44,5384.17,0.5,0.5,0,0,0.48260522598870836,0.5173947740112915,0.48260522598870836,0.5173947740112915,0
2024-01-22,3371.54,5276.42,0.5,0.5,0,0,0.4802902780994949,0.519709721900505,0.4802902780994949,0.519709721900505,0
2024-01-23,3404.66,5312.45,0.5,0.5,0,0,0.4810317129197944,0.5189682870802055,0.4810317129197944,0.5189682870802055,0
2024-01-24,3422.2,5434.29,0.5,0.5,0,0,0.4766552864348136,0.5233447135651864,0.4766552864348136,0.5233447135651864,0
2024-01-25,3487.81,5580.48,0.5,0.5,0,0,0.47477086934954127,0.5252291306504586,0.47477086934954127,0.5252291306504586,0
2024-01-26,3438.26,5626.32,0.5,0.5,0,0,0.4691662762580352,0.5308337237419648,0.4691662762580352,0.5308337237419648,0
2024-01-29,3345.77,5628.52,0.5,0.5,0,0,0.46228397834911455,0.5377160216508854,0.46228397834911455,0.5377160216508854,0
2024-01-30,3257.05,5556.82,0.5,0.5,0,0,0.4587922652132006,0.5412077347867994,0.4587922652132006,0.5412077347867994,0
2024-01-31,3202.52,5528.56,0.5,0.5,0,0,0.455867416924628,0.5441325830753719,0.455867416924628,0.5441325830753719,0
2024-02-01,3212.01,5486.53,0.5,0.5,0,0,0.45849556811703296,0.541504431882967,0.45849556811703296,0.541504431882967,0
2024-02-02,3132.07,5455.17,0.5,0.5,0,0,0.4536655225200156,0.5463344774799845,0.4536655225200156,0.5463344774799845,0
2024-02-05,3120.77,5459.61,0.5,0.5,0,0,0.45256827136462036,0.5474317286353796,0.45256827136462036,0.5474317286353796,0
2024-02-06,3302.08,5608.26,0.5,0.5,0,0,0.4599138498057749,0.5400861501942251,0.4599138498057749,0.5400861501942251,0
2024-02-07,3388.67,5696.79,0.5,0.5,0,0,0.462454090396686,0.537545909603314,0.462454090396686,0.537545909603314,0
2024-02-08,3430.15,5704.67,0.5,0.5,0,0,0.4651359975417114,0.5348640024582885,0.4651359975417114,0.5348640024582885,0
2024-02-19,3446.47,5780.16,0.5,0.5,0,1,0.46304690655886044,0.5369530934411396,0.5,0.5,1
2024-02-20,3440.65,5819.81,0.5,0.5,0,0,0.4978684221638553,0.5021315778361446,0.4978684221638553,0.5021315778361446,0
2024-02-21,3482.37,5874.35,0.5,0.5,0,0,0.4985496355674422,0.5014503644325579,0.4985496355674422,0.5014503644325579,0
2024-02-22,3518.3,5927.29,0.5,0.5,0,0,0.49887291523481736,0.5011270847651828,0.49887291523481736,0.5011270847651828,0
2024-02-23,3530.96,5928.53,0.5,0.5,0,0,0.49971858592484497,0.5002814140751549,0.49971858592484497,0.5002814140751549,0
2024-02-26,3514.99,5834.65,0.5,0.5,0,0,0.5025757883061048,0.49742421169389517,0.5025757883061048,0.49742421169389517,0
2024-02-27,3581.81,5878.97,0.5,0.5,0,0,0.5053916729731079,0.49460832702689195,0.5053916729731079,0.49460832702689195,0
2024-02-28,3507.97,5837.24,0.5,0.5,0,0,0.5019650612182006,0.49803493878179933,0.5019650612182006,0.49803493878179933,0
2024-02-29,3617.54,5904.99,0.5,0.5,0,0,0.5067689178830193,0.4932310821169808,0.5067689178830193,0.4932310821169808,0
2024-03-01,3645.66,5920.42,0.5,0.5,0,0,0.5080520217811741,0.49194797821882585,0.5080520217811741,0.49194797821882585,0
2024-03-04,3655.89,5931.82,0.5,0.5,0,0,0.508271578006903,0.4917284219930969,0.508271578006903,0.4917284219930969,0
2024-03-05,3650.31,5970.25,0.5,0.5,0,0,0.5062757049299057,0.49372429507009435,0.5062757049299057,0.49372429507009435,0
2024-03-06,3649.51,5951.08,0.5,0.5,0,0,0.5070247980980506,0.49297520190194943,0.5070247980980506,0.49297520190194943,0
2024-03-07,3602.46,5970.92,0.5,0.5,0,0,0.5029491585948165,0.49705084140518346,0.5029491585948165,0.49705084140518346,0
2024-03-08,3632.68,6000.39,0.5,0.5,0,0,0.5038066879247585,0.49619331207524164,0.5038066879247585,0.49619331207524164,0
2024-03-11,3731.23,5993.66,0.5,0.5,0,0,0.5107774652239488,0.4892225347760511,0.5107774652239488,0.4892225347760511,0
2024-03-12,3758.98,5920.04,0.5,0.5,0,0,0.5157161420188842,0.48428385798111584,0.5157161420188842,0.48428385798111584,0
2024-03-13,3745.27,5874.42,0.5,0.5,0,0,0.5167355520713424,0.48326444792865764,0.5167355520713424,0.48326444792865764,0
2024-03-14,3722.87,5878.27,0.5,0.5,0,0,0.5150737359215687,0.48492626407843137,0.5150737359215687,0.48492626407843137,0
2024-03-15,3736.19,5899.03,0.5,0.5,0,0,0.5150852428751278,0.48491475712487225,0.5150852428751278,0.48491475712487225,0
2024-03-18,3794.16,5916.48,0.5,0.5,0,0,0.5181925179739505,0.4818074820260495,0.5181925179739505,0.4818074820260495,0
2024-03-19,3769.04,5869.14,0.5,0.5,0,0,0.5185397604735295,0.48146023952647043,0.5185397604735295,0.48146023952647043,0
2024-03-20,3773.0,5892.14,0.5,0.5,0,0,0.5178254489600719,0.48217455103992807,0.5178254489600719,0.48217455103992807,0
2024-03-21,3757.62,5893.72,0.5,0.5,0,0,0.5167385542705347,0.4832614457294653,0.5167385542705347,0.4832614457294653,0
2024-03-22,3698.33,5849.28,0.5,0.5,0,0,0.5146567084802188,0.4853432915197812,0.5146567084802188,0.4853432915197812,0
2024-03-25,3656.59,5851.05,0.5,0.5,0,0,0.5117455217647277,0.4882544782352723,0.5117455217647277,0.4882544782352723,0
2024-03-26,3674.36,5875.9,0.5,0.5,0,0,0.5118978968469996,0.4881021031530005,0.5118978968469996,0.4881021031530005,0
2024-03-27,3591.85,5846.28,0.5,0.5,0,0,0.5074851091941756,0.49251489080582445,0.5074851091941756,0.49251489080582445,0
2024-03-28,3623.25,5849.87,0.5,0.5,0,0,0.5095070589058397,0.4904929410941603,0.5095070589058397,0.4904929410941603,0
2024-03-29,3648.87,5902.02,0.5,0.5,0,0,0.5090499391762301,0.49095006082376985,0.5090499391762301,0.49095006082376985,0
2024-04-01,3734.01,5962.51,0.5,0.5,0,0,0.512265547492807,0.48773445250719305,0.512265547492807,0.48773445250719305,0
2024-04-02,3729.71,5966.61,0.5,0.5,0,0,0.5118059054797706,0.4881940945202295,0.5118059054797706,0.4881940945202295,0
2024-04-03,3730.1,5979.06,0.5,0.5,0,0,0.5113112005970353,0.4886887994029647,0.5113112005970353,0.4886887994029647,0
2024-04-08,3660.4,5965.92,0.5,0.5,0,0,0.5071470130618024,0.4928529869381976,0.5071470130618024,0.4928529869381976,0
2024-04-09,3691.57,5934.83,0.5,0.5,0,0,0.5105719998435747,0.4894280001564253,0.5105719998435747,0.4894280001564253,0
2024-04-10,3646.02,5924.97,0.5,0.5,0,0,0.5078846921129172,0.49211530788708274,0.5078846921129172,0.49211530788708274,0
2024-04-11,3640.5,5946.11,0.5,0.5,0,0,0.5066157778145359,0.493384222185464,0.5066157778145359,0.493384222185464,0
2024-04-12,3607.56,5906.77,0.5,0.5,0,0,0.5060030460289326,0.4939969539710674,0.5060030460289326,0.4939969539710674,0
2024-04-15,3672.65,6039.94,0.5,0.5,0,0,0.504899902974963,0.49510009702503693,0.504899902974963,0.49510009702503693,0
2024-04-16,3585.44,5995.97,0.5,0.5,0,0,0.5007186166001,0.4992813833999001,0.5007186166001,0.4992813833999001,0
2024-04-17,3653.09,6096.42,0.5,0.5,0,0,0.5012381265404428,0.49876187345955725,0.5012381265404428,0.49876187345955725,0
2024-04-18,3648.81,6117.75,0.5,0.5,0,0,0.5000718875772975,0.4999281124227025,0.5000718875772975,0.4999281124227025,0
2024-04-19,3604.25,6120.06,0.5,0.5,0,1,0.496905701866292,0.503094298133708,0.5,0.5,1
2024-04-22,3588.67,6053.1,0.5,0.5,0,0,0.5016673234452119,0.49833267655478813,0.5016673234452119,0.49833267655478813,0
2024-04-23,3558.6,5971.57,0.5,0.5,0,0,0.502953848228568,0.49704615177143185,0.502953848228568,0.49704615177143185,0
2024-04-24,3574.48,5991.11,0.5,0.5,0,0,0.5032502549424769,0.496749745057523,0.5032502549424769,0.496749745057523,0
2024-04-25,3579.94,6025.43,0.5,0.5,0,0,0.5022038332428688,0.4977961667571313,0.5022038332428688,0.4977961667571313,0
2024-04-26,3661.4,6061.36,0.5,0.5,0,0,0.5063420564191475,0.4936579435808526,0.5063420564191475,0.4936579435808526,0
2024-04-29,3745.62,6096.62,0.5,0.5,0,0,0.5105761307030775,0.4894238692969225,0.5105761307030775,0.4894238692969225,0
2024-04-30,3699.59,6094.71,0.5,0.5,0,0,0.5075641769994035,0.4924358230005965,0.5075641769994035,0.4924358230005965,0
2024-05-06,3778.52,6152.24,0.5,0.5,0,0,0.5104920473755358,0.48950795262446417,0.5104920473755358,0.48950795262446417,0
2024-05-07,3787.17,6156.76,0.5,0.5,0,0,0.510879924546748,0.4891200754532521,0.510879924546748,0.4891200754532521,0
2024-05-08,3745.44,6126.72,0.5,0.5,0,0,0.5093333563175348,0.49066664368246515,0.5093333563175348,0.49066664368246515,0
2024-05-09,3807.29,6185.06,0.5,0.5,0,0,0.5110579813345688,0.4889420186654312,0.5110579813345688,0.4889420186654312,0
2024-05-10,3779.19,6231.82,0.5,0.5,0,0,0.5073243439554391,0.4926756560445609,0.5073243439554391,0.4926756560445609,0
2024-05-13,3753.33,6253.31,0.5,0.5,0,0,0.5047475368365633,0.49525246316343674,0.5047475368365633,0.49525246316343674,0
2024-05-14,3751.73,6223.67,0.5,0.5,0,0,0.505828610389582,0.494171389610418,0.505828610389582,0.494171389610418,0
2024-05-15,3711.94,6185.74,0.5,0.5,0,0,0.5046914132443296,0.4953085867556704,0.5046914132443296,0.4953085867556704,0
2024-05-16,3710.93,6213.11,0.5,0.5,0,0,0.5035197266122677,0.49648027338773215,0.5035197266122677,0.49648027338773215,0
2024-05-17,3749.71,6286.06,0.5,0.5,0,0,0.5032005102863479,0.49679948971365195,0.5032005102863479,0.49679948971365195,0
2024-05-20,3779.41,6317.61,0.5,0.5,0,0,0.5039212037082852,0.4960787962917148,0.5039212037082852,0.4960787962917148,0
2024-05-21,3738.26,6307.32,0.5,0.5,0,0,0.5015918932572592,0.4984081067427409,0.5015918932572592,0.4984081067427409,0
2024-05-22,3761.21,6302.96,0.5,0.5,0,0,0.5032948386833777,0.4967051613166224,0.5032948386833777,0.4967051613166224,0
2024-05-23,3696.52,6231.35,0.5,0.5,0,0,0.5018142494048099,0.49818575059519,0.5018142494048099,0.49818575059519,0
2024-05-24,3645.14,6198.45,0.5,0.5,0,0,0.4996384271615783,0.5003615728384216,0.4996384271615783,0.5003615728384216,0
2024-05-27,3679.96,6279.48,0.5,0.5,0,0,0.49876822842700164,0.5012317715729984,0.49876822842700164,0.5012317715729984,0
2024-05-28,3649.95,6246.89,0.5,0.5,0,0,0.49802199148224463,0.5019780085177553,0.49802199148224463,0.5019780085177553,0
2024-05-29,3677.16,6243.61,0.5,0.5,0,0,0.5000100925133519,0.4999899074866479,0.5000100925133519,0.4999899074866479,0
2024-05-30,3662.46,6186.61,0.5,0.5,0,0,0.5013014893866926,0.4986985106133074,0.5013014893866926,0.4986985106133074,0
2024-05-31,3644.35,6167.68,0.5,0.5,0,0,0.5008283653748817,0.4991716346251182,0.5008283653748817,0.4991716346251182,0
2024-06-03,3653.54,6154.82,0.5,0.5,0,0,0.5019798000508257,0.49802019994917424,0.5019798000508257,0.49802019994917424,0
2024-06-04,3690.71,6198.91,0.5,0.5,0,0,0.5027258672469692,0.49727413275303073,0.5027258672469692,0.49727413275303073,0
2024-06-05,3665.55,6133.01,0.5,0.5,0,0,0.5036876658372252,0.4963123341627747,0.5036876658372252,0.4963123341627747,0
2024-06-06,3647.24,6144.61,0.5,0.5,0,0,0.5019633994309465,0.49803660056905347,0.5019633994309465,0.49803660056905347,0
2024-06-07,3609.61,6157.63,0.5,0.5,0,0,0.49884149349854445,0.5011585065014555,0.49884149349854445,0.5011585065014555,0
2024-06-11,3606.94,6069.75,0.5,0.5,0,0,0.5022501210816094,0.49774987891839056,0.5022501210816094,0.49774987891839056,0
2024-06-12,3612.59,6087.9,0.5,0.5,0,0,0.5018949828373446,0.49810501716265543,0.5018949828373446,0.49810501716265543,0
2024-06-13,3590.95,6035.66,0.5,0.5,0,0,0.5025474220861812,0.49745257791381886,0.5025474220861812,0.49745257791381886,0
2024-06-14,3595.63,6058.43,0.5,0.5,0,0,0.5019316714629488,0.49806832853705124,0.5019316714629488,0.49806832853705124,0
2024-06-17,3603.79,5999.7,0.5,0.5,0,0,0.5049335391740659,0.4950664608259341,0.5049335391740659,0.4950664608259341,0
2024-06-18,3606.45,6029.46,0.5,0.5,0,0,0.503881084601968,0.496118915398032,0.503881084601968,0.496118915398032,0
2024-06-19,3570.86,6027.78,0.5,0.5,0,1,0.5014714645217463,0.4985285354782537,0.5,0.5,1
2024-06-20,3537.64,6002.35,0.5,0.5,0,0,0.4987202776827138,0.5012797223172861,0.4987202776827138,0.5012797223172861,0
2024-06-21,3519.89,6001.0,0.5,0.5,0,0,0.49751900479286504,0.502480995207135,0.49751900479286504,0.502480995207135,0
2024-06-24,3482.53,5970.88,0.5,0.5,0,0,0.4961093389074589,0.5038906610925411,0.4961093389074589,0.5038906610925411,0
2024-06-25,3453.44,5973.34,0.5,0.5,0,0,0.49390953159575146,0.5060904684042484,0.49390953159575146,0.5060904684042484,0
2024-06-26,3484.52,5981.69,0.5,0.5,0,0,0.49579997015557487,0.5042000298444251,0.49579997015557487,0.5042000298444251,0
2024-06-27,3431.42,5946.36,0.5,0.5,0,0,0.49344218172304066,0.5065578182769593,0.49344218172304066,0.5065578182769593,0
2024-06-28,3419.6,5990.7,0.5,0.5,0,0,0.49072297452810865,0.5092770254718914,0.49072297452810865,0.5092770254718914,0
2024-07-01,3428.98,6075.99,0.5,0.5,0,0,0.4878749332697328,0.5121250667302673,0.4878749332697328,0.5121250667302673,0
2024-07-02,3412.36,6077.66,0.5,0.5,0,0,0.48659239028478546,0.5134076097152145,0.48659239028478546,0.5134076097152145,0
2024-07-03,3404.07,6039.17,0.5,0.5,0,0,0.4875719378792204,0.5124280621207796,0.4875719378792204,0.5124280621207796,0
2024-07-04,3374.43,6017.15,0.5,0.5,0,0,0.48629968437467436,0.5137003156253256,0.48629968437467436,0.5137003156253256,0
2024-07-05,3376.36,5973.5,0.5,0.5,0,0,0.48826153394257005,0.51173846605743,0.48826153394257005,0.51173846605743,0
2024-07-08,3320.17,5950.05,0.5,0.5,0,0,0.48505162712577743,0.5149483728742226,0.48505162712577743,0.5149483728742226,0
2024-07-09,3367.93,5999.62,0.5,0.5,0,0,0.48654687261816787,0.513453127381832,0.48654687261816787,0.513453127381832,0
2024-07-10,3353.77,5944.78,0.5,0.5,0,0,0.4877883997258268,0.5122116002741732,0.4877883997258268,0.5122116002741732,0
2024-07-11,3426.45,5965.64,0.5,0.5,0,0,0.49227079526701195,0.5077292047329881,0.49227079526701195,0.5077292047329881,0
2024-07-12,3423.46,5974.89,0.5,0.5,0,0,0.4916653642364914,0.5083346357635085,0.4916653642364914,0.5083346357635085,0
2024-07-15,3411.76,6001.93,0.5,0.5,0,0,0.4896813461781843,0.5103186538218157,0.4896813461781843,0.5103186538218157,0
2024-07-16,3441.09,5981.16,0.5,0.5,0,0,0.49268703982012846,0.5073129601798716,0.49268703982012846,0.5073129601798716,0
2024-07-17,3432.5,5960.51,0.5,0.5,0,0,0.49292675474244,0.50707324525756,0.49292675474244,0.50707324525756,0
2024-07-18,3455.31,5992.19,0.5,0.5,0,0,0.49325729482454744,0.5067427051754525,0.49325729482454744,0.5067427051754525,0
2024-07-19,3470.74,5976.94,0.5,0.5,0,0,0.49500802012704814,0.5049919798729519,0.49500802012704814,0.5049919798729519,0
2024-07-22,3446.72,5915.57,0.5,0.5,0,0,0.4958519743728403,0.5041480256271598,0.4958519743728403,0.5041480256271598,0
2024-07-23,3331.43,5857.45,0.5,0.5,0,0,0.4898163101561819,0.5101836898438181,0.4898163101561819,0.5101836898438181,0
2024-07-24,3291.23,5843.34,0.5,0.5,0,0,0.48738545856922544,0.5126145414307745,0.48738545856922544,0.5126145414307745,0
2024-07-25,3275.43,5807.05,0.5,0.5,0,0,0.48773965365738264,0.5122603463426174,0.48773965365738264,0.5122603463426174,0
2024-07-26,3308.75,5804.51,0.5,0.5,0,0,0.4903780864016841,0.5096219135983159,0.4903780864016841,0.5096219135983159,0
2024-07-29,3263.16,5819.78,0.5,0.5,0,0,0.48625494180741907,0.5137450581925809,0.48625494180741907,0.5137450581925809,0
2024-07-30,3244.35,5771.55,0.5,0.5,0,0,0.48688967259930294,0.5131103274006971,0.48688967259930294,0.5131103274006971,0
2024-07-31,3354.29,5855.73,0.5,0.5,0,0,0.4915987345523845,0.5084012654476155,0.4915987345523845,0.5084012654476155,0
2024-08-01,3310.97,5849.85,0.5,0.5,0,0,0.4886013499404744,0.5113986500595256,0.4886013499404744,0.5113986500595256,0
2024-08-02,3267.47,5802.58,0.5,0.5,0,0,0.4873241315657116,0.5126758684342884,0.4873241315657116,0.5126758684342884,0
2024-08-05,3221.48,5731.19,0.5,0.5,0,0,0.48687551900017184,0.5131244809998282,0.48687551900017184,0.5131244809998282,0
2024-08-06,3247.0,5705.51,0.5,0.5,0,0,0.48996920579991765,0.5100307942000823,0.48996920579991765,0.5100307942000823,0
2024-08-07,3250.68,5714.96,0.5,0.5,0,0,0.48983870617800385,0.5101612938219962,0.48983870617800385,0.5101612938219962,0
2024-08-08,3250.89,5727.87,0.5,0.5,0,0,0.4892909859093613,0.5107090140906386,0.4892909859093613,0.5107090140906386,0
2024-08-09,3236.02,5716.89,0.5,0.5,0,0,0.4886248503664417,0.5113751496335583,0.4886248503664417,0.5113751496335583,0
2024-08-12,3230.8,5713.57,0.5,0.5,0,0,0.4883666143931212,0.5116333856068788,0.4883666143931212,0.5116333856068788,0
2024-08-13,3235.4,5730.42,0.5,0.5,0,0,0.4879863281981576,0.5120136718018423,0.4879863281981576,0.5120136718018423,0
2024-08-14,3193.31,5702.86,0.5,0.5,0,0,0.48591935243582673,0.5140806475641734,0.48591935243582673,0.5140806475641734,0
2024-08-15,3219.89,5765.46,0.5,0.5,0,0,0.4852629136530512,0.5147370863469487,0.4852629136530512,0.5147370863469487,0
2024-08-16,3213.34,5779.09,0.5,0.5,0,0,0.4841645438576198,0.5158354561423801,0.4841645438576198,0.5158354561423801,0
2024-08-19,3211.83,5836.04,0.5,0.5,0,1,0.48159849083765477,0.5184015091623452,0.5,0.5,1
2024-08-20,3175.08,5795.02,0.5,0.5,0,0,0.49888638117368006,0.5011136188263199,0.49888638117368006,0.5011136188263199,0
2024-08-21,3171.6,5773.57,0.5,0.5,0,0,0.49953930068208546,0.5004606993179146,0.49953930068208546,0.5004606993179146,0
2024-08-22,3144.96,5779.68,0.5,0.5,0,0,0.4971661478766584,0.5028338521233415,0.4971661478766584,0.5028338521233415,0
2024-08-23,3143.86,5814.25,0.5,0.5,0,0,0.4955879045066462,0.5044120954933539,0.4955879045066462,0.5044120954933539,0
2024-08-26,3148.43,5817.2,0.5,0.5,0,0,0.49582421860331694,0.5041757813966832,0.49582421860331694,0.5041757813966832,0
2024-08-27,3126.57,5807.55,0.5,0.5,0,0,0.4944975667275527,0.5055024332724473,0.4944975667275527,0.5055024332724473,0
2024-08-28,3114.46,5771.02,0.5,0.5,0,0,0.49510479582374073,0.5048952041762592,0.49510479582374073,0.5048952041762592,0
2024-08-29,3154.46,5687.14,0.5,0.5,0,0,0.5019553538738053,0.49804464612619465,0.5019553538738053,0.49804464612619465,0
2024-08-30,3222.67,5697.02,0.5,0.5,0,0,0.5068692162477131,0.4931307837522869,0.5068692162477131,0.4931307837522869,0
2024-09-02,3142.21,5667.18,0.5,0.5,0,0,0.5018615791426718,0.4981384208573282,0.5018615791426718,0.4981384208573282,0
2024-09-03,3174.16,5635.31,0.5,0.5,0,0,0.5058003616838838,0.49419963831611624,0.5058003616838838,0.49419963831611624,0
2024-09-04,3157.39,5596.17,0.5,0.5,0,0,0.5062184089236322,0.4937815910763678,0.5062184089236322,0.4937815910763678,0
2024-09-05,3165.52,5595.9,0.5,0.5,0,0,0.5068732592244884,0.49312674077551155,0.5068732592244884,0.49312674077551155,0
2024-09-06,3121.48,5564.94,0.5,0.5,0,0,0.5047580218244676,0.49524197817553245,0.5047580218244676,0.49524197817553245,0
2024-09-09,3089.2,5479.14,0.5,0.5,0,0,0.5060436106143654,0.4939563893856346,0.5060436106143654,0.4939563893856346,0
2024-09-10,3088.3,5480.17,0.5,0.5,0,0,0.5059237907656292,0.4940762092343708,0.5059237907656292,0.4940762092343708,0
2024-09-11,3109.36,5412.09,0.5,0.5,0,0,0.510746643156267,0.489253356843733,0.510746643156267,0.489253356843733,0
2024-09-12,3084.47,5420.77,0.5,0.5,0,0,0.5083376241429068,0.49166237585709316,0.5083376241429068,0.49166237585709316,0
2024-09-13,3046.17,5414.93,0.5,0.5,0,0,0.5054839618328931,0.4945160381671068,0.5054839618328931,0.4945160381671068,0
2024-09-18,3046.71,5473.37,0.5,0.5,0,0,0.50284482477643,0.49715517522357006,0.50284482477643,0.49715517522357006,0
2024-09-19,3081.1,5509.81,0.5,0.5,0,0,0.5039919533671111,0.496008046632889,0.5039919533671111,0.496008046632889,0
2024-09-20,3076.19,5526.75,0.5,0.5,0,0,0.5028258437675254,0.4971741562324747,0.5028258437675254,0.4971741562324747,0
2024-09-23,3070.01,5577.42,0.5,0.5,0,0,0.5000415328832092,0.499958467116791,0.5000415328832092,0.499958467116791,0
2024-09-24,3222.15,5803.73,0.5,0.5,0,0,0.5021898961962269,0.49781010380377305,0.5021898961962269,0.49781010380377305,0
2024-09-25,3257.81,5889.87,0.5,0.5,0,0,0.5012582175612496,0.4987417824387503,0.5012582175612496,0.4987417824387503,0
2024-09-26,3413.48,6117.4,0.5,0.5,0,0,0.5034516315702539,0.4965483684297462,0.5034516315702539,0.4965483684297462,0
2024-09-27,3648.32,6223.61,0.5,0.5,0,0,0.5157768308658693,0.48422316913413066,0.5157768308658693,0.48422316913413066,0
2024-09-30,4034.09,6641.48,0.5,0.5,0,0,0.524644397924986,0.4753556020750139,0.524644397924986,0.4753556020750139,0
2024-10-08,4355.46,6850.06,0.5,0.5,0,0,0.5360335317837397,0.4639664682162603,0.5360335317837397,0.4639664682162603,0
2024-10-09,4021.74,6367.2,0.5,0.5,0,0,0.5343872414014309,0.4656127585985691,0.5343872414014309,0.4656127585985691,0
2024-10-10,4003.39,6566.92,0.5,0.5,0,0,0.52555476223526,0.47444523776473996,0.52555476223526,0.47444523776473996,0
2024-10-11,3848.68,6447.78,0.5,0.5,0,0,0.5202903418269359,0.4797096581730641,0.5202903418269359,0.4797096581730641,0
2024-10-14,3920.06,6600.67,0.5,0.5,0,0,0.5190276609924933,0.4809723390075068,0.5190276609924933,0.4809723390075068,0
2024-10-15,3808.48,6436.01,0.5,0.5,0,0,0.5181253024602499,0.48187469753975004,0.5181253024602499,0.48187469753975004,0
2024-10-16,3755.72,6481.9,0.5,0.5,0,0,0.5128666463635883,0.48713335363641186,0.5128666463635883,0.48713335363641186,0
2024-10-17,3716.99,6383.63,0.5,0.5,0,0,0.5140934948584036,0.48590650514159633,0.5140934948584036,0.48590650514159633,0
2024-10-18,3912.45,6478.78,0.5,0.5,0,0,0.5231941344758907,0.4768058655241093,0.5231941344758907,0.4768058655241093,0
2024-10-21,3956.31,6455.01,0.5,0.5,0,1,0.5268907321683135,0.4731092678316866,0.5,0.5,1
2024-10-22,3985.03,6502.67,0.5,0.5,0,0,0.4999691948667609,0.5000308051332389,0.4999691948667609,0.5000308051332389,0
2024-10-23,4010.77,6529.33,0.5,0.5,0,0,0.5005559270188923,0.4994440729811076,0.5005559270188923,0.4994440729811076,0
2024-10-24,3955.0,6484.57,0.5,0.5,0,0,0.4987749757820634,0.5012250242179367,0.4987749757820634,0.5012250242179367,0
2024-10-25,4036.42,6479.09,0.5,0.5,0,0,0.5040806326264144,0.4959193673735855,0.5040806326264144,0.4959193673735855,0
2024-10-28,4049.44,6498.59,0.5,0.5,0,0,0.5041344483835448,0.4958655516164551,0.5041344483835448,0.4958655516164551,0
2024-10-29,3983.29,6445.97,0.5,0.5,0,0,0.5020494341394887,0.4979505658605114,0.5020494341394887,0.4979505658605114,0
2024-10-30,3951.88,6390.08,0.5,0.5,0,0,0.5022473418638833,0.4977526581361167,0.5022473418638833,0.4977526581361167,0
2024-10-31,3969.19,6382.85,0.5,0.5,0,0,0.5036229711893693,0.49637702881063084,0.5036229711893693,0.49637702881063084,0
2024-11-01,3951.47,6435.96,0.5,0.5,0,0,0.5004328619723483,0.49956713802765174,0.5004328619723483,0.49956713802765174,0
2024-11-04,4019.9,6485.71,0.5,0.5,0,0,0.5028001038050537,0.4971998961949462,0.5028001038050537,0.4971998961949462,0
2024-11-05,4144.41,6583.06,0.5,0.5,0,0,0.5067009878293423,0.49329901217065775,0.5067009878293423,0.49329901217065775,0
2024-11-06,4127.13,6536.14,0.5,0.5,0,0,0.5074445182701376,0.49255548172986247,0.5074445182701376,0.49255548172986247,0
2024-11-07,4236.34,6703.55,0.5,0.5,0,0,0.5076512159290545,0.4923487840709455,0.5076512159290545,0.4923487840709455,0
2024-11-08,4204.26,6619.05,0.5,0.5,0,0,0.5089218635800925,0.4910781364199075,0.5089218635800925,0.4910781364199075,0
2024-11-11,4278.25,6567.93,0.5,0.5,0,0,0.5152178319591659,0.48478216804083407,0.5152178319591659,0.48478216804083407,0
2024-11-12,4238.74,6497.2,0.5,0.5,0,0,0.5156048157640261,0.4843951842359739,0.5156048157640261,0.4843951842359739,0
2024-11-13,4252.03,6542.24,0.5,0.5,0,0,0.5146612214717362,0.4853387785282638,0.5146612214717362,0.4853387785282638,0
2024-11-14,4140.29,6473.74,0.5,0.5,0,0,0.510637554716709,0.489362445283291,0.510637554716709,0.489362445283291,0
2024-11-15,4035.11,6415.09,0.5,0.5,0,0,0.5064809710125382,0.49351902898746186,0.5064809710125382,0.49351902898746186,0
2024-11-18,3986.48,6466.79,0.5,0.5,0,0,0.5014433928513071,0.4985566071486929,0.5014433928513071,0.4985566071486929,0
2024-11-19,4061.59,6459.81,0.5,0.5,0,0,0.5063795082321813,0.4936204917678187,0.5063795082321813,0.4936204917678187,0
2024-11-20,4075.02,6471.57,0.5,0.5,0,0,0.5067500193812933,0.4932499806187067,0.5067500193812933,0.4932499806187067,0
2024-11-21,4077.82,6462.91,0.5,0.5,0,0,0.5072564034699043,0.49274359653009575,0.5072564034699043,0.49274359653009575,0
2024-11-22,3934.7,6281.69,0.5,0.5,0,0,0.5054348830217136,0.4945651169782865,0.5054348830217136,0.4945651169782865,0
2024-11-25,3921.26,6270.99,0.5,0.5,0,0,0.50500573140474,0.49499426859525997,0.50500573140474,0.49499426859525997,0
2024-11-26,3890.46,6274.4,0.5,0.5,0,0,0.5028985526450443,0.49710144735495565,0.5028985526450443,0.49710144735495565,0
2024-11-27,3966.13,6351.66,0.5,0.5,0,0,0.5046547187566497,0.4953452812433502,0.5046547187566497,0.4953452812433502,0
2024-11-28,3919.73,6314.93,0.5,0.5,0,0,0.5031626837363011,0.49683731626369887,0.5031626837363011,0.49683731626369887,0
2024-11-29,3986.56,6351.48,0.5,0.5,0,0,0.5059461316242222,0.49405386837577775,0.5059461316242222,0.49405386837577775,0
2024-12-02,4029.39,6396.22,0.5,0.5,0,0,0.5068627214182048,0.4931372785817954,0.5068627214182048,0.4931372785817954,0
2024-12-03,4017.37,6455.16,0.5,0.5,0,0,0.5038230378729276,0.49617696212707246,0.5038230378729276,0.49617696212707246,0
2024-12-04,3987.01,6452.0,0.5,0.5,0,0,0.5020490428032737,0.4979509571967263,0.5020490428032737,0.4979509571967263,0
2024-12-05,3977.97,6439.47,0.5,0.5,0,0,0.5019675401302711,0.498032459869729,0.5019675401302711,0.498032459869729,0
2024-12-06,4032.86,6517.39,0.5,0.5,0,0,0.502386635234465,0.4976133647655351,0.502386635234465,0.4976133647655351,0
2024-12-09,4019.47,6518.61,0.5,0.5,0,0,0.5015084181559979,0.49849158184400205,0.5015084181559979,0.49849158184400205,0
2024-12-10,4049.77,6549.05,0.5,0.5,0,0,0.5022212076964814,0.4977787923035187,0.5022212076964814,0.4977787923035187,0
2024-12-11,4053.5,6553.25,0.5,0.5,0,0,0.5022910830807068,0.4977089169192932,0.5022910830807068,0.4977089169192932,0
2024-12-12,4094.96,6609.79,0.5,0.5,0,0,0.5026874408065723,0.4973125591934276,0.5026874408065723,0.4973125591934276,0
2024-12-13,3988.32,6476.59,0.5,0.5,0,0,0.5011801860903274,0.49881981390967256,0.5011801860903274,0.49881981390967256,0
2024-12-16,3941.16,6476.61,0.5,0.5,0,0,0.4982056756295345,0.5017943243704654,0.4982056756295345,0.5017943243704654,0
2024-12-17,3949.65,6461.04,0.5,0.5,0,0,0.4993453685378487,0.5006546314621513,0.4993453685378487,0.5006546314621513,0
2024-12-18,3960.75,6505.79,0.5,0.5,0,0,0.4983214194192275,0.5016785805807726,0.4983214194192275,0.5016785805807726,0
2024-12-19,3962.14,6466.88,0.5,0.5,0,0,0.49990882940234144,0.5000911705976586,0.49990882940234144,0.5000911705976586,0
2024-12-20,3949.53,6425.43,0.5,0.5,0,0,0.5007194571764066,0.49928054282359324,0.5007194571764066,0.49928054282359324,0
2024-12-23,3932.82,6465.58,0.5,0.5,0,1,0.49810221025862517,0.5018977897413748,0.5,0.5,1
2024-12-24,3981.81,6552.9,0.5,0.5,0,0,0.4997411965891721,0.5002588034108278,0.4997411965891721,0.5002588034108278,0
2024-12-25,3965.34,6575.48,0.5,0.5,0,0,0.4978450180326075,0.5021549819673925,0.4978450180326075,0.5021549819673925,0
2024-12-26,3970.04,6547.32,0.5,0.5,0,0,0.4992140908556716,0.5007859091443284,0.4992140908556716,0.5007859091443284,0
2024-12-27,3964.2,6553.6,0.5,0.5,0,0,0.4986063907414093,0.5013936092585907,0.4986063907414093,0.5013936092585907,0
2024-12-30,3974.85,6603.88,0.5,0.5,0,0,0.49736643752676507,0.502633562473235,0.49736643752676507,0.502633562473235,0
2024-12-31,3894.96,6520.33,0.5,0.5,0,0,0.4954737280891806,0.5045262719108193,0.4954737280891806,0.5045262719108193,0
2025-01-02,3781.67,6368.52,0.5,0.5,0,0,0.49398394127906686,0.5060160587209331,0.49398394127906686,0.5060160587209331,0
2025-01-03,3737.15,6311.48,0.5,0.5,0,0,0.49327267791029267,0.5067273220897074,0.49327267791029267,0.5067273220897074,0
2025-01-06,3723.46,6329.36,0.5,0.5,0,0,0.49164833048013196,0.508351669519868,0.49164833048013196,0.508351669519868,0
2025-01-07,3757.47,6335.64,0.5,0.5,0,0,0.4936730927426824,0.5063269072573175,0.4936730927426824,0.5063269072573175,0
2025-01-08,3733.47,6356.0,0.5,0.5,0,0,0.4912695983186735,0.5087304016813265,0.4912695983186735,0.5087304016813265,0
2025-01-09,3735.11,6303.34,0.5,0.5,0,0,0.4934587766853651,0.5065412233146349,0.4934587766853651,0.5065412233146349,0
2025-01-10,3691.17,6220.8,0.5,0.5,0,0,0.4937955588218942,0.5062044411781058,0.4937955588218942,0.5062044411781058,0
2025-01-13,3706.02,6181.21,0.5,0.5,0,0,0.49639518134741506,0.503604818652585,0.49639518134741506,0.503604818652585,0
2025-01-14,3822.02,6293.42,0.5,0.5,0,0,0.49960260802304746,0.5003973919769525,0.49960260802304746,0.5003973919769525,0
2025-01-15,3786.44,6293.54,0.5,0.5,0,0,0.49725966479253114,0.5027403352074689,0.49725966479253114,0.5027403352074689,0
2025-01-16,3794.66,6337.48,0.5,0.5,0,0,0.4960624810007106,0.5039375189992894,0.4960624810007106,0.5039375189992894,0
2025-01-17,3820.35,6332.21,0.5,0.5,0,0,0.49795719420242324,0.5020428057975768,0.49795719420242324,0.5020428057975768,0
2025-01-20,3851.76,6313.51,0.5,0.5,0,0,0.5007435997336817,0.4992564002663183,0.5007435997336817,0.4992564002663183,0
2025-01-21,3850.06,6288.17,0.5,0.5,0,0,0.5016386537433176,0.4983613462566824,0.5016386537433176,0.4983613462566824,0
2025-01-22,3812.75,6210.72,0.5,0.5,0,0,0.5023024533581899,0.49769754664181015,0.5023024533581899,0.49769754664181015,0
2025-01-23,3792.89,6278.69,0.5,0.5,0,0,0.4982757312684449,0.5017242687315551,0.4982757312684449,0.5017242687315551,0
2025-01-24,3828.81,6315.08,0.5,0.5,0,0,0.49918740626844516,0.5008125937315548,0.49918740626844516,0.5008125937315548,0
2025-01-27,3790.36,6364.52,0.5,0.5,0,0,0.49471474208111377,0.5052852579188862,0.49471474208111377,0.5052852579188862,0
2025-02-05,3791.05,6268.1,0.5,0.5,0,0,0.49857643969455534,0.5014235603054445,0.49857643969455534,0.5014235603054445,0
2025-02-06,3871.28,6296.01,0.5,0.5,0,0,0.5027012483485946,0.49729875165140536,0.5027012483485946,0.49729875165140536,0
2025-02-07,3934.15,6349.17,0.5,0.5,0,0,0.5046265551767906,0.4953734448232093,0.5046265551767906,0.4953734448232093,0
2025-02-10,3936.94,6360.16,0.5,0.5,0,0,0.5043714470576169,0.49562855294238306,0.5043714470576169,0.49562855294238306,0
2025-02-11,3902.66,6376.1,0.5,0.5,0,0,0.5015594306883083,0.4984405693116916,0.5015594306883083,0.4984405693116916,0
2025-02-12,3953.77,6409.91,0.5,0.5,0,0,0.503490023337367,0.4965099766626331,0.503490023337367,0.4965099766626331,0
2025-02-13,3932.13,6402.87,0.5,0.5,0,0,0.5023927149044196,0.4976072850955804,0.5023927149044196,0.4976072850955804,0
2025-02-14,3965.34,6431.57,0.5,0.5,0,0,0.5033771790287485,0.4966228209712515,0.5033771790287485,0.4966228209712515,0
2025-02-17,3967.52,6421.85,0.5,0.5,0,0,0.5038926644531316,0.4961073355468683,0.5038926644531316,0.4961073355468683,0
2025-02-18,3923.37,6392.02,0.5,0.5,0,0,0.5022591439304352,0.4977408560695648,0.5022591439304352,0.4977408560695648,0
2025-02-19,3978.18,6391.56,0.5,0.5,0,0,0.5057452607417608,0.49425473925823915,0.5057452607417608,0.49425473925823915,0
2025-02-20,3971.97,6362.82,0.5,0.5,0,0,0.5064812655058727,0.4935187344941272,0.5064812655058727,0.4935187344941272,0
2025-02-21,4035.41,6364.67,0.5,0.5,0,0,0.5103688929815313,0.4896311070184688,0.5103688929815313,0.4896311070184688,0
2025-02-24,4021.41,6366.6,0.5,0.5,0,1,0.5094246357137312,0.49057536428626874,0.5,0.5,1
2025-02-25,3984.38,6297.08,0.5,0.5,0,0,0.5004321675260169,0.4995678324739831,0.5004321675260169,0.4995678324739831,0
2025-02-26,4025.94,6357.05,0.5,0.5,0,0,0.5006567442301242,0.499343255769876,0.5006567442301242,0.499343255769876,0
2025-02-27,4022.08,6398.97,0.5,0.5,0,0,0.49877378484920776,0.5012262151507922,0.49877378484920776,0.5012262151507922,0
2025-02-28,3932.4,6328.05,0.5,0.5,0,0,0.49592278597684725,0.5040772140231528,0.49592278597684725,0.5040772140231528,0
2025-03-03,3949.75,6338.72,0.5,0.5,0,0,0.4966021568501679,0.5033978431498322,0.4966021568501679,0.5033978431498322,0
2025-03-04,3938.92,6337.64,0.5,0.5,0,0,0.49595836362412726,0.5040416363758728,0.49595836362412726,0.5040416363758728,0
2025-03-05,3936.04,6379.26,0.5,0.5,0,0,0.4941392750020028,0.5058607249979971,0.4941392750020028,0.5058607249979971,0
2025-03-06,4008.53,6410.27,0.5,0.5,0,0,0.4974890677485996,0.5025109322514004,0.4974890677485996,0.5025109322514004,0
2025-03-07,4000.47,6410.85,0.5,0.5,0,0,0.4969632809626547,0.5030367190373453,0.4969632809626547,0.5030367190373453,0
2025-03-10,3999.42,6383.23,0.5,0.5,0,0,0.4979770359112807,0.5020229640887194,0.4979770359112807,0.5020229640887194,0
2025-03-11,4014.47,6414.8,0.5,0.5,0,0,0.49768264178656746,0.5023173582134325,0.49768264178656746,0.5023173582134325,0
2025-03-12,4002.18,6397.4,0.5,0.5,0,0,0.4975951541842701,0.50240484581573,0.4975951541842701,0.50240484581573,0
2025-03-13,3980.93,6413.06,0.5,0.5,0,0,0.4956530875084982,0.5043469124915019,0.4956530875084982,0.5043469124915019,0
2025-03-14,4084.03,6522.51,0.5,0.5,0,0,0.4978145045574927,0.5021854954425073,0.4978145045574927,0.5021854954425073,0
2025-03-17,4070.94,6528.62,0.5,0.5,0,0,0.4967778771291021,0.5032221228708978,0.4967778771291021,0.5032221228708978,0
2025-03-18,4084.5,6540.89,0.5,0.5,0,0,0.4971397981201461,0.5028602018798539,0.4971397981201461,0.5028602018798539,0
2025-03-19,4079.98,6562.09,0.5,0.5,0,0,0.49605406302058885,0.503945936979411,0.49605406302058885,0.503945936979411,0
2025-03-20,4047.52,6514.59,0.5,0.5,0,0,0.49587335837698887,0.5041266416230111,0.49587335837698887,0.5041266416230111,0
2025-03-21,3970.91,6467.43,0.5,0.5,0,0,0.49291284059413826,0.5070871594058618,0.49291284059413826,0.5070871594058618,0
2025-03-24,3987.93,6504.21,0.5,0.5,0,0,0.49256445506047714,0.5074355449395229,0.49256445506047714,0.5074355449395229,0
2025-03-25,3980.95,6528.22,0.5,0.5,0,0,0.4912056955169887,0.5087943044830113,0.4912056955169887,0.5087943044830113,0
2025-03-26,3975.37,6485.87,0.5,0.5,0,0,0.49248177887261824,0.5075182211273818,0.49248177887261824,0.5075182211273818,0
2025-03-27,3987.18,6496.35,0.5,0.5,0,0,0.4928196739345559,0.5071803260654439,0.4928196739345559,0.5071803260654439,0
2025-03-28,3958.56,6470.98,0.5,0.5,0,0,0.4919971197933417,0.5080028802066583,0.4919971197933417,0.5080028802066583,0
2025-03-31,3913.05,6445.09,0.5,0.5,0,0,0.4901091674898721,0.5098908325101279,0.4901091674898721,0.5098908325101279,0
2025-04-01,3919.61,6445.25,0.5,0.5,0,0,0.4905215659892878,0.509478434010712,0.4905215659892878,0.509478434010712,0
2025-04-02,3906.98,6463.63,0.5,0.5,0,0,0.48900342484533293,0.5109965751546671,0.48900342484533293,0.5109965751546671,0
2025-04-03,3866.57,6450.74,0.5,0.5,0,0,0.48690448159882127,0.5130955184011787,0.48690448159882127,0.5130955184011787,0
2025-04-07,3536.42,6030.67,0.5,0.5,0,0,0.4814309910762682,0.5185690089237318,0.4814309910762682,0.5185690089237318,0
2025-04-08,3569.54,6167.9,0.5,0.5,0,0,0.47814176569188793,0.5218582343081122,0.47814176569188793,0.5218582343081122,0
2025-04-09,3614.55,6185.01,0.5,0.5,0,0,0.4805777105261702,0.5194222894738297,0.4805777105261702,0.5194222894738297,0
2025-04-10,3681.28,6246.65,0.5,0.5,0,0,0.4826689921843838,0.5173310078156163,0.4826689921843838,0.5173310078156163,0
2025-04-11,3714.69,6228.32,0.5,0.5,0,0,0.4856593300975456,0.5143406699024545,0.4856593300975456,0.5143406699024545,0
2025-04-14,3727.03,6261.35,0.5,0.5,0,0,0.48516656423595245,0.5148334357640476,0.48516656423595245,0.5148334357640476,0
2025-04-15,3714.84,6299.58,0.5,0.5,0,0,0.48282816405956286,0.5171718359404373,0.48282816405956286,0.5171718359404373,0
2025-04-16,3707.09,6328.52,0.5,0.5,0,0,0.4811623675801351,0.5188376324198648,0.4811623675801351,0.5188376324198648,0
2025-04-17,3706.47,6328.88,0.5,0.5,0,0,0.48110641115746255,0.5188935888425374,0.48110641115746255,0.5188935888425374,0
2025-04-18,3694.9,6348.0,0.5,0.5,0,0,0.4795730447496892,0.5204269552503107,0.4795730447496892,0.5204269552503107,0
2025-04-21,3732.54,6334.34,0.5,0.5,0,0,0.48264106185460526,0.5173589381453948,0.48264106185460526,0.5173589381453948,0
2025-04-22,3724.13,6354.98,0.5,0.5,0,0,0.4812656488970399,0.5187343511029602,0.4812656488970399,0.5187343511029602,0
2025-04-23,3739.68,6340.81,0.5,0.5,0,0,0.4828633430112096,0.5171366569887904,0.4828633430112096,0.5171366569887904,0
2025-04-24,3723.8,6375.28,0.5,0.5,0,1,0.48044738298996675,0.5195526170100334,0.5,0.5,1
2025-04-25,3736.27,6363.5,0.5,0.5,0,0,0.5012981487034902,0.49870185129650973,0.5012981487034902,0.49870185129650973,0
2025-04-28,3718.84,6370.99,0.5,0.5,0,0,0.49983506939287803,0.500164930607122,0.49983506939287803,0.500164930607122,0
2025-04-29,3711.41,6358.59,0.5,0.5,0,0,0.4998221407660321,0.500177859233968,0.4998221407660321,0.500177859233968,0
2025-04-30,3722.43,6305.1,0.5,0.5,0,0,0.5026752770903591,0.49732472290964086,0.5026752770903591,0.49732472290964086,0
2025-05-06,3774.91,6343.8,0.5,0.5,0,0,0.50464535202057,0.4953546479794301,0.50464535202057,0.4953546479794301,0
2025-05-07,3789.06,6399.68,0.5,0.5,0,0,0.5033882825024464,0.4966117174975536,0.5033882825024464,0.4966117174975536,0
2025-05-08,3813.31,6426.22,0.5,0.5,0,0,0.5039485283476387,0.4960514716523613,0.5039485283476387,0.4960514716523613,0
2025-05-09,3788.14,6451.7,0.5,0.5,0,0,0.5013037047593394,0.4986962952406607,0.5013037047593394,0.4986962952406607,0
2025-05-12,3853.55,6489.31,0.5,0.5,0,0,0.5041303943139214,0.4958696056860787,0.5041303943139214,0.4958696056860787,0
2025-05-13,3847.18,6537.78,0.5,0.5,0,0,0.5018565198303939,0.49814348016960597,0.5018565198303939,0.49814348016960597,0
2025-05-14,3883.71,6606.09,0.5,0.5,0,0,0.5016205670409953,0.4983794329590046,0.5016205670409953,0.4983794329590046,0
2025-05-15,3835.3,6567.91,0.5,0.5,0,0,0.499933837183272,0.500066162816728,0.499933837183272,0.500066162816728,0
2025-05-16,3829.21,6526.93,0.5,0.5,0,0,0.5011012932324344,0.49889870676756565,0.5011012932324344,0.49889870676756565,0
2025-05-19,3811.07,6526.33,0.5,0.5,0,0,0.49993714628000074,0.5000628537199993,0.49993714628000074,0.5000628537199993,0
2025-05-20,3830.78,6554.95,0.5,0.5,0,0,0.5001328269362179,0.4998671730637821,0.5001328269362179,0.4998671730637821,0
2025-05-21,3854.72,6586.44,0.5,0.5,0,0,0.5004921850155104,0.49950781498448943,0.5004921850155104,0.49950781498448943,0
2025-05-22,3829.2,6592.14,0.5,0.5,0,0,0.49861531184322394,0.5013846881567761,0.49861531184322394,0.5013846881567761,0
2025-05-23,3802.38,6535.68,0.5,0.5,0,0,0.499008538570947,0.500991461429053,0.499008538570947,0.500991461429053,0
2025-05-26,3778.25,6511.96,0.5,0.5,0,0,0.49832595942058683,0.5016740405794132,0.49832595942058683,0.5016740405794132,0
2025-05-27,3746.66,6510.7,0.5,0.5,0,0,0.49627535851890187,0.5037246414810982,0.49627535851890187,0.5037246414810982,0
2025-05-28,3735.73,6517.21,0.5,0.5,0,0,0.4952951981302063,0.5047048018697937,0.4952951981302063,0.5047048018697937,0
2025-05-29,3770.9,6531.83,0.5,0.5,0,0,0.49707751080137585,0.5029224891986243,0.49707751080137585,0.5029224891986243,0
2025-05-30,3728.7,6530.36,0.5,0.5,0,0,0.494320478008399,0.505679521991601,0.494320478008399,0.505679521991601,0
2025-06-03,3735.24,6560.26,0.5,0.5,0,0,0.4936166459891483,0.5063833540108517,0.4936166459891483,0.5063833540108517,0
2025-06-04,3758.74,6581.38,0.5,0.5,0,0,0.49438091268393536,0.5056190873160646,0.49438091268393536,0.5056190873160646,0
2025-06-05,3775.34,6561.24,0.5,0.5,0,0,0.4962486190815403,0.5037513809184596,0.4962486190815403,0.5037513809184596,0
2025-06-06,3767.67,6561.33,0.5,0.5,0,0,0.49573680489525057,0.5042631951047494,0.49573680489525057,0.5042631951047494,0
2025-06-09,3776.99,6582.44,0.5,0.5,0,0,0.4955514319427079,0.5044485680572921,0.4955514319427079,0.5044485680572921,0
2025-06-10,3748.44,6574.76,0.5,0.5,0,0,0.49394655511648733,0.5060534448835127,0.49394655511648733,0.5060534448835127,0
2025-06-11,3782.44,6613.04,0.5,0.5,0,0,0.4947524941834688,0.5052475058165313,0.4947524941834688,0.5052475058165313,0
2025-06-12,3778.65,6609.61,0.5,0.5,0,0,0.49463158423937814,0.5053684157606219,0.49463158423937814,0.5053684157606219,0
2025-06-13,3744.88,6570.74,0.5,0.5,0,0,0.49386192681296004,0.5061380731870401,0.49386192681296004,0.5061380731870401,0
2025-06-16,3740.88,6597.16,0.5,0.5,0,0,0.49259178813090193,0.5074082118690981,0.49259178813090193,0.5074082118690981,0
2025-06-17,3736.52,6606.26,0.5,0.5,0,0,0.4919557871536378,0.5080442128463621,0.4919557871536378,0.5080442128463621,0
2025-06-18,3746.07,6600.02,0.5,0.5,0,0,0.4928299841540658,0.5071700158459341,0.4928299841540658,0.5071700158459341,0
2025-06-19,3718.74,6550.59,0.5,0.5,0,0,0.4928787662364042,0.5071212337635959,0.4928787662364042,0.5071212337635959,0
2025-06-20,3710.41,6580.0,0.5,0.5,0,0,0.49119865838258164,0.5088013416174184,0.49119865838258164,0.5088013416174184,0
2025-06-23,3713.72,6611.26,0.5,0.5,0,0,0.4902370343012913,0.5097629656987086,0.4902370343012913,0.5097629656987086,0
2025-06-24,3761.76,6670.02,0.5,0.5,0,1,0.49123775563345207,0.508762244366548,0.5,0.5,1
2025-06-25,3805.13,6736.05,0.5,0.5,0,0,0.5004030954175621,0.49959690458243783,0.5004030954175621,0.49959690458243783,0
2025-06-26,3783.05,6734.25,0.5,0.5,0,0,0.499015012007546,0.5009849879924541,0.499015012007546,0.5009849879924541,0
2025-06-27,3791.45,6661.24,0.5,0.5,0,0,0.502294684815419,0.497705315184581,0.502294684815419,0.497705315184581,0
2025-06-30,3828.26,6645.35,0.5,0.5,0,0,0.5053070395276387,0.49469296047236133,0.5053070395276387,0.49469296047236133,0
2025-07-01,3832.58,6687.84,0.5,0.5,0,0,0.5039957096954528,0.49600429030454724,0.5039957096954528,0.49600429030454724,0
2025-07-02,3820.33,6726.28,0.5,0.5,0,0,0.5017626151499728,0.49823738485002717,0.5017626151499728,0.49823738485002717,0
2025-07-03,3857.46,6734.03,0.5,0.5,0,0,0.5038926927216373,0.4961073072783627,0.5038926927216373,0.4961073072783627,0
2025-07-04,3848.74,6780.69,0.5,0.5,0,0,0.5016007147199786,0.4983992852800214,0.5016007147199786,0.4983992852800214,0
2025-07-07,3821.87,6778.99,0.5,0.5,0,0,0.49991190844178846,0.5000880915582114,0.49991190844178846,0.5000880915582114,0
2025-07-08,3868.67,6800.55,0.5,0.5,0,0,0.5021607897712498,0.4978392102287502,0.5021607897712498,0.4978392102287502,0
2025-07-09,3856.3,6792.39,0.5,0.5,0,0,0.5016603019300331,0.49833969806996686,0.5016603019300331,0.49833969806996686,0
2025-07-10,3863.65,6846.08,0.5,0.5,0,0,0.5001680080624823,0.49983199193751776,0.5001680080624823,0.49983199193751776,0
2025-07-11,3883.55,6810.28,0.5,0.5,0,0,0.5027630653456588,0.49723693465434116,0.5027630653456588,0.49723693465434116,0
2025-07-14,3882.16,6825.98,0.5,0.5,0,0,0.5020979138616937,0.4979020861383063,0.5020979138616937,0.4979020861383063,0
2025-07-15,3897.45,6776.41,0.5,0.5,0,0,0.5049025817202771,0.4950974182797228,0.5049025817202771,0.4950974182797228,0
2025-07-16,3892.57,6752.09,0.5,0.5,0,0,0.5054881412600717,0.4945118587399283,0.5054881412600717,0.4945118587399283,0
2025-07-17,3930.38,6747.73,0.5,0.5,0,0,0.5080657719286864,0.4919342280713136,0.5080657719286864,0.4919342280713136,0
2025-07-18,3955.34,6787.22,0.5,0.5,0,0,0.5081895320318847,0.49181046796811523,0.5081895320318847,0.49181046796811523,0
2025-07-21,3993.46,6840.98,0.5,0.5,0,0,0.5086148854262645,0.49138511457373546,0.5086148854262645,0.49138511457373546,0
2025-07-22,4041.52,6902.46,0.5,0.5,0,0,0.5093686319901264,0.49063136800987367,0.5093686319901264,0.49063136800987367,0
2025-07-23,4037.14,6903.38,0.5,0.5,0,0,0.509064331607399,0.4909356683926011,0.509064331607399,0.4909356683926011,0
2025-07-24,4079.2,6921.86,0.5,0.5,0,0,0.5109863055788054,0.48901369442119463,0.5109863055788054,0.48901369442119463,0
2025-07-25,4065.72,6877.12,0.5,0.5,0,0,0.5117795236656811,0.488220476334319,0.5117795236656811,0.488220476334319,0
2025-07-28,4063.5,6870.72,0.5,0.5,0,0,0.5118756892096987,0.48812431079030116,0.5118756892096987,0.48812431079030116,0
2025-07-29,4096.29,6848.46,0.5,0.5,0,0,0.5146942179294653,0.4853057820705347,0.5146942179294653,0.4853057820705347,0
2025-07-30,4077.26,6889.47,0.5,0.5,0,0,0.5120394125711424,0.4879605874288576,0.5120394125711424,0.4879605874288576,0
2025-07-31,3993.95,6767.27,0.5,0.5,0,0,0.5113527698558149,0.48864723014418515,0.5113527698558149,0.48864723014418515,0
2025-08-01,3977.71,6759.02,0.5,0.5,0,0,0.5106394670183128,0.4893605329816873,0.5106394670183128,0.4893605329816873,0
2025-08-04,4002.54,6782.84,0.5,0.5,0,0,0.5113153656154359,0.48868463438456416,0.5113153656154359,0.48868463438456416,0
2025-08-05,4022.89,6851.73,0.5,0.5,0,0,0.5100574682466121,0.4899425317533878,0.5100574682466121,0.4899425317533878,0
2025-08-06,4048.87,6868.34,0.5,0.5,0,0,0.5110610222330352,0.4889389777669649,0.5110610222330352,0.4889389777669649,0
2025-08-07,4042.93,6873.47,0.5,0.5,0,0,0.5105075849263628,0.48949241507363717,0.5105075849263628,0.48949241507363717,0
2025-08-08,4036.41,6878.34,0.5,0.5,0,0,0.5099272614250013,0.49007273857499867,0.5099272614250013,0.49007273857499867,0
2025-08-11,4076.58,6864.32,0.5,0.5,0,0,0.5129114654340787,0.4870885345659211,0.5129114654340787,0.4870885345659211,0
2025-08-12,4094.63,6884.27,0.5,0.5,0,0,0.5132901651774626,0.48670983482253743,0.5132901651774626,0.48670983482253743,0
2025-08-13,4155.91,6877.11,0.5,0.5,0,0,0.5172603481920349,0.482739651807965,0.5172603481920349,0.482739651807965,0
2025-08-14,4137.14,6866.03,0.5,0.5,0,0,0.5165326181793929,0.483467381820607,0.5165326181793929,0.483467381820607,0
2025-08-15,4187.66,6885.45,0.5,0.5,0,0,0.5188579359596186,0.48114206404038146,0.5188579359596186,0.48114206404038146,0
2025-08-18,4235.2,6895.55,0.5,0.5,0,0,0.5213096341108273,0.4786903658891727,0.5213096341108273,0.4786903658891727,0
2025-08-19,4221.34,6875.86,0.5,0.5,0,0,0.5212052256904885,0.4787947743095114,0.5212052256904885,0.4787947743095114,0
2025-08-20,4274.07,6936.78,0.5,0.5,0,0,0.5221017804048853,0.4778982195951148,0.5221017804048853,0.4778982195951148,0
2025-08-21,4282.03,6966.9,0.5,0.5,0,0,0.5214849517401244,0.4785150482598755,0.5214849517401244,0.4785150482598755,0
2025-08-22,4379.88,7000.54,0.5,0.5,0,0,0.5259192363472671,0.47408076365273283,0.5259192363472671,0.47408076365273283,0
2025-08-25,4488.56,7091.38,0.5,0.5,0,1,0.5288150112320519,0.471184988767948,0.5,0.5,1
2025-08-26,4496.77,7082.77,0.5,0.5,0,0,0.5007605772802056,0.49923942271979427,0.5007605772802056,0.49923942271979427,0
2025-08-27,4447.63,6932.85,0.5,0.5,0,0,0.503362051900242,0.49663794809975803,0.503362051900242,0.49663794809975803,0
2025-08-28,4545.45,6967.95,0.5,0.5,0,0,0.5075378521342223,0.4924621478657776,0.5075378521342223,0.4924621478657776,0
2025-08-29,4619.3,6963.45,0.5,0.5,0,0,0.5117268894478837,0.4882731105521162,0.5117268894478837,0.4882731105521162,0
2025-09-01,4694.46,6939.98,0.5,0.5,0,0,0.5166019501805581,0.48339804981944184,0.5166019501805581,0.48339804981944184,0
2025-09-02,4618.82,6967.34,0.5,0.5,0,0,0.5115613811581269,0.48843861884187306,0.5115613811581269,0.48843861884187306,0
2025-09-03,4618.05,6888.35,0.5,0.5,0,0,0.514368288859713,0.48563171114028697,0.514368288859713,0.48563171114028697,0
2025-09-04,4476.05,6863.97,0.5,0.5,0,0,0.5074501970207786,0.49254980297922135,0.5074501970207786,0.49254980297922135,0
2025-09-05,4648.88,6903.69,0.5,0.5,0,0,0.5154746321875855,0.4845253678124146,0.5154746321875855,0.4845253678124146,0
2025-09-08,4683.45,6935.89,0.5,0.5,0,0,0.5161627822658224,0.48383721773417765,0.5161627822658224,0.48383721773417765,0
2025-09-09,4630.38,6948.79,0.5,0.5,0,0,0.5128520231388852,0.48714797686111466,0.5128520231388852,0.48714797686111466,0
2025-09-10,4637.19,6929.51,0.5,0.5,0,0,0.5139132822378464,0.4860867177621535,0.5139132822378464,0.4860867177621535,0
2025-09-11,4773.95,6994.07,0.5,0.5,0,0,0.518855911425564,0.48114408857443597,0.518855911425564,0.48114408857443597,0
2025-09-12,4751.85,6942.95,0.5,0.5,0,0,0.5195288814021618,0.48047111859783814,0.5195288814021618,0.48047111859783814,0
2025-09-15,4790.88,6920.57,0.5,0.5,0,0,0.5223760438469072,0.4776239561530929,0.5223760438469072,0.4776239561530929,0
2025-09-16,4801.0,6879.36,0.5,0.5,0,0,0.5243922790340576,0.4756077209659424,0.5243922790340576,0.4756077209659424,0
2025-09-17,4853.95,6905.53,0.5,0.5,0,0,0.5261806068608919,0.4738193931391082,0.5261806068608919,0.4738193931391082,0
2025-09-18,4814.59,6784.59,0.5,0.5,0,0,0.5285551568847463,0.4714448431152537,0.5285551568847463,0.4714448431152537,0
2025-09-19,4822.5,6799.82,0.5,0.5,0,0,0.5284054685196985,0.4715945314803014,0.5284054685196985,0.4715945314803014,0
2025-09-22,4853.14,6757.49,0.5,0.5,0,0,0.5315386774452026,0.4684613225547974,0.5315386774452026,0.4684613225547974,0
2025-09-23,4862.32,6772.14,0.5,0.5,0,0,0.5314699897373942,0.46853001026260566,0.5314699897373942,0.46853001026260566,0
2025-09-24,4957.62,6803.29,0.5,0.5,0,0,0.5351587525074055,0.46484124749259437,0.5351587525074055,0.46484124749259437,0
2025-09-25,5003.5,6774.3,0.5,0.5,0,0,0.5385109866584872,0.461489013341513,0.5385109866584872,0.461489013341513,0
2025-09-26,4936.71,6782.85,0.5,0.5,0,0,0.5348558152563543,0.46514418474364577,0.5348558152563543,0.46514418474364577,0
2025-09-29,5042.41,6830.04,0.5,0.5,0,0,0.5383996454790503,0.46160035452094966,0.5383996454790503,0.46160035452094966,0
2025-09-30,5088.38,6820.88,0.5,0.5,0,0,0.540987576210107,0.459012423789893,0.540987576210107,0.459012423789893,0
2025-10-09,5177.42,6900.0,0.5,0.5,0,0,0.5424310695070917,0.45756893049290814,0.5424310695070917,0.45756893049290814,0
2025-10-10,5016.61,6924.75,0.5,0.5,0,0,0.5336989550783862,0.46630104492161384,0.5336989550783862,0.46630104492161384,0
2025-10-13,4986.38,6889.79,0.5,0.5,0,0,0.5334543465450204,0.4665456534549795,0.5334543465450204,0.4665456534549795,0
2025-10-14,4853.75,6938.35,0.5,0.5,0,0,0.5249880733120422,0.4750119266879577,0.5249880733120422,0.4750119266879577,0
2025-10-15,4938.59,6992.65,0.5,0.5,0,0,0.5273647019569508,0.47263529804304916,0.5273647019569508,0.47263529804304916,0
2025-10-16,4930.68,7004.16,0.5,0.5,0,0,0.5265551584739451,0.473444841526055,0.5265551584739451,0.473444841526055,0
2025-10-17,4785.2,6915.98,0.5,0.5,0,0,0.5222455968222239,0.47775440317777607,0.5222455968222239,0.47775440317777607,0
2025-10-20,4824.47,6938.02,0.5,0.5,0,0,0.5234908128528059,0.47650918714719426,0.5234908128528059,0.47650918714719426,0
2025-10-21,4922.01,6982.74,0.5,0.5,0,0,0.5268799639968669,0.47312003600313324,0.5268799639968669,0.47312003600313324,0
2025-10-22,4886.34,6994.5,0.5,0.5,0,0,0.5246468717651404,0.4753531282348597,0.5246468717651404,0.4753531282348597,0
2025-10-23,4903.43,7049.67,0.5,0.5,0,0,0.5235580886091097,0.4764419113908903,0.5235580886091097,0.4764419113908903,0
2025-10-24,5001.97,7030.92,0.5,0.5,0,0,0.5291823696322681,0.47081763036773194,0.5291823696322681,0.47081763036773194,0
2025-10-27,5074.07,7077.15,0.5,0.5,0,1,0.5311147416189608,0.4688852583810392,0.5,0.5,1
2025-10-28,5053.59,7033.31,0.5,0.5,0,0,0.5005423685190693,0.49945763148093075,0.5005423685190693,0.49945763148093075,0
2025-10-29,5156.84,7073.55,0.5,0.5,0,0,0.5041722883184286,0.49582771168157147,0.5041722883184286,0.49582771168157147,0
2025-10-30,5092.95,7078.73,0.5,0.5,0,0,0.500872685303989,0.49912731469601096,0.500872685303989,0.49912731469601096,0
2025-10-31,5009.11,7040.88,0.5,0.5,0,0,0.49806328959444013,0.5019367104055599,0.49806328959444013,0.5019367104055599,0
2025-11-03,5006.51,7097.29,0.5,0.5,0,0,0.4959386073041033,0.5040613926958968,0.4959386073041033,0.5040613926958968,0
2025-11-04,4919.94,7102.72,0.5,0.5,0,0,0.49138749028750905,0.508612509712491,0.49138749028750905,0.508612509712491,0
2025-11-05,4946.74,7108.97,0.5,0.5,0,0,0.4925254154281825,0.5074745845718174,0.4925254154281825,0.5074745845718174,0
2025-11-06,5044.62,7182.57,0.5,0.5,0,0,0.4948484569266978,0.5051515430733021,0.4948484569266978,0.5051515430733021,0
2025-11-07,5044.41,7194.07,0.5,0.5,0,0,0.494438142250666,0.5055618577493339,0.494438142250666,0.5055618577493339,0
2025-11-10,5045.31,7265.46,0.5,0.5,0,0,0.4920145575480486,0.5079854424519514,0.4920145575480486,0.5079854424519514,0
2025-11-11,4992.38,7247.17,0.5,0.5,0,0,0.4900087625294104,0.5099912374705895,0.4900087625294104,0.5099912374705895,0
2025-11-12,4978.12,7277.73,0.5,0.5,0,0,0.4882425020195102,0.5117574979804899,0.4882425020195102,0.5117574979804899,0
2025-11-13,5076.52,7326.46,0.5,0.5,0,0,0.49146621938276136,0.5085337806172385,0.49146621938276136,0.5085337806172385,0
2025-11-14,4978.64,7272.97,0.5,0.5,0,0,0.48843207774972164,0.5115679222502784,0.48843207774972164,0.5115679222502784,0
2025-11-17,4961.09,7211.36,0.5,0.5,0,0,0.48967545319364014,0.5103245468063599,0.48967545319364014,0.5103245468063599,0
2025-11-18,4906.57,7142.53,0.5,0.5,0,0,0.4893106528173567,0.5106893471826434,0.4893106528173567,0.5106893471826434,0
2025-11-19,4928.26,7181.16,0.5,0.5,0,0,0.48906501440266087,0.5109349855973392,0.48906501440266087,0.5109349855973392,0
2025-11-20,4886.64,7171.8,0.5,0.5,0,0,0.4872718277145105,0.5127281722854895,0.4872718277145105,0.5127281722854895,0
2025-11-21,4733.33,7032.47,0.5,0.5,0,0,0.48421000315244034,0.5157899968475597,0.48421000315244034,0.5157899968475597,0
2025-11-24,4733.29,7001.15,0.5,0.5,0,0,0.4853227496810508,0.5146772503189492,0.4853227496810508,0.5146772503189492,0
2025-11-25,4790.18,7063.26,0.5,0.5,0,0,0.48610091055485904,0.513899089445141,0.48610091055485904,0.513899089445141,0
2025-11-26,4834.89,7049.59,0.5,0.5,0,0,0.48890605760044653,0.5110939423995534,0.48890605760044653,0.5110939423995534,0
2025-11-27,4824.75,7062.74,0.5,0.5,0,0,0.4879158209450127,0.5120841790549873,0.4879158209450127,0.5120841790549873,0
2025-11-28,4866.49,7065.28,0.5,0.5,0,0,0.4899784218229568,0.5100215781770432,0.4899784218229568,0.5100215781770432,0
2025-12-01,4931.44,7122.12,0.5,0.5,0,0,0.4912892884435589,0.5087107115564411,0.4912892884435589,0.5087107115564411,0
2025-12-02,4892.97,7117.18,0.5,0.5,0,0,0.4895055237014577,0.5104944762985423,0.4895055237014577,0.5104944762985423,0
2025-12-03,4867.81,7099.74,0.5,0.5,0,0,0.4888303605238285,0.5111696394761714,0.4888303605238285,0.5111696394761714,0
2025-12-04,4900.6,7088.94,0.5,0.5,0,0,0.49088847152764004,0.50911152847236,0.49088847152764004,0.50911152847236,0
2025-12-05,4945.49,7149.06,0.5,0.5,0,0,0.4910567534134259,0.5089432465865741,0.4910567534134259,0.5089432465865741,0
2025-12-08,4999.99,7150.6,0.5,0.5,0,0,0.4937422444023798,0.5062577555976203,0.4937422444023798,0.5062577555976203,0
2025-12-09,4969.41,7071.0,0.5,0.5,0,0,0.4950069748683292,0.5049930251316708,0.4950069748683292,0.5049930251316708,0
2025-12-10,4986.64,7054.24,0.5,0.5,0,0,0.4964654361721119,0.5035345638278882,0.4964654361721119,0.5035345638278882,0
2025-12-11,4941.89,7023.5,0.5,0.5,0,0,0.4953036899176575,0.5046963100823425,0.4953036899176575,0.5046963100823425,0
2025-12-12,4995.43,7050.98,0.5,0.5,0,0,0.49702126214389375,0.5029787378561061,0.49702126214389375,0.5029787378561061,0
2025-12-15,4939.08,7072.49,0.5,0.5,0,0,0.49342400324017555,0.5065759967598246,0.49342400324017555,0.5065759967598246,0
2025-12-16,4862.75,7013.59,0.5,0.5,0,0,0.49162139773068225,0.5083786022693177,0.49162139773068225,0.5083786022693177,0
2025-12-17,4977.62,7085.56,0.5,0.5,0,0,0.4949054218894635,0.5050945781105365,0.4949054218894635,0.5050945781105365,0
2025-12-18,4916.22,7128.67,0.5,0.5,0,0,0.4902870442211935,0.5097129557788065,0.4902870442211935,0.5097129557788065,0
2025-12-19,4947.28,7148.3,0.5,0.5,0,0,0.4911737648996751,0.5088262351003248,0.4911737648996751,0.5088262351003248,0
2025-12-22,5025.66,7148.36,0.5,0.5,0,0,0.49510062087072604,0.504899379129274,0.49510062087072604,0.504899379129274,0
2025-12-23,5037.39,7162.42,0.5,0.5,0,0,0.49519219955906224,0.5048078004409376,0.49519219955906224,0.5048078004409376,0
2025-12-24,5058.78,7169.0,0.5,0.5,0,0,0.49602188394995317,0.5039781160500468,0.49602188394995317,0.5039781160500468,0
2025-12-25,5070.41,7189.63,0.5,0.5,0,0,0.49587759329420233,0.5041224067057978,0.49587759329420233,0.5041224067057978,0
2025-12-26,5107.21,7215.61,0.5,0.5,0,0,0.49678368423895475,0.5032163157610453,0.49678368423895475,0.5032163157610453,0
2025-12-29,5062.1,7194.8,0.5,0.5,0,1,0.49528786488330867,0.5047121351166913,0.5,0.5,1
2025-12-30,5094.29,7203.89,0.5,0.5,0,0,0.5012690654403656,0.49873093455963446,0.5012690654403656,0.49873093455963446,0
2025-12-31,5065.19,7203.26,0.5,0.5,0,0,0.4998587684827915,0.5001412315172086,0.4998587684827915,0.5001412315172086,0
2026-01-05,5186.21,7277.95,0.5,0.5,0,0,0.5031827261851483,0.4968172738148518,0.5031827261851483,0.4968172738148518,0
2026-01-06,5263.69,7404.47,0.5,0.5,0,0,0.5025813659954189,0.4974186340045811,0.5025813659954189,0.4974186340045811,0
2026-01-07,5272.03,7388.76,0.5,0.5,0,0,0.5035081141746136,0.4964918858253864,0.5035081141746136,0.4964918858253864,0
2026-01-08,5233.09,7329.09,0.5,0.5,0,0,0.5036818561602574,0.4963181438397427,0.5036818561602574,0.4963181438397427,0
2026-01-09,5274.23,7354.78,0.5,0.5,0,0,0.5047647010325064,0.49523529896749363,0.5047647010325064,0.49523529896749363,0
2026-01-12,5311.46,7370.93,0.5,0.5,0,0,0.505974713301766,0.49402528669823403,0.505974713301766,0.49402528669823403,0
2026-01-13,5274.03,7379.22,0.5,0.5,0,0,0.5039259093515996,0.4960740906484004,0.5039259093515996,0.4960740906484004,0
2026-01-14,5288.28,7322.26,0.5,0.5,0,0,0.5065374158449489,0.49346258415505106,0.5065374158449489,0.49346258415505106,0
2026-01-15,5335.76,7313.7,0.5,0.5,0,0,0.5090637955721212,0.4909362044278788,0.5090637955721212,0.4909362044278788,0
2026-01-16,5342.43,7239.12,0.5,0.5,0,0,0.5119372510544206,0.4880627489455793,0.5119372510544206,0.4880627489455793,0
2026-01-19,5353.98,7273.3,0.5,0.5,0,0,0.5112998822821418,0.4887001177178582,0.5112998822821418,0.4887001177178582,0
2026-01-20,5312.24,7339.76,0.5,0.5,0,0,0.5070706719277362,0.4929293280722638,0.5070706719277362,0.4929293280722638,0
2026-01-21,5355.9,7294.74,0.5,0.5,0,0,0.5106539727634176,0.4893460272365825,0.5106539727634176,0.4893460272365825,0
2026-01-22,5355.91,7303.94,0.5,0.5,0,0,0.510339481190698,0.48966051880930195,0.510339481190698,0.48966051880930195,0
2026-01-23,5383.16,7300.94,0.5,0.5,0,0,0.5117102535062917,0.48828974649370815,0.5117102535062917,0.48828974649370815,0
2026-01-26,5369.48,7357.88,0.5,0.5,0,0,0.5091330709669641,0.4908669290330359,0.5091330709669641,0.4908669290330359,0
2026-01-27,5382.93,7320.89,0.5,0.5,0,0,0.5110177302727278,0.4889822697272722,0.5110177302727278,0.4889822697272722,0
2026-01-28,5422.84,7381.98,0.5,0.5,0,0,0.5107870494649698,0.4892129505350302,0.5107870494649698,0.4892129505350302,0
2026-01-29,5420.18,7483.68,0.5,0.5,0,0,0.5072448682912143,0.49275513170878577,0.5072448682912143,0.49275513170878577,0
2026-01-30,5351.33,7374.48,0.5,0.5,0,0,0.5077236012829697,0.49227639871703033,0.5077236012829697,0.49227639871703033,0
2026-02-02,5199.77,7181.55,0.5,0.5,0,0,0.507168579399148,0.492831420600852,0.507168579399148,0.492831420600852,0
2026-02-03,5309.95,7248.41,0.5,0.5,0,0,0.5100929814045254,0.4899070185954747,0.5100929814045254,0.4899070185954747,0
2026-02-04,5339.12,7379.43,0.5,0.5,0,0,0.5069849384176108,0.4930150615823892,0.5069849384176108,0.4930150615823892,0
2026-02-05,5266.16,7351.57,0.5,0.5,0,0,0.5044910477816456,0.49550895221835445,0.5044910477816456,0.49550895221835445,0
2026-02-06,5244.99,7335.45,0.5,0.5,0,0,0.5040328379864983,0.4959671620135017,0.5040328379864983,0.4959671620135017,0
2026-02-09,5341.03,7408.09,0.5,0.5,0,0,0.5061054459891384,0.49389455401086163,0.5061054459891384,0.49389455401086163,0
2026-02-10,5336.44,7409.14,0.5,0.5,0,0,0.5058551115164932,0.49414488848350674,0.5058551115164932,0.49414488848350674,0
2026-02-11,5332.51,7441.52,0.5,0.5,0,0,0.5045808827004136,0.4954191172995865,0.5045808827004136,0.4954191172995865,0
2026-02-12,5366.45,7422.69,0.5,0.5,0,0,0.5068001333287084,0.4931998666712915,0.5068001333287084,0.4931998666712915,0
2026-02-13,5283.39,7301.19,0.5,0.5,0,0,0.5070264660269648,0.4929735339730352,0.5070264660269648,0.4929735339730352,0
2026-02-24,5354.14,7392.25,0.5,0.5,0,0,0.5072532574520727,0.49274674254792733,0.5072532574520727,0.49274674254792733,0
2026-02-25,5424.42,7442.57,0.5,0.5,0,0,0.508817057873426,0.49118294212657404,0.508817057873426,0.49118294212657404,0
2026-02-26,5418.45,7419.71,0.5,0.5,0,0,0.5093106610427949,0.4906893389572051,0.5093106610427949,0.4906893389572051,0
2026-02-27,5408.82,7466.05,0.5,0.5,0,0,0.5073099798324541,0.49269002016754593,0.5073099798324541,0.49269002016754593,0
2026-03-02,5436.58,7531.68,0.5,0.5,0,1,0.5064019471478717,0.4935980528521283,0.5,0.5,1
2026-03-03,5295.52,7490.55,0.5,0.5,0,0,0.49479691077651905,0.505203089223481,0.49479691077651905,0.505203089223481,0
2026-03-04,5240.42,7411.74,0.5,0.5,0,0,0.4948262736706864,0.5051737263293136,0.4948262736706864,0.5051737263293136,0
2026-03-05,5291.95,7455.94,0.5,0.5,0,0,0.49578602618830714,0.504213973811693,0.49578602618830714,0.504213973811693,0
2026-03-06,5298.18,7486.46,0.5,0.5,0,0,0.4950589727296858,0.5049410272703142,0.4950589727296858,0.5049410272703142,0
2026-03-09,5245.63,7423.37,0.5,0.5,0,0,0.4946827391769809,0.5053172608230191,0.4946827391769809,0.5053172608230191,0
2026-03-10,5336.61,7436.33,0.5,0.5,0,0,0.4985452816414855,0.5014547183585146,0.4985452816414855,0.5014547183585146,0
2026-03-11,5371.92,7521.11,0.5,0.5,0,0,0.49735992225175707,0.5026400777482429,0.49735992225175707,0.5026400777482429,0
2026-03-12,5337.32,7558.55,0.5,0.5,0,0,0.4945032762727496,0.5054967237272504,0.4945032762727496,0.5054967237272504,0
2026-03-13,5313.9,7518.28,0.5,0.5,0,0,0.49473933871508957,0.5052606612849104,0.49473933871508957,0.5052606612849104,0
