date,benchmark_combo_nav
2010-03-05,0.9867273022849119
2010-03-08,0.9960914182811426
2010-03-09,1.001640628128606
2010-03-10,0.9927849873721843
2010-03-11,0.9919497251009407
2010-03-12,0.9777128081026369
2010-03-15,0.9630267609248584
2010-03-16,0.9721324250882978
2010-03-17,0.9938846345490366
2010-03-18,0.9920243872261839
2010-03-19,0.9986725370295805
2010-03-22,1.0029546852144833
2010-03-23,0.9950229773090535
2010-03-24,0.9960383024128905
2010-03-25,0.9815170189795965
2010-03-26,0.9963112579331275
2010-03-29,1.0208093355546286
2010-03-30,1.0241280033049989
2010-03-31,1.0184221921417365
2010-04-01,1.031987235769682
2010-04-02,1.0366092186930018
2010-04-06,1.0380223414627117
2010-04-07,1.032846528313135
2010-04-08,1.0204450855160645
2010-04-09,1.0307453465888379
2010-04-12,1.0212066691637742
2010-04-13,1.03007793379189
2010-04-14,1.0342209885375682
2010-04-15,1.0300062097012899
2010-04-16,1.0178713135533548
2010-04-19,0.961408610780359
2010-04-20,0.9580313228422643
2010-04-21,0.9783845384765032
2010-04-22,0.9660691951969653
2010-04-23,0.9629650626217107
2010-04-26,0.9586463729040713
2010-04-27,0.9371064391404037
2010-04-28,0.9354076122571613
2010-04-29,0.9235072556466196
2010-04-30,0.9235772713629004
2010-05-04,0.9089972173787325
2010-05-05,0.9191135601651517
2010-05-06,0.8764749710017906
2010-05-07,0.8584768430157794
2010-05-10,0.863388472601987
2010-05-11,0.8445783153127453
2010-05-12,0.8475591797765658
2010-05-13,0.8695013302439598
2010-05-14,0.8636559282937724
2010-05-17,0.81511586242204
2010-05-18,0.8335229241807018
2010-05-19,0.8300000946147768
2010-05-20,0.8186955177257278
2010-05-21,0.8326774748481197
2010-05-24,0.865334208463864
2010-05-25,0.848576778783762
2010-05-26,0.849114044832276
2010-05-27,0.8620054225862571
2010-05-28,0.8602616007066827
2010-05-31,0.8353742885169883
2010-06-01,0.8236291147164543
2010-06-02,0.8287635289430051
2010-06-03,0.821817802523775
2010-06-04,0.8246991664927605
2010-06-07,0.8095171418192895
2010-06-08,0.8106350658027782
2010-06-09,0.8382570879639729
2010-06-10,0.8285388079394622
2010-06-11,0.8306143343079132
2010-06-17,0.8265910690785125
2010-06-18,0.8113968226264492
2010-06-21,0.8375743337890063
2010-06-22,0.8395334044120453
2010-06-23,0.8317448350376067
2010-06-24,0.8318919859927787
2010-06-25,0.8246056909434698
2010-06-28,0.8191926001364672
2010-06-29,0.7792982372630144
2010-06-30,0.7687645188976991
2010-07-01,0.7588290347711606
2010-07-02,0.7611438133164673
2010-07-05,0.7564193627192873
2010-07-06,0.7740509675873044
2010-07-07,0.7805119756085714
2010-07-08,0.7798191709189967
2010-07-09,0.802899848629606
2010-07-12,0.8128279535830855
2010-07-13,0.8001428913306208
2010-07-14,0.8061897681347412
2010-07-15,0.791113677052362
2010-07-16,0.7942011048874434
2010-07-19,0.8155128325212919
2010-07-20,0.8337971369474033
2010-07-21,0.8352990122698355
2010-07-22,0.8469657642192333
2010-07-23,0.8508297754959248
2010-07-26,0.8566225021217202
2010-07-27,0.8522539372232135
2010-07-28,0.8736945334622256
2010-07-29,0.8782400979058398
2010-07-30,0.8747036656143466
2010-08-02,0.891330300839625
2010-08-03,0.8756481702569946
2010-08-04,0.8791921725000561
2010-08-05,0.8727977003766924
2010-08-06,0.886511618979769
2010-08-09,0.8942294507706012
2010-08-10,0.8656281242641392
2010-08-11,0.8722577329373259
2010-08-12,0.8614299936805099
2010-08-13,0.8743003093347219
2010-08-16,0.8944539797069526
2010-08-17,0.9014889192878869
2010-08-18,0.9004175383780713
2010-08-19,0.9056270719955449
2010-08-20,0.8885705591681479
2010-08-23,0.890307382916227
2010-08-24,0.8954351201256591
2010-08-25,0.8733735441834675
2010-08-26,0.8760369005838351
2010-08-27,0.8800204466435023
2010-08-30,0.8976257110165303
2010-08-31,0.8963639484817054
2010-09-01,0.8918088351674414
2010-09-02,0.9041168444201982
2010-09-03,0.903156571401427
2010-09-06,0.9157810681527551
2010-09-07,0.9182467508549559
2010-09-08,0.9161212997998274
2010-09-09,0.8983659167889556
2010-09-10,0.9023205265244343
2010-09-13,0.9119243129713123
2010-09-14,0.912667479990519
2010-09-15,0.8964648764700545
2010-09-16,0.8764463791532335
2010-09-17,0.8764060440007029
2010-09-20,0.8713033533430558
2010-09-21,0.873469824461752
2010-09-27,0.8873386957734176
2010-09-28,0.8786290030325489
2010-09-29,0.8740470249923258
2010-09-30,0.8922262932735938
2010-10-08,0.9217792583407963
2010-10-11,0.9439618129484927
2010-10-12,0.9534290414147473
2010-10-13,0.9704438085674381
2010-10-14,0.9629446007011087
2010-10-15,0.9879648458426791
2010-10-18,0.9838018314678761
2010-10-19,1.004861060524695
2010-10-20,1.011937531058741
2010-10-21,1.0045458274180767
2010-10-22,1.007550726034879
2010-10-25,1.032852276576778
2010-10-26,1.0303453944968637
2010-10-27,1.0162983581733087
2010-10-28,1.0161067025234032
2010-10-29,1.0114554792518426
2010-11-01,1.0382244251852704
2010-11-02,1.0331939756499433
2010-11-03,1.024259816172134
2010-11-04,1.041357673300158
2010-11-05,1.0520769348225922
2010-11-08,1.0662223810836022
2010-11-09,1.059803877313961
2010-11-10,1.0495843850232955
2010-11-11,1.0522055127397387
2010-11-12,0.9875425673250353
2010-11-15,1.0003294879860143
2010-11-16,0.9575956659810345
2010-11-17,0.935518119834575
2010-11-18,0.949545049736766
2010-11-19,0.9607527636148243
2010-11-22,0.9587515696013517
2010-11-23,0.9434957259688316
2010-11-24,0.9651124839664693
2010-11-25,0.9781859943480823
2010-11-26,0.9712675669728599
2010-11-29,0.9716021977374389
2010-11-30,0.9539118197862649
2010-12-01,0.9542614244875669
2010-12-02,0.9594137664177721
2010-12-03,0.9574513785354419
2010-12-06,0.9564197325384896
2010-12-07,0.9658835645132393
2010-12-08,0.9572628347757701
2010-12-09,0.9385248464224658
2010-12-10,0.9491058789836349
2010-12-13,0.9777372153687109
2010-12-14,0.9813362192502234
2010-12-15,0.9775759414167526
2010-12-16,0.9739758525240818
2010-12-17,0.9727966551380248
2010-12-20,0.9592192371199134
2010-12-21,0.9793771057371512
2010-12-22,0.9681935917533357
2010-12-23,0.9603973713707799
2010-12-24,0.953751843232058
2010-12-27,0.9339892242289889
2010-12-28,0.9171008562112035
2010-12-29,0.9229352796243333
2010-12-30,0.9228280940947553
2010-12-31,0.9403738687610028
2011-01-04,0.9567763269686018
2011-01-05,0.9570578835264276
2011-01-06,0.9522746490960496
2011-01-07,0.9566769278292405
2011-01-10,0.9357889832264406
2011-01-11,0.9401540333074945
2011-01-12,0.9468504036452596
2011-01-13,0.9463851367147663
2011-01-14,0.9304296493603547
2011-01-17,0.8939938529595723
2011-01-18,0.8965055971837673
2011-01-19,0.9156810251508375
2011-01-20,0.8860845151593912
2011-01-21,0.8979637611221325
2011-01-24,0.8863048162115179
2011-01-25,0.8816061849353609
2011-01-26,0.893354197364248
2011-01-27,0.9068138228803979
2011-01-28,0.9107804669871081
2011-01-31,0.9217776576915055
2011-02-01,0.9224997879701483
2011-02-09,0.9111113116844027
2011-02-10,0.9329812728149566
2011-02-11,0.9399130782112101
2011-02-14,0.9664373606339918
2011-02-15,0.9633837170971565
2011-02-16,0.9740625707799542
2011-02-17,0.9747124147476758
2011-02-18,0.9656426053161271
2011-02-21,0.978987636403307
2011-02-22,0.9504319442936296
2011-02-23,0.9545417787349889
2011-02-24,0.9604084937922975
2011-02-25,0.9621405885138057
2011-02-28,0.9756304688680629
2011-03-01,0.9815004339370452
2011-03-02,0.9811477563598446
2011-03-03,0.9737706244632245
2011-03-04,0.9871855899515305
2011-03-07,1.0049211307266646
2011-03-08,1.006787860220832
2011-03-09,1.0078351392117233
2011-03-10,0.9925946314528649
2011-03-11,0.9844288019861238
2011-03-14,0.9915022501835544
2011-03-15,0.9763246998513923
2011-03-16,0.9870751696535859
2011-03-17,0.9722671610090758
2011-03-18,0.9781335247635987
2011-03-21,0.9750911851731192
2011-03-22,0.9790559108125192
2011-03-23,0.9913708411016937
2011-03-24,0.9893091495471168
2011-03-25,1.0019551878612059
2011-03-28,1.000168895683132
2011-03-29,0.9908350030658148
2011-03-30,0.9876425271250359
2011-03-31,0.97638434433307
2011-04-01,0.9940684444193206
2011-04-06,1.0018522437199455
2011-04-07,1.0056801582529562
2011-04-08,1.0142245872140279
2011-04-11,1.006679768451336
2011-04-12,1.005066491809385
2011-04-13,1.0193600697564087
2011-04-14,1.0144942668574366
2011-04-15,1.0165829620932225
2011-04-18,1.0177600884412599
2011-04-19,1.0018317505806116
2011-04-20,1.0023039213194243
2011-04-21,1.0093161777039983
2011-04-22,1.0027102570432596
2011-04-25,0.9879142751769715
2011-04-26,0.9805251758274902
2011-04-27,0.9732729808596714
2011-04-28,0.9584291344010676
2011-04-29,0.967068823604691
2011-05-03,0.9744143932907864
2011-05-04,0.9496615545624163
2011-05-05,0.9497059638832216
2011-05-06,0.9478953935325682
2011-05-09,0.9514205855089823
2011-05-10,0.9584063376806263
2011-05-11,0.9564234617139507
2011-05-12,0.944641776360395
2011-05-13,0.9517182181541074
2011-05-16,0.9453024284448001
2011-05-17,0.9484957394362142
2011-05-18,0.9560517690429602
2011-05-19,0.9512059925872988
2011-05-20,0.9510105410198297
2011-05-23,0.9203855392281912
2011-05-24,0.919904331002849
2011-05-25,0.9087447118420663
2011-05-26,0.9025759383745694
2011-05-27,0.8933594012986287
2011-05-30,0.8883181306504306
2011-05-31,0.9040499055808271
2011-06-01,0.9060573285217037
2011-06-02,0.8895896414330992
2011-06-03,0.900474927871368
2011-06-07,0.9053308382983509
2011-06-08,0.9054122366380912
2011-06-09,0.8875450523936994
2011-06-10,0.8910550746655914
2011-06-13,0.8888989657950725
2011-06-14,0.902840308820253
2011-06-15,0.8938037409304341
2011-06-16,0.8790816067630519
2011-06-17,0.8731583668138375
2011-06-20,0.8687427326339197
2011-06-21,0.8812216054335391
2011-06-22,0.8808206322648807
2011-06-23,0.8972424447126613
2011-06-24,0.9182665320329919
2011-06-27,0.9230415750307385
2011-06-28,0.9238044716516107
2011-06-29,0.9112056035603533
2011-06-30,0.9234537372112825
2011-07-01,0.925832339269092
2011-07-04,0.9482386700566992
2011-07-05,0.9496693469422087
2011-07-06,0.9466107628686447
2011-07-07,0.9442416524313815
2011-07-08,0.9466097376008807
2011-07-11,0.9503845576208816
2011-07-12,0.9349901433322696
2011-07-13,0.9496411488994134
2011-07-14,0.9526856783357088
2011-07-15,0.9554553178125047
2011-07-18,0.953359502182814
2011-07-19,0.9441056211332256
2011-07-20,0.9433846366893477
2011-07-21,0.9334997787153846
2011-07-22,0.936193775401273
2011-07-25,0.904288513688958
2011-07-26,0.906704641359865
2011-07-27,0.9147214364975269
2011-07-28,0.9080630248689527
2011-07-29,0.9064479802431759
2011-08-01,0.9080886488865954
2011-08-02,0.9030548748075056
2011-08-03,0.9035345662619619
2011-08-04,0.9061909767694344
2011-08-05,0.8878204019449614
2011-08-08,0.854306339871519
2011-08-09,0.8558851547798996
2011-08-10,0.8652787350855711
2011-08-11,0.8792623235920619
2011-08-12,0.8827933337284015
2011-08-15,0.8964915811792767
2011-08-16,0.8915213227544936
2011-08-17,0.8875163853919485
2011-08-18,0.870883505964283
2011-08-19,0.8631914745580704
2011-08-22,0.8547575837225324
2011-08-23,0.8687723406567273
2011-08-24,0.8652813540154336
2011-08-25,0.892737983639584
2011-08-26,0.8929304125540248
2011-08-29,0.8779726325416384
2011-08-30,0.874326516369538
2011-08-31,0.8757812614702839
2011-09-01,0.8715628704393387
2011-09-02,0.8618031218505768
2011-09-05,0.8440590808264276
2011-09-06,0.8367628801264267
2011-09-07,0.8552099356696898
2011-09-08,0.8481574272848473
2011-09-09,0.845859160288796
2011-09-13,0.8360925874995584
2011-09-14,0.840637713596274
2011-09-15,0.8393837682275211
2011-09-16,0.8408891115117341
2011-09-19,0.8241210330009869
2011-09-20,0.827687795719857
2011-09-21,0.8520935153450958
2011-09-22,0.8261760190543843
2011-09-23,0.8214887649259177
2011-09-26,0.8050915949416646
2011-09-27,0.8131354841659885
2011-09-28,0.8030391425028794
2011-09-29,0.7938423907006705
2011-09-30,0.7924412904416375
2011-10-10,0.7840749548962065
2011-10-11,0.7808766471871832
2011-10-12,0.8082986714513047
2011-10-13,0.8143580497366134
2011-10-14,0.8118838888169068
2011-10-17,0.8156182432110457
2011-10-18,0.7936674869198723
2011-10-19,0.7900537406415689
2011-10-20,0.7699637423753868
2011-10-21,0.7656163586758183
2011-10-24,0.7850575224822517
2011-10-25,0.8004990353805367
2011-10-26,0.8079672904177476
2011-10-27,0.8104404986383781
2011-10-28,0.8270303903543779
2011-10-31,0.8238410694008934
2011-11-01,0.8236081408341842
2011-11-02,0.8368384533678433
2011-11-03,0.8374606449128775
2011-11-04,0.8426399507163463
2011-11-07,0.8343117704259925
2011-11-08,0.8306575776810889
2011-11-09,0.8386360842478936
2011-11-10,0.824166743453422
2011-11-11,0.8222234456793454
2011-11-14,0.8397836028321987
2011-11-15,0.8386237098460614
2011-11-16,0.8164145611449241
2011-11-17,0.8139298879752598
2011-11-18,0.7967253155494034
2011-11-21,0.7965150055745153
2011-11-22,0.7963338261228168
2011-11-23,0.7899229465885758
2011-11-24,0.7907817185010508
2011-11-25,0.7849913360609403
2011-11-28,0.7855105381180467
2011-11-29,0.796458202973789
2011-11-30,0.770084512735524
2011-12-01,0.7885976511664243
2011-12-02,0.7791482742602636
2011-12-05,0.7658056448876138
2011-12-06,0.7652585940067735
2011-12-07,0.7686703673474312
2011-12-08,0.7679394760273406
2011-12-09,0.7625738610480439
2011-12-12,0.7547934939859022
2011-12-13,0.7369033067305335
2011-12-14,0.7296189547582816
2011-12-15,0.7148993114093374
2011-12-16,0.7319892751313034
2011-12-19,0.7317233935819882
2011-12-20,0.7306436690134025
2011-12-21,0.719380598474174
2011-12-22,0.719112376781059
2011-12-23,0.7254825142839872
2011-12-26,0.7194316862072667
2011-12-27,0.7085933110800748
2011-12-28,0.7075951488692551
2011-12-29,0.7093741680179019
2011-12-30,0.7205516020060891
2012-01-04,0.7071764405775687
2012-01-05,0.6995719603388391
2012-01-06,0.7033135345805921
2012-01-09,0.7270795339209618
2012-01-10,0.7495143064186462
2012-01-11,0.7451815771321939
2012-01-12,0.746268915228647
2012-01-13,0.7322465467531484
2012-01-16,0.7182832652589463
2012-01-17,0.7504427614751072
2012-01-18,0.7380094298473814
2012-01-19,0.7518094939441176
2012-01-20,0.764280186243008
2012-01-30,0.7519636941745013
2012-01-31,0.7522418761499692
2012-02-01,0.7429601835083086
2012-02-02,0.7603019639634437
2012-02-03,0.7670696808782227
2012-02-06,0.7672680672438863
2012-02-07,0.7531750026568013
2012-02-08,0.7725730586959196
2012-02-09,0.7750822769408164
2012-02-10,0.7765651512724435
2012-02-13,0.7759310722624974
2012-02-14,0.77385098144433
2012-02-15,0.7813201776127946
2012-02-16,0.7780679017009927
2012-02-17,0.7775522885790539
2012-02-20,0.7789725987808208
2012-02-21,0.7858914322074056
2012-02-22,0.797544625260811
2012-02-23,0.8001555310146191
2012-02-24,0.813346783538913
2012-02-27,0.8154064434623173
2012-02-28,0.8175731448098957
2012-02-29,0.8083667630728213
2012-03-01,0.8102773592926769
2012-03-02,0.825322954874825
2012-03-05,0.820945629668774
2012-03-06,0.8103345510186596
2012-03-07,0.8044788084484706
2012-03-08,0.814519421728588
2012-03-09,0.8233507516113556
2012-03-12,0.8196133956733913
2012-03-13,0.8269008636648734
2012-03-14,0.8012886944598465
2012-03-15,0.794443553746631
2012-03-16,0.8074109964451794
2012-03-19,0.8092382403360319
2012-03-20,0.795210199574865
2012-03-21,0.7950840888447654
2012-03-22,0.7956009625206566
2012-03-23,0.7851721261902153
2012-03-26,0.7859683510620037
2012-03-27,0.7831815895733931
2012-03-28,0.7600756833991176
2012-03-29,0.7516187817171629
2012-03-30,0.7560929898124111
2012-04-05,0.7733342517887789
2012-04-06,0.7757080410715841
2012-04-09,0.768125709963953
2012-04-10,0.7756284678868258
2012-04-11,0.7767010346038667
2012-04-12,0.7921821177730709
2012-04-13,0.7951064767228255
2012-04-16,0.7944265203046482
2012-04-17,0.7839488646010985
2012-04-18,0.8017191540300541
2012-04-19,0.8007819908376315
2012-04-20,0.8094648883419863
2012-04-23,0.8035360914917797
2012-04-24,0.8045049589042159
2012-04-25,0.8117790553329683
2012-04-26,0.8117924851375143
2012-04-27,0.8099424755833567
2012-05-02,0.8261728076509851
2012-05-03,0.8277015860733489
2012-05-04,0.8338660770757631
2012-05-07,0.8354753915890193
2012-05-08,0.8326732166642857
2012-05-09,0.8173549222328009
2012-05-10,0.8170175444994434
2012-05-11,0.8118098806686739
2012-05-14,0.8067085106924988
2012-05-15,0.8078849830685992
2012-05-16,0.7951930996881538
2012-05-17,0.8069937770390865
2012-05-18,0.7959075285915732
2012-05-21,0.7983689138185741
2012-05-22,0.8108592234772452
2012-05-23,0.8090005991060968
2012-05-24,0.802001469674788
2012-05-25,0.7951424629609982
2012-05-28,0.8091433847720666
2012-05-29,0.8194121259626623
2012-05-30,0.8177997845604722
2012-05-31,0.8152759602909303
2012-06-01,0.8153698798116066
2012-06-04,0.7928886730604281
2012-06-05,0.7932490304851912
2012-06-06,0.7925919123726952
2012-06-07,0.7884018411548291
2012-06-08,0.7827330744214418
2012-06-11,0.7944174729768024
2012-06-12,0.7903730837524655
2012-06-13,0.8028415615712682
2012-06-14,0.7974085603894092
2012-06-15,0.801240276817229
2012-06-18,0.8058465881664736
2012-06-19,0.7994562814695143
2012-06-20,0.7979626269893438
2012-06-21,0.787221572129963
2012-06-25,0.7716514670037641
2012-06-26,0.7723561786883493
2012-06-27,0.7701514352517219
2012-06-28,0.7632889796862894
2012-06-29,0.7741872244837238
2012-07-02,0.7758935506479234
2012-07-03,0.7784402674420319
2012-07-04,0.7767053246204499
2012-07-05,0.7671479345206249
2012-07-06,0.7796583088651753
2012-07-09,0.7617856566517448
2012-07-10,0.7586800622862677
2012-07-11,0.764119325662682
2012-07-12,0.7702186466402072
2012-07-13,0.7706197115584038
2012-07-16,0.7535680443868831
2012-07-17,0.7581505848913274
2012-07-18,0.7567389716367532
2012-07-19,0.7611475932472583
2012-07-20,0.7533568184279908
2012-07-23,0.7432660914019618
2012-07-24,0.7464386055102571
2012-07-25,0.7417317119000078
2012-07-26,0.7374261118782937
2012-07-27,0.7384660932103586
2012-07-30,0.7345532155435109
2012-07-31,0.7342099086862423
2012-08-01,0.7421671837601869
2012-08-02,0.7354491109288557
2012-08-03,0.741290839063106
2012-08-06,0.7509522331245442
2012-08-07,0.7523880516388657
2012-08-08,0.7525384420682033
2012-08-09,0.7602062369653476
2012-08-10,0.7569264088834882
2012-08-13,0.7428805216060511
2012-08-14,0.7451439018276371
2012-08-15,0.7367684393260008
2012-08-16,0.7334296697735057
2012-08-17,0.7322036659975064
2012-08-20,0.728280898371577
2012-08-21,0.7322188644406555
2012-08-22,0.7258044946057979
2012-08-23,0.7279065395026582
2012-08-24,0.7192609550705312
2012-08-27,0.705915826995576
2012-08-28,0.7100516010099139
2012-08-29,0.7041141731069722
2012-08-30,0.70114822365819
2012-08-31,0.7006636455860559
2012-09-03,0.7094319361150385
2012-09-04,0.7013567395646554
2012-09-05,0.6997500689564354
2012-09-06,0.7059418852981025
2012-09-07,0.7346761118398246
2012-09-10,0.7372114600616488
2012-09-11,0.7320146160046895
2012-09-12,0.7346293360355499
2012-09-13,0.7268443652988725
2012-09-14,0.7314375474650099
2012-09-17,0.7135024277364017
2012-09-18,0.7077118507569145
2012-09-19,0.7103699278068563
2012-09-20,0.6945336635229451
2012-09-21,0.6947278498589524
2012-09-24,0.6989683573382658
2012-09-25,0.69700678859825
2012-09-26,0.688675243636181
2012-09-27,0.7079746801962779
2012-09-28,0.7207342451651894
2012-10-08,0.7137422811632298
2012-10-09,0.7298432822417323
2012-10-10,0.7315713921094691
2012-10-11,0.7251708627719233
2012-10-12,0.7253695450873383
2012-10-15,0.7227396719173311
2012-10-16,0.7243885490793411
2012-10-17,0.7257666392564659
2012-10-18,0.738092352570711
2012-10-19,0.7379252668299856
2012-10-22,0.7412776745028583
2012-10-23,0.7322739836809011
2012-10-24,0.7320339466703155
2012-10-25,0.7263647586833715
2012-10-26,0.7131188678642195
2012-10-29,0.7105214530383561
2012-10-30,0.7125038615492449
2012-10-31,0.7170832519525744
2012-11-01,0.7313619742569557
2012-11-02,0.7353086551465475
2012-11-05,0.7339192747056523
2012-11-06,0.7301783319306335
2012-11-07,0.7287354283233466
2012-11-08,0.7159903494039104
2012-11-09,0.7143758165482404
2012-11-12,0.7185744145572786
2012-11-13,0.7059574365493961
2012-11-14,0.7082525586847724
2012-11-15,0.6992380484309116
2012-11-16,0.6942354372376595
2012-11-19,0.6939308175033398
2012-11-20,0.6919243629250934
2012-11-21,0.7004943168877207
2012-11-22,0.6950850689232337
2012-11-23,0.6994365668463031
2012-11-26,0.6941307443031131
2012-11-27,0.6850731239598857
2012-11-28,0.6780975672351099
2012-11-29,0.6753298609026868
2012-11-30,0.684432559903424
2012-12-03,0.6751399358584751
2012-12-04,0.6823708353113603
2012-12-05,0.7076707713624545
2012-12-06,0.7076231982631531
2012-12-07,0.7219049940427456
2012-12-10,0.7307140392854813
2012-12-11,0.7259097690224415
2012-12-12,0.7297384934323796
2012-12-13,0.721931063612448
2012-12-14,0.7591324097925805
2012-12-17,0.762609790782099
2012-12-18,0.7624752884396184
2012-12-19,0.7639101744721651
2012-12-20,0.767460549599333
2012-12-21,0.7638555492792977
2012-12-24,0.7671747761279077
2012-12-25,0.7900994563797814
2012-12-26,0.793633721473247
2012-12-27,0.7881489160716761
2012-12-28,0.7993653276346481
2012-12-31,0.8139873365789203
2013-01-04,0.814774053608833
2013-01-07,0.8206970761635921
2013-01-08,0.817885295740737
2013-01-09,0.8175243122979371
2013-01-10,0.8191061718259085
2013-01-11,0.8019268732634794
2013-01-14,0.8328252419762118
2013-01-15,0.8396894267057663
2013-01-16,0.8317498538752766
2013-01-17,0.8243546063278563
2013-01-18,0.8398895899139687
2013-01-21,0.8479209179592907
2013-01-22,0.842618304242837
2013-01-23,0.8461416375916315
2013-01-24,0.8374172315581901
2013-01-25,0.8339501249701773
2013-01-28,0.8619683699203916
2013-01-29,0.8694772319905996
2013-01-30,0.8740514244179582
2013-01-31,0.8714508528517471
2013-02-01,0.8919736227725871
2013-02-04,0.8935023451062856
2013-02-05,0.9023758643703804
2013-02-06,0.9038964502556421
2013-02-07,0.8955944557436197
2013-02-08,0.8996435270799295
2013-02-18,0.8936547156364407
2013-02-19,0.8762619931413551
2013-02-20,0.8814747248786865
2013-02-21,0.8521016631601179
2013-02-22,0.8453003458705416
2013-02-25,0.8502800602994318
2013-02-26,0.8398505265457686
2013-02-27,0.8474500813224809
2013-02-28,0.873598506674738
2013-03-01,0.872613331557287
2013-03-04,0.8282195901386673
2013-03-05,0.8551552705339125
2013-03-06,0.8657825205227481
2013-03-07,0.8554527590935358
2013-03-08,0.8521335976683794
2013-03-11,0.845893035393382
2013-03-12,0.831536726331309
2013-03-13,0.8233022208484216
2013-03-14,0.8253463061612344
2013-03-15,0.8274844151782565
2013-03-18,0.8157945280960786
2013-03-19,0.8234964379973635
2013-03-20,0.8529444601412164
2013-03-21,0.8546082645457999
2013-03-22,0.8560451988100176
2013-03-25,0.855312440491903
2013-03-26,0.8422626190376542
2013-03-27,0.8444428810794798
2013-03-28,0.813247786452467
2013-03-29,0.8133063477693764
2013-04-01,0.813745192569346
2013-04-02,0.8102761445339081
2013-04-03,0.8091068606094932
2013-04-08,0.8069903402921362
2013-04-09,0.8141887087527134
2013-04-10,0.8124277543474147
2013-04-11,0.8117365747207902
2013-04-12,0.8069043015576222
2013-04-15,0.7996804980702115
2013-04-16,0.8072384243062544
2013-04-17,0.8065895636314403
2013-04-18,0.8093351155699532
2013-04-19,0.8326226923815657
2013-04-22,0.8331719366927388
2013-04-23,0.8064029981337756
2013-04-24,0.8215448513451615
2013-04-25,0.8098939692829223
2013-04-26,0.8013642793041971
2013-05-02,0.803062015308954
2013-05-03,0.8175990437400131
2013-05-06,0.8283963721227792
2013-05-07,0.830623195732325
2013-05-08,0.835897812417206
2013-05-09,0.8305691320698128
2013-05-10,0.8357290137771521
2013-05-13,0.8325744700052822
2013-05-14,0.8199445018386999
2013-05-15,0.8258109209425536
2013-05-16,0.8395956404673134
2013-05-17,0.8513108586094547
2013-05-20,0.8610600846303239
2013-05-21,0.8635194112398713
2013-05-22,0.8633183159387865
2013-05-23,0.8511307775239196
2013-05-24,0.856308529940246
2013-05-27,0.8576234332626715
2013-05-28,0.8718340473275896
2013-05-29,0.8721727784676669
2013-05-30,0.8687516099335436
2013-05-31,0.8606864576566722
2013-06-03,0.8593809360802804
2013-06-04,0.8473198237200761
2013-06-05,0.8450375434395884
2013-06-06,0.8337890516727903
2013-06-07,0.8207444533408399
2013-06-13,0.7962228108753926
2013-06-14,0.803535325601654
2013-06-17,0.8002796765810233
2013-06-18,0.8051339365145262
2013-06-19,0.7980325464209514
2013-06-20,0.7713646958310998
2013-06-21,0.7710316777682635
2013-06-24,0.7209746229580823
2013-06-25,0.7199321107409957
2013-06-26,0.7232517429819075
2013-06-27,0.7218306585854022
2013-06-28,0.7350203245679082
2013-07-01,0.740250665432697
2013-07-02,0.7420332433249813
2013-07-03,0.7381511172261916
2013-07-04,0.7439152056070852
2013-07-05,0.7452693892721844
2013-07-08,0.7259410247249611
2013-07-09,0.7269393236199717
2013-07-10,0.7462460467798606
2013-07-11,0.7812974555613901
2013-07-12,0.764646950486592
2013-07-15,0.7744323903553969
2013-07-16,0.778317931050583
2013-07-17,0.7671753788825161
2013-07-18,0.7550547032720862
2013-07-19,0.7360127294701501
2013-07-22,0.7410202487096623
2013-07-23,0.7609333800518872
2013-07-24,0.7567355043807623
2013-07-25,0.7504153370621374
2013-07-26,0.7484995737031029
2013-07-29,0.7327993855139308
2013-07-30,0.736392256676446
2013-07-31,0.738484493279394
2013-08-01,0.7560382054635258
2013-08-02,0.7567701207057629
2013-08-05,0.766080151079102
2013-08-06,0.7705728397943397
2013-08-07,0.7673946871950642
2013-08-08,0.7669917648064477
2013-08-09,0.7691127224037955
2013-08-12,0.7902775283097487
2013-08-13,0.7956897734409921
2013-08-14,0.7924861857583447
2013-08-15,0.7838266894396618
2013-08-16,0.7782073538952794
2013-08-19,0.7904770758294823
2013-08-20,0.7861178279596805
2013-08-21,0.7839028879302236
2013-08-22,0.7834088713862262
2013-08-23,0.777353867398676
2013-08-26,0.7931868737003338
2013-08-27,0.7958432564207742
2013-08-28,0.790769168321851
2013-08-29,0.7887090904512208
2013-08-30,0.7871122412588745
2013-09-02,0.7896880881730082
2013-09-03,0.802610454466967
2013-09-04,0.8027494500343104
2013-09-05,0.80179199931599
2013-09-06,0.8076810109921395
2013-09-09,0.8367721894082203
2013-09-10,0.8461541932886725
2013-09-11,0.8455639392421828
2013-09-12,0.8538385860656194
2013-09-13,0.8481859164723629
2013-09-16,0.8454680190406227
2013-09-17,0.8286507830242588
2013-09-18,0.8313836920095881
2013-09-23,0.8433677324462641
2013-09-24,0.8324983551028883
2013-09-25,0.8283640281927618
2013-09-26,0.8114004659223811
2013-09-27,0.8143630368749969
2013-09-30,0.8206644272238293
2013-10-08,0.8306469864150671
2013-10-09,0.8367504592682348
2013-10-10,0.8277910835169298
2013-10-11,0.8414624851524932
2013-10-14,0.8423627576986286
2013-10-15,0.8402718452481113
2013-10-16,0.8234804894140563
2013-10-17,0.8209238661703673
2013-10-18,0.8242687556883895
2013-10-21,0.8397094630204632
2013-10-22,0.8296055718996407
2013-10-23,0.8219762171284964
2013-10-24,0.8172390223068782
2013-10-25,0.8085374409153786
2013-10-28,0.806737633335082
2013-10-29,0.8077692740572378
2013-10-30,0.8197695551908293
2013-10-31,0.8085980894747606
2013-11-01,0.8116975562191506
2013-11-04,0.8112283250294189
2013-11-05,0.8130227356035029
2013-11-06,0.8022435821196447
2013-11-07,0.7980780637442038
2013-11-08,0.7890866548759624
2013-11-11,0.7918012928287232
2013-11-12,0.8005742342870619
2013-11-13,0.7825671906431619
2013-11-14,0.7865462849387791
2013-11-15,0.800100227505496
2013-11-18,0.8255289603736475
2013-11-19,0.8209905038644608
2013-11-20,0.8250821692556027
2013-11-21,0.8200991487210985
2013-11-22,0.8166847761273444
2013-11-25,0.8139698447989042
2013-11-26,0.8137969947228371
2013-11-27,0.8207564172250728
2013-11-28,0.8300318573134915
2013-11-29,0.8305897106564899
2013-12-02,0.8185797909820991
2013-12-03,0.8270370948993356
2013-12-04,0.8390066304312184
2013-12-05,0.8352346287363795
2013-12-06,0.8322457388482236
2013-12-09,0.8339017454859785
2013-12-10,0.8364170004216602
2013-12-11,0.824826404720369
2013-12-12,0.8243269941408464
2013-12-13,0.8235414963698465
2013-12-16,0.8122054986861261
2013-12-17,0.80663935306733
2013-12-18,0.8070247495811109
2013-12-19,0.7976561174019163
2013-12-20,0.7804318829742724
2013-12-23,0.780793423015085
2013-12-24,0.7833998314631734
2013-12-25,0.7887266193001345
2013-12-26,0.7745456680123078
2013-12-27,0.7875514334701839
2013-12-30,0.787377521456843
2013-12-31,0.7977782848892793
2014-01-02,0.7958673655679535
2014-01-03,0.7851774193812473
2014-01-06,0.7677110546551906
2014-01-07,0.7686947445977794
2014-01-08,0.7710468245720274
2014-01-09,0.7645608119242782
2014-01-10,0.7589838853296931
2014-01-13,0.75644502110337
2014-01-14,0.7648415162134
2014-01-15,0.7640336518542558
2014-01-16,0.7636977105380762
2014-01-17,0.7532450152912202
2014-01-20,0.7486948430394592
2014-01-21,0.7569489736060897
2014-01-22,0.7752003413390302
2014-01-23,0.7724666524529156
2014-01-24,0.7776851213957158
2014-01-27,0.7691680399093618
2014-01-28,0.7713099546978222
2014-01-29,0.7750124078211555
2014-01-30,0.7674599758875834
2014-02-07,0.771823428544067
2014-02-10,0.7895638144187231
2014-02-11,0.7965528463033222
2014-02-12,0.8001433309713393
2014-02-13,0.7969403166605555
2014-02-14,0.8029221063627145
2014-02-17,0.8081800079603638
2014-02-18,0.7994275185337292
2014-02-19,0.8091363203488278
2014-02-20,0.8002840685308037
2014-02-21,0.7932347272793303
2014-02-24,0.7764118588280093
2014-02-25,0.7561933118666595
2014-02-26,0.7586698836867649
2014-02-27,0.7552002222523724
2014-02-28,0.7617030218642489
2014-03-03,0.767817052988659
2014-03-04,0.767254700987835
2014-03-05,0.7609886368908307
2014-03-06,0.7647791477536231
2014-03-07,0.7623485493112077
2014-03-10,0.7374049521682645
2014-03-11,0.7406655285923776
2014-03-12,0.7443760634996026
2014-03-13,0.7535467186554567
2014-03-14,0.7491480969406471
2014-03-17,0.7579808902594654
2014-03-18,0.7564502485119025
2014-03-19,0.7514424453772944
2014-03-20,0.7395694235893355
2014-03-21,0.7637895805329673
2014-03-24,0.7690974410292468
2014-03-25,0.7673342088635098
2014-03-26,0.7678785897731264
2014-03-27,0.76338273154297
2014-03-28,0.7613645387783158
2014-03-31,0.7589059247687064
2014-04-01,0.7655154096358381
2014-04-02,0.7716462060434207
2014-04-03,0.7648763759336525
2014-04-04,0.7720023500404263
2014-04-08,0.7897787679263556
2014-04-09,0.7910702531674821
2014-04-10,0.8008340384025885
2014-04-11,0.7997548449832507
2014-04-14,0.7996356419232218
2014-04-15,0.7858990601011334
2014-04-16,0.7873534498751961
2014-04-17,0.7855033061984276
2014-04-18,0.7857261535690941
2014-04-21,0.7729746902876542
2014-04-22,0.7763208262239061
2014-04-23,0.775923209509813
2014-04-24,0.77430650437598
2014-04-25,0.7659983617448907
2014-04-28,0.7538777897159731
2014-04-29,0.7618464412334981
2014-04-30,0.7622996237685825
2014-05-05,0.7618908160737186
2014-05-06,0.7625091670585439
2014-05-07,0.7542224868947891
2014-05-08,0.754367006888448
2014-05-09,0.7515923817024757
2014-05-12,0.7657767746026733
2014-05-13,0.7647574828488041
2014-05-14,0.7639793522205032
2014-05-15,0.7548365795334661
2014-05-16,0.7550161392618728
2014-05-19,0.7450463297955937
2014-05-20,0.7459290744269845
2014-05-21,0.7525328896892102
2014-05-22,0.7517957855608001
2014-05-23,0.7585830314422054
2014-05-26,0.7624554763117638
2014-05-27,0.7598344826835604
2014-05-28,0.7670347494466423
2014-05-29,0.7618232519190788
2014-05-30,0.7614055442694466
2014-06-03,0.7601622200773519
2014-06-04,0.7534858112587222
2014-06-05,0.7623755016718942
2014-06-06,0.7567143303542275
2014-06-09,0.755323007054147
2014-06-10,0.764890718063785
2014-06-11,0.7654336009750822
2014-06-12,0.7620481276427922
2014-06-13,0.7712939944778974
2014-06-16,0.7771735837969936
2014-06-17,0.7688734807809106
2014-06-18,0.7650240361079229
2014-06-19,0.7528162709450189
2014-06-20,0.757204470006763
2014-06-23,0.7563597320099064
2014-06-24,0.7588520730059062
2014-06-25,0.7549129728999485
2014-06-26,0.7614879473302106
2014-06-27,0.7621856756562572
2014-06-30,0.767352035227819
2014-07-01,0.7672231059141315
2014-07-02,0.7694316758575006
2014-07-03,0.773876598776812
2014-07-04,0.7736051853064838
2014-07-07,0.772816339414687
2014-07-08,0.775335293179516
2014-07-09,0.7637361434805526
2014-07-10,0.7623000606017746
2014-07-11,0.763762935999495
2014-07-14,0.7735141868559863
2014-07-15,0.7738804043021139
2014-07-16,0.7724651113142547
2014-07-17,0.7672706558520934
2014-07-18,0.7707034570389691
2014-07-21,0.7708070816197047
2014-07-22,0.7805864388612906
2014-07-23,0.7808078664272985
2014-07-24,0.7933558444927284
2014-07-25,0.8004634517461117
2014-07-28,0.8220975496460448
2014-07-29,0.826450293473812
2014-07-30,0.8222954757001524
2014-07-31,0.8319015401777239
2014-08-01,0.8251207552717539
2014-08-04,0.8402200492067369
2014-08-05,0.8386424895146716
2014-08-06,0.8352819108551769
2014-08-07,0.8235580949809954
2014-08-08,0.8258248406113278
2014-08-11,0.8382915709613309
2014-08-12,0.8362508626927703
2014-08-13,0.8359111007787613
2014-08-14,0.8293113663370362
2014-08-15,0.8367149117016612
2014-08-18,0.8426247858438712
2014-08-19,0.8429081931440618
2014-08-20,0.8392762077404221
2014-08-21,0.8357159741311209
2014-08-22,0.8396941230538101
2014-08-25,0.8320973559197773
2014-08-26,0.824251229716767
2014-08-27,0.8248506379515822
2014-08-28,0.8174716499852961
2014-08-29,0.8270057599950972
2014-09-01,0.834565828942262
2014-09-02,0.845235814524877
2014-09-03,0.8526759116088064
2014-09-04,0.8590206916132995
2014-09-05,0.8648935012650119
2014-09-09,0.8638346888070749
2014-09-10,0.8604043303648974
2014-09-11,0.85789946602172
2014-09-12,0.8630292049122156
2014-09-15,0.8630164618005669
2014-09-16,0.8467001459830314
2014-09-17,0.8508627327092821
2014-09-18,0.8547388248988611
2014-09-19,0.8599217701378412
2014-09-22,0.8444434655160856
2014-09-23,0.8512265935137429
2014-09-24,0.8633112125399107
2014-09-25,0.8608732130812428
2014-09-26,0.8612628633924256
2014-09-29,0.8647482007088282
2014-09-30,0.8667977857769145
2014-10-08,0.8775034536890427
2014-10-09,0.8792873554329311
2014-10-10,0.8747925055979426
2014-10-13,0.8701814072269547
2014-10-14,0.8667716126097524
2014-10-15,0.8715132542484711
2014-10-16,0.8650148888357336
2014-10-17,0.8610333645807208
2014-10-20,0.8669512887385163
2014-10-21,0.8595911823359043
2014-10-22,0.8546408935325644
2014-10-23,0.8460705330742855
2014-10-24,0.8458732905868598
2014-10-27,0.8407321135871401
2014-10-28,0.8567221949459543
2014-10-29,0.868965355000179
2014-10-30,0.8747554369390184
2014-10-31,0.8881799633742095
2014-11-03,0.891077910001059
2014-11-04,0.888528758222165
2014-11-05,0.8833276877760298
2014-11-06,0.8856100615192556
2014-11-07,0.882268595050307
2014-11-10,0.9029836969505869
2014-11-11,0.8977514571322631
2014-11-12,0.9083573867241789
2014-11-13,0.9037338505867959
2014-11-14,0.9032825137030855
2014-11-17,0.9006745388529627
2014-11-18,0.8922225166252572
2014-11-19,0.8909417610277137
2014-11-20,0.890504455730254
2014-11-21,0.9030975200386372
2014-11-24,0.9199916607979629
2014-11-25,0.9334660429364383
2014-11-26,0.9427711982300337
2014-11-27,0.949757421854652
2014-11-28,0.9745506116082897
2014-12-01,0.9741720750317107
2014-12-02,1.006766061722009
2014-12-03,1.018239207203371
2014-12-04,1.060432891769866
2014-12-05,1.0538997117031197
2014-12-08,1.084371578318168
2014-12-09,1.0313802827186944
2014-12-10,1.0748500263083307
2014-12-11,1.0749290455916098
2014-12-12,1.0736932917839055
2014-12-15,1.0775494125849652
2014-12-16,1.0979115812835973
2014-12-17,1.1189085868926403
2014-12-18,1.1173374814450774
2014-12-19,1.1289724374749959
2014-12-22,1.1352057887865026
2014-12-23,1.110133479290743
2014-12-24,1.0869955194444234
2014-12-25,1.1204487788568387
2014-12-26,1.1477694535608125
2014-12-29,1.152733619682378
2014-12-30,1.1535395998684692
2014-12-31,1.1801945316840752
2015-01-05,1.216969482985444
2015-01-06,1.2156851592169229
2015-01-07,1.212112545505718
2015-01-08,1.1862262088949023
2015-01-09,1.184077797645181
2015-01-12,1.1700721268985381
2015-01-13,1.174203751782604
2015-01-14,1.1711142881683017
2015-01-15,1.202413557901867
2015-01-16,1.2122374319488651
2015-01-19,1.1245293447498113
2015-01-20,1.1491456568141216
2015-01-21,1.1940791262792518
2015-01-22,1.1988676146523412
2015-01-23,1.1975290366067681
2015-01-26,1.2080730689132118
2015-01-27,1.196280002977993
2015-01-28,1.182049463708451
2015-01-29,1.168033725850345
2015-01-30,1.1559429764549332
2015-02-02,1.132235141119099
2015-02-03,1.1564112887543592
2015-02-04,1.1455272574625717
2015-02-05,1.1355099324450597
2015-02-06,1.1153820514808297
2015-02-09,1.120035759722316
2015-02-10,1.1399766689163584
2015-02-11,1.1476981711880154
2015-02-12,1.1522419502002534
2015-02-13,1.1650865902090768
2015-02-16,1.17440559436187
2015-02-17,1.183719585856401
2015-02-25,1.1732887869119655
2015-02-26,1.1968380379255676
2015-02-27,1.1997046297821188
2015-03-02,1.2108198093542004
2015-03-03,1.1836417386306766
2015-03-04,1.192722616412949
2015-03-05,1.1805709818675663
2015-03-06,1.1755263786406185
2015-03-09,1.2040530776348963
2015-03-10,1.2014125437808736
2015-03-11,1.203249177974155
2015-03-12,1.2261470625123951
2015-03-13,1.2368595612667144
2015-03-16,1.2674046876558043
2015-03-17,1.2829061533993014
2015-03-18,1.3122131720669619
2015-03-19,1.3115750392803238
2015-03-20,1.323756454132091
2015-03-23,1.3527142890452457
2015-03-24,1.3537762365551982
2015-03-25,1.3459392068041676
2015-03-26,1.3459571557894994
2015-03-27,1.357524626144531
2015-03-30,1.3987786075715403
2015-03-31,1.386646311844482
2015-04-01,1.4096050531890463
2015-04-02,1.41639277044085
2015-04-03,1.4295389814625283
2015-04-07,1.4647349281454929
2015-04-08,1.4714981124537532
2015-04-09,1.4621908573743894
2015-04-10,1.4939630154838048
2015-04-13,1.5259290776753167
2015-04-14,1.52729978979852
2015-04-15,1.504988550363466
2015-04-16,1.546733542417335
2015-04-17,1.5665608543628324
2015-04-20,1.5381853392453706
2015-04-21,1.573150602646298
2015-04-22,1.6076652439592247
2015-04-23,1.6080740143295749
2015-04-24,1.5929339821458313
2015-04-27,1.6256498972018498
2015-04-28,1.6061602020748367
2015-04-29,1.6190345503329202
2015-04-30,1.6167656651784394
2015-05-04,1.6288223152154164
2015-05-05,1.5586975409922572
2015-05-06,1.5402775226826018
2015-05-07,1.5136577258870385
2015-05-08,1.549122032354004
2015-05-11,1.5971989643709625
2015-05-12,1.614004857416879
2015-05-13,1.610498864085542
2015-05-14,1.6044608107377911
2015-05-15,1.5784396825445604
2015-05-18,1.5745833444634543
2015-05-19,1.6227672676903986
2015-05-20,1.638441656173897
2015-05-21,1.6783013400982163
2015-05-22,1.7171791534981515
2015-05-25,1.764073805057898
2015-05-26,1.7974289517026585
2015-05-27,1.7939852101676617
2015-05-28,1.6836469436567107
2015-05-29,1.6897281422957764
2015-06-01,1.7726798805845942
2015-06-02,1.8102214507507426
2015-06-03,1.812959220007111
2015-06-04,1.8253254824999057
2015-06-05,1.8473346980399363
2015-06-08,1.878819339739311
2015-06-09,1.8640347899495986
2015-06-10,1.8726494116833485
2015-06-11,1.8793359660815394
2015-06-12,1.8998820682186248
2015-06-15,1.860458344381481
2015-06-16,1.801487354423801
2015-06-17,1.8302532224211387
2015-06-18,1.7614177228477779
2015-06-19,1.6507131243553996
2015-06-23,1.6903316811291973
2015-06-24,1.7284950410907558
2015-06-25,1.6710272981939134
2015-06-26,1.5450866223888868
2015-06-29,1.497803115967842
2015-06-30,1.5903376226647805
2015-07-01,1.5167648737476493
2015-07-02,1.4597462716443417
2015-07-03,1.3778267168594938
2015-07-06,1.4084942825296916
2015-07-07,1.3824835395851482
2015-07-08,1.3044864787192194
2015-07-09,1.3788949584243861
2015-07-10,1.4408059505351725
2015-07-13,1.481160033215064
2015-07-14,1.4606927981230815
2015-07-15,1.4129470976364111
2015-07-16,1.4229772605928654
2015-07-17,1.47577330423501
2015-07-20,1.4820651385969994
2015-07-21,1.484337178142983
2015-07-22,1.483452386506072
2015-07-23,1.5173193762244352
2015-07-24,1.4937281466490204
2015-07-27,1.3727925318064262
2015-07-28,1.3656686818470019
2015-07-29,1.4074929311570086
2015-07-30,1.3669265400840398
2015-07-31,1.3698487293178754
2015-08-03,1.3746086329906597
2015-08-04,1.4171721391996406
2015-08-05,1.3910079676366878
2015-08-06,1.380401051270158
2015-08-07,1.4082878615423766
2015-08-10,1.4646801865782013
2015-08-11,1.4597597973760337
2015-08-12,1.43793090664396
2015-08-13,1.459634641017891
2015-08-14,1.4620403509019817
2015-08-17,1.4711905709317967
2015-08-18,1.3806951719473786
2015-08-19,1.4051446766871418
2015-08-20,1.3641521174786049
2015-08-21,1.303147241793035
2015-08-24,1.1938533794448545
2015-08-25,1.1151656687220268
2015-08-26,1.1148292793508914
2015-08-27,1.1740286737511678
2015-08-28,1.2194868506200678
2015-08-31,1.2166378737898165
2015-09-01,1.2026031398493866
2015-09-02,1.2042832628237972
2015-09-07,1.169393226020263
2015-09-08,1.201925057646179
2015-09-09,1.224528731532906
2015-09-10,1.2132657415770918
2015-09-11,1.2143736399145408
2015-09-14,1.184487675795737
2015-09-15,1.1420493660290234
2015-09-16,1.1925179306048508
2015-09-17,1.1682931930896747
2015-09-18,1.1733149327562475
2015-09-21,1.192856146381915
2015-09-22,1.201662788349111
2015-09-23,1.178813091277642
2015-09-24,1.186934254838101
2015-09-25,1.1682138719700979
2015-09-28,1.1749834695227992
2015-09-29,1.1547874599870327
2015-09-30,1.162051423729984
2015-10-08,1.1941327576951613
2015-10-09,1.2074112414281148
2015-10-12,1.245188699925601
2015-10-13,1.2468342701418116
2015-10-14,1.2310430681339704
2015-10-15,1.259259695880591
2015-10-16,1.2752729879290674
2015-10-19,1.2732967894676293
2015-10-20,1.2858478817359864
2015-10-21,1.2483532729560713
2015-10-22,1.2667831899823028
2015-10-23,1.2873504902599435
2015-10-26,1.2924563068915618
2015-10-27,1.291147552360045
2015-10-28,1.2693068099018756
2015-10-29,1.274719958329902
2015-10-30,1.2745930886830954
2015-11-02,1.2551867100434044
2015-11-03,1.2516085983597345
2015-11-04,1.3055640786588625
2015-11-05,1.3242574707754917
2015-11-06,1.3486480978869053
2015-11-09,1.3719115908828072
2015-11-10,1.3701617350959443
2015-11-11,1.3714246766795541
2015-11-12,1.360544405795358
2015-11-13,1.343342130817388
2015-11-16,1.3557251077057662
2015-11-17,1.3504582984955118
2015-11-18,1.3405282726064187
2015-11-19,1.3625660488698719
2015-11-20,1.368476333699383
2015-11-23,1.3614646710791392
2015-11-24,1.362328520941031
2015-11-25,1.3756388784954123
2015-11-26,1.3683005892567324
2015-11-27,1.297050574314151
2015-11-30,1.307126416946888
2015-12-01,1.3185246116057534
2015-12-02,1.3578551194336321
2015-12-03,1.3714775389321319
2015-12-04,1.3492234185783247
2015-12-07,1.355371842747271
2015-12-08,1.3315004869612281
2015-12-09,1.334599190316543
2015-12-10,1.3307249986062575
2015-12-11,1.322126782992836
2015-12-14,1.348799312950373
2015-12-15,1.3492641099130909
2015-12-16,1.3468851401928998
2015-12-17,1.3762123621376179
2015-12-18,1.384185014824641
2015-12-21,1.4208032768858232
2015-12-22,1.4247276401406173
2015-12-23,1.4192937244041253
2015-12-24,1.4098529547306264
2015-12-25,1.415737494264261
2015-12-28,1.37961546699505
2015-12-29,1.3925575564108172
2015-12-30,1.3967283821233007
2015-12-31,1.382854037065038
2016-01-04,1.2858559740658464
2016-01-05,1.2843757809140084
2016-01-06,1.3080088457616728
2016-01-07,1.2179099561951758
2016-01-08,1.2396093371316252
2016-01-11,1.1747646946328951
2016-01-12,1.1819769476068642
2016-01-13,1.1578367086859414
2016-01-14,1.184034637697155
2016-01-15,1.146759055415302
2016-01-18,1.1523183277003732
2016-01-19,1.1858518181697235
2016-01-20,1.1675287434181265
2016-01-21,1.1333790892590225
2016-01-22,1.145548715614258
2016-01-25,1.1525094209026112
2016-01-26,1.0841441800936942
2016-01-27,1.0778536997814683
2016-01-28,1.048758062361572
2016-01-29,1.0814251992441541
2016-02-01,1.06744908749308
2016-02-02,1.0920900671630043
2016-02-03,1.089755060603014
2016-02-04,1.1051220162334785
2016-02-05,1.0991785647291124
2016-02-15,1.0940014993911737
2016-02-16,1.128493661571888
2016-02-17,1.1375756687011465
2016-02-18,1.1344401703750258
2016-02-19,1.1341945624413843
2016-02-22,1.1583115032797917
2016-02-23,1.1491242955449321
2016-02-24,1.1543073145192169
2016-02-25,1.084469484607189
2016-02-26,1.0933040139144055
2016-02-29,1.0635119553304468
2016-03-01,1.0821379858135978
2016-03-02,1.1266680161417064
2016-03-03,1.1300822605927958
2016-03-04,1.1325965321519214
2016-03-07,1.1405694692062194
2016-03-08,1.141830779754716
2016-03-09,1.1267753438643786
2016-03-10,1.1086562990387439
2016-03-11,1.1081561619403586
2016-03-14,1.1284722004738932
2016-03-15,1.1293049519107727
2016-03-16,1.1312915932607759
2016-03-17,1.1479171951961886
2016-03-18,1.169079328867605
2016-03-21,1.1920414003721473
2016-03-22,1.1854971220068342
2016-03-23,1.1899622536306684
2016-03-24,1.1728251687838462
2016-03-25,1.179415709132995
2016-03-28,1.1705491503987886
2016-03-29,1.1559150391393043
2016-03-30,1.1880919155288243
2016-03-31,1.1888385503765069
2016-04-01,1.187809638293157
2016-04-05,1.206268757653886
2016-04-06,1.205928012545133
2016-04-07,1.1893327338283015
2016-04-08,1.1807262129793248
2016-04-11,1.1989175026882204
2016-04-12,1.1934810096882211
2016-04-13,1.2078848382905067
2016-04-14,1.2141648364499837
2016-04-15,1.2128523932306863
2016-04-18,1.1966957559603415
2016-04-19,1.199416170086244
2016-04-20,1.170105681463126
2016-04-21,1.1631873658861998
2016-04-22,1.17033355479666
2016-04-25,1.1664533886774353
2016-04-26,1.1744441881795846
2016-04-27,1.1707551696033607
2016-04-28,1.1689569171398926
2016-04-29,1.1678066310236797
2016-05-03,1.1914907616247388
2016-05-04,1.189642915392621
2016-05-05,1.1923882949349793
2016-05-06,1.1588891147085671
2016-05-09,1.1322978157655954
2016-05-10,1.1328519483274622
2016-05-11,1.1364539057714855
2016-05-12,1.1382739616870972
2016-05-13,1.1342774891063432
2016-05-16,1.1444812056610651
2016-05-17,1.1398675964775329
2016-05-18,1.1270723889589174
2016-05-19,1.1263386191193234
2016-05-20,1.1332313090120265
2016-05-23,1.1394929529669333
2016-05-24,1.130392174483512
2016-05-25,1.1282765401965527
2016-05-26,1.1304151081420266
2016-05-27,1.1299286481607775
2016-05-30,1.1294846691699647
2016-05-31,1.165565493821618
2016-06-01,1.1655465037561707
2016-06-02,1.1692498255462433
2016-06-03,1.176569761154168
2016-06-06,1.1745813404891403
2016-06-07,1.173555673561055
2016-06-08,1.1690302608356413
2016-06-13,1.131896446852761
2016-06-14,1.1356490143710496
2016-06-15,1.155430957130672
2016-06-16,1.1482853174683503
2016-06-17,1.1550073831205525
2016-06-20,1.1573528895007341
2016-06-21,1.1514220272681954
2016-06-22,1.1632114638754587
2016-06-23,1.15622212050327
2016-06-24,1.142942755980782
2016-06-27,1.1603059480799005
2016-06-28,1.165804892031153
2016-06-29,1.1703195522439793
2016-06-30,1.1712217878726932
2016-07-01,1.1709449515328754
2016-07-04,1.1894394354909972
2016-07-05,1.1888265821458852
2016-07-06,1.1924791014472291
2016-07-07,1.1903504200883575
2016-07-08,1.1848817340317415
2016-07-11,1.187058539709163
2016-07-12,1.2111654483138619
2016-07-13,1.2171283938219333
2016-07-14,1.215507758530158
2016-07-15,1.2142278686531687
2016-07-18,1.2086992757118296
2016-07-19,1.2050613110087318
2016-07-20,1.2020204075707959
2016-07-21,1.2084162657274045
2016-07-22,1.1977481360637925
2016-07-25,1.1993567693387583
2016-07-26,1.2150909155378649
2016-07-27,1.1896673488717557
2016-07-28,1.1925130237634716
2016-07-29,1.1871513646429754
2016-08-01,1.1770038434126187
2016-08-02,1.1826112219652063
2016-08-03,1.184941869997636
2016-08-04,1.1901905162667525
2016-08-05,1.1908010791876513
2016-08-08,1.2018505469534386
2016-08-09,1.211291791634162
2016-08-10,1.2051090210039992
2016-08-11,1.1996631284954353
2016-08-12,1.2221018817292861
2016-08-15,1.2592557586947932
2016-08-16,1.2557552422811114
2016-08-17,1.2544569866967055
2016-08-18,1.251117599387578
2016-08-19,1.2489236019951873
2016-08-22,1.2370991815213053
2016-08-23,1.239603049646582
2016-08-24,1.2357580541831463
2016-08-25,1.228388113779927
2016-08-26,1.2282102547693179
2016-08-29,1.2279895883942435
2016-08-30,1.2298752582852968
2016-08-31,1.2359527346228192
2016-09-01,1.2248248105641704
2016-09-02,1.2276683189608897
2016-09-05,1.2330279171169125
2016-09-06,1.2438115616512484
2016-09-07,1.2430376628161857
2016-09-08,1.24375680522767
2016-09-09,1.2353254018477215
2016-09-12,1.2130008876652583
2016-09-13,1.214214648373999
2016-09-14,1.2055043607709919
2016-09-19,1.2155360020455501
2016-09-20,1.213977619814285
2016-09-21,1.2166553703413994
2016-09-22,1.2266274422572374
2016-09-23,1.2204720710431887
2016-09-26,1.2004932302647533
2016-09-27,1.2091898213662784
2016-09-28,1.2069158119683547
2016-09-29,1.2120336715131497
2016-09-30,1.216360250041113
2016-10-10,1.2326410946860238
2016-10-11,1.2368807759015015
2016-10-12,1.2349054187788557
2016-10-13,1.2343256447490334
2016-10-14,1.2333966369105291
2016-10-17,1.2222916902126288
2016-10-18,1.237474724557161
2016-10-19,1.2337777049955734
2016-10-20,1.23509947254818
2016-10-21,1.2367232424008996
2016-10-24,1.250767656388544
2016-10-25,1.251957963367524
2016-10-26,1.2466027403810833
2016-10-27,1.2431389859687325
2016-10-28,1.240158444463303
2016-10-31,1.2390389267856847
2016-11-01,1.2489734617284474
2016-11-02,1.2384727541922878
2016-11-03,1.247846424770621
2016-11-04,1.2439078541236483
2016-11-07,1.2450297531788823
2016-11-08,1.2501902370637488
2016-11-09,1.2435855978662187
2016-11-10,1.2577085844577822
2016-11-11,1.2666912093186355
2016-11-14,1.270763436804604
2016-11-15,1.2728064298899917
2016-11-16,1.2735328594272253
2016-11-17,1.2742491516204413
2016-11-18,1.267693497049136
2016-11-21,1.2737157484966335
2016-11-22,1.2835017275120244
2016-11-23,1.2856642590115306
2016-11-24,1.2907638876144982
2016-11-25,1.3015918771747965
2016-11-28,1.305335898659204
2016-11-29,1.3110321482818788
2016-11-30,1.3022547136687699
2016-12-01,1.3131376099395613
2016-12-02,1.2969919044650848
2016-12-05,1.2769486799644352
2016-12-06,1.2744652518682258
2016-12-07,1.280693282953377
2016-12-08,1.2790026795768503
2016-12-09,1.2856137801450485
2016-12-12,1.2507714499553544
2016-12-13,1.2483129161503392
2016-12-14,1.2389600893899027
2016-12-15,1.227870882404139
2016-12-16,1.2315526951332578
2016-12-19,1.2253600481556188
2016-12-20,1.2185127180384479
2016-12-21,1.2271439834487876
2016-12-22,1.2260249335160935
2016-12-23,1.2153996866268284
2016-12-26,1.2207091061398017
2016-12-27,1.2200344332002073
2016-12-28,1.2156203003247108
2016-12-29,1.2128291515039826
2016-12-30,1.2178866872192333
2017-01-03,1.2291108100508823
2017-01-04,1.2389842694653805
2017-01-05,1.2379389946348511
2017-01-06,1.2304161023682303
2017-01-09,1.2350024936380053
2017-01-10,1.2329408272119529
2017-01-11,1.2236725829338304
2017-01-12,1.2171524287653877
2017-01-13,1.213886405565376
2017-01-16,1.2060724936984557
2017-01-17,1.2100116469164388
2017-01-18,1.21273847165684
2017-01-19,1.2098539928477927
2017-01-20,1.2218116646381048
2017-01-23,1.225916239091196
2017-01-24,1.2253157279184248
2017-01-25,1.2294807546564068
2017-01-26,1.2353160958224751
2017-02-03,1.226778494388574
2017-02-06,1.2317979125150846
2017-02-07,1.229081478777643
2017-02-08,1.23590463937789
2017-02-09,1.2401670675652356
2017-02-10,1.2446868868608545
2017-02-13,1.2534641370498831
2017-02-14,1.2518868837395658
2017-02-15,1.2461524163255455
2017-02-16,1.254354942403833
2017-02-17,1.2465889319700243
2017-02-20,1.2636135275615523
2017-02-21,1.2691533454259791
2017-02-22,1.2727588377504993
2017-02-23,1.267602345671643
2017-02-24,1.2679576780907111
2017-02-27,1.2572104362477634
2017-02-28,1.260173904074643
2017-03-01,1.2614942011660029
2017-03-02,1.2537112439995906
2017-03-03,1.2530222769279449
2017-03-06,1.262177163687571
2017-03-07,1.2649256427628852
2017-03-08,1.2616076363753908
2017-03-09,1.2527419760364178
2017-03-10,1.2549046558052852
2017-03-13,1.2656053916469894
2017-03-14,1.2637502319182825
2017-03-15,1.2659768391659214
2017-03-16,1.2739240568949537
2017-03-17,1.259786486120952
2017-03-20,1.2606734286000747
2017-03-21,1.26672491855049
2017-03-22,1.25998254676851
2017-03-23,1.2637792664743863
2017-03-24,1.2735016890466642
2017-03-27,1.2683834733813304
2017-03-28,1.2648634234606528
2017-03-29,1.26106010928888
2017-03-30,1.2492624824936205
2017-03-31,1.2564821471167582
2017-04-05,1.2756652767735441
2017-04-06,1.2797307720470124
2017-04-07,1.281812889509304
2017-04-10,1.2781345128924044
2017-04-11,1.2826286887624532
2017-04-12,1.2774639985355845
2017-04-13,1.2813160092044167
2017-04-14,1.2685560053638425
2017-04-17,1.2644010867394755
2017-04-18,1.2572869888575064
2017-04-19,1.2514905240786742
2017-04-20,1.2539589405418825
2017-04-21,1.2556596048258493
2017-04-24,1.2404041904975789
2017-04-25,1.243684076555711
2017-04-26,1.247168934683056
2017-04-27,1.2485008951931316
2017-04-28,1.2474647980964173
2017-05-02,1.2437751759223943
2017-05-03,1.2374415182539793
2017-05-04,1.234012646075434
2017-05-05,1.223978384840313
2017-05-08,1.2113960306980545
2017-05-09,1.2101028430267597
2017-05-10,1.200642330379773
2017-05-11,1.2062340033169119
2017-05-12,1.2137241489095938
2017-05-15,1.218416615069264
2017-05-16,1.231544476606893
2017-05-17,1.2270980947498358
2017-05-18,1.2205617690388426
2017-05-19,1.2219940869793462
2017-05-22,1.21967723169084
2017-05-23,1.2172028656711267
2017-05-24,1.2195527164612476
2017-05-25,1.2397340037403504
2017-05-26,1.2377630986957537
2017-05-31,1.2406833559540122
2017-06-01,1.2358635998819034
2017-06-02,1.2364042135923552
2017-06-05,1.234188893916037
2017-06-06,1.2426304251316256
2017-06-07,1.2593013557749801
2017-06-08,1.2679337099813892
2017-06-09,1.271343599864109
2017-06-12,1.267562470609494
2017-06-13,1.2730345086842576
2017-06-14,1.258615465418203
2017-06-15,1.2616368074561801
2017-06-16,1.256883568624887
2017-06-19,1.270264686105874
2017-06-20,1.2699520285785308
2017-06-21,1.281883117135277
2017-06-22,1.27805187500131
2017-06-23,1.2876473558758572
2017-06-26,1.303571342739799
2017-06-27,1.3057700021519865
2017-06-28,1.2967232644696647
2017-06-29,1.304139690489993
2017-06-30,1.3045602846991564
2017-07-03,1.302196834876232
2017-07-04,1.2923924305714851
2017-07-05,1.304221948422231
2017-07-06,1.3043687306947243
2017-07-07,1.303356610973418
2017-07-10,1.3014272246379666
2017-07-11,1.3048494320540165
2017-07-12,1.3014908903960927
2017-07-13,1.3100968669960007
2017-07-14,1.3114804398866913
2017-07-17,1.2866235477687726
2017-07-18,1.288117773859641
2017-07-19,1.3124406382716807
2017-07-20,1.319409194922291
2017-07-21,1.3154873003117298
2017-07-24,1.3224159997025782
2017-07-25,1.3150340230886148
2017-07-26,1.3100432376156008
2017-07-27,1.3137404819604526
2017-07-28,1.3155859398726004
2017-07-31,1.3214755862869336
2017-08-01,1.3304024167677722
2017-08-02,1.326849422875771
2017-08-03,1.3176214573880667
2017-08-04,1.3099138509579298
2017-08-07,1.3165976037657043
2017-08-08,1.3187057029813776
2017-08-09,1.318423557710561
2017-08-10,1.3125348980586677
2017-08-11,1.288118199690291
2017-08-14,1.3077855327849843
2017-08-15,1.3125049525415364
2017-08-16,1.312165142522034
2017-08-17,1.3188607341429663
2017-08-18,1.3177912812764063
2017-08-21,1.3250009648262906
2017-08-22,1.3275940712392327
2017-08-23,1.3270734296125206
2017-08-24,1.3194528928991953
2017-08-25,1.3399512982876485
2017-08-28,1.3596447037581485
2017-08-29,1.3564276184082522
2017-08-30,1.357926931553259
2017-08-31,1.3556508180247662
2017-09-01,1.3600156653324658
2017-09-04,1.3653764484513535
2017-09-05,1.3692370893753818
2017-09-06,1.369018918810751
2017-09-07,1.361237513226982
2017-09-08,1.359499582349847
2017-09-11,1.3628692809169114
2017-09-12,1.3657096179002899
2017-09-13,1.3688792091526594
2017-09-14,1.3650107734052188
2017-09-15,1.3644426893967088
2017-09-18,1.3711032300423702
2017-09-19,1.3658681164426176
2017-09-20,1.3718768575654683
2017-09-21,1.36707286758392
2017-09-22,1.3661923399139002
2017-09-25,1.3547802082440294
2017-09-26,1.3542401456102533
2017-09-27,1.3582189030469194
2017-09-28,1.3546764013308237
2017-09-29,1.3625948866164168
2017-10-09,1.3784155271485625
2017-10-10,1.3827084674782764
2017-10-11,1.3854026102592458
2017-10-12,1.3865313139274045
2017-10-13,1.3908703826048714
2017-10-16,1.382529607654389
2017-10-17,1.3835874117926683
2017-10-18,1.3897565699319963
2017-10-19,1.381782620759711
2017-10-20,1.382657625499542
2017-10-23,1.385148530278858
2017-10-24,1.3933017079444192
2017-10-25,1.39961858256893
2017-10-26,1.4012399237515483
2017-10-27,1.4047675477685946
2017-10-30,1.394626793725065
2017-10-31,1.394274785513868
2017-11-01,1.3895693062190762
2017-11-02,1.387841084312539
2017-11-03,1.381345563492002
2017-11-06,1.3901992620956836
2017-11-07,1.403579599290239
2017-11-08,1.4044094964518556
2017-11-09,1.4146134714492573
2017-11-10,1.4261084533828525
2017-11-13,1.4325905964505552
2017-11-14,1.4222125627213102
2017-11-15,1.4109537029970363
2017-11-16,1.4191414905891975
2017-11-17,1.4189809193353722
2017-11-20,1.4299650122581105
2017-11-21,1.4542035626094874
2017-11-22,1.456773335284375
2017-11-23,1.4140916202400509
2017-11-24,1.414544565797182
2017-11-27,1.3969107363919906
2017-11-28,1.4018658377812632
2017-11-29,1.4018662278411103
2017-11-30,1.387426483564402
2017-12-01,1.3871318462045745
2017-12-04,1.3891847127111965
2017-12-05,1.387945676858441
2017-12-06,1.3834961248940032
2017-12-07,1.36753469247226
2017-12-08,1.379428809710269
2017-12-11,1.401418730325874
2017-12-12,1.3845025150203893
2017-12-13,1.3962232707747742
2017-12-14,1.3884472946669537
2017-12-15,1.374162147530361
2017-12-18,1.3737574119143647
2017-12-19,1.3897252532967848
2017-12-20,1.3839392401874258
2017-12-21,1.395670567538473
2017-12-22,1.3925962689175193
2017-12-25,1.3863014041410295
2017-12-26,1.390378771950866
2017-12-27,1.3712946254898797
2017-12-28,1.3770167172866903
2017-12-29,1.3835043541605094
2018-01-02,1.4053323061359104
2018-01-03,1.4151614587807462
2018-01-04,1.4213779628761345
2018-01-05,1.4265387894249244
2018-01-08,1.4350981424609366
2018-01-09,1.439940916346624
2018-01-10,1.4430280407665514
2018-01-11,1.442621211505319
2018-01-12,1.4489770387255532
2018-01-15,1.4422529262011736
2018-01-16,1.454914732077309
2018-01-17,1.4530189629699233
2018-01-18,1.461488790590531
2018-01-19,1.4633988162817586
2018-01-22,1.4835482881912885
2018-01-23,1.496830853785201
2018-01-24,1.5032595294426343
2018-01-25,1.4937418772464208
2018-01-26,1.5003939122787102
2018-01-29,1.4784907926046311
2018-01-30,1.4644114876385816
2018-01-31,1.4624980247034745
2018-02-01,1.4464598803807918
2018-02-02,1.4537249488644206
2018-02-05,1.4554389506796135
2018-02-06,1.405622557737767
2018-02-07,1.3768846320304426
2018-02-08,1.3705927110210703
2018-02-09,1.3134326488468413
2018-02-12,1.3347544517944516
2018-02-13,1.3489982718536173
2018-02-14,1.3584391550052337
2018-02-22,1.3851365056257046
2018-02-23,1.3899833015401242
2018-02-26,1.4102475950754385
2018-02-27,1.3902068938454442
2018-02-28,1.3832610459441583
2018-03-01,1.3925578369727705
2018-03-02,1.3822046523383094
2018-03-05,1.3821316992835553
2018-03-06,1.399178177956359
2018-03-07,1.3892499831105483
2018-03-08,1.4018720556778803
2018-03-09,1.415582817303535
2018-03-12,1.4264781988080428
2018-03-13,1.416566889887746
2018-03-14,1.4058499497629537
2018-03-15,1.4102344709621848
2018-03-16,1.3972542454939885
2018-03-19,1.399080356056134
2018-03-20,1.401447594050258
2018-03-21,1.39383988610866
2018-03-22,1.3812602175996775
2018-03-23,1.332234944555268
2018-03-26,1.330500796787008
2018-03-27,1.3467359144712758
2018-03-28,1.3259895307925953
2018-03-29,1.345703918454523
2018-03-30,1.3501689057280992
2018-04-02,1.3453552944715448
2018-04-03,1.3361722673815941
2018-04-04,1.3310270791205343
2018-04-09,1.3286805142392968
2018-04-10,1.3527084052017202
2018-04-11,1.358539118364962
2018-04-12,1.3458864673838982
2018-04-13,1.3377935004517594
2018-04-16,1.3166552862464043
2018-04-17,1.2968896494402484
2018-04-18,1.3072754652662677
2018-04-19,1.3214535558144769
2018-04-20,1.299764580157916
2018-04-23,1.301605055525406
2018-04-24,1.3309885884126003
2018-04-25,1.3259699670444014
2018-04-26,1.2983407898080443
2018-04-27,1.2990781365871797
2018-05-02,1.3005112532900447
2018-05-03,1.3123253620562427
2018-05-04,1.306422849410605
2018-05-07,1.326044265163178
2018-05-08,1.338683797523123
2018-05-09,1.3355694393295907
2018-05-10,1.3412858211570726
2018-05-11,1.3324953482780821
2018-05-14,1.3417357424217216
2018-05-15,1.3478211809876026
2018-05-16,1.338183294243337
2018-05-17,1.329756439846167
2018-05-18,1.340702112501787
2018-05-21,1.3498917168127544
2018-05-22,1.3450468899081651
2018-05-23,1.3265998886801271
2018-05-24,1.3174370841921597
2018-05-25,1.3080274947312005
2018-05-28,1.3104664835477813
2018-05-29,1.2998601321825758
2018-05-30,1.26866244566649
2018-05-31,1.2940622966909472
2018-06-01,1.282590443076487
2018-06-04,1.2909965750514623
2018-06-05,1.304984965009813
2018-06-06,1.3012513531898542
2018-06-07,1.2980125806223788
2018-06-08,1.280965158559405
2018-06-11,1.2810572910479894
2018-06-12,1.2953523036723398
2018-06-13,1.2821641939482509
2018-06-14,1.2774652463407996
2018-06-15,1.268658761414984
2018-06-19,1.2166391976676985
2018-06-20,1.2213637460234512
2018-06-21,1.2042258769440193
2018-06-22,1.2122812786828039
2018-06-25,1.1961755118731048
2018-06-26,1.1903133946548299
2018-06-27,1.1695789349546573
2018-06-28,1.159271270520091
2018-06-29,1.1912661251080903
2018-07-02,1.1578806080629005
2018-07-03,1.1619477869264563
2018-07-04,1.143876191168935
2018-07-05,1.1305025327067402
2018-07-06,1.1379645324404757
2018-07-09,1.1700805076787202
2018-07-10,1.1738849956776694
2018-07-11,1.1530621373045682
2018-07-12,1.1786841271513566
2018-07-13,1.1825393607888004
2018-07-16,1.1753420843350741
2018-07-17,1.169302673287223
2018-07-18,1.1621688722301815
2018-07-19,1.1600780895773501
2018-07-20,1.1815932827742952
2018-07-23,1.1951596145967174
2018-07-24,1.2135617623958843
2018-07-25,1.2116603071008805
2018-07-26,1.19952935164244
2018-07-27,1.193273138156744
2018-07-30,1.1895523171397173
2018-07-31,1.1907512054078297
2018-08-01,1.1673700110294978
2018-08-02,1.1413489731985675
2018-08-03,1.1242012674505655
2018-08-06,1.1076461265678827
2018-08-07,1.1396795228039411
2018-08-08,1.121368335480269
2018-08-09,1.1492457640565648
2018-08-10,1.1521841505007289
2018-08-13,1.1503648348457598
2018-08-14,1.1431329660778622
2018-08-15,1.1166306108577237
2018-08-16,1.110254293991592
2018-08-17,1.0937340335227952
2018-08-20,1.103979080814748
2018-08-21,1.1204961768937185
2018-08-22,1.112349277020265
2018-08-23,1.1158769006789346
2018-08-24,1.1167987138515145
2018-08-27,1.141990485355589
2018-08-28,1.1413501513680067
2018-08-29,1.1337147859923071
2018-08-30,1.1205426400628065
2018-08-31,1.1125063618034967
2018-09-03,1.1087663837736552
2018-09-04,1.121984844592265
2018-09-05,1.1003096185763865
2018-09-06,1.0893972863913006
2018-09-07,1.0937800324386613
2018-09-10,1.0766496866292463
2018-09-11,1.0730407307276466
2018-09-12,1.0683784425296508
2018-09-13,1.0786049375080138
2018-09-14,1.0771746742798174
2018-09-17,1.0633006942910088
2018-09-18,1.0828014368584753
2018-09-19,1.095712818622797
2018-09-20,1.0957328645435713
2018-09-21,1.124664386814508
2018-09-25,1.115460862956877
2018-09-26,1.1254591849253193
2018-09-27,1.1178689378838207
2018-09-28,1.1278006112997792
2018-10-08,1.084074956639918
2018-10-09,1.0830241773066915
2018-10-10,1.0834320057628195
2018-10-11,1.0263074145419786
2018-10-12,1.03570426447687
2018-10-15,1.0198408507016594
2018-10-16,1.006005646856386
2018-10-17,1.0143488918962569
2018-10-18,0.9910218129042236
2018-10-19,1.018503559773942
2018-10-22,1.0638413982118393
2018-10-23,1.040948549856788
2018-10-24,1.0425185381839444
2018-10-25,1.0451209410327627
2018-10-26,1.041099515936685
2018-10-29,1.0125940146804526
2018-10-30,1.023872234361502
2018-10-31,1.037815640172453
2018-11-01,1.0458818683574758
2018-11-02,1.082298706810506
2018-11-05,1.0772925699084006
2018-11-06,1.0710139215925412
2018-11-07,1.0648220302792712
2018-11-08,1.0594236421083643
2018-11-09,1.0468856811371547
2018-11-12,1.0652966619118749
2018-11-13,1.079344487583353
2018-11-14,1.0706105462276896
2018-11-15,1.0833658264353998
2018-11-16,1.0902495245089903
2018-11-19,1.0991051591521457
2018-11-20,1.0703147289150503
2018-11-21,1.0725488398868748
2018-11-22,1.0693313803576496
2018-11-23,1.0408798656875475
2018-11-26,1.0395505894176946
2018-11-27,1.0390474626552133
2018-11-28,1.054131248409886
2018-11-29,1.0372421556235665
2018-11-30,1.0475972163206702
2018-12-03,1.078306338331324
2018-12-04,1.081081530216378
2018-12-05,1.0760153220715118
2018-12-06,1.0534923340391356
2018-12-07,1.0536668931612276
2018-12-10,1.04096704540556
2018-12-11,1.0463418480938642
2018-12-12,1.0497658340149072
2018-12-13,1.0653488410871959
2018-12-14,1.045726916785926
2018-12-17,1.0434111650334335
2018-12-18,1.0339203123293597
2018-12-19,1.0206527930657063
2018-12-20,1.0179367942003161
2018-12-21,1.0070307587512968
2018-12-24,1.0109222221217542
2018-12-25,1.0025427102868245
2018-12-26,0.9980822367670428
2018-12-27,0.9922602779664821
2018-12-28,0.9966771834577448
2019-01-02,0.9848021862687769
2019-01-03,0.9828756512568105
2019-01-04,1.0062744421695207
2019-01-07,1.0152591134003888
2019-01-08,1.0128174153311913
2019-01-09,1.0228423909009914
2019-01-10,1.0213710243491119
2019-01-11,1.0285046416959651
2019-01-14,1.021082123715758
2019-01-15,1.038577851523211
2019-01-16,1.0389097586287737
2019-01-17,1.0325594688050206
2019-01-18,1.0499923915387215
2019-01-21,1.0556001444473142
2019-01-22,1.0409081790372408
2019-01-23,1.0409693998517375
2019-01-24,1.0464812198258293
2019-01-25,1.053281578056018
2019-01-28,1.0520398514935856
2019-01-29,1.0527429829218915
2019-01-30,1.0440203184582848
2019-01-31,1.0508302024196297
2019-02-01,1.0689970217265155
2019-02-11,1.091684870935143
2019-02-12,1.0999969973625467
2019-02-13,1.1203959698135537
2019-02-14,1.1230572647132657
2019-02-15,1.1051391930806358
2019-02-18,1.1409848346955982
2019-02-19,1.1401488246315232
2019-02-20,1.144437297899965
2019-02-21,1.1420828667318355
2019-02-22,1.1661599768378328
2019-02-25,1.2331486878951843
2019-02-26,1.222603065328704
2019-02-27,1.217402250434571
2019-02-28,1.21495249151911
2019-03-01,1.2389716730504987
2019-03-04,1.2570229457729156
2019-03-05,1.2709772154251249
2019-03-06,1.2849867003869115
2019-03-07,1.2765296993782602
2019-03-08,1.227426601275442
2019-03-11,1.2571358772945418
2019-03-12,1.2692016149411525
2019-03-13,1.2525619723983978
2019-03-14,1.239454641068275
2019-03-15,1.2564276568647625
2019-03-18,1.291540423086933
2019-03-19,1.2872669277414521
2019-03-20,1.2855401813342158
2019-03-21,1.28798347324539
2019-03-22,1.2869779719566974
2019-03-25,1.2585323848606018
2019-03-26,1.2401279534546952
2019-03-27,1.2536493842227703
2019-03-28,1.243719333396528
2019-03-29,1.290214188488198
2019-04-01,1.3300244708313758
2019-04-02,1.330478811624736
2019-04-03,1.3457773654117136
2019-04-04,1.3600946188027119
2019-04-08,1.3615724771188258
2019-04-09,1.3645424433817623
2019-04-10,1.3672703999642386
2019-04-11,1.3384406171940388
2019-04-12,1.3358225004045274
2019-04-15,1.328406372738264
2019-04-16,1.3621190109023058
2019-04-17,1.365430885389462
2019-04-18,1.3580372415039377
2019-04-19,1.3747547413354886
2019-04-22,1.3450609875791053
2019-04-23,1.337646407527165
2019-04-24,1.3446874231257022
2019-04-25,1.3088587795052686
2019-04-26,1.2891835291058122
2019-04-29,1.2838738948128434
2019-04-30,1.2913712858298063
2019-05-06,1.2113043168579243
2019-05-07,1.2241551932182708
2019-05-08,1.2081812705030068
2019-05-09,1.1891138237688221
2019-05-10,1.2309710020673537
2019-05-13,1.2097263887932626
2019-05-14,1.2018164553015929
2019-05-15,1.226937652310928
2019-05-16,1.2326058896077496
2019-05-17,1.1999016405332834
2019-05-20,1.189065315306768
2019-05-21,1.2066832372922351
2019-05-22,1.2000161164281546
2019-05-23,1.1769104221472553
2019-05-24,1.178215149906329
2019-05-27,1.1959811451969098
2019-05-28,1.2054180391027614
2019-05-29,1.2038736233983733
2019-05-30,1.198090680156922
2019-05-31,1.1934761809477972
2019-06-03,1.1900562950780682
2019-06-04,1.17932818323716
2019-06-05,1.1799965095852025
2019-06-06,1.1656002792857505
2019-06-10,1.1797689043855468
2019-06-11,1.2171107618002168
2019-06-12,1.2079425037782623
2019-06-13,1.2071933957715923
2019-06-14,1.194312461879355
2019-06-17,1.1942083001753705
2019-06-18,1.196856402991157
2019-06-19,1.2111836089908015
2019-06-20,1.2436084020633786
2019-06-21,1.2472000409028596
2019-06-24,1.2497172228584634
2019-06-25,1.2358499195391413
2019-06-26,1.2347390965396443
2019-06-27,1.246828987879663
2019-06-28,1.241095325557895
2019-07-01,1.2781788075514537
2019-07-02,1.2776228047136564
2019-07-03,1.263854981903418
2019-07-04,1.259624466362975
2019-07-05,1.2657198664672875
2019-07-08,1.2340185576181188
2019-07-09,1.2317475163626799
2019-07-10,1.2267033952379065
2019-07-11,1.2269502049179064
2019-07-12,1.2332329716566814
2019-07-15,1.2390038645023922
2019-07-16,1.2352938502226374
2019-07-17,1.2348138496663439
2019-07-18,1.2216174279409788
2019-07-19,1.2331798494967416
2019-07-22,1.2224339569921845
2019-07-23,1.227339396577579
2019-07-24,1.2375845714425615
2019-07-25,1.2454620600764703
2019-07-26,1.2483653095571774
2019-07-29,1.2468014855082132
2019-07-30,1.2530041327642598
2019-07-31,1.242046972577723
2019-08-01,1.2324813233849437
2019-08-02,1.2159395473215981
2019-08-05,1.1939212750102701
2019-08-06,1.1771445720145346
2019-08-07,1.1732615382028189
2019-08-08,1.187022329130469
2019-08-09,1.1753587362607076
2019-08-12,1.1955481256360307
2019-08-13,1.1844555959204812
2019-08-14,1.1892125886626617
2019-08-15,1.192911353807744
2019-08-16,1.1976837514228766
2019-08-19,1.2252825939131242
2019-08-20,1.2244722457716262
2019-08-21,1.224591919720756
2019-08-22,1.227203188960651
2019-08-23,1.2342144853427242
2019-08-26,1.21733255099235
2019-08-27,1.2341174007156117
2019-08-28,1.2291908140703136
2019-08-29,1.2252898106050554
2019-08-30,1.2243167162607596
2019-09-02,1.2429731853199548
2019-09-03,1.2464208886862085
2019-09-04,1.2596533861900419
2019-09-05,1.2704769500465525
2019-09-06,1.2764020718804712
2019-09-09,1.2884359720766065
2019-09-10,1.283345015449691
2019-09-11,1.2766197978025704
2019-09-12,1.2892689669341997
2019-09-16,1.286256925339686
2019-09-17,1.2633458843509813
2019-09-18,1.2680090889053377
2019-09-19,1.2730258948136737
2019-09-20,1.274776820207352
2019-09-23,1.2603277592146764
2019-09-24,1.263347935721847
2019-09-25,1.2508383228585154
2019-09-26,1.2408917917992657
2019-09-27,1.2451313917907219
2019-09-30,1.234457345475154
2019-10-08,1.2421497115143032
2019-10-09,1.2447490714187066
2019-10-10,1.254911862702833
2019-10-11,1.266324913449727
2019-10-14,1.2792746784160562
2019-10-15,1.271603432078203
2019-10-16,1.2679886591025515
2019-10-17,1.2669667031294902
2019-10-18,1.2505178838509183
2019-10-21,1.2528142910878768
2019-10-22,1.2593324528122556
2019-10-23,1.2524547986276127
2019-10-24,1.2522751240077783
2019-10-25,1.257664289873134
2019-10-28,1.2661800266161913
2019-10-29,1.2598936804032563
2019-10-30,1.2531452803678387
2019-10-31,1.251448757922661
2019-11-01,1.274915665298424
2019-11-04,1.2833046050722925
2019-11-05,1.2915710305674748
2019-11-06,1.286151418211507
2019-11-07,1.2895170527123863
2019-11-08,1.283935636071898
2019-11-11,1.2590316427338333
2019-11-12,1.2577891795083118
2019-11-13,1.2557889363122423
2019-11-14,1.2574966973115085
2019-11-15,1.2486938808869255
2019-11-18,1.2581159020742756
2019-11-19,1.2734953061710017
2019-11-20,1.2616645942522784
2019-11-21,1.2565809486987074
2019-11-22,1.2468507373463953
2019-11-25,1.2590806243919357
2019-11-26,1.2604186212708517
2019-11-27,1.2560755898400344
2019-11-28,1.2523684395665913
2019-11-29,1.2433804646450308
2019-12-02,1.2473300020927982
2019-12-03,1.2532408676095081
2019-12-04,1.2530944717122425
2019-12-05,1.2630691105870908
2019-12-06,1.2712641043959518
2019-12-09,1.2734305660167962
2019-12-10,1.2748010598341029
2019-12-11,1.2741324997181558
2019-12-12,1.2704434474406958
2019-12-13,1.2939039286737462
2019-12-16,1.3018605775338448
2019-12-17,1.318178032728558
2019-12-18,1.3146193738261325
2019-12-19,1.315071236273067
2019-12-20,1.3100237534354597
2019-12-23,1.2950482603812643
2019-12-24,1.3059109440203016
2019-12-25,1.306187860187243
2019-12-26,1.3167916258161945
2019-12-27,1.316446332846485
2019-12-30,1.3324875717626623
2019-12-31,1.3384424442460816
2020-01-02,1.3580853236290749
2020-01-03,1.354421517868049
2020-01-06,1.3506650538586225
2020-01-07,1.3644550441562253
2020-01-08,1.3509961694025994
2020-01-09,1.3693303739802656
2020-01-10,1.3677232989646646
2020-01-13,1.3804137260763008
2020-01-14,1.3774675699538501
2020-01-15,1.3693905781898643
2020-01-16,1.3640480949066502
2020-01-17,1.3641673448763965
2020-01-20,1.3741473557524764
2020-01-21,1.3498130982542624
2020-01-22,1.356811569193383
2020-01-23,1.3138820694138844
2020-02-03,1.2105840372878445
2020-02-04,1.245010275293697
2020-02-05,1.2627602534623066
2020-02-06,1.287192983770558
2020-02-07,1.2862588464302307
2020-02-10,1.2966179389662211
2020-02-11,1.3072004133856687
2020-02-12,1.3186213247912224
2020-02-13,1.3098633734086895
2020-02-14,1.3167778842939222
2020-02-17,1.3443640530672702
2020-02-18,1.3390649340167506
2020-02-19,1.33445406640423
2020-02-20,1.359695014863347
2020-02-21,1.36295203490457
2020-02-24,1.3584807795497564
2020-02-25,1.3545524085708422
2020-02-26,1.3386289801670475
2020-02-27,1.3440493066441763
2020-02-28,1.2961649908162058
2020-03-02,1.3402497939722553
2020-03-03,1.3474752943445005
2020-03-04,1.3560771686935136
2020-03-05,1.3845947150639988
2020-03-06,1.3650073667911387
2020-03-09,1.3163804835877746
2020-03-10,1.3437376759558468
2020-03-11,1.325921183882291
2020-03-12,1.2990107940023943
2020-03-13,1.280320206227203
2020-03-16,1.2260666068408246
2020-03-17,1.2208037702229313
2020-03-18,1.199409989400758
2020-03-19,1.1826039934390784
2020-03-20,1.2048919914287772
2020-03-23,1.1618232412893028
2020-03-24,1.192172142797757
2020-03-25,1.2252491198926905
2020-03-26,1.2171932529369152
2020-03-27,1.2196940956690367
2020-03-30,1.2058980449121417
2020-03-31,1.2107996887682912
2020-04-01,1.2076462195435602
2020-04-02,1.2265379413142568
2020-04-03,1.2186951094039653
2020-04-07,1.2479219608397898
2020-04-08,1.2425181293808625
2020-04-09,1.24673097596517
2020-04-10,1.2385315068145584
2020-04-13,1.236605237054491
2020-04-14,1.2588309130064528
2020-04-15,1.2489088209789518
2020-04-16,1.2504584205900446
2020-04-17,1.2614176358775866
2020-04-20,1.2667693583544266
2020-04-21,1.252218612462086
2020-04-22,1.2630828116539778
2020-04-23,1.2602384496219226
2020-04-24,1.249822461912166
2020-04-27,1.2565928046826627
2020-04-28,1.2607810979194753
2020-04-29,1.266621276329696
2020-04-30,1.2824421868497937
2020-05-06,1.290417452005883
2020-05-07,1.2882834950857984
2020-05-08,1.3026583976797521
2020-05-11,1.304202138603997
2020-05-12,1.3053709625122893
2020-05-13,1.3085209703784488
2020-05-14,1.2942188142741156
2020-05-15,1.2905520189216604
2020-05-18,1.2936658182786451
2020-05-19,1.3052493636223903
2020-05-20,1.2980266844050774
2020-05-21,1.2904358699417329
2020-05-22,1.2623204326558433
2020-05-25,1.264799202271115
2020-05-26,1.2815415978749136
2020-05-27,1.273974838398163
2020-05-28,1.276338504731811
2020-05-29,1.2811536556026337
2020-06-01,1.3134075965499747
2020-06-02,1.316994924351396
2020-06-03,1.3173295548212889
2020-06-04,1.3193016267406552
2020-06-05,1.3229947628356664
2020-06-08,1.3309425288177903
2020-06-09,1.3383369582141142
2020-06-10,1.3362047774680914
2020-06-11,1.3223030870228616
2020-06-12,1.3237332675768485
2020-06-15,1.3096757558968524
2020-06-16,1.330265147939825
2020-06-17,1.3314223977048136
2020-06-18,1.3390304408073528
2020-06-19,1.3528618868658775
2020-06-22,1.349151417808798
2020-06-23,1.3540401397044528
2020-06-24,1.360908233741177
2020-06-29,1.3534491963623787
2020-06-30,1.3689475117368834
2020-07-01,1.3952454884050565
2020-07-02,1.4194933106336491
2020-07-03,1.4381928951905998
2020-07-06,1.5128304603466853
2020-07-07,1.5237932471859204
2020-07-08,1.5418798308815878
2020-07-09,1.5672448274943387
2020-07-10,1.539489805894052
2020-07-13,1.5745147406068851
2020-07-14,1.5568249046015221
2020-07-15,1.5382317921737694
2020-07-16,1.4707564476460642
2020-07-17,1.4829231541099808
2020-07-20,1.5295759016237525
2020-07-21,1.5329814702081375
2020-07-22,1.5403284605502603
2020-07-23,1.5372764673006398
2020-07-24,1.4708626911473377
2020-07-27,1.4752981499563114
2020-07-28,1.48905089589684
2020-07-29,1.5214251256217426
2020-07-30,1.514570369912223
2020-07-31,1.5260770399655033
2020-08-03,1.5493943518507707
2020-08-04,1.5540273283176838
2020-08-05,1.5525413691667223
2020-08-06,1.546427232521582
2020-08-07,1.5304165047963625
2020-08-10,1.5388904822897058
2020-08-11,1.523938540557529
2020-08-12,1.5113655161641297
2020-08-13,1.50956497369077
2020-08-14,1.530217192452951
2020-08-17,1.5620042442872122
2020-08-18,1.562648465258278
2020-08-19,1.5407855820668788
2020-08-20,1.5233680358782493
2020-08-21,1.5335405516433465
2020-08-24,1.5460822157784602
2020-08-25,1.5468900246885589
2020-08-26,1.5276037215828153
2020-08-27,1.5349457489023859
2020-08-28,1.5683876954560936
2020-08-31,1.5607282548659616
2020-09-01,1.5685780406507308
2020-09-02,1.5692636567256892
2020-09-03,1.562471291750623
2020-09-04,1.5475452134180512
2020-09-07,1.5173441274950448
2020-09-08,1.5275036717483013
2020-09-09,1.494403928304935
2020-09-10,1.4924514868503498
2020-09-11,1.5053091548142483
2020-09-14,1.516905987505849
2020-09-15,1.5297720181682124
2020-09-16,1.521003383864278
2020-09-17,1.5174890267243186
2020-09-18,1.5466499370865878
2020-09-21,1.5327982780877447
2020-09-22,1.5129568812258514
2020-09-23,1.517501696778822
2020-09-24,1.4879387563638098
2020-09-25,1.4852194261721432
2020-09-28,1.4873260348819912
2020-09-29,1.4919189172555516
2020-09-30,1.4891427132447457
2020-10-09,1.521178067002373
2020-10-12,1.5639231176327486
2020-10-13,1.569744833060178
2020-10-14,1.5615844807509849
2020-10-15,1.5576679575970889
2020-10-16,1.5548981988506392
2020-10-19,1.5443385811373134
2020-10-20,1.555669318102122
2020-10-21,1.5542621700947188
2020-10-22,1.5483759311333263
2020-10-23,1.5290524912183212
2020-10-26,1.5244833694445714
2020-10-27,1.5250240310994632
2020-10-28,1.533959998438442
2020-10-29,1.5436099853028387
2020-10-30,1.518131285438995
2020-11-02,1.5311460883603336
2020-11-03,1.548866045914266
2020-11-04,1.5619297097321148
2020-11-05,1.5849718569626965
2020-11-06,1.5870241399450442
2020-11-09,1.6147394987489219
2020-11-10,1.6077384565747288
2020-11-11,1.5983876289920669
2020-11-12,1.6021063081063782
2020-11-13,1.587168765259959
2020-11-16,1.608551512168722
2020-11-17,1.6060660532655653
2020-11-18,1.6022395272284187
2020-11-19,1.613580697454438
2020-11-20,1.618936307715363
2020-11-23,1.638399285082927
2020-11-24,1.6274549447542817
2020-11-25,1.605128669857584
2020-11-26,1.6051955634466772
2020-11-27,1.6213954563804809
2020-11-30,1.6111105186487087
2020-12-01,1.642368117739916
2020-12-02,1.6459101525146778
2020-12-03,1.6405406492317287
2020-12-04,1.6432520415038685
2020-12-07,1.6311547087263896
2020-12-08,1.6261353745945257
2020-12-09,1.6068221647250702
2020-12-10,1.609017749491072
2020-12-11,1.5921277865073669
2020-12-14,1.6045519707071443
2020-12-15,1.6060906310267735
2020-12-16,1.6111612948918097
2020-12-17,1.6289490495156904
2020-12-18,1.6252611791829827
2020-12-21,1.640133403730286
2020-12-22,1.611621540408268
2020-12-23,1.6233468790818422
2020-12-24,1.6161629326918843
2020-12-25,1.6322136770540279
2020-12-28,1.6382435421360202
2020-12-29,1.6295525650708225
2020-12-30,1.6493556324062393
2020-12-31,1.6761620291787875
2021-01-04,1.695919680071286
2021-01-05,1.7208036770793
2021-01-06,1.7348238478318396
2021-01-07,1.761733324219287
2021-01-08,1.7594789920448135
2021-01-11,1.7420370111061423
2021-01-12,1.7796258051981215
2021-01-13,1.7745926601114828
2021-01-14,1.7450669909547483
2021-01-15,1.7449292404969114
2021-01-18,1.7592487459349062
2021-01-19,1.7381808366804308
2021-01-20,1.7518552801431795
2021-01-21,1.7764567683268209
2021-01-22,1.780824074091689
2021-01-25,1.7945228908045165
2021-01-26,1.7632274349622974
2021-01-27,1.7685855784455444
2021-01-28,1.7223681576951937
2021-01-29,1.7135924431339897
2021-02-01,1.7345467967530592
2021-02-02,1.759228164480413
2021-02-03,1.7585846132879681
2021-02-04,1.754460212070168
2021-02-05,1.7523164155435444
2021-02-08,1.779257840453332
2021-02-09,1.8156641827956572
2021-02-10,1.8525371924214689
2021-02-18,1.8469299202788605
2021-02-19,1.854482857365097
2021-02-22,1.8140586405381274
2021-02-23,1.809170177247146
2021-02-24,1.76753954058383
2021-02-25,1.781274085727146
2021-02-26,1.738463661485871
2021-03-01,1.7685424620588512
2021-03-02,1.7462246522853662
2021-03-03,1.7810397591181357
2021-03-04,1.7296788537222405
2021-03-05,1.7186291337757034
2021-03-08,1.6719486614864878
2021-03-09,1.6399883949351597
2021-03-10,1.6480786645453063
2021-03-11,1.6938367338986715
2021-03-12,1.70549535600157
2021-03-15,1.6755079505136308
2021-03-16,1.6908135074970378
2021-03-17,1.694960556628318
2021-03-18,1.7103648077861202
2021-03-19,1.6693182029817444
2021-03-22,1.6834251967179135
2021-03-23,1.662352176964318
2021-03-24,1.633170838841112
2021-03-25,1.634257278541389
2021-03-26,1.6692315812975587
2021-03-29,1.6763625169289127
2021-03-30,1.6913939128970832
2021-03-31,1.679385604975043
2021-04-01,1.6998361337363683
2021-04-02,1.7127093891103382
2021-04-06,1.7054855830162066
2021-04-07,1.6986760092978226
2021-04-08,1.7005960539420513
2021-04-09,1.6815324448821607
2021-04-12,1.6577069668425075
2021-04-13,1.6535818534662066
2021-04-14,1.6694589006517802
2021-04-15,1.6619682617693718
2021-04-16,1.670948914159479
2021-04-19,1.705442319944827
2021-04-20,1.7044343351701403
2021-04-21,1.704614174992925
2021-04-22,1.7027555662152565
2021-04-23,1.7171475278014405
2021-04-26,1.6953487056980237
2021-04-27,1.6998680820565053
2021-04-28,1.7114704159084084
2021-04-29,1.723132062434312
2021-04-30,1.7093702836354336
2021-05-06,1.6989027094365963
2021-05-07,1.6847087305433135
2021-05-10,1.6899422843449532
2021-05-11,1.6919875676936413
2021-05-12,1.7005053238751315
2021-05-13,1.6769958480848732
2021-05-14,1.7050561768570938
2021-05-17,1.7305582862231705
2021-05-18,1.7310327332256417
2021-05-19,1.724242128703353
2021-05-20,1.7253883908409928
2021-05-21,1.715929788796823
2021-05-24,1.7186097579822235
2021-05-25,1.762011601460173
2021-05-26,1.7641758281766844
2021-05-27,1.771510485313808
2021-05-28,1.7665316760719656
2021-05-31,1.7703331350882692
2021-06-01,1.7757555105286307
2021-06-02,1.7649224473896699
2021-06-03,1.7545848648027693
2021-06-04,1.7621643908561275
2021-06-07,1.7582915974811641
2021-06-08,1.742826258554174
2021-06-09,1.7475821328373413
2021-06-10,1.7603652887650654
2021-06-11,1.7518014447852175
2021-06-15,1.731668426270554
2021-06-16,1.70404807537445
2021-06-17,1.7102791426812618
2021-06-18,1.7077662210293991
2021-06-21,1.7055077395033102
2021-06-22,1.7186581655124364
2021-06-23,1.7287260818274384
2021-06-24,1.7308881488101
2021-06-25,1.756859296130338
2021-06-28,1.7596699347365337
2021-06-29,1.7426739002444331
2021-06-30,1.7553745841744945
2021-07-01,1.758107323348689
2021-07-02,1.7150069714943985
2021-07-05,1.7152864268338637
2021-07-06,1.7148850754826757
2021-07-07,1.7358324238038492
2021-07-08,1.7175708060948818
2021-07-09,1.711318409929238
2021-07-12,1.7302777607099098
2021-07-13,1.7376416426080312
2021-07-14,1.7202074614271023
2021-07-15,1.7447686315484687
2021-07-16,1.7240649135946886
2021-07-19,1.7257913811522247
2021-07-20,1.721788565027556
2021-07-21,1.7308150862921667
2021-07-22,1.7366741640970935
2021-07-23,1.7152229525459664
2021-07-26,1.6639362919161989
2021-07-27,1.606843655291724
2021-07-28,1.6137453952153564
2021-07-29,1.6410156334241557
2021-07-30,1.630643377227959
2021-08-02,1.663524219979399
2021-08-03,1.663441313808154
2021-08-04,1.6795523046576109
2021-08-05,1.6707719430159407
2021-08-06,1.6656779496511351
2021-08-09,1.6849814390342985
2021-08-10,1.6994572198449684
2021-08-11,1.7029885548007186
2021-08-12,1.693017725393209
2021-08-13,1.6872575206528346
2021-08-16,1.6833581060738638
2021-08-17,1.6501940233764014
2021-08-18,1.669425627373537
2021-08-19,1.6557109217074124
2021-08-20,1.6329862873283936
2021-08-23,1.656568608489843
2021-08-24,1.6729717437230847
2021-08-25,1.6799572595683627
2021-08-26,1.6560512431394063
2021-08-27,1.6658328428002782
2021-08-30,1.661664811752938
2021-08-31,1.662405409346496
2021-09-01,1.6812979724563029
2021-09-02,1.689213094493761
2021-09-03,1.6849858282383274
2021-09-06,1.713159257870802
2021-09-07,1.7410777511236364
2021-09-08,1.7397343232887958
2021-09-09,1.7477638228430599
2021-09-10,1.755437139079767
2021-09-13,1.7622118154212434
2021-09-14,1.7353939451660718
2021-09-15,1.7227924739658473
2021-09-16,1.7002729634016849
2021-09-17,1.7084032285569493
2021-09-22,1.7051051740143812
2021-09-23,1.7145855262487402
2021-09-24,1.7018330584807777
2021-09-27,1.6951156867630182
2021-09-28,1.7047085588246502
2021-09-29,1.6805402926999968
2021-09-30,1.6964292390809095
2021-10-08,1.705615665801839
2021-10-11,1.7044750788242211
2021-10-12,1.6830772454563037
2021-10-13,1.6962112095365676
2021-10-14,1.689737002999769
2021-10-15,1.69792514986258
2021-10-18,1.6899368163389081
2021-10-19,1.7066782642237637
2021-10-20,1.6992482713261121
2021-10-21,1.708861814884893
2021-10-22,1.710784574501751
2021-10-25,1.716482763834612
2021-10-26,1.7101709373973404
2021-10-27,1.6913730217503755
2021-10-28,1.6740451326137389
2021-10-29,1.6855932507412477
2021-11-01,1.6849678754972228
2021-11-02,1.6631624347558702
2021-11-03,1.663090716603048
2021-11-04,1.6740557415672075
2021-11-05,1.659359332261508
2021-11-08,1.6627379304899101
2021-11-09,1.6632430918529402
2021-11-10,1.6548010868340577
2021-11-11,1.6820346756932125
2021-11-12,1.676577471810671
2021-11-15,1.6729966359208333
2021-11-16,1.671188716234424
2021-11-17,1.6764448137422563
2021-11-18,1.6626329842225716
2021-11-19,1.683083745367925
2021-11-22,1.6932823951914693
2021-11-23,1.6937183537808125
2021-11-24,1.6972348212774964
2021-11-25,1.6920546550982636
2021-11-26,1.6812505004446965
2021-11-29,1.6837620390047667
2021-11-30,1.678251453049068
2021-12-01,1.6842851909376733
2021-12-02,1.6907554313780728
2021-12-03,1.7059027974544976
2021-12-06,1.6995122251297314
2021-12-07,1.709283814379837
2021-12-08,1.7295488863339004
2021-12-09,1.7487126142629932
2021-12-10,1.7415989641816807
2021-12-13,1.7518998371354146
2021-12-14,1.7403956366230786
2021-12-15,1.7324014908616703
2021-12-16,1.7454762226616256
2021-12-17,1.7229227746222626
2021-12-20,1.7005576063250678
2021-12-21,1.7159809212929065
2021-12-22,1.7156943286606399
2021-12-23,1.727218219311247
2021-12-24,1.7167529766751635
2021-12-27,1.716571903510884
2021-12-28,1.7241307317323666
2021-12-29,1.7012213490965784
2021-12-30,1.7132481938496482
2021-12-31,1.7216690316078762
2022-01-04,1.7184586930131633
2022-01-05,1.7021804046674565
2022-01-06,1.6924502666110832
2022-01-07,1.6974923648361533
2022-01-10,1.705214510117705
2022-01-11,1.6944587627576069
2022-01-12,1.7048600333348483
2022-01-13,1.680137179578513
2022-01-14,1.6648451562336537
2022-01-17,1.6784292230503854
2022-01-18,1.6940003298499768
2022-01-19,1.6894043217662915
2022-01-20,1.7006684317461271
2022-01-21,1.68316279120195
2022-01-24,1.684003045029001
2022-01-25,1.6402879239412234
2022-01-26,1.652058683452631
2022-01-27,1.621116527618555
2022-01-28,1.6022355558899364
2022-02-07,1.6309192989749863
2022-02-08,1.6307564473613212
2022-02-09,1.6451305882628418
2022-02-10,1.644587090291695
2022-02-11,1.6324913528728078
2022-02-14,1.610610404658789
2022-02-15,1.6240266111838069
2022-02-16,1.6321113285365236
2022-02-17,1.6332604466769518
2022-02-18,1.646718089990126
2022-02-21,1.6418643557423966
2022-02-22,1.6199014206979339
2022-02-23,1.6342475521260453
2022-02-24,1.6025984934736766
2022-02-25,1.615220212960071
2022-02-28,1.6190632725058343
2022-03-01,1.633328206387826
2022-03-02,1.622407010772361
2022-03-03,1.617407276515491
2022-03-04,1.600051877089372
2022-03-07,1.558100264299563
2022-03-08,1.5234837598197641
2022-03-09,1.5059543578367343
2022-03-10,1.5285405480614789
2022-03-11,1.5340093258283267
2022-03-14,1.4902139630940945
2022-03-15,1.415223178941843
2022-03-16,1.470923994250017
2022-03-17,1.5004648090477666
2022-03-18,1.5181149957764908
2022-03-21,1.5149606664191708
2022-03-22,1.517836355264734
2022-03-23,1.5246561528606297
2022-03-24,1.5154882087856643
2022-03-25,1.4927169553089463
2022-03-28,1.4902257489066906
2022-03-29,1.485114308302364
2022-03-30,1.5232167023613399
2022-03-31,1.517240148006078
2022-04-01,1.5335585882344698
2022-04-06,1.534337367336104
2022-04-07,1.5123508132343737
2022-04-08,1.5215656760556955
2022-04-11,1.4791121688797548
2022-04-12,1.501487709035884
2022-04-13,1.4860678251262176
2022-04-14,1.5064027390201211
2022-04-15,1.504269146854106
2022-04-18,1.491616538453305
2022-04-19,1.4858364375883302
2022-04-20,1.4560472258133952
2022-04-21,1.4267617421817846
2022-04-22,1.434501560319241
2022-04-25,1.361238134863314
2022-04-26,1.3469609718776039
2022-04-27,1.3848512683466034
2022-04-28,1.394732479354326
2022-04-29,1.4251132670772557
2022-05-05,1.4259567174750885
2022-05-06,1.3899304205636587
2022-05-09,1.3831407486696172
2022-05-10,1.3979133985114227
2022-05-11,1.4115502580666648
2022-05-12,1.4055786955914478
2022-05-13,1.4195485428849293
2022-05-16,1.4114512946119124
2022-05-17,1.4222253066782025
2022-05-18,1.4147090866747205
2022-05-19,1.4187691542610885
2022-05-20,1.4448739374574024
2022-05-23,1.4387958813731203
2022-05-24,1.4035407683697432
2022-05-25,1.4142009740078159
2022-05-26,1.4208596000653462
2022-05-27,1.4235767940623085
2022-05-30,1.4312387140982394
2022-05-31,1.451840775555935
2022-06-01,1.4514537853314051
2022-06-02,1.452313485284287
2022-06-06,1.4760294414214563
2022-06-07,1.4813988591271565
2022-06-08,1.4934681889636785
2022-06-09,1.4796498986859508
2022-06-10,1.4987875320576256
2022-06-13,1.4837951908422684
2022-06-14,1.4966985272937143
2022-06-15,1.5133625585630124
2022-06-16,1.500759244934693
2022-06-17,1.5181481940754593
2022-06-20,1.521736459805857
2022-06-21,1.5180098062605971
2022-06-22,1.4971410616880378
2022-06-23,1.5212152116024664
2022-06-24,1.5353241269208415
2022-06-27,1.5509717003573207
2022-06-28,1.5670707737769456
2022-06-29,1.5436090890159355
2022-06-30,1.56649217495986
2022-07-01,1.5620742011152235
2022-07-04,1.5725205683491394
2022-07-05,1.5739787831466194
2022-07-06,1.5472437742043197
2022-07-07,1.552833638693818
2022-07-08,1.545288895539637
2022-07-11,1.5229499870842935
2022-07-12,1.5116109441478471
2022-07-13,1.5144489998346835
2022-07-14,1.5126181406222154
2022-07-15,1.4833428309778245
2022-07-18,1.5057653261101904
2022-07-19,1.4993418885044036
2022-07-20,1.5064050398754132
2022-07-21,1.4887363157951659
2022-07-22,1.4857289335698147
2022-07-25,1.476532730477285
2022-07-26,1.4906953949395956
2022-07-27,1.485568894628174
2022-07-28,1.4871057623166082
2022-07-29,1.469342016033186
2022-08-01,1.4764441639377281
2022-08-02,1.4420673128969899
2022-08-03,1.424887807016047
2022-08-04,1.4345860808401683
2022-08-05,1.4543878870839875
2022-08-08,1.456421485101297
2022-08-09,1.46183733294426
2022-08-10,1.4509385100585221
2022-08-11,1.479888987902644
2022-08-12,1.4806385092063088
2022-08-15,1.482345757286211
2022-08-16,1.4820347185741494
2022-08-17,1.4933563625676334
2022-08-18,1.4804252455236084
2022-08-19,1.4727980912769152
2022-08-22,1.4852997106140489
2022-08-23,1.4812362603155809
2022-08-24,1.4520992196908968
2022-08-25,1.466465660663281
2022-08-26,1.4592721481725555
2022-08-29,1.4569941056918312
2022-08-30,1.450170617600795
2022-08-31,1.4422174664273069
2022-09-01,1.4343182355412119
2022-09-02,1.4299477710975919
2022-09-05,1.4373632035260961
2022-09-06,1.453856086414745
2022-09-07,1.456080902942631
2022-09-08,1.4494058561896825
2022-09-09,1.4684159446433127
2022-09-13,1.4677001050700682
2022-09-14,1.4504414216424055
2022-09-15,1.4340054012516805
2022-09-16,1.3952931063777356
2022-09-19,1.3922055294840057
2022-09-20,1.394417834131812
2022-09-21,1.3910845961387006
2022-09-22,1.3835590464404486
2022-09-23,1.37477529504913
2022-09-26,1.3608227934650028
2022-09-27,1.3778020353170362
2022-09-28,1.3515993456129456
2022-09-29,1.3503267254020481
2022-09-30,1.3442377024295316
2022-10-10,1.3221084426063414
2022-10-11,1.3269534403019532
2022-10-12,1.3500413428913274
2022-10-13,1.3404223533385753
2022-10-14,1.3711535834176583
2022-10-17,1.3729639979755173
2022-10-18,1.3716675540951717
2022-10-19,1.3540229940305943
2022-10-20,1.3451339290998423
2022-10-21,1.342137226155558
2022-10-24,1.3102641019699184
2022-10-25,1.307609631881866
2022-10-26,1.3183725822507053
2022-10-27,1.313700451464466
2022-10-28,1.2812770581947008
2022-10-31,1.2673107630853775
2022-11-01,1.3042504757230122
2022-11-02,1.318989902064654
2022-11-03,1.312237786912053
2022-11-04,1.350974631939497
2022-11-07,1.3576332661069095
2022-11-08,1.350342016501188
2022-11-09,1.3415556205347599
2022-11-10,1.330959374554519
2022-11-11,1.3644252455801227
2022-11-14,1.3659703580148363
2022-11-15,1.390328799773716
2022-11-16,1.379530078472619
2022-11-17,1.373876097466812
2022-11-18,1.3682268330517386
2022-11-21,1.3614647939843012
2022-11-22,1.3605465547007463
2022-11-23,1.3625014965716638
2022-11-24,1.361440836254038
2022-11-25,1.3688491074218916
2022-11-28,1.3534861183046547
2022-11-29,1.3908558754789646
2022-11-30,1.3894586401936988
2022-12-01,1.399307470220339
2022-12-02,1.391117468359123
2022-12-05,1.4152389508066954
2022-12-06,1.4186061186836842
2022-12-07,1.4140449406969293
2022-12-08,1.415447018405677
2022-12-09,1.4281548156951194
2022-12-12,1.4089570153764046
2022-12-13,1.405435171371074
2022-12-14,1.4042733216055265
2022-12-15,1.4009085640550263
2022-12-16,1.4019681421026804
2022-12-19,1.3763881551538097
2022-12-20,1.3583296714612905
2022-12-21,1.3572162408454038
2022-12-22,1.3519368256505118
2022-12-23,1.3483980202430144
2022-12-26,1.3561921892876736
2022-12-27,1.3728782814317693
2022-12-28,1.3686908459093003
2022-12-29,1.3616723648335862
2022-12-30,1.3660966358173017
2023-01-03,1.3743014908769235
2023-01-04,1.3774056580861385
2023-01-05,1.3981312278466704
2023-01-06,1.4038237483661269
2023-01-09,1.4137642413239946
2023-01-10,1.4137824716908323
2023-01-11,1.4139103735629166
2023-01-12,1.415908481368236
2023-01-13,1.4317889603736131
2023-01-16,1.4513627341087287
2023-01-17,1.452192763668451
2023-01-18,1.4522835594994734
2023-01-19,1.4621711164918394
2023-01-20,1.4747322496621014
2023-01-30,1.4789624194531867
2023-01-31,1.4696605742547206
2023-02-01,1.4839029776620702
2023-02-02,1.4809604681846023
2023-02-03,1.467151984395304
2023-02-06,1.4499949964099534
2023-02-07,1.4532669912064853
2023-02-08,1.4458469750757845
2023-02-09,1.4645634721234995
2023-02-10,1.4575250281664198
2023-02-13,1.4688737215277055
2023-02-14,1.4710665784800931
2023-02-15,1.4622153912078448
2023-02-16,1.4480115944807528
2023-02-17,1.4335674650385815
2023-02-20,1.468636556683286
2023-02-21,1.475681178966581
2023-02-22,1.4644343244924667
2023-02-23,1.4652516093999186
2023-02-24,1.4516322017750147
2023-02-27,1.4437886195499778
2023-02-28,1.4522644680773085
2023-03-01,1.4698911308289238
2023-03-02,1.4689399666462182
2023-03-03,1.4746104411491443
2023-03-06,1.466814852173393
2023-03-07,1.4485631612848873
2023-03-08,1.4438030891186953
2023-03-09,1.4390712561281949
2023-03-10,1.4195779518671956
2023-03-13,1.431711070770885
2023-03-14,1.4203406197898087
2023-03-15,1.4265598374068185
2023-03-16,1.4075267316389648
2023-03-17,1.4156415194691567
2023-03-20,1.4096387925832787
2023-03-21,1.4208324181880143
2023-03-22,1.426707540053764
2023-03-23,1.439073308932677
2023-03-24,1.4341581798219554
2023-03-27,1.4295079033329607
2023-03-28,1.4236451865015394
2023-03-29,1.4228842311282288
2023-03-30,1.436147270801237
2023-03-31,1.4397736111896524
2023-04-03,1.4537229383908308
2023-04-04,1.4568299646955094
2023-04-06,1.4563201987180954
2023-04-07,1.4643338096931962
2023-04-10,1.4591598637893675
2023-04-11,1.4610228609524911
2023-04-12,1.465159557453008
2023-04-13,1.455369924414724
2023-04-14,1.4643052156496121
2023-04-17,1.4834112274604216
2023-04-18,1.4858783482256788
2023-04-19,1.4721995841460396
2023-04-20,1.4681269130227723
2023-04-21,1.437630981945443
2023-04-24,1.4195170928169474
2023-04-25,1.4097985844586935
2023-04-26,1.4102166415987616
2023-04-27,1.4187639070783251
2023-04-28,1.4339483779652678
2023-05-04,1.4365923845555078
2023-05-05,1.4311299373588482
2023-05-08,1.451892003896805
2023-05-09,1.4387281775949337
2023-05-10,1.4265959084286273
2023-05-11,1.424836096443463
2023-05-12,1.4062277798412877
2023-05-15,1.4262975423099626
2023-05-16,1.4175362497635897
2023-05-17,1.4112481132618113
2023-05-18,1.4105471166322276
2023-05-19,1.403749623757719
2023-05-22,1.4087924781267622
2023-05-23,1.3893270267972024
2023-05-24,1.3708171362917256
2023-05-25,1.3663741227441064
2023-05-26,1.3685445665735407
2023-05-29,1.364361805839701
2023-05-30,1.3666414958104651
2023-05-31,1.3544024052089505
2023-06-01,1.3575078928382525
2023-06-02,1.3769289464632641
2023-06-05,1.3713061396580166
2023-06-06,1.3565342646018024
2023-06-07,1.3515600381022217
2023-06-08,1.360448615128115
2023-06-09,1.3647034914892928
2023-06-12,1.3661113613111762
2023-06-13,1.3681370642812414
2023-06-14,1.3649775142920852
2023-06-15,1.3863812355661733
2023-06-16,1.3950771305846696
2023-06-19,1.382320811725835
2023-06-20,1.3761777472417667
2023-06-21,1.3541659201296157
2023-06-26,1.3386180619590449
2023-06-27,1.353977507056642
2023-06-28,1.353165357951833
2023-06-29,1.345920387922879
2023-06-30,1.3572105746729768
2023-07-03,1.3736536462294597
2023-07-04,1.3727957151758257
2023-07-05,1.3647804813401339
2023-07-06,1.3545669308149941
2023-07-07,1.34869615945031
2023-07-10,1.3569456018647725
2023-07-11,1.3640104244363325
2023-07-12,1.3562222689522483
2023-07-13,1.3758575233696884
2023-07-14,1.3731819160710697
2023-07-17,1.361474518348888
2023-07-18,1.358373959612269
2023-07-19,1.357826899631935
2023-07-20,1.3503902179374179
2023-07-21,1.3474333117918396
2023-07-24,1.3385163073558464
2023-07-25,1.3752967054340473
2023-07-26,1.3741858965867344
2023-07-27,1.3694789243093222
2023-07-28,1.3966800849416343
2023-07-31,1.4068623316144617
2023-08-01,1.4034303198304072
2023-08-02,1.3934917740157646
2023-08-03,1.4049885433803122
2023-08-04,1.4086081204859702
2023-08-07,1.397858381065635
2023-08-08,1.3940489130530762
2023-08-09,1.3894322153330954
2023-08-10,1.3940397775665239
2023-08-11,1.3635899947042422
2023-08-14,1.3543805178333608
2023-08-15,1.349621968540131
2023-08-16,1.340170224520828
2023-08-17,1.3448789330360573
2023-08-18,1.3289876028261531
2023-08-21,1.3105853571454729
2023-08-22,1.3178058978144274
2023-08-23,1.2973636496626006
2023-08-24,1.3045552131602023
2023-08-25,1.2994603081299116
2023-08-28,1.315485281536499
2023-08-29,1.3297993859757362
2023-08-30,1.3279545656989111
2023-08-31,1.3198392183470051
2023-09-01,1.3306668733348603
2023-09-04,1.3533780721261717
2023-09-05,1.3437138299355735
2023-09-06,1.3414893553115204
2023-09-07,1.3233996729433124
2023-09-08,1.3172341870144972
2023-09-11,1.3276212421486229
2023-09-12,1.324947066000037
2023-09-13,1.3183390259721386
2023-09-14,1.3191954600115623
2023-09-15,1.3136539922218526
2023-09-18,1.3178585068267705
2023-09-19,1.3160148470370312
2023-09-20,1.3100990688807106
2023-09-21,1.2991115208392192
2023-09-22,1.3187146229600242
2023-09-25,1.3119063947807401
2023-09-26,1.30289776266584
2023-09-27,1.3077236299209982
2023-09-28,1.304877260440729
2023-10-09,1.3014189421889282
2023-10-10,1.2906668716633622
2023-10-11,1.2921845249782113
2023-10-12,1.3069595910775063
2023-10-13,1.2960885282299297
2023-10-16,1.2845312549128398
2023-10-17,1.2893698648128258
2023-10-18,1.2773272372058668
2023-10-19,1.254957616254884
2023-10-20,1.2486351661953305
2023-10-23,1.229232243528258
2023-10-24,1.2370581938586507
2023-10-25,1.2390799464544866
2023-10-26,1.2412985564436607
2023-10-27,1.2596533336138134
2023-10-30,1.265985357448393
2023-10-31,1.2615326503691022
2023-11-01,1.2568044275991344
2023-11-02,1.249944054129529
2023-11-03,1.2586104749565
2023-11-06,1.2748943918105216
2023-11-07,1.2715300912987118
2023-11-08,1.2675515685404761
2023-11-09,1.2694382332537382
2023-11-10,1.2615671514263345
2023-11-13,1.2610039826893698
2023-11-14,1.261385259919618
2023-11-15,1.2712191561044617
2023-11-16,1.2586570589211001
2023-11-17,1.2575068311276123
2023-11-20,1.2599499055852519
2023-11-21,1.2601620308908132
2023-11-22,1.2463771513052286
2023-11-23,1.2537615613730495
2023-11-24,1.2460592068080334
2023-11-27,1.2385550957486313
2023-11-28,1.2407484929032104
2023-11-29,1.2304511032221523
2023-11-30,1.2314127198704028
2023-12-01,1.2299486638378423
2023-12-04,1.2237450448433094
2023-12-05,1.202501376058022
2023-12-06,1.206307457993764
2023-12-07,1.2036492928852505
2023-12-08,1.2058503011150874
2023-12-11,1.2135367167118263
2023-12-12,1.2159581015069674
2023-12-13,1.1983268392864612
2023-12-14,1.1937215972950503
2023-12-15,1.1900083982132579
2023-12-18,1.1824256418296575
2023-12-19,1.1834824195658267
2023-12-20,1.1733218086174002
2023-12-21,1.183677558785016
2023-12-22,1.1865037430961796
2023-12-25,1.189191429278354
2023-12-26,1.1817428126674578
2023-12-27,1.186040314106013
2023-12-28,1.2117387841151488
2023-12-29,1.2173043134214503
2024-01-02,1.2074361771608004
2024-01-03,1.2073745297753764
2024-01-04,1.199314978685255
2024-01-05,1.1928629182600017
2024-01-08,1.177127484039535
2024-01-09,1.180458199660558
2024-01-10,1.1755010194377118
2024-01-11,1.1828793730741025
2024-01-12,1.1801747419639443
2024-01-15,1.1794767886910087
2024-01-16,1.1853332010454292
2024-01-17,1.1596330071812084
2024-01-18,1.1703289865676407
2024-01-19,1.1649780539198524
2024-01-22,1.136578757503434
2024-01-23,1.1459747631622093
2024-01-24,1.1624545646036544
2024-01-25,1.1894433669533484
2024-01-26,1.1865524532801717
2024-01-29,1.1718236393788706
2024-01-30,1.149432181733155
2024-01-31,1.13743951759843
2024-02-01,1.1342708231125993
2024-02-02,1.1178169706313426
2024-02-05,1.1164844364551834
2024-02-06,1.162481678713975
2024-02-07,1.1864123721329067
2024-02-08,1.1940105794212168
2024-02-19,1.2050687068392165
2024-02-20,1.2084541415793035
2024-02-21,1.2213263000493961
2024-02-22,1.233067114775921
2024-02-23,1.235341646200564
2024-02-26,1.2227630839982995
2024-02-27,1.2390654574625581
2024-02-28,1.2218057606255048
2024-02-29,1.2480246383265012
2024-03-01,1.254549398651808
2024-03-04,1.2575263161234347
2024-03-05,1.260556884053505
2024-03-06,1.258418645869988
2024-03-07,1.2522610388025963
2024-03-08,1.2606165424557685
2024-03-11,1.277144623341791
2024-03-12,1.2743216959335577
2024-03-13,1.2671691074012794
2024-03-14,1.2636542233735526
2024-03-15,1.268147101702607
2024-03-18,1.2801011580585744
2024-03-19,1.2707744405671655
2024-03-20,1.2738644040333367
2024-03-21,1.2713402017166437
2024-03-22,1.2563418003847437
2024-03-25,1.2492288451414786
2024-03-26,1.254926085091833
2024-03-27,1.23741300340075
2024-03-28,1.2432769526680718
2024-03-29,1.2531925034520004
2024-04-01,1.274383429289827
2024-04-02,1.274059057369093
2024-04-03,1.2754250895174812
2024-04-08,1.2618695542952245
2024-04-09,1.2640780824012858
2024-04-10,1.2550866518786665
2024-04-11,1.256325316988259
2024-04-12,1.2464653752965291
2024-04-15,1.2717274412953032
2024-04-16,1.2518967383776975
2024-04-17,1.2741954830383417
2024-04-18,1.2756707457730043
2024-04-19,1.2681178805182611
2024-04-22,1.258415968161432
2024-04-23,1.244664590916924
2024-04-24,1.2494775634210789
2024-04-25,1.253993742609485
2024-04-26,1.2720460124303437
2024-04-29,1.2905143921837534
2024-04-30,1.2822192093195557
2024-05-06,1.3020641729463815
2024-05-07,1.3040540974341428
2024-05-08,1.2936010813758636
2024-05-09,1.3105253549637446
2024-05-10,1.3104265063497809
2024-05-13,1.3081037377324307
2024-05-14,1.3047515780706946
2024-05-15,1.2938224322386334
2024-05-16,1.2964802856412683
2024-05-17,1.3108598232638131
2024-05-20,1.319353033282858
2024-05-21,1.31104814300415
2024-05-22,1.3146336671663115
2024-05-23,1.2958350294881762
2024-05-24,1.283388150899789
2024-05-27,1.2979081565971842
2024-05-28,1.2892526695526265
2024-05-29,1.2936994738173264
2024-05-30,1.2852083545493869
2024-05-31,1.280061413567129
2024-06-03,1.2803457671114906
2024-06-04,1.2914521937709982
2024-06-05,1.2801989791548716
2024-06-06,1.2781797570002555
2024-06-07,1.272908994006899
2024-06-11,1.2633349549675907
2024-06-12,1.2662092035054222
2024-06-13,1.2569903782082752
2024-06-14,1.260172621490749
2024-06-17,1.2555236615984007
2024-06-18,1.2590747217489198
2024-06-19,1.2526384475437289
2024-06-20,1.2441604303236762
2024-06-21,1.2409001415977488
2024-06-24,1.2312122974218522
2024-06-25,1.2263610874510973
2024-06-26,1.232679914387624
2024-06-27,1.2196956087137152
2024-06-28,1.222229527548716
2024-07-01,1.2327366312439247
2024-07-02,1.2299951073481814
2024-07-03,1.224541856532926
2024-07-04,1.2170552385195719
2024-07-05,1.2128583698006588
2024-07-08,1.2005664688061315
2024-07-09,1.214093755213658
2024-07-10,1.2059121249670295
2024-07-11,1.2208271576598677
2024-07-12,1.2212638360603683
2024-07-15,1.2220212752769322
2024-07-16,1.2250074996323619
2024-07-17,1.2213552653540896
2024-07-18,1.228647650517615
2024-07-19,1.2297694493452913
2024-07-22,1.2191799492958215
2024-07-23,1.1929199569249218
2024-07-24,1.1844030570136215
2024-07-25,1.177861187152725
2024-07-26,1.183441389065005
2024-07-29,1.1770317959621601
2024-07-30,1.1687213859886374
2024-07-31,1.1967507420027341
2024-08-01,1.1885417379658556
2024-08-02,1.176000606045989
2024-08-05,1.1605165966798685
2024-08-06,1.1623244061103264
2024-08-07,1.1639517407819726
2024-08-08,1.1653299648757567
2024-08-09,1.161581003285411
2024-08-12,1.1603204895461101
2024-08-13,1.162878070691242
2024-08-14,1.1526321775874369
2024-08-15,1.1637984864111142
2024-08-16,1.1640658598292286
2024-08-19,1.1697012491839431
2024-08-20,1.1589577939333329
2024-08-21,1.1561240505811063
2024-08-22,1.1519497190473
2024-08-23,1.1552239627203913
2024-08-26,1.1563518374934685
2024-08-27,1.1514038745476483
2024-08-28,1.1455375069743403
2024-08-29,1.1444152145627327
2024-08-30,1.1578268303967951
2024-09-02,1.1401840112758297
2024-09-03,1.142808252655206
2024-09-04,1.135831695871154
2024-09-05,1.1372851560982602
2024-09-06,1.1261623815269444
2024-09-09,1.1116850606053588
2024-09-10,1.1116243928701612
2024-09-11,1.1086365063710883
2024-09-12,1.1049738107120892
2024-09-13,1.0974138703770553
2024-09-18,1.1033691125827272
2024-09-19,1.1132837766731878
2024-09-20,1.1140873781775813
2024-09-23,1.1180401538373406
2024-09-24,1.1684266997836015
2024-09-25,1.1835536132638669
2024-09-26,1.23470526196042
2024-09-27,1.2881154332280176
2024-09-30,1.400245650000913
2024-10-08,1.479673038906267
2024-10-09,1.3705080755719095
2024-10-10,1.387182538272842
2024-10-11,1.34706864648012
2024-10-14,1.3753901179628343
2024-10-15,1.3385683956956242
2024-10-16,1.333559629381691
2024-10-17,1.3166579725861023
2024-10-18,1.3617883765812973
2024-10-21,1.3673641494203572
2024-10-22,1.3773419827147089
2024-10-23,1.3846368231282735
2024-10-24,1.3701223887049199
2024-10-25,1.3837403245776314
2024-10-28,1.3880555706445314
2024-10-29,1.3710512957782297
2024-10-30,1.3597039562263504
2024-10-31,1.3619294690487265
2024-11-01,1.3644924209738736
2024-11-04,1.3815867210351511
2024-11-05,1.4134134556000166
2024-11-06,1.4054579065159878
2024-11-07,1.4420610181940343
2024-11-08,1.4275677112059273
2024-11-11,1.4349393084326862
2024-11-12,1.4206204845308963
2024-11-13,1.4276874210278259
2024-11-14,1.4011230230718417
2024-11-15,1.376735479796349
2024-11-18,1.3738076669754535
2024-11-19,1.386047832158282
2024-11-20,1.3896141574737912
2024-11-21,1.389180802036758
2024-11-22,1.345255179868982
2024-11-25,1.3417993948920202
2024-11-26,1.336838142244094
2024-11-27,1.3580972387630994
2024-11-28,1.3461888448202532
2024-11-29,1.3616085963618105
2024-12-02,1.3737484414647374
2024-12-03,1.3779138625039549
2024-12-04,1.3723327921682613
2024-12-05,1.3694435307602117
2024-12-06,1.3871816261773167
2024-12-09,1.3849969713800203
2024-12-10,1.3934569958707281
2024-12-11,1.3945463984645037
2024-12-12,1.4076992799126444
2024-12-13,1.3751635827049828
2024-12-16,1.3670161804888301
2024-12-17,1.3668342270805394
2024-12-18,1.373492003985156
2024-12-19,1.3696111065626555
2024-12-20,1.3630419077520979
2024-12-23,1.3644047018304009
2024-12-24,1.3821161802787731
2024-12-25,1.3816516315849348
2024-12-26,1.3794877175012794
2024-12-27,1.3791364771203027
2024-12-30,1.3862890647732509
2024-12-31,1.3636154063801302
2025-01-02,1.327945728429642
2025-01-03,1.3142046446633202
2025-01-06,1.3137164946004514
2025-01-07,1.3202786294273965
2025-01-08,1.3182637371390047
2025-01-09,1.3129919018709775
2025-01-10,1.2966608449119021
2025-01-13,1.2950595253385924
2025-01-14,1.3270209747912465
2025-01-15,1.320861784790408
2025-01-16,1.3269239021243986
2025-01-17,1.3308241403634606
2025-01-20,1.3342995530365276
2025-01-21,1.3313309638524555
2025-01-22,1.316687035009142
2025-01-23,1.320413759487096
2025-01-24,1.3304842081220305
2025-01-27,1.3290310790530262
2025-02-05,1.3189772025765787
2025-02-06,1.3358390935727054
2025-02-07,1.3523538524302023
2025-02-10,1.3539974054193722
2025-02-11,1.3497329348968132
2025-02-12,1.362166079109253
2025-02-13,1.3576695049068912
2025-02-14,1.366458470688491
2025-02-17,1.3658110356732942
2025-02-18,1.3550051432521788
2025-02-19,1.3644641728630231
2025-02-20,1.360354516415369
2025-02-21,1.3715542760464527
2025-02-24,1.3693191937421183
2025-02-25,1.3555461211408515
2025-02-26,1.369067850698422
2025-02-27,1.3728687342871895
2025-02-28,1.3499347668908377
2025-03-03,1.3540358545371212
2025-03-04,1.3520759881406725
2025-03-05,1.3560611931730717
2025-03-06,1.371736689635613
2025-03-07,1.3704269002684326
2025-03-10,1.367278096116128
2025-03-11,1.3732350552637445
2025-03-12,1.3692717029229917
2025-03-13,1.3673379997936472
2025-03-14,1.39665948648349
2025-03-17,1.3950880300388966
2025-03-18,1.3987159489528591
2025-03-19,1.4002261408512127
2025-03-20,1.389592258263986
2025-03-21,1.3714787101207981
2025-03-24,1.3783312924851816
2025-03-25,1.3797248531723272
2025-03-26,1.3742208939480993
2025-03-27,1.377358404419018
2025-03-28,1.3697579501362178
2025-03-31,1.359226175356022
2025-04-01,1.360360174372665
2025-04-02,1.3601864540840913
2025-04-03,1.3519208415498085
2025-04-07,1.2505439302580326
2025-04-08,1.2709390689573743
2025-04-09,1.2804415864645702
2025-04-10,1.2984302055083101
2025-04-11,1.3021469511045674
2025-04-14,1.3077995493580992
2025-04-15,1.309835257099421
2025-04-16,1.3116278661825607
2025-04-17,1.3115610272664076
2025-04-18,1.3116473386013676
2025-04-21,1.3165863889235883
2025-04-22,1.3173741174846045
2025-04-23,1.3184976592501019
2025-04-24,1.3194799221183637
2025-04-25,1.3203423724573264
2025-04-28,1.3180989264258334
2025-04-29,1.3154795463518099
2025-04-30,1.3118185954582764
2025-05-06,1.325119647993867
2025-05-07,1.3334082858019713
2025-05-08,1.3404502507380744
2025-05-09,1.3386279113647035
2025-05-12,1.354106695489256
2025-05-13,1.357993542989221
2025-05-14,1.3715328935148794
2025-05-15,1.3590066361924875
2025-05-16,1.3536875356689102
2025-05-19,1.3504119988730061
2025-05-20,1.3568649359069855
2025-05-21,1.3643641703828056
2025-05-22,1.3604331579284825
2025-05-23,1.3498400490080456
2025-05-26,1.3431111321339038
2025-05-27,1.3373846715167796
2025-05-28,1.3361220516780914
2025-05-29,1.343865082735442
2025-05-30,1.3362373591914944
2025-06-03,1.3404897088969847
2025-06-04,1.3468379963260255
2025-06-05,1.347694721747955
2025-06-06,1.3463453136903774
2025-06-09,1.3501806163467935
2025-06-10,1.3443283950839757
2025-06-11,1.3543123056270376
2025-06-12,1.3532860088509404
2025-06-13,1.3432817938678416
2025-06-16,1.345306928295694
2025-06-17,1.345476158708204
2025-06-18,1.3465222525186806
2025-06-19,1.3365662049282656
2025-06-20,1.3381336717121366
2025-06-23,1.3419545569322744
2025-06-24,1.356535264338413
2025-06-25,1.3710446351072672
2025-06-26,1.3669109281462755
2025-06-27,1.3609288253662493
2025-06-30,1.3659117461639756
2025-07-01,1.3710110404672982
2025-07-02,1.3727110868844588
2025-07-03,1.3801933595051845
2025-07-04,1.3833656560088685
2025-07-07,1.3783483508047751
2025-07-08,1.3889782643714068
2025-07-09,1.3859183334849838
2025-07-10,1.3927027417225204
2025-07-11,1.392650367716513
2025-07-14,1.3939961560553815
2025-07-15,1.3917124860931402
2025-07-16,1.388359775001204
2025-07-17,1.394733287311741
2025-07-18,1.40324876591207
2025-07-21,1.4155878780277775
2025-07-22,1.4305040716504578
2025-07-23,1.4298079391685348
2025-07-24,1.4392700904600066
2025-07-25,1.432290538413047
2025-07-28,1.4312395306233836
2025-07-29,1.4348878840308812
2025-07-30,1.4356268709814644
2025-07-31,1.4081813025058028
2025-08-01,1.404414490103958
2025-08-04,1.4113131868933309
2025-08-05,1.4219869454020289
2025-08-06,1.428359856847207
2025-08-07,1.4278105464783786
2025-08-08,1.4271302296212494
2025-08-11,1.4329469911083057
2025-08-12,1.4382298017327444
2025-08-13,1.4485500610579323
2025-08-14,1.4440393520894534
2025-08-15,1.455122354368412
2025-08-18,1.464720417904322
2025-08-19,1.4602194680473517
2025-08-20,1.475920684063904
2025-08-21,1.4804184454048177
2025-08-22,1.5014805762875123
2025-08-25,1.5302764948333256
2025-08-26,1.530819540085674
2025-08-27,1.5065038975671035
2025-08-28,1.5272322229137862
2025-08-29,1.5394545836164935
2025-09-01,1.549738964592818
2025-09-02,1.5397926325666416
2025-09-03,1.5311346874528156
2025-09-04,1.5042861418877522
2025-09-05,1.53804835482921
2025-09-08,1.5474198097613832
2025-09-09,1.5397616950031456
2025-09-10,1.5388418870786083
2025-09-11,1.5691340545380184
2025-09-12,1.5598469145063765
2025-09-15,1.5640873078667588
2025-09-16,1.5613647422910983
2025-09-17,1.5732198294624709
2025-09-18,1.553452384080762
2025-09-19,1.556445376402414
2025-09-22,1.557101414169706
2025-09-23,1.5602483851452065
2025-09-24,1.5798634555272362
2025-09-25,1.5845585342485167
2025-09-26,1.5740910325195476
2025-09-29,1.5972111784486263
2025-09-30,1.6040621685078036
2025-10-09,1.6277878056777486
2025-10-10,1.60303475361034
2025-10-13,1.5941055168162865
2025-10-14,1.5767284981514347
2025-10-15,1.5970586513434217
2025-10-16,1.5969521262465347
2025-10-17,1.562623164035028
2025-10-20,1.5716994339254309
2025-10-21,1.5931613390220363
2025-10-22,1.588347580594883
2025-10-23,1.5972174898948144
2025-10-24,1.6119986243524391
2025-10-27,1.629244818637901
2025-10-28,1.6209582439500843
2025-10-29,1.6425742684325804
2025-10-30,1.6325974493721804
2025-10-31,1.6146238218081836
2025-11-03,1.6206994670664208
2025-11-04,1.6074261522761113
2025-11-05,1.6124481486602391
2025-11-06,1.636633952333441
2025-11-07,1.6379239430100534
2025-11-10,1.6462857635330406
2025-11-11,1.63568287885414
2025-11-12,1.636911117067736
2025-11-13,1.658317747887983
2025-11-14,1.6364467014155686
2025-11-17,1.6265375404446534
2025-11-18,1.6098619943071988
2025-11-19,1.6177907014059092
2025-11-20,1.610031460270508
2025-11-21,1.569380839832243
2025-11-24,1.5657693362275182
2025-11-25,1.582051868584785
2025-11-26,1.5876563289274475
2025-11-27,1.5875420360250403
2025-11-28,1.5945355278704216
2025-12-01,1.6115054463523524
2025-12-02,1.6047606834050754
2025-12-03,1.5987139574028408
2025-12-04,1.6027350785303647
2025-12-05,1.6168620188668963
2025-12-08,1.6257889532180674
2025-12-09,1.6117171628945766
2025-12-10,1.6125541877379646
2025-12-11,1.6018315021715666
2025-12-12,1.613590131932575
2025-12-15,1.6070193555982655
2025-12-16,1.587985325324963
2025-12-17,1.614711158549348
2025-12-18,1.6098158960285296
2025-12-19,1.6170619138118454
2025-12-22,1.6296522947503156
2025-12-23,1.633153854506883
2025-12-24,1.6373452899495557
2025-12-25,1.641587033689379
2025-12-26,1.6504854920407392
2025-12-29,1.6408418787688537
2025-12-30,1.6470577125129022
2025-12-31,1.642289923639763
2026-01-05,1.6703779323731425
2026-01-06,1.6973690815583513
2026-01-07,1.6969173436115743
2026-01-08,1.6837939666885204
2026-01-09,1.6933771134132336
2026-01-12,1.701252199777818
2026-01-13,1.6961314430284489
2026-01-14,1.6919460424424497
2026-01-15,1.6986647448732621
2026-01-16,1.691241807796479
2026-01-19,1.697010968469798
2026-01-20,1.6978244863248662
2026-01-21,1.699766799962162
2026-01-22,1.700817439747847
2026-01-23,1.704891582222523
2026-01-26,1.7091670781832924
2026-01-27,1.7071290829928265
2026-01-28,1.7205627284538547
2026-01-29,1.7317278637828444
2026-01-30,1.7081184320406373
2026-02-02,1.6615575635366617
2026-02-03,1.6870372862078375
2026-02-04,1.7067040619860934
2026-02-05,1.6917032493691182
2026-02-06,1.6864343138423856
2026-02-09,1.710281524839869
2026-02-10,1.7096573811558364
2026-02-11,1.7127125653076232
2026-02-12,1.7160659114696597
2026-02-13,1.6887510729603896
2026-02-24,1.7106000320867139
2026-02-25,1.7277274911684102
2026-02-26,1.724153391117491
2026-02-27,1.7278765893038006
2026-03-02,1.73985001881895
2026-03-03,1.7123362196679088
2026-03-04,1.6944109570899328
2026-03-05,1.7077682267631182
2026-03-06,1.7122743858728111
2026-03-09,1.6965805544473578
2026-03-10,1.712633531641341
2026-03-11,1.7280740056695916
2026-03-12,1.7268620918525879
2026-03-13,1.7184643245862818
2026-03-16,1.7110524587317086
2026-03-17,1.6943502473345553
2026-03-18,1.698769861446748
2026-03-19,1.6676256230474462
2026-03-20,1.6625437939547403
