date,W008_signal_binary
2010-03-05,0.9863885024429992
2010-03-08,0.994841721621043
2010-03-09,1.0010308850681116
2010-03-10,0.9918881199399433
2010-03-11,0.9897217731492688
2010-03-12,0.975274811118903
2010-03-15,0.96045753193045
2010-03-16,0.9687268874176406
2010-03-17,0.98951362921118
2010-03-18,0.98649232414842
2010-03-19,0.9937452227702398
2010-03-22,0.9974537182370865
2010-03-23,0.9892243283678195
2010-03-24,0.9904310037760553
2010-03-25,0.9765246450193048
2010-03-26,0.9917629513580906
2010-03-29,1.0153335759252597
2010-03-30,1.0182778558209293
2010-03-31,1.01046768661413
2010-04-01,1.0227122809630063
2010-04-02,1.0263376435537501
2010-04-06,1.0272699131194156
2010-04-07,1.0221515697970172
2010-04-08,1.0090339502053822
2010-04-09,1.019635854063719
2010-04-12,1.009441492268121
2010-04-13,1.0180479144321617
2010-04-14,1.023441750302993
2010-04-15,1.0188172805916516
2010-04-16,1.0074753343049807
2010-04-19,0.9532501867773615
2010-04-20,0.9501975404026121
2010-04-21,0.9715963984586701
2010-04-22,0.9620854884798886
2010-04-23,0.9599842088614974
2010-04-26,0.9551032837636594
2010-04-27,0.9340077600357155
2010-04-28,0.9315672974867966
2010-04-29,0.9175560091127203
2010-04-30,0.9149611218149432
2010-05-04,0.8979137325749237
2010-05-05,0.9069972169095444
2010-05-06,0.8641360763470043
2010-05-07,0.8465619884099865
2010-05-10,0.8502930006457913
2010-05-11,0.8314531812850972
2010-05-12,0.8317399701044051
2010-05-13,0.854718924251458
2010-05-14,0.8495401799951077
2010-05-17,0.8001545937933111
2010-05-18,0.8188703218379587
2010-05-19,0.8156494627903459
2010-05-20,0.8031686339808459
2010-05-21,0.8190219890020158
2010-05-24,0.8533607514648782
2010-05-25,0.8372752530336431
2010-05-26,0.8379873462474483
2010-05-27,0.8510611029397589
2010-05-28,0.849266156058383
2010-05-31,0.8234444114070566
2010-06-01,0.8118116322685605
2010-06-02,0.8194255146862321
2010-06-03,0.8118088795995737
2010-06-04,0.8170389506746194
2010-06-07,0.8043106092793506
2010-06-08,0.8073468031718638
2010-06-09,0.8336155233135267
2010-06-10,0.8244408775803022
2010-06-11,0.8254290857465871
2010-06-17,0.8195493847906412
2010-06-18,0.8022185808493326
2010-06-21,0.828390957576455
2010-06-22,0.8302655251565108
2010-06-23,0.8228443295679201
2010-06-24,0.822497493275575
2010-06-25,0.8135843510961026
2010-06-28,0.8063448316606449
2010-06-29,0.7656603840347647
2010-06-30,0.7546442027493268
2010-07-01,0.7432784325025569
2010-07-02,0.7441427705644328
2010-07-05,0.7392099877399689
2010-07-06,0.7576336012690634
2010-07-07,0.7653548377772227
2010-07-08,0.7641216420711066
2010-07-09,0.7881001416156967
2010-07-12,0.798329059570891
2010-07-13,0.785606223513596
2010-07-14,0.7898064248603947
2010-07-15,0.7750037706529711
2010-07-16,0.777576793134296
2010-07-19,0.7975386453993237
2010-07-20,0.813759722134084
2010-07-21,0.8154259402156454
2010-07-22,0.8251945048932383
2010-07-23,0.8286208464106684
2010-07-26,0.8324594309264661
2010-07-27,0.8269717544783337
2010-07-28,0.8469557030988032
2010-07-29,0.8504474968330052
2010-07-30,0.846418613574366
2010-08-02,0.863038839330142
2010-08-03,0.8487099456688515
2010-08-04,0.8528407978955299
2010-08-05,0.848115597789883
2010-08-06,0.861532799455832
2010-08-09,0.8714242542017454
2010-08-10,0.8424679482612213
2010-08-11,0.8503746576013477
2010-08-12,0.84067683655356
2010-08-13,0.8554629208909802
2010-08-16,0.8748935246264946
2010-08-17,0.8833945818455897
2010-08-18,0.8827814084681922
2010-08-19,0.8867535886366842
2010-08-20,0.8681620642597135
2010-08-23,0.8693319345192221
2010-08-24,0.875668059418997
2010-08-25,0.8539918426566094
2010-08-26,0.8570173691898212
2010-08-27,0.8619012413536545
2010-08-30,0.8814286619382319
2010-08-31,0.8828997401726022
2010-09-01,0.878126131642424
2010-09-02,0.8910753852045697
2010-09-03,0.8910780745614881
2010-09-06,0.9017225492445562
2010-09-07,0.904586714362663
2010-09-08,0.9051003815340793
2010-09-09,0.8873533152294895
2010-09-10,0.8932430068808082
2010-09-13,0.9052671216630209
2010-09-14,0.9059555970341338
2010-09-15,0.8890395420173329
2010-09-16,0.8679549837769958
2010-09-17,0.8695820447126342
2010-09-20,0.8639451526116462
2010-09-21,0.8658814895929016
2010-09-27,0.8833461734210584
2010-09-28,0.8765528578451539
2010-09-29,0.8703243072221156
2010-09-30,0.8901045273570236
2010-10-08,0.9206125922394705
2010-10-11,0.9398307367784307
2010-10-12,0.9498297658010803
2010-10-13,0.966611352971961
2010-10-14,0.9564563412480434
2010-10-15,0.9750129039850748
2010-10-18,0.9668049866700864
2010-10-19,0.9902499599873409
2010-10-20,0.9974374003023241
2010-10-21,0.9897613055163568
2010-10-22,0.9919614405874928
2010-10-25,1.0166068338037118
2010-10-26,1.0132576048753499
2010-10-27,0.9985838903032223
2010-10-28,0.996748080195589
2010-10-29,0.9949369890613404
2010-11-01,1.0231310573491954
2010-11-02,1.019179585783562
2010-11-03,1.0071738042323335
2010-11-04,1.0246075480686119
2010-11-05,1.0354953393448862
2010-11-08,1.0491210117933165
2010-11-09,1.0459290300581747
2010-11-10,1.038376620694827
2010-11-11,1.0385757876084178
2010-11-12,0.9720354495572943
2010-11-15,0.9849627100287341
2010-11-16,0.9403440102667924
2010-11-17,0.915907557748676
2010-11-18,0.9323906115174163
2010-11-19,0.9458835060234527
2010-11-22,0.9467518737667067
2010-11-23,0.9316443994811641
2010-11-24,0.9565986859746154
2010-11-25,0.9704341475720273
2010-11-26,0.965595719351205
2010-11-29,0.9671863991010803
2010-11-30,0.9493357325256861
2010-12-01,0.9484408091939533
2010-12-02,0.9521479693455822
2010-12-03,0.9500952223561775
2010-12-06,0.9469218295329705
2010-12-07,0.9593949894414244
2010-12-08,0.9516035797817686
2010-12-09,0.9307893095321494
2010-12-10,0.9413504670701356
2010-12-13,0.9705509921613338
2010-12-14,0.9754425315591135
2010-12-15,0.9725426612972375
2010-12-16,0.9702243584230456
2010-12-17,0.9689842124410895
2010-12-20,0.9556772070544038
2010-12-21,0.9757957208858805
2010-12-22,0.9641670286910499
2010-12-23,0.9546388835448859
2010-12-24,0.9458224281699517
2010-12-27,0.9263837374035301
2010-12-28,0.909380194100607
2010-12-29,0.9164572584301854
2010-12-30,0.9168794922869969
2010-12-31,0.9367244835571429
2011-01-04,0.9534677820929744
2011-01-05,0.9550319062543708
2011-01-06,0.9495561439100593
2011-01-07,0.9490887655528338
2011-01-10,0.9255498919252982
2011-01-11,0.9265112042282277
2011-01-12,0.9322950113988926
2011-01-13,0.9327305230499434
2011-01-14,0.9157774353651302
2011-01-17,0.8762813086207328
2011-01-18,0.8794626681204832
2011-01-19,0.9015250510286021
2011-01-20,0.8698256450615567
2011-01-21,0.8790112231163452
2011-01-24,0.8631097367352888
2011-01-25,0.8553687826937425
2011-01-26,0.8688112215816697
2011-01-27,0.8841391072515854
2011-01-28,0.8910515269325957
2011-01-31,0.9039150539916868
2011-02-01,0.9045311436443928
2011-02-09,0.891789772292304
2011-02-10,0.9160190912202861
2011-02-11,0.9246868352997396
2011-02-14,0.9468713739148604
2011-02-15,0.9438493479459826
2011-02-16,0.9558445072618194
2011-02-17,0.9562109743828258
2011-02-18,0.9460481506720205
2011-02-21,0.9599739012702603
2011-02-22,0.9317373440408396
2011-02-23,0.9372396619736298
2011-02-24,0.9419878011936245
2011-02-25,0.9432359138521242
2011-02-28,0.9573847313935853
2011-03-01,0.9636067057741486
2011-03-02,0.9617132923156163
2011-03-03,0.948254920074602
2011-03-04,0.9608236801015788
2011-03-07,0.9776944454621086
2011-03-08,0.9798029591873189
2011-03-09,0.9810165495807961
2011-03-10,0.969401135180205
2011-03-11,0.9618062368752917
2011-03-14,0.969547190916838
2011-03-15,0.9544795500140134
2011-03-16,0.9639067839239583
2011-03-17,0.9506502341553823
2011-03-18,0.9575440649244573
2011-03-21,0.9541290162460945
2011-03-22,0.9552709065506791
2011-03-23,0.9686336786731701
2011-03-24,0.9659037641775579
2011-03-25,0.977229722663731
2011-03-28,0.9719531272330098
2011-03-29,0.958959477790373
2011-03-30,0.9559294851449515
2011-03-31,0.9450071716036547
2011-04-01,0.9611609360752589
2011-04-06,0.9631552607700105
2011-04-07,0.9677334442237415
2011-04-08,0.9759444321813608
2011-04-11,0.967430710515084
2011-04-12,0.9641457842202665
2011-04-13,0.9777714566686967
2011-04-14,0.9714060821103481
2011-04-15,0.9720646607046202
2011-04-18,0.9726356076227285
2011-04-19,0.9585549104174442
2011-04-20,0.9585490649552464
2011-04-21,0.9646882541594646
2011-04-22,0.9579290133248201
2011-04-25,0.9449531412132857
2011-04-26,0.9377969096913634
2011-04-27,0.9331782983202859
2011-04-28,0.9221050467529646
2011-04-29,0.9282124586998892
2011-05-03,0.9352640460918795
2011-05-04,0.9115074503216967
2011-05-05,0.9117999782303695
2011-05-06,0.9085631450295267
2011-05-09,0.9107749414121746
2011-05-10,0.9188634570007613
2011-05-11,0.915257991069477
2011-05-12,0.9045319677514747
2011-05-13,0.9119188920143827
2011-05-16,0.9041657132967137
2011-05-17,0.9064036707118444
2011-05-18,0.9133144122227069
2011-05-19,0.9083935884299563
2011-05-20,0.9084238683047172
2011-05-23,0.87886900136924
2011-05-24,0.8783562658165728
2011-05-25,0.8671370593254999
2011-05-26,0.8622204892924679
2011-05-27,0.8532424000387667
2011-05-30,0.8475022307609444
2011-05-31,0.8628715718831705
2011-06-01,0.8655807910209997
2011-06-02,0.8502465727741205
2011-06-03,0.8610931602187337
2011-06-07,0.8651622414851369
2011-06-08,0.8652037192817934
2011-06-09,0.8471471562254027
2011-06-10,0.8506287021258464
2011-06-13,0.8483867975687426
2011-06-14,0.8626057475303263
2011-06-15,0.8531501853688948
2011-06-16,0.8385909934215855
2011-06-17,0.8331233838370256
2011-06-20,0.8277560005738419
2011-06-21,0.8403080285588498
2011-06-22,0.8401919770288352
2011-06-23,0.8567082197777569
2011-06-24,0.8742267257404428
2011-06-27,0.8812742186540679
2011-06-28,0.883202256573177
2011-06-29,0.8718371192360473
2011-06-30,0.8836005243239093
2011-07-01,0.8871638338023177
2011-07-04,0.9095723292342628
2011-07-05,0.911837971604324
2011-07-06,0.9104348031050543
2011-07-07,0.9101895123711594
2011-07-08,0.9110730865201356
2011-07-11,0.917437457927537
2011-07-12,0.9035534748821323
2011-07-13,0.9181970679421794
2011-07-14,0.9211853948400599
2011-07-15,0.9241605340640753
2011-07-18,0.9239152433301804
2011-07-19,0.9152957796918099
2011-07-20,0.9146469461376363
2011-07-21,0.905420849501461
2011-07-22,0.9085436906727677
2011-07-25,0.8766638078707526
2011-07-26,0.8790455017708287
2011-07-27,0.8891604476255264
2011-07-28,0.8849087415713484
2011-07-29,0.8786498715548694
2011-08-01,0.8808891385772002
2011-08-02,0.8777029965713397
2011-08-03,0.8794648697997459
2011-08-04,0.8834580974461635
2011-08-05,0.8681603957623969
2011-08-08,0.837119249018216
2011-08-09,0.838622643838862
2011-08-10,0.8497266652334581
2011-08-11,0.8641566179768869
2011-08-12,0.868118195206028
2011-08-15,0.8795070703561148
2011-08-16,0.8750522741244111
2011-08-17,0.8696347777005393
2011-08-18,0.8528310436613535
2011-08-19,0.8460525792945811
2011-08-22,0.8351542856122839
2011-08-23,0.8466644873619316
2011-08-24,0.8443566444355014
2011-08-25,0.8669313045581495
2011-08-26,0.86803379409329
2011-08-29,0.8561965380317822
2011-08-30,0.8515887647832407
2011-08-31,0.852762467757254
2011-09-01,0.8464772223930442
2011-09-02,0.8368396703322715
2011-09-05,0.8183584641774173
2011-09-06,0.8090743417762349
2011-09-07,0.8268856140987306
2011-09-08,0.8196192057989415
2011-09-09,0.8157789551693615
2011-09-13,0.803448480105291
2011-09-14,0.8071621290657639
2011-09-15,0.8066689100632012
2011-09-16,0.8082883564138619
2011-09-19,0.7922442323893183
2011-09-20,0.7945309750375642
2011-09-21,0.819761632676687
2011-09-22,0.7942355711429812
2011-09-23,0.7886677352370448
2011-09-26,0.772908464967992
2011-09-27,0.780127397641866
2011-09-28,0.7701179531780911
2011-09-29,0.7588820550448417
2011-09-30,0.757932542526539
2011-10-10,0.7490097623892662
2011-10-11,0.7409336309141465
2011-10-12,0.7658477843805016
2011-10-13,0.773077267193468
2011-10-14,0.7697249604969046
2011-10-17,0.7737366508867337
2011-10-18,0.7525071334983479
2011-10-19,0.7468390712710351
2011-10-20,0.724013845344946
2011-10-21,0.717090316565655
2011-10-24,0.7339336136264366
2011-10-25,0.751929513383047
2011-10-26,0.7612848492231021
2011-10-27,0.7617596054822535
2011-10-28,0.7794152632531387
2011-10-31,0.777426562034249
2011-11-01,0.7761869206909092
2011-11-02,0.7884118943640572
2011-11-03,0.791360658240342
2011-11-04,0.7961477838534516
2011-11-07,0.7890633654530038
2011-11-08,0.7837038947941393
2011-11-09,0.7928350401784843
2011-11-10,0.7800034335075318
2011-11-11,0.7776665776985977
2011-11-14,0.7951850836612836
2011-11-15,0.794784178375778
2011-11-16,0.7739766665510822
2011-11-17,0.7717532247373902
2011-11-18,0.7530583782659179
2011-11-21,0.7528289127406613
2011-11-22,0.7521668915126225
2011-11-23,0.7479019977845793
2011-11-24,0.7482738901875813
2011-11-25,0.7435474278742518
2011-11-28,0.7440617471549993
2011-11-29,0.754817613959551
2011-11-30,0.7297346582677198
2011-12-01,0.7462878265034645
2011-12-02,0.7356611989027929
2011-12-05,0.7183906212087748
2011-12-06,0.7177602503980128
2011-12-07,0.7204980114924524
2011-12-08,0.7195827869261995
2011-12-09,0.713759110147276
2011-12-12,0.7050341451179828
2011-12-13,0.6863498487856028
2011-12-14,0.6777857733774665
2011-12-15,0.6631316301783274
2011-12-16,0.6808585013880852
2011-12-19,0.6807582750667088
2011-12-20,0.6797006236227106
2011-12-21,0.6668795670908502
2011-12-22,0.6670140813642764
2011-12-23,0.6737107821530838
2011-12-26,0.6666949396567357
2011-12-27,0.6536839806212148
2011-12-28,0.6526236916424435
2011-12-29,0.6549025216863701
2011-12-30,0.6664100859012448
2012-01-04,0.6514790015509341
2012-01-05,0.6399028614319596
2012-01-06,0.6427329362434564
2012-01-09,0.6661647951673502
2012-01-10,0.6905646293529578
2012-01-11,0.6870487955004645
2012-01-12,0.6877292794719148
2012-01-13,0.6724447654620135
2012-01-16,0.6544646909140415
2012-01-17,0.6871674845652525
2012-01-18,0.6737266073617223
2012-01-19,0.6869775820615919
2012-01-20,0.6992131058738323
2012-01-30,0.6903008758756515
2012-01-31,0.6908231077607181
2012-02-01,0.682346071000093
2012-02-02,0.698036765365046
2012-02-03,0.7047624790363571
2012-02-06,0.7062263108354072
2012-02-07,0.6932390896128441
2012-02-08,0.7113404907603766
2012-02-09,0.7156159346275123
2012-02-10,0.7174859467816141
2012-02-13,0.7190130794152177
2012-02-14,0.7173698952515993
2012-02-15,0.7251110598105399
2012-02-16,0.7210096932384265
2012-02-17,0.7199177538423784
2012-02-20,0.7214976371714432
2012-02-21,0.7294814549295056
2012-02-22,0.7417829171110722
2012-02-23,0.7454675531890417
2012-02-24,0.7583308102772712
2012-02-27,0.7601085087143156
2012-02-28,0.7604724885129984
2012-02-29,0.7528632006927112
2012-03-01,0.7547279377772667
2012-03-02,0.7689838132256733
2012-03-05,0.7661300006012188
2012-03-06,0.7565583869097725
2012-03-07,0.7504208434928543
2012-03-08,0.7609050442157808
2012-03-09,0.7722332560660872
2012-03-12,0.7707219486411221
2012-03-13,0.7775927267249514
2012-03-14,0.7509852759342898
2012-03-15,0.7447184933134915
2012-03-16,0.7595018757165108
2012-03-19,0.7627908815785207
2012-03-20,0.7484901680389721
2012-03-21,0.7484374173435107
2012-03-22,0.7475828560770383
2012-03-23,0.7363073949221931
2012-03-26,0.7374784603614332
2012-03-27,0.7327757358610614
2012-03-28,0.7085526165052489
2012-03-29,0.6993871831688542
2012-03-30,0.7007349634378895
2012-04-05,0.7215925884232733
2012-04-06,0.7243751876088551
2012-04-09,0.7178499265802968
2012-04-10,0.7244411259781818
2012-04-11,0.7253669006835269
2012-04-12,0.7395251873453302
2012-04-13,0.742935519806901
2012-04-16,0.7418092924588031
2012-04-17,0.7322297661630375
2012-04-18,0.7494080301399982
2012-04-19,0.74847961789988
2012-04-20,0.7546013361081597
2012-04-23,0.748606219568987
2012-04-24,0.7477833087197914
2012-04-25,0.755611511926243
2012-04-26,0.7567799398307098
2012-04-27,0.7554743601180436
2012-05-02,0.7728161512509343
2012-05-03,0.7759706428395179
2012-05-04,0.7839465479932611
2012-05-07,0.787491394728258
2012-05-08,0.7850622252022669
2012-05-09,0.7694664820891441
2012-05-10,0.769548245667109
2012-05-11,0.7648982718621986
2012-05-14,0.7588715049057491
2012-05-15,0.7611846229017256
2012-05-16,0.7488752481158396
2012-05-17,0.7593304359562622
2012-05-18,0.748355653765546
2012-05-21,0.7527998998581577
2012-05-22,0.7662091266444111
2012-05-23,0.7645211043896507
2012-05-24,0.7572968966462306
2012-05-25,0.7494581433006867
2012-05-28,0.764281088725302
2012-05-29,0.7746703381963979
2012-05-30,0.772876814550715
2012-05-31,0.7719879653321926
2012-06-01,0.7725181098215785
2012-06-04,0.7516552097666483
2012-06-05,0.7509720882604249
2012-06-06,0.7500225757421222
2012-06-07,0.7458605458702283
2012-06-08,0.7416510403724194
2012-06-11,0.7541582302662853
2012-06-12,0.7511118776033974
2012-06-13,0.7641755873343794
2012-06-14,0.7599871821147549
2012-06-15,0.7618730194774951
2012-06-18,0.7673907422227434
2012-06-19,0.7602140101052385
2012-06-20,0.7577400024881051
2012-06-21,0.746807420853758
2012-06-25,0.72882207123624
2012-06-26,0.7287271199844098
2012-06-27,0.7277327693749649
2012-06-28,0.7210123307731997
2012-06-29,0.7320504137984695
2012-07-02,0.7363495954785624
2012-07-03,0.7387154641700001
2012-07-04,0.7360937546055754
2012-07-05,0.7255779034653721
2012-07-06,0.7421205215620248
2012-07-09,0.7263612512929719
2012-07-10,0.7220805323562904
2012-07-11,0.729281002286753
2012-07-12,0.7364023461740236
2012-07-13,0.7358168134544035
2012-07-16,0.7164151076637506
2012-07-17,0.719105393132275
2012-07-18,0.7170718538222431
2012-07-19,0.7210703565382073
2012-07-20,0.7130786261758256
2012-07-23,0.7040239692998995
2012-07-24,0.7085737167834338
2012-07-25,0.7045857642065623
2012-07-26,0.6995797232072881
2012-07-27,0.6988807764924264
2012-07-30,0.6935793315985693
2012-07-31,0.6905461666095466
2012-08-01,0.6995137848379616
2012-08-02,0.6925164050850248
2012-08-03,0.7000122789100703
2012-08-06,0.7123955046696022
2012-08-07,0.7151517285074532
2012-08-08,0.7139147246988864
2012-08-09,0.724243310870202
2012-08-10,0.7194113471659503
2012-08-13,0.7055906649550991
2012-08-14,0.7070782345671066
2012-08-15,0.699835564080275
2012-08-16,0.6950194255846617
2012-08-17,0.6919018594829007
2012-08-20,0.6897601812471736
2012-08-21,0.6958080484818074
2012-08-22,0.6880167707621788
2012-08-23,0.6903747268492973
2012-08-24,0.6809059770140002
2012-08-27,0.6659142293639091
2012-08-28,0.6679398560696217
2012-08-29,0.6608659878082662
2012-08-30,0.6548260331779513
2012-08-31,0.6548022953649938
2012-09-03,0.6667213150044666
2012-09-04,0.6600140640765668
2012-09-05,0.6592280787141939
2012-09-06,0.6654711235220345
2012-09-07,0.694407517517311
2012-09-10,0.6979233513698044
2012-09-11,0.6936953831285841
2012-09-12,0.6975066208756606
2012-09-13,0.6881750228485627
2012-09-14,0.6928065339100616
2012-09-17,0.675079662700304
2012-09-18,0.6695619399550556
2012-09-19,0.6730777738075489
2012-09-20,0.6568358346750257
2012-09-21,0.6568701226270753
2012-09-24,0.6620607910604639
2012-09-25,0.6599534007767864
2012-09-26,0.6508354430663068
2012-09-27,0.6687047411538102
2012-09-28,0.6824251970432851
2012-10-08,0.6748897601966434
2012-10-09,0.6912503883939547
2012-10-10,0.6936901080590381
2012-10-11,0.6867718543492932
2012-10-12,0.6856113390491455
2012-10-15,0.6829289661849401
2012-10-16,0.6860702700996584
2012-10-17,0.6873784873470978
2012-10-18,0.6994452089338619
2012-10-19,0.6995981859506997
2012-10-22,0.7023412221146854
2012-10-23,0.6920099984085969
2012-10-24,0.690469678101128
2012-10-25,0.6836991263386747
2012-10-26,0.6702476989960522
2012-10-29,0.6678449048177917
2012-10-30,0.669693816693709
2012-10-31,0.6748923977314165
2012-11-01,0.6886656043163526
2012-11-02,0.6908020074825338
2012-11-05,0.6878374183976108
2012-11-06,0.6842582837105641
2012-11-07,0.6836226378302558
2012-11-08,0.6707013549770191
2012-11-09,0.6688049674751867
2012-11-12,0.6710732473800212
2012-11-13,0.6588377235677807
2012-11-14,0.6616888986574622
2012-11-15,0.6528478820981543
2012-11-16,0.6472589459140334
2012-11-19,0.6452254066040016
2012-11-20,0.6432446179894311
2012-11-21,0.6509963326874637
2012-11-22,0.6446899870450697
2012-11-23,0.6486779396219412
2012-11-26,0.642287192866809
2012-11-27,0.6321010335732389
2012-11-28,0.6240328147024384
2012-11-29,0.6209548116222738
2012-11-30,0.6293870102917568
2012-12-03,0.6165000153905699
2012-12-04,0.6238851127551468
2012-12-05,0.6485223250703306
2012-12-06,0.6469609044846771
2012-12-07,0.661140291424665
2012-12-10,0.6697175545066665
2012-12-11,0.6654763985915809
2012-12-12,0.6696278783243825
2012-12-13,0.6610822656596576
2012-12-14,0.6940831007402244
2012-12-17,0.6980684157823231
2012-12-18,0.6982715059598489
2012-12-19,0.7008061768767626
2012-12-20,0.7047255535495345
2012-12-21,0.7022409957933089
2012-12-24,0.7034621743932373
2012-12-25,0.7228823429273017
2012-12-26,0.7281336746604706
2012-12-27,0.7238687809324273
2012-12-28,0.7334852327150159
2012-12-31,0.7453989772849423
2013-01-04,0.7443307757018517
2013-01-07,0.7492814284708913
2013-01-08,0.7500463135550796
2013-01-09,0.7515549834452718
2013-01-10,0.7530214527790949
2013-01-11,0.7372199819536732
2013-01-14,0.765884709867324
2013-01-15,0.7744936233666024
2013-01-16,0.7687728104438284
2013-01-17,0.7617437802736149
2013-01-18,0.7774423872428872
2013-01-21,0.7817573941316185
2013-01-22,0.7723519451308751
2013-01-23,0.7754747863021819
2013-01-24,0.7648296959580987
2013-01-25,0.7618360939906721
2013-01-28,0.7851519013845512
2013-01-29,0.7922415948545448
2013-01-30,0.7950743072008147
2013-01-31,0.7912261439669155
2013-02-01,0.808802675694609
2013-02-04,0.8081723048838466
2013-02-05,0.820663669569074
2013-02-06,0.8237548603231041
2013-02-07,0.820162537962192
2013-02-08,0.82558530945561
2013-02-18,0.8182129890181937
2013-02-19,0.8007981782253315
2013-02-20,0.8055493521846071
2013-02-21,0.7776141996989111
2013-02-22,0.7696787874925543
2013-02-25,0.7746726947105969
2013-02-26,0.7643790692815691
2013-02-27,0.7717387656450666
2013-02-28,0.795315845649908
2013-03-01,0.7939859031168195
2013-03-04,0.7536010484306498
2013-03-05,0.7761857711579685
2013-03-06,0.7864546320567022
2013-03-07,0.7783994490083168
2013-03-08,0.7741934610926549
2013-03-11,0.7694405645316128
2013-03-12,0.7555438762851907
2013-03-13,0.7488481518696077
2013-03-14,0.7509680739521766
2013-03-15,0.7520931431655302
2013-03-18,0.7406992130534429
2013-03-19,0.746264659601907
2013-03-20,0.772875671689977
2013-03-21,0.7752075892304547
2013-03-22,0.7758360872596178
2013-03-25,0.7745881976229549
2013-03-26,0.7618004512220932
2013-03-27,0.7639379268654607
2013-03-28,0.7336114478965572
2013-03-29,0.7349113805316196
2013-04-01,0.7344531631134309
2013-04-02,0.7312456097303229
2013-04-03,0.729317731689197
2013-04-08,0.7290145619740312
2013-04-09,0.7358938245401292
2013-04-10,0.7347791756627778
2013-04-11,0.7340769601158085
2013-04-12,0.7302919222137533
2013-04-15,0.7231702228863499
2013-04-16,0.7302824694815169
2013-04-17,0.7318860051470012
2013-04-18,0.7334809071360984
2013-04-19,0.7532381251315885
2013-04-22,0.7536694264917516
2013-04-23,0.7294881412509968
2013-04-24,0.7440129247812762
2013-04-25,0.7326492961302753
2013-04-26,0.7238244054256231
2013-05-02,0.7249349418619708
2013-05-03,0.7387959861733165
2013-05-06,0.7507123003996161
2013-05-07,0.7539276907792744
2013-05-08,0.7597102281769084
2013-05-09,0.7555315120047905
2013-05-10,0.7589354353143404
2013-05-13,0.7554643632900346
2013-05-14,0.7418409221232098
2013-05-15,0.7487649876716944
2013-05-16,0.7614819211893146
2013-05-17,0.7722670378362644
2013-05-20,0.7827887249099411
2013-05-21,0.7867556643662905
2013-05-22,0.7861668217907386
2013-05-23,0.7764896589372614
2013-05-24,0.7829746751969575
2013-05-27,0.7848393433528719
2013-05-28,0.7954824146416841
2013-05-29,0.7961952240752469
2013-05-30,0.792243780476149
2013-05-31,0.7840774637046797
2013-06-03,0.7817763289028521
2013-06-04,0.7692401803864979
2013-06-05,0.7686642510253222
2013-06-06,0.7587623982417001
2013-06-07,0.7463967041551111
2013-06-13,0.7245217190019345
2013-06-14,0.7341859686410357
2013-06-17,0.7322386559131141
2013-06-18,0.7377990860234789
2013-06-19,0.7331425809194438
2013-06-20,0.7084525150322694
2013-06-21,0.7092014814660852
2013-06-24,0.6635041984318105
2013-06-25,0.6626958312118643
2013-06-26,0.6710119412700967
2013-06-27,0.6665465517388285
2013-06-28,0.6743512985077658
2013-07-01,0.6822128634199582
2013-07-02,0.6860145137322929
2013-07-03,0.6847748451521837
2013-07-04,0.6887237061084065
2013-07-05,0.6885997392503956
2013-07-08,0.6695579133313435
2013-07-09,0.6700434501918863
2013-07-10,0.6884835203210103
2013-07-11,0.7191084995354574
2013-07-12,0.7055263806546364
2013-07-15,0.7165206913744794
2013-07-16,0.7210893866207568
2013-07-17,0.7089690436073145
2013-07-18,0.6987314472499129
2013-07-19,0.6798936501180038
2013-07-22,0.6868383768094903
2013-07-23,0.7070139829507675
2013-07-24,0.7052552031527374
2013-07-25,0.6970656425953912
2013-07-26,0.6951906438679761
2013-07-29,0.680281046549288
2013-07-30,0.6809473684110967
2013-07-31,0.6822257766343341
2013-08-01,0.7007484913354655
2013-08-02,0.7022180151314699
2013-08-05,0.7115542691254172
2013-08-06,0.7166911458042448
2013-08-07,0.7131374292079317
2013-08-08,0.7133776149953277
2013-08-09,0.7153972417237557
2013-08-12,0.7331451635623186
2013-08-13,0.7379411313816162
2013-08-14,0.7347567327164608
2013-08-15,0.7255702720092765
2013-08-16,0.7178455871694713
2013-08-19,0.731241755763276
2013-08-20,0.7268538455182647
2013-08-21,0.7253042597931282
2013-08-22,0.7259370072975588
2013-08-23,0.7212288493360193
2013-08-26,0.7352526001485044
2013-08-27,0.7379127223099886
2013-08-28,0.7317970239814502
2013-08-29,0.728470579958157
2013-08-30,0.7221740966283526
2013-09-02,0.7259757469406874
2013-09-03,0.7383130319556491
2013-09-04,0.7379540445959925
2013-09-05,0.7380728461682529
2013-09-06,0.7421327607681105
2013-09-09,0.7625356394824074
2013-09-10,0.7668512357269125
2013-09-11,0.764118799564922
2013-09-12,0.7678197268051228
2013-09-13,0.7676286112323562
2013-09-16,0.7665387359390101
2013-09-17,0.7532122987028365
2013-09-18,0.7558440117926933
2013-09-23,0.7684473090238032
2013-09-24,0.7611874999015388
2013-09-25,0.7570862630156776
2013-09-26,0.7447412300720904
2013-09-27,0.7475511455203379
2013-09-30,0.7547360579992206
2013-10-08,0.7638011344912691
2013-10-09,0.7700537128921947
2013-10-10,0.7626776848405452
2013-10-11,0.772008773548742
2013-10-14,0.7726286078387966
2013-10-15,0.7711359763835293
2013-10-16,0.7545268785496605
2013-10-17,0.7515937586869587
2013-10-18,0.7539499971836618
2013-10-21,0.7664439558749976
2013-10-22,0.7581318903681975
2013-10-23,0.752619749524808
2013-10-24,0.7484862061261343
2013-10-25,0.7434058608934878
2013-10-28,0.7439905841163688
2013-10-29,0.7485604209967307
2013-10-30,0.7605472470657904
2013-10-31,0.7510904734034272
2013-11-01,0.7555433656392129
2013-11-04,0.7541355320333534
2013-11-05,0.7540500724853939
2013-11-06,0.7437207118596545
2013-11-07,0.7418653400947437
2013-11-08,0.7340547871983378
2013-11-11,0.7349678550002211
2013-11-12,0.7427649142837914
2013-11-13,0.724098749861053
2013-11-14,0.7259631173678545
2013-11-15,0.7394994599775485
2013-11-18,0.7661336027797764
2013-11-19,0.7618988572848344
2013-11-20,0.7664462048104702
2013-11-21,0.7622879231215978
2013-11-22,0.7595239814257487
2013-11-25,0.7571850885342248
2013-11-26,0.7568454992778593
2013-11-27,0.762656748539107
2013-11-28,0.7694192975052727
2013-11-29,0.769405803892437
2013-12-02,0.7662168133922631
2013-12-03,0.7727679624240025
2013-12-04,0.7845253970748549
2013-12-05,0.7823416807309417
2013-12-06,0.7782980947511725
2013-12-09,0.7781181799133632
2013-12-10,0.7811767321561249
2013-12-11,0.7678562873518022
2013-12-12,0.7658569837166438
2013-12-13,0.7654656689444079
2013-12-16,0.7544503829995197
2013-12-17,0.750121182214728
2013-12-18,0.7506811671474102
2013-12-19,0.7423466122858839
2013-12-20,0.7245980135359742
2013-12-23,0.7257764557236266
2013-12-24,0.7278972018743065
2013-12-25,0.7315494730818398
2013-12-26,0.718206538922791
2013-12-27,0.7303372968620983
2013-12-30,0.7297075949297648
2013-12-31,0.7396164046221243
2014-01-02,0.7355233420619578
2014-01-03,0.7230799820919566
2014-01-06,0.70779846555551
2014-01-07,0.7067909424637767
2014-01-08,0.7071979997843207
2014-01-09,0.702200865164161
2014-01-10,0.6981257940877754
2014-01-13,0.695523775745955
2014-01-14,0.7022705821638121
2014-01-15,0.6993087341463731
2014-01-16,0.7005231593015872
2014-01-17,0.6920244321505596
2014-01-20,0.6892447479064027
2014-01-21,0.6965785264826134
2014-01-22,0.7127056427567647
2014-01-23,0.707395906105911
2014-01-24,0.7106816008314075
2014-01-27,0.7017488291341646
2014-01-28,0.7055630236957264
2014-01-29,0.7094154501603228
2014-01-30,0.7029227734508716
2014-02-07,0.704845613279961
2014-02-10,0.7193737364330801
2014-02-11,0.7279601720675398
2014-02-12,0.7305779329576684
2014-02-13,0.7299504799608079
2014-02-14,0.7336252405230672
2014-02-17,0.7371290819894077
2014-02-18,0.7284571868069885
2014-02-19,0.7391328834955113
2014-02-20,0.7328223705593422
2014-02-21,0.7256550132081052
2014-02-24,0.7092152949032597
2014-02-25,0.6938123358512918
2014-02-26,0.695611484229387
2014-02-27,0.6967719349332585
2014-02-28,0.7008672464288977
2014-03-03,0.7049805494083181
2014-03-04,0.705895866145674
2014-03-05,0.6994099362426406
2014-03-06,0.7046364622810073
2014-03-07,0.7008874868481513
2014-03-10,0.6782631959936035
2014-03-11,0.6801995294355284
2014-03-12,0.6834897220319702
2014-03-13,0.6906143496092273
2014-03-14,0.6854845277961832
2014-03-17,0.6926406404700572
2014-03-18,0.6912485494125062
2014-03-19,0.6889951160689417
2014-03-20,0.6811935589144262
2014-03-21,0.7056507321791585
2014-03-24,0.7128495746270123
2014-03-25,0.7114889686660777
2014-03-26,0.7104409647358372
2014-03-27,0.7086013355192347
2014-03-28,0.7095481373532072
2014-03-31,0.706775199915468
2014-04-01,0.7115249516336395
2014-04-02,0.7188137515003978
2014-04-03,0.7115069601498586
2014-04-04,0.7174171625719014
2014-04-08,0.7341020148432623
2014-04-09,0.7342774318101266
2014-04-10,0.7470468874236578
2014-04-11,0.7455445985279481
2014-04-14,0.743774686310997
2014-04-15,0.7299437331543898
2014-04-16,0.7319542814669111
2014-04-17,0.7292488120933502
2014-04-18,0.7293522631250907
2014-04-21,0.7169178988969799
2014-04-22,0.7223130950957932
2014-04-23,0.721800337808036
2014-04-24,0.7208355444902823
2014-04-25,0.7150085526807264
2014-04-28,0.7053178897292107
2014-04-29,0.712413281145324
2014-04-30,0.7117430983744834
2014-05-05,0.7107985454759833
2014-05-06,0.7105039349290703
2014-05-07,0.7045285133783213
2014-05-08,0.7049108324086667
2014-05-09,0.7032893499329084
2014-05-12,0.716994362703049
2014-05-13,0.7156854822579847
2014-05-14,0.7153413951306741
2014-05-15,0.7078164570392907
2014-05-16,0.7086350695513239
2014-05-19,0.6996888042412452
2014-05-20,0.7009324655576037
2014-05-21,0.7065548042391514
2014-05-22,0.705889119339256
2014-05-23,0.7117273558261751
2014-05-26,0.7137401530741692
2014-05-27,0.7115496899238383
2014-05-28,0.7180581091815978
2014-05-29,0.7138795870734717
2014-05-30,0.7135017659140716
2014-06-03,0.7122288684365692
2014-06-04,0.7059138576294548
2014-06-05,0.7135534914299416
2014-06-06,0.7078052123619273
2014-06-09,0.7077130060075499
2014-06-10,0.7165445756085251
2014-06-11,0.7159418609018632
2014-06-12,0.7124255004758653
2014-06-13,0.72049776843125
2014-06-16,0.7254992362370297
2014-06-17,0.7171175658303752
2014-06-18,0.7131089869848208
2014-06-19,0.7005382071496038
2014-06-20,0.7049872799017132
2014-06-23,0.7063225390549729
2014-06-24,0.7096190440470249
2014-06-25,0.7053446027737122
2014-06-26,0.7120235851781469
2014-06-27,0.7130310744788962
2014-06-30,0.7182727054809284
2014-07-01,0.7186434615436041
2014-07-02,0.7196342001988183
2014-07-03,0.7237188131081389
2014-07-04,0.7228144993172176
2014-07-07,0.7218042871060131
2014-07-08,0.7233210654627182
2014-07-09,0.7134069824175887
2014-07-10,0.7132113541061968
2014-07-11,0.7146661991345931
2014-07-14,0.7231007025372426
2014-07-15,0.7239484252199402
2014-07-16,0.7249872790114689
2014-07-17,0.720503568058421
2014-07-18,0.7233210654627185
2014-07-21,0.722136052587966
2014-07-22,0.7305233353637278
2014-07-23,0.7336286537319119
2014-07-24,0.7482288218453224
2014-07-25,0.7551050445606788
2014-07-28,0.7769052339738182
2014-07-29,0.7795810694974528
2014-07-30,0.7740450131451938
2014-07-31,0.7837837052904548
2014-08-01,0.776565695180483
2014-08-04,0.7921282646418899
2014-08-05,0.7888880301968837
2014-08-06,0.7853982010097571
2014-08-07,0.7735323320532705
2014-08-08,0.774380054735968
2014-08-11,0.7861874600591652
2014-08-12,0.783223803571644
2014-08-13,0.7840827692607435
2014-08-14,0.7775910573643292
2014-08-15,0.7849642209626464
2014-08-18,0.7888543011776779
2014-08-19,0.7887328767085382
2014-08-20,0.785521874080177
2014-08-21,0.7806648953145884
2014-08-22,0.7846539139859559
2014-08-25,0.7780317832152808
2014-08-26,0.7718593727006786
2014-08-27,0.7719448195493325
2014-08-28,0.7653878982157881
2014-08-29,0.7741349571964082
2014-09-01,0.7798216698344514
2014-09-02,0.7906194531827646
2014-09-03,0.7977317790325593
2014-09-04,0.8042392311379359
2014-09-05,0.8102092675373053
2014-09-09,0.8089365592126185
2014-09-10,0.8046192447543176
2014-09-11,0.8023234228470649
2014-09-12,0.8078347445852397
2014-09-15,0.8080663505171172
2014-09-16,0.795919406400585
2014-09-17,0.8000590813577372
2014-09-18,0.8026427242288767
2014-09-19,0.8072950802779519
2014-09-22,0.7918381950767225
2014-09-23,0.7984153538217902
2014-09-24,0.8112436241262732
2014-09-25,0.8091704137457765
2014-09-26,0.8094065168802148
2014-09-29,0.8124376314061468
2014-09-30,0.8138340128012536
2014-10-08,0.8224034322807249
2014-10-09,0.8243394779831192
2014-10-10,0.8204741323821715
2014-10-13,0.8167279626490831
2014-10-14,0.814380422912382
2014-10-15,0.819831032415987
2014-10-16,0.8153428242603782
2014-10-17,0.810679225204901
2014-10-20,0.8155766787935361
2014-10-21,0.8086622298564136
2014-10-22,0.8051971352833711
2014-10-23,0.7976688181967088
2014-10-24,0.7969177853690668
2014-10-27,0.7904148304662509
2014-10-28,0.8072276222395407
2014-10-29,0.8213555840840744
2014-10-30,0.830678284992468
2014-10-31,0.845928298875904
2014-11-03,0.8493574158284607
2014-11-04,0.8494720944937594
2014-11-05,0.8447477832037122
2014-11-06,0.8462431030551549
2014-11-07,0.8434750748790257
2014-11-10,0.8662534058491239
2014-11-11,0.8648480300488958
2014-11-12,0.8762012179134592
2014-11-13,0.8731408715708822
2014-11-14,0.8718254398218687
2014-11-17,0.8665772044334965
2014-11-18,0.8571735538790097
2014-11-19,0.8547180812808511
2014-11-20,0.8559750493965751
2014-11-21,0.8700512934116608
2014-11-24,0.8898344874763128
2014-11-25,0.9021838057080778
2014-11-26,0.9134133205022211
2014-11-27,0.9217691228600579
2014-11-28,0.9500093063401629
2014-12-01,0.9508615262254212
2014-12-02,0.987538461709456
2014-12-03,0.9963777133425713
2014-12-04,1.0443044010322726
2014-12-05,1.0447406296806636
2014-12-08,1.0852874079682067
2014-12-09,1.02931972209992
2014-12-10,1.0705365835690117
2014-12-11,1.067865245247938
2014-12-12,1.0663609309913737
2014-12-15,1.0692728696494467
2014-12-16,1.0982020686677099
2014-12-17,1.1226965825707982
2014-12-18,1.1202103593814159
2014-12-19,1.1286085538844217
2014-12-22,1.1305632223009465
2014-12-23,1.1119537362103622
2014-12-24,1.0989500473320626
2014-12-25,1.1256868389715844
2014-12-26,1.145236388644038
2014-12-29,1.1457174245237238
2014-12-30,1.142325021163065
2014-12-31,1.1668452749256037
2015-01-05,1.1990872549659723
2015-01-06,1.204551571037173
2015-01-07,1.196471425868597
2015-01-08,1.17858506561022
2015-01-09,1.1765131528996782
2015-01-12,1.170149645576255
2015-01-13,1.1792484549606361
2015-01-14,1.175648545926387
2015-01-15,1.197009054204716
2015-01-16,1.2087960052696933
2015-01-19,1.139423085758164
2015-01-20,1.172932108017574
2015-01-21,1.2086702442553965
2015-01-22,1.2167849737029042
2015-01-23,1.2112420569977682
2015-01-26,1.2264591397276936
2015-01-27,1.2166717887900371
2015-01-28,1.2021338155373151
2015-01-29,1.18812403854464
2015-01-30,1.1790000769573994
2015-02-02,1.1635188960974507
2015-02-03,1.1863602403191258
2015-02-04,1.1752775509342115
2015-02-05,1.1680557246882117
2015-02-06,1.1495311272822775
2015-02-09,1.1524393507378936
2015-02-10,1.1734194319479745
2015-02-11,1.1839330527431955
2015-02-12,1.1885421939171772
2015-02-13,1.203809581052821
2015-02-16,1.2179514071105082
2015-02-17,1.2261415931665938
2015-02-25,1.2149174226405954
2015-02-26,1.234080257194086
2015-02-27,1.2389817927263078
2015-03-02,1.2527589118425335
2015-03-03,1.2275752687295785
2015-03-04,1.2420314973230073
2015-03-05,1.2321749778274875
2015-03-06,1.2219977677455105
2015-03-09,1.2518125602099488
2015-03-10,1.254752223919139
2015-03-11,1.2560224101635378
2015-03-12,1.2738301697879795
2015-03-13,1.286651505195549
2015-03-16,1.3200253343645898
2015-03-17,1.331447578488106
2015-03-18,1.3602216985592375
2015-03-19,1.358476764485868
2015-03-20,1.3708642243941132
2015-03-23,1.4040022516613468
2015-03-24,1.4088503387624927
2015-03-25,1.4065709203783612
2015-03-26,1.3958435058588354
2015-03-27,1.4123559270360189
2015-03-30,1.4480751991216971
2015-03-31,1.4437081479002372
2015-04-01,1.4718880471788158
2015-04-02,1.485259587023934
2015-04-03,1.5007753521628144
2015-04-07,1.536287118574903
2015-04-08,1.5342152058643612
2015-04-09,1.523931098920232
2015-04-10,1.5596535150312676
2015-04-13,1.5877107973209068
2015-04-14,1.5832588574147963
2015-04-15,1.545357631731067
2015-04-16,1.5840480077795094
2015-04-17,1.5930210561495934
2015-04-20,1.5586002665365313
2015-04-21,1.6080777935862904
2015-04-22,1.6431965568287008
2015-04-23,1.646136220537891
2015-04-24,1.6316925680458916
2015-04-27,1.6525688964191776
2015-04-28,1.6244298694702455
2015-04-29,1.6460764840560997
2015-04-30,1.6475573199994458
2015-05-04,1.6567473061191926
2015-05-05,1.5893959949124856
2015-05-06,1.5794357225801705
2015-05-07,1.5611815113549756
2015-05-08,1.6060121689264641
2015-05-11,1.661708578133205
2015-05-12,1.679362280515133
2015-05-13,1.6833740568712041
2015-05-14,1.6773595363624547
2015-05-15,1.6556406091933795
2015-05-18,1.6656134576271242
2015-05-19,1.7128555826477558
2015-05-20,1.735288203572966
2015-05-21,1.788318479276613
2015-05-22,1.8229027582082615
2015-05-25,1.8641838111512201
2015-05-26,1.9062288622560328
2015-05-27,1.900928035503418
2015-05-28,1.7874758804808237
2015-05-29,1.798920132781842
2015-06-01,1.8851733244373734
2015-06-02,1.9345376665742655
2015-06-03,1.9373075529141546
2015-06-04,1.9410080707598412
2015-06-05,1.9569765755501904
2015-06-08,1.9638336948547288
2015-06-09,1.9492359851202157
2015-06-10,1.9763972201829894
2015-06-11,1.9893851889345022
2015-06-12,2.012207669004033
2015-06-15,1.9633275067721836
2015-06-16,1.9040940690383423
2015-06-17,1.9333775212173763
2015-06-18,1.8537928073449383
2015-06-19,1.7401582988516135
2015-06-23,1.7783016144878647
2015-06-24,1.811483658110103
2015-06-25,1.7448146004059566
2015-06-26,1.6091530502585294
2015-06-29,1.548699730686008
2015-06-30,1.6465952482400747
2015-07-01,1.57897355085263
2015-07-02,1.521107764149267
2015-07-03,1.4480720550963402
2015-07-06,1.4654899555764611
2015-07-07,1.4155565448498757
2015-07-08,1.3508933753237653
2015-07-09,1.418904931855531
2015-07-10,1.47823897840081
2015-07-13,1.527791962059148
2015-07-14,1.5207462012331636
2015-07-15,1.4672034493962571
2015-07-16,1.4795060206198518
2015-07-17,1.540522120731352
2015-07-20,1.5507527792444051
2015-07-21,1.554233215315072
2015-07-22,1.5566478267895723
2015-07-23,1.5917257177023363
2015-07-24,1.5649071814035214
2015-07-27,1.442808956648015
2015-07-28,1.4360713103070584
2015-07-29,1.480669310002098
2015-07-30,1.4341062944586689
2015-07-31,1.438633690973358
2015-08-03,1.437096262573578
2015-08-04,1.4848791599556865
2015-08-05,1.4552938813423402
2015-08-06,1.4447299561414
2015-08-07,1.476352563186356
2015-08-10,1.5336461372746684
2015-08-11,1.5277322255773567
2015-08-12,1.5014010132089424
2015-08-13,1.5242297813291883
2015-08-14,1.5263645745468781
2015-08-17,1.5342026297629325
2015-08-18,1.442749220166224
2015-08-19,1.471674253454512
2015-08-20,1.4298429960740044
2015-08-21,1.3621804263569128
2015-08-24,1.2503537324441059
2015-08-25,1.1720612129935684
2015-08-26,1.166357950995204
2015-08-27,1.2227743420087946
2015-08-28,1.268598511593229
2015-08-31,1.2575158222083143
2015-09-01,1.234174577954809
2015-09-02,1.2320460727878337
2015-09-07,1.2042906169325074
2015-09-08,1.2418177035987035
2015-09-09,1.267281164968469
2015-09-10,1.2555319422077804
2015-09-11,1.2582829643955253
2015-09-14,1.2188128700584424
2015-09-15,1.1718977236749824
2015-09-16,1.2283581310435772
2015-09-17,1.2042466005775032
2015-09-18,1.2116947966492375
2015-09-21,1.2373783397940226
2015-09-22,1.2452918516186555
2015-09-23,1.225431043435817
2015-09-24,1.235274986829907
2015-09-25,1.210663556332003
2015-09-28,1.2248022383643324
2015-09-29,1.206846709548092
2015-09-30,1.213879894272646
2015-10-08,1.2497154952965488
2015-10-09,1.263300828865972
2015-10-12,1.304019101269952
2015-10-13,1.3086879789257246
2015-10-14,1.2910405645945118
2015-10-15,1.3237541484384938
2015-10-16,1.340206833133886
2015-10-19,1.3375815719604383
2015-10-20,1.3526603175746368
2015-10-21,1.303795875469575
2015-10-22,1.3301616721169212
2015-10-23,1.3561753379242354
2015-10-26,1.363315419510942
2015-10-27,1.3624571005883657
2015-10-28,1.3353398818805957
2015-10-29,1.3413292501864857
2015-10-30,1.3427126213437517
2015-11-02,1.320195111733891
2015-11-03,1.316786988246445
2015-11-04,1.377765360053656
2015-11-05,1.3916871043363235
2015-11-06,1.424293791318153
2015-11-09,1.4480374708174086
2015-11-10,1.4507601967769364
2015-11-11,1.4577242129436274
2015-11-12,1.448009174589192
2015-11-13,1.4264663128401323
2015-11-16,1.4453493291368122
2015-11-17,1.4343012240308293
2015-11-18,1.4191187255798354
2015-11-19,1.448502786570307
2015-11-20,1.4567778613110431
2015-11-23,1.4470533908805352
2015-11-24,1.452379369836009
2015-11-25,1.4716270930741504
2015-11-26,1.4605444036892359
2015-11-27,1.3815727747614948
2015-11-30,1.3929164182510756
2015-12-01,1.4024050867797768
2015-12-02,1.4344112649183391
2015-12-03,1.4516405238770151
2015-12-04,1.4314118647273582
2015-12-07,1.4418343087872139
2015-12-08,1.4168078669421302
2015-12-09,1.418005740603308
2015-12-10,1.4178642594622242
2015-12-11,1.4070896845623364
2015-12-14,1.4344238410197687
2015-12-15,1.4400956627645594
2015-12-16,1.4403629049199402
2015-12-17,1.4731236491442836
2015-12-18,1.480700750255672
2015-12-21,1.519180476605167
2015-12-22,1.526292261963657
2015-12-23,1.5163728619609884
2015-12-24,1.5065163424654688
2015-12-25,1.512842121484603
2015-12-28,1.4766135172910224
2015-12-29,1.4902114269618751
2015-12-30,1.4981752431922266
2015-12-31,1.480285738908492
2016-01-04,1.3668524480380424
2016-01-05,1.3577096222986573
2016-01-06,1.3814721659500573
2016-01-07,1.275593968013494
2016-01-08,1.2947662346430573
2016-01-11,1.2198283902488896
2016-01-12,1.231747390378879
2016-01-13,1.2005177865036003
2016-01-14,1.2362590667667805
2016-01-15,1.1983829932859105
2016-01-18,1.2099467185505106
2016-01-19,1.2471090982752455
2016-01-20,1.2265220202348424
2016-01-21,1.1862407673555444
2016-01-22,1.2009548060282822
2016-01-25,1.208148336046065
2016-01-26,1.131063122332778
2016-01-27,1.1229483928852704
2016-01-28,1.0895179712597958
2016-01-29,1.128139178750375
2016-02-01,1.1171508101261831
2016-02-02,1.1485910637004089
2016-02-03,1.1492418769493955
2016-02-04,1.167895379394984
2016-02-05,1.159431663132802
2016-02-15,1.1564951434489694
2016-02-16,1.197477513982973
2016-02-17,1.207425210213858
2016-02-18,1.2026054193409295
2016-02-19,1.2055010666951156
2016-02-22,1.2303042827398225
2016-02-23,1.2201993852410664
2016-02-24,1.2224945237519849
2016-02-25,1.142010618627324
2016-02-26,1.147537815205673
2016-02-29,1.1047790703447258
2016-03-01,1.1270827862302815
2016-03-02,1.1751675100467027
2016-03-03,1.1781323259587522
2016-03-04,1.1669333076356128
2016-03-07,1.1793836480510065
2016-03-08,1.1822478551516185
2016-03-09,1.1650185961929425
2016-03-10,1.1481666202771572
2016-03-11,1.1457865930815885
2016-03-14,1.174054525070175
2016-03-15,1.1728912356879286
2016-03-16,1.1687662744189902
2016-03-17,1.1963896812093051
2016-03-18,1.2264119793473336
2016-03-21,1.256896449212903
2016-03-22,1.2513283803049078
2016-03-23,1.2594588298792022
2016-03-24,1.2393433556424127
2016-03-25,1.2457100069911935
2016-03-28,1.236450852313584
2016-03-29,1.2188663184895194
2016-03-30,1.256516022144655
2016-03-31,1.2579811379612138
2016-04-01,1.2516553589420796
2016-04-05,1.2772728775543587
2016-04-06,1.2806904331178774
2016-04-07,1.261128307343994
2016-04-08,1.2500896343140835
2016-04-11,1.2720663715624672
2016-04-12,1.2644138138425007
2016-04-13,1.2791278525152385
2016-04-14,1.2874658077631234
2016-04-15,1.2844632635467845
2016-04-18,1.26403653079961
2016-04-19,1.2670736592948801
2016-04-20,1.2260881447355192
2016-04-21,1.2152349692016966
2016-04-22,1.2249185673025582
2016-04-25,1.218891470692379
2016-04-26,1.2301659456240963
2016-04-27,1.2265000120573417
2016-04-28,1.2248776949729114
2016-04-29,1.2244941238793061
2016-05-03,1.2551043547591727
2016-05-04,1.2526142866760939
2016-05-05,1.2569781938721962
2016-05-06,1.2163951145585854
2016-05-09,1.1846813307782638
2016-05-10,1.1847976597164884
2016-05-11,1.1842370491211134
2016-05-12,1.1851677779939025
2016-05-13,1.1798878840691502
2016-05-16,1.1887827929038843
2016-05-17,1.1820448438890698
2016-05-18,1.174073011150369
2016-05-19,1.171231067168612
2016-05-20,1.176159501668621
2016-05-23,1.1797568991138832
2016-05-24,1.169342686669146
2016-05-25,1.1675331990737208
2016-05-26,1.1695391996251046
2016-05-27,1.1681600731500983
2016-05-30,1.1673471512484284
2016-05-31,1.204972307817365
2016-06-01,1.2036042487007481
2016-06-02,1.2049182976091022
2016-06-03,1.2122855043143692
2016-06-06,1.2092334722526217
2016-06-07,1.2071625545426161
2016-06-08,1.201816455638193
2016-06-13,1.157083393308075
2016-06-14,1.1609433729642904
2016-06-15,1.181706946478263
2016-06-16,1.1737693215449407
2016-06-17,1.1810031350166812
2016-06-20,1.1830962209511235
2016-06-21,1.1751221689493936
2016-06-22,1.1911739508756294
2016-06-23,1.1837213378384486
2016-06-24,1.1702950468389774
2016-06-27,1.193247509331146
2016-06-28,1.2020936756244613
2016-06-29,1.2038287561556218
2016-06-30,1.2073050159192822
2016-07-01,1.2049570159034766
2016-07-04,1.2250644342206494
2016-07-05,1.2235031666776721
2016-07-06,1.2289279615193842
2016-07-07,1.2267494486075345
2016-07-08,1.2217256782936716
2016-07-11,1.2226650874106029
2016-07-12,1.2466690666414397
2016-07-13,1.2506787348799047
2016-07-14,1.2474812424671182
2016-07-15,1.24884676265852
2016-07-18,1.2467972739464692
2016-07-19,1.2396119792048101
2016-07-20,1.2355685893283235
2016-07-21,1.2426209573256866
2016-07-22,1.2314285254559851
2016-07-25,1.233158989981726
2016-07-26,1.2478244351523913
2016-07-27,1.2325910302560987
2016-07-28,1.2363806508934758
2016-07-29,1.232197083723004
2016-08-01,1.2255289948591503
2016-08-02,1.2307566411848174
2016-08-03,1.2324121833637736
2016-08-04,1.2347420266637934
2016-08-05,1.2374343974482562
2016-08-08,1.2486099113686837
2016-08-09,1.2570882208048562
2016-08-10,1.2525131239511862
2016-08-11,1.249550065978339
2016-08-12,1.2754852822153868
2016-08-15,1.3115640174671481
2016-08-16,1.3038784347969579
2016-08-17,1.3016525160424783
2016-08-18,1.2996561980281456
2016-08-19,1.2970266653409865
2016-08-22,1.2878087998365506
2016-08-23,1.2902329002825255
2016-08-24,1.2846910634703412
2016-08-25,1.2768508024067884
2016-08-26,1.2758478096998298
2016-08-29,1.2755626214120679
2016-08-30,1.2784749255370929
2016-08-31,1.2839001111636117
2016-09-01,1.2721334455685938
2016-09-02,1.275476585050859
2016-09-05,1.2807715757679232
2016-09-06,1.2911997837809108
2016-09-07,1.2898662372947691
2016-09-08,1.289805649281393
2016-09-09,1.2823730481878428
2016-09-12,1.262368870917261
2016-09-13,1.2620628934978506
2016-09-14,1.2515632903971403
2016-09-19,1.2619617041150535
2016-09-20,1.2606823812039756
2016-09-21,1.262935049606721
2016-09-22,1.27428753464815
2016-09-23,1.2687486205755172
2016-09-26,1.2507610031478205
2016-09-27,1.2586200452117298
2016-09-28,1.2551651505705141
2016-09-29,1.2601740250189715
2016-09-30,1.2631639303535243
2016-10-10,1.2779978120173776
2016-10-11,1.2818695105448767
2016-10-12,1.2779391496005184
2016-10-13,1.2759414935400835
2016-10-14,1.2755275357868805
2016-10-17,1.2643480942449847
2016-10-18,1.2799790628594916
2016-10-19,1.2755224318706984
2016-10-20,1.276017281997907
2016-10-21,1.2809738605873497
2016-10-24,1.295206664034524
2016-10-25,1.2968205451791062
2016-10-26,1.2901207833949215
2016-10-27,1.285923255729562
2016-10-28,1.284649391087251
2016-10-31,1.2834162326459162
2016-11-01,1.2925439995942045
2016-11-02,1.2810097778235054
2016-11-03,1.2919621403684873
2016-11-04,1.288751139456196
2016-11-07,1.2919310120971526
2016-11-08,1.2957406336120338
2016-11-09,1.2896203365711565
2016-11-10,1.305000097092892
2016-11-11,1.3146977508548463
2016-11-14,1.319249661916939
2016-11-15,1.318557656500345
2016-11-16,1.3185720233948073
2016-11-17,1.3224367180051269
2016-11-18,1.316970114662277
2016-11-21,1.327213710413793
2016-11-22,1.3376895709591134
2016-11-23,1.3428041853876402
2016-11-24,1.349118435503757
2016-11-25,1.362362317715453
2016-11-28,1.3693733622129842
2016-11-29,1.376329333615077
2016-11-30,1.3634494127297558
2016-12-01,1.3754050634046788
2016-12-02,1.362333583926529
2016-12-05,1.3417027234788756
2016-12-06,1.3380559267678989
2016-12-07,1.3436829604322424
2016-12-08,1.3443366541302706
2016-12-09,1.3569316316087587
2016-12-12,1.3298859527837537
2016-12-13,1.3252717851789917
2016-12-14,1.3177459269632337
2016-12-15,1.299375457910959
2016-12-16,1.300213526754585
2016-12-19,1.2956999274110583
2016-12-20,1.2861291812168534
2016-12-21,1.2963392542146241
2016-12-22,1.296145301139385
2016-12-23,1.2863853908347618
2016-12-26,1.2918543886600218
2016-12-27,1.2907194039975118
2016-12-28,1.2859017053878694
2016-12-29,1.2832127016410362
2016-12-30,1.2874030458591643
2017-01-03,1.3004481860308001
2017-01-04,1.3095567971198059
2017-01-05,1.3111179996513598
2017-01-06,1.3055795618361994
2017-01-09,1.3114556216712205
2017-01-10,1.309391577833491
2017-01-11,1.3005056536086488
2017-01-12,1.293403618779524
2017-01-13,1.2959178253104011
2017-01-16,1.2995454661620947
2017-01-17,1.2991910827653619
2017-01-18,1.3068845547498453
2017-01-19,1.3027852008633105
2017-01-20,1.3121763608767387
2017-01-23,1.3160961285824964
2017-01-24,1.3202098493634933
2017-01-25,1.3240434157024779
2017-01-26,1.329265781839471
2017-02-03,1.3179326965912417
2017-02-06,1.3215818877846288
2017-02-07,1.3200757583485128
2017-02-08,1.3252143176011435
2017-02-09,1.3303241430648496
2017-02-10,1.3394064148473412
2017-02-13,1.3484312190519845
2017-02-14,1.3480792301376616
2017-02-15,1.3452561353758483
2017-02-16,1.3532632845560888
2017-02-17,1.3423588116593137
2017-02-20,1.3641390236639395
2017-02-21,1.3677139859026053
2017-02-22,1.3718564404725264
2017-02-23,1.3644000222466683
2017-02-24,1.3624006294340185
2017-02-27,1.3506748490704905
2017-02-28,1.3544293974899333
2017-03-01,1.3558972152074833
2017-03-02,1.3460678649129598
2017-03-03,1.34333576048274
2017-03-06,1.3491782975640156
2017-03-07,1.3503348325682194
2017-03-08,1.3491591417047328
2017-03-09,1.3394638824251892
2017-03-10,1.3407521139619623
2017-03-13,1.3515320737733987
2017-03-14,1.351594330316068
2017-03-15,1.3538355658521641
2017-03-16,1.3606718131337392
2017-03-17,1.3458523614960274
2017-03-20,1.3465467613950313
2017-03-21,1.3529112956417655
2017-03-22,1.3439559314270229
2017-03-23,1.3487353183180992
2017-03-24,1.3585119899995952
2017-03-27,1.355708051097065
2017-03-28,1.3517763109792553
2017-03-29,1.3507227387186973
2017-03-30,1.342308527528696
2017-03-31,1.3502486312014461
2017-04-05,1.3692943442934413
2017-04-06,1.3753236510027258
2017-04-07,1.376451452218005
2017-04-10,1.375539154419658
2017-04-11,1.3809554736318899
2017-04-12,1.3774188231117896
2017-04-13,1.3795954076228063
2017-04-14,1.366796899139437
2017-04-17,1.3634015230815482
2017-04-18,1.3543096733694149
2017-04-19,1.3449687974866045
2017-04-20,1.3471525654448517
2017-04-21,1.3515655965271434
2017-04-24,1.3352232540764433
2017-04-25,1.3385348232499696
2017-04-26,1.341432146966504
2017-04-27,1.3414345414489142
2017-04-28,1.3414249635192728
2017-05-02,1.3371268675926784
2017-05-03,1.3296321376482547
2017-05-04,1.3262726788265211
2017-05-05,1.3180859434655037
2017-05-08,1.309597503320781
2017-05-09,1.308831268949466
2017-05-10,1.3011473748946238
2017-05-11,1.309097056497016
2017-05-12,1.3223313607790703
2017-05-15,1.325238262425246
2017-05-16,1.3342894059364032
2017-05-17,1.3282146040613223
2017-05-18,1.3222331870002455
2017-05-19,1.3246444307874767
2017-05-22,1.325877589228812
2017-05-23,1.3302211803212027
2017-05-24,1.3311550284612428
2017-05-25,1.3598050105011883
2017-05-26,1.3589453913158693
2017-05-31,1.3637032278652526
2017-06-01,1.3629705162476828
2017-06-02,1.3602144669933594
2017-06-05,1.3531675052596728
2017-06-06,1.3624557025294555
2017-06-07,1.3781754795534629
2017-06-08,1.3883592132447196
2017-06-09,1.3936869366077682
2017-06-12,1.3943621806474895
2017-06-13,1.3975779705246014
2017-06-14,1.3782018188599765
2017-06-15,1.3742533173652944
2017-06-16,1.3688585484947557
2017-06-19,1.3843939503731648
2017-06-20,1.3829333161028459
2017-06-21,1.3958228149178082
2017-06-22,1.3981933525040635
2017-06-23,1.4095216487874722
2017-06-26,1.4255790478313402
2017-06-27,1.4297550251550057
2017-06-28,1.422205222115144
2017-06-29,1.4305811215865796
2017-06-30,1.4301620871647667
2017-07-03,1.4263979608156825
2017-07-04,1.4138053778196042
2017-07-05,1.4299585561598858
2017-07-06,1.4328175681578545
2017-07-07,1.430145325787894
2017-07-10,1.4322572592738303
2017-07-11,1.4390911120729946
2017-07-12,1.4355305167287908
2017-07-13,1.448678619644072
2017-07-14,1.456192505447779
2017-07-17,1.4454388849428565
2017-07-18,1.4483146583176976
2017-07-19,1.469769220714514
2017-07-20,1.4760307922176032
2017-07-21,1.4686007132982593
2017-07-24,1.477682985080751
2017-07-25,1.4703558689050524
2017-07-26,1.465064062778159
2017-07-27,1.4610389378463453
2017-07-28,1.4648413759139953
2017-07-31,1.4716297335473632
2017-08-01,1.4856039328942183
2017-08-02,1.4808628577217076
2017-08-03,1.4681768899116256
2017-08-04,1.4598033849226002
2017-08-07,1.4685001450370243
2017-08-08,1.4662613039833385
2017-08-09,1.463565116789274
2017-08-10,1.4544253774289337
2017-08-11,1.424611676937554
2017-08-14,1.43685945446654
2017-08-15,1.4431808880298878
2017-08-16,1.4386146100733332
2017-08-17,1.4462051193141714
2017-08-18,1.4507713972707263
2017-08-21,1.457552571456863
2017-08-22,1.4652580158533983
2017-08-23,1.4662541205361073
2017-08-24,1.4607037103088953
2017-08-25,1.4871364016368485
2017-08-28,1.5016421760788035
2017-08-29,1.5024060159677082
2017-08-30,1.5020348711941023
2017-08-31,1.4934314958936823
2017-09-01,1.4955123011082845
2017-09-04,1.497269851197488
2017-09-05,1.5025185566409949
2017-09-06,1.4985269544629265
2017-09-07,1.4906538962976659
2017-09-08,1.4893728482081239
2017-09-11,1.489492572328642
2017-09-12,1.4953375038923284
2017-09-13,1.497341685669799
2017-09-14,1.49321359799434
2017-09-15,1.4896075074843396
2017-09-18,1.492092980226292
2017-09-19,1.4905030439058136
2017-09-20,1.4936685496523086
2017-09-21,1.4923036946784038
2017-09-22,1.491939733352029
2017-09-25,1.4825509678210114
2017-09-26,1.4833363580516095
2017-09-27,1.482601251951629
2017-09-28,1.4770867589605723
2017-09-29,1.481686559670872
2017-10-09,1.4986706234075482
2017-10-10,1.5005862093358355
2017-10-11,1.5045011880767725
2017-10-12,1.5079851599838452
2017-10-13,1.509464950113447
2017-10-16,1.5061414085278688
2017-10-17,1.507250053883865
2017-10-18,1.516373031867333
2017-10-19,1.5128627206537468
2017-10-20,1.5110022078208978
2017-10-23,1.511873799418268
2017-10-24,1.5218947083056207
2017-10-25,1.5276893557386895
2017-10-26,1.529937774722017
2017-10-27,1.542252597758493
2017-10-30,1.5358162290394481
2017-10-31,1.5321502764691886
2017-11-01,1.5275935764422754
2017-11-02,1.5260682911468766
2017-11-03,1.5178839502682695
2017-11-06,1.5218875248583896
2017-11-07,1.538452554173253
2017-11-08,1.5371834784957632
2017-11-09,1.5470391680968008
2017-11-10,1.5579532189232173
2017-11-13,1.5663123570177802
2017-11-14,1.5602950227205479
2017-11-15,1.5529080444845902
2017-11-16,1.5625218913621821
2017-11-17,1.5748678426699927
2017-11-20,1.582951615287365
2017-11-21,1.6091927480224892
2017-11-22,1.6179110584786067
2017-11-23,1.575801690810033
2017-11-24,1.5798747053900537
2017-11-27,1.5638197008285968
2017-11-28,1.5612073205188952
2017-11-29,1.565768809510629
2017-11-30,1.5489379926482154
2017-12-01,1.5407847800409429
2017-12-04,1.5454564152235535
2017-12-05,1.5545386870060454
2017-12-06,1.5425950087431746
2017-12-07,1.525263745056996
2017-12-08,1.5370422040335519
2017-12-11,1.5579388520287547
2017-12-12,1.535715660778213
2017-12-13,1.5493354767283347
2017-12-14,1.5423771108438318
2017-12-15,1.5254481202025936
2017-12-18,1.5298755181793475
2017-12-19,1.5521202597715824
2017-12-20,1.547822163844988
2017-12-21,1.5603620682280381
2017-12-22,1.5569044356274797
2017-12-25,1.5558029737187145
2017-12-26,1.5633743271002696
2017-12-27,1.5409547882920782
2017-12-28,1.5467446467603263
2017-12-29,1.5528433934595105
2018-01-02,1.5840123709951537
2018-01-03,1.586950400912664
2018-01-04,1.593200000003701
2018-01-05,1.6036279709008145
2018-01-08,1.614649773435697
2018-01-09,1.6200253864469532
2018-01-10,1.6300750291232293
2018-01-11,1.627757170150002
2018-01-12,1.6393895656995265
2018-01-15,1.6473607976436113
2018-01-16,1.6646681165056865
2018-01-17,1.6627357692005265
2018-01-18,1.6788937365056291
2018-01-19,1.681008064473976
2018-01-22,1.696447687055971
2018-01-23,1.7170761530212144
2018-01-24,1.7168845944283855
2018-01-25,1.7077137267967106
2018-01-26,1.7185367872915331
2018-01-29,1.6974270303618084
2018-01-30,1.6763124844672626
2018-01-31,1.6853109493653915
2018-02-01,1.6782472262548325
2018-02-02,1.6885770233731208
2018-02-05,1.7067894565863118
2018-02-06,1.6568118197172985
2018-02-07,1.6135531004917527
2018-02-08,1.5862320561895564
2018-02-09,1.5139546046328696
2018-02-12,1.526355629036119
2018-02-13,1.5489332036833943
2018-02-14,1.5625482306686957
2018-02-22,1.5928863228079444
2018-02-23,1.6034507792024484
2018-02-26,1.6166180379770132
2018-02-27,1.5862416341191985
2018-02-28,1.5710663139185947
2018-03-01,1.5774688431575854
2018-03-02,1.5647862283613452
2018-03-05,1.5641886128965843
2018-03-06,1.5811245112119554
2018-03-07,1.5664990034743511
2018-03-08,1.5798784417582177
2018-03-09,1.6043534775958157
2018-03-12,1.623609900168954
2018-03-13,1.611469092118206
2018-03-14,1.5966724823063572
2018-03-15,1.6016827973934766
2018-03-16,1.5830921850657687
2018-03-19,1.585424380729929
2018-03-20,1.5877454175631605
2018-03-21,1.5774755734981742
2018-03-22,1.5621730966842104
2018-03-23,1.4986086761023383
2018-03-26,1.5126613638522541
2018-03-27,1.5422880599687392
2018-03-28,1.5187280482673187
2018-03-29,1.5355109299845286
2018-03-30,1.5508877990046854
2018-04-02,1.546372192088752
2018-04-03,1.535979600883547
2018-04-04,1.5274505344434837
2018-04-09,1.5232138983007752
2018-04-10,1.5428236838533311
2018-04-11,1.5495041039694903
2018-04-12,1.5379621531785987
2018-04-13,1.5291392375240727
2018-04-16,1.5125906912563711
2018-04-17,1.484496474587468
2018-04-18,1.49881697427968
2018-04-19,1.5156630893721545
2018-04-20,1.4857239459896578
2018-04-23,1.4843886058884876
2018-04-24,1.5195500821457544
2018-04-25,1.5195054468220386
2018-04-26,1.482048971003708
2018-04-27,1.4839283914031989
2018-05-02,1.4836632575990665
2018-05-03,1.4968126193414162
2018-05-04,1.4900650567964413
2018-05-07,1.5107330617456767
2018-05-08,1.5269024458648268
2018-05-09,1.5247174842468973
2018-05-10,1.530400825751411
2018-05-11,1.5251691243578662
2018-05-14,1.536235527725546
2018-05-15,1.53973390761213
2018-05-16,1.5257989792153253
2018-05-17,1.5185263527797819
2018-05-18,1.5356789118050012
2018-05-21,1.5417748326541292
2018-05-22,1.533244937801565
2018-05-23,1.5113831151327861
2018-05-24,1.5017570775244118
2018-05-25,1.4980975719766172
2018-05-28,1.5009660970057424
2018-05-29,1.4927706599650847
2018-05-30,1.4581603796775053
2018-05-31,1.4865136134547465
2018-06-01,1.4774344265753285
2018-06-04,1.4947334634743754
2018-06-05,1.5040494562498146
2018-06-06,1.498876346005801
2018-06-07,1.4977704380584025
2018-06-08,1.4754765056618322
2018-06-11,1.478935824782062
2018-06-12,1.4950776864778705
2018-06-13,1.4860082647900412
2018-06-14,1.4842309999209322
2018-06-15,1.4825391804782226
2018-06-19,1.4346409157365774
2018-06-20,1.435478280915292
2018-06-21,1.4245974161877937
2018-06-22,1.4279322291152698
2018-06-25,1.4054332276953414
2018-06-26,1.3880829235404548
2018-06-27,1.3651151929242773
2018-06-28,1.3508262763323888
2018-06-29,1.381584188538301
2018-07-02,1.335018872448487
2018-07-03,1.340201747884089
2018-07-04,1.3260283271856501
2018-07-05,1.314306303953868
2018-07-06,1.3215581095533862
2018-07-09,1.3579161194633933
2018-07-10,1.3622667281268501
2018-07-11,1.3363928624559747
2018-07-12,1.3730552060449743
2018-07-13,1.3810368315711237
2018-07-16,1.3775638811492292
2018-07-17,1.3719655774757988
2018-07-18,1.3604724987514591
2018-07-19,1.35457772370055
2018-07-20,1.3749110398624391
2018-07-23,1.3862270058158175
2018-07-24,1.407134013344516
2018-07-25,1.4025868354639648
2018-07-26,1.3850950241927165
2018-07-27,1.3748092645278622
2018-07-30,1.3636933262460982
2018-07-31,1.3638491556015224
2018-08-01,1.3358918931611492
2018-08-02,1.307083687798085
2018-08-03,1.2935270231688514
2018-08-06,1.2829601041386383
2018-08-07,1.3206261718157815
2018-08-08,1.3041081228106015
2018-08-09,1.329957014207032
2018-08-10,1.3286193098520556
2018-08-13,1.319822603828693
2018-08-14,1.3137060333857964
2018-08-15,1.2850162928114819
2018-08-16,1.2778361765033213
2018-08-17,1.2630387083646128
2018-08-20,1.2772807692181278
2018-08-21,1.295197971894944
2018-08-22,1.2907688942249331
2018-08-23,1.292803811980472
2018-08-24,1.2977457551010658
2018-08-27,1.3230935982231944
2018-08-28,1.3217582573034738
2018-08-29,1.3148026673446462
2018-08-30,1.3027727818908807
2018-08-31,1.3004589787751173
2018-09-03,1.296424594792882
2018-09-04,1.3123754193365882
2018-09-05,1.2847397708865136
2018-09-06,1.2732109337070505
2018-09-07,1.283073549030933
2018-09-10,1.2711027494585712
2018-09-11,1.2617080943154046
2018-09-12,1.2564423605647193
2018-09-13,1.2722041102879333
2018-09-14,1.2744233759934516
2018-09-17,1.259077590875318
2018-09-18,1.2846806850051098
2018-09-19,1.2997617653745557
2018-09-20,1.2998161243854467
2018-09-21,1.3388269867233353
2018-09-25,1.327796834382918
2018-09-26,1.3388057158060298
2018-09-27,1.3338354114623623
2018-09-28,1.3466239596333494
2018-10-08,1.2969540042902583
2018-10-09,1.2969398236787217
2018-10-10,1.3006811416891952
2018-10-11,1.2396217918467531
2018-10-12,1.257926597905577
2018-10-15,1.236681678388112
2018-10-16,1.2270105013199766
2018-10-17,1.2370598280290945
2018-10-18,1.2062571763357894
2018-10-19,1.2407656945107262
2018-10-22,1.2851533720563388
2018-10-23,1.2547477774860654
2018-10-24,1.2621193320499737
2018-10-25,1.2675363256570524
2018-10-26,1.2668603831737957
2018-10-29,1.2306383744381555
2018-10-30,1.24364908552322
2018-10-31,1.2594722845630941
2018-11-01,1.263116701728066
2018-11-02,1.2992867148880713
2018-11-05,1.2908232532358248
2018-11-06,1.2862805208707162
2018-11-07,1.278108945500659
2018-11-08,1.2719593526672726
2018-11-09,1.256893538022475
2018-11-12,1.2830971885511726
2018-11-13,1.3048182966524986
2018-11-14,1.2937012274661472
2018-11-15,1.3101860348637577
2018-11-16,1.321947571829028
2018-11-19,1.3311057981610332
2018-11-20,1.2899404187825876
2018-11-21,1.2936461085113715
2018-11-22,1.2911954349836403
2018-11-23,1.2506448439469269
2018-11-26,1.2457053376150813
2018-11-27,1.247867696610138
2018-11-28,1.2701739136160093
2018-11-29,1.2445987185999638
2018-11-30,1.2593281992839398
2018-12-03,1.3019563509237475
2018-12-04,1.305369486200259
2018-12-05,1.300934530300593
2018-12-06,1.26833802843001
2018-12-07,1.267689320731493
2018-12-10,1.2507635616956752
2018-12-11,1.25912044322363
2018-12-12,1.2615583969925668
2018-12-13,1.2806846742998248
2018-12-14,1.252340811786187
2018-12-17,1.2457731763286517
2018-12-18,1.2342066756648964
2018-12-19,1.214418970900327
2018-12-20,1.2181077009507182
2018-12-21,1.2027676718446085
2018-12-24,1.2093353073021444
2018-12-25,1.1982012784374003
2018-12-26,1.1912859695728164
2018-12-27,1.1817461504769775
2018-12-28,1.188216267783755
2019-01-02,1.1772263961853486
2019-01-03,1.170408605471522
2019-01-04,1.20354357713107
2019-01-07,1.2194559953829298
2019-01-08,1.2173275557446583
2019-01-09,1.22936044756421
2019-01-10,1.2290127741571617
2019-01-11,1.2369244641273107
2019-01-14,1.2274143244686588
2019-01-15,1.2533456727309489
2019-01-16,1.2525188884093095
2019-01-17,1.2422328434641954
2019-01-18,1.2628897317463859
2019-01-21,1.2695803248722677
2019-01-22,1.249427987022257
2019-01-23,1.2489064769116847
2019-01-24,1.2568563261582173
2019-01-25,1.2627413345604503
2019-01-28,1.260167703364373
2019-01-29,1.2564492938767948
2019-01-30,1.2429324301978901
2019-01-31,1.2460487711025312
2019-02-01,1.2781280027821398
2019-02-11,1.3180553256379253
2019-02-12,1.3310421993670611
2019-02-13,1.3600602090968048
2019-02-14,1.368675725720247
2019-02-15,1.3503041541014598
2019-02-18,1.4021583707868437
2019-02-19,1.4011238304048947
2019-02-20,1.406334691591022
2019-02-21,1.4077889840131879
2019-02-22,1.446804724155371
2019-02-25,1.5274013557966182
2019-02-26,1.5195490247008432
2019-02-27,1.5037638040369279
2019-02-28,1.5027419834137734
2019-03-01,1.5303523398369312
2019-03-04,1.5582086115967815
2019-03-05,1.5845342723816995
2019-03-06,1.6036987089653407
2019-03-07,1.5986404848847469
2019-03-08,1.541715324359975
2019-03-11,1.5908178332261589
2019-03-12,1.608180303980586
2019-03-13,1.572238505547062
2019-03-14,1.5487111916969238
2019-03-15,1.57093685023043
2019-03-18,1.6201792764433527
2019-03-19,1.6129671732068982
2019-03-20,1.605521874392546
2019-03-21,1.6126364594782427
2019-03-22,1.6103087436188577
2019-03-25,1.5756346811451811
2019-03-26,1.547108502088823
2019-03-27,1.5622322952954266
2019-03-28,1.5537566960187232
2019-03-29,1.6176946835588368
2019-04-01,1.6721691705558777
2019-04-02,1.669281785309537
2019-04-03,1.6854401188980899
2019-04-04,1.7009285451901341
2019-04-08,1.6943185105366172
2019-04-09,1.7050200676023497
2019-04-10,1.7130377555624527
2019-04-11,1.6699135333296617
2019-04-12,1.6652877810480788
2019-04-15,1.6504735019721397
2019-04-16,1.6891882078228548
2019-04-17,1.6988001055518627
2019-04-18,1.6914862442450525
2019-04-19,1.7132836708991455
2019-04-22,1.680924604526059
2019-04-23,1.6700492107568021
2019-04-24,1.6840324655915038
2019-04-25,1.634565323639879
2019-04-26,1.6104529008851955
2019-04-29,1.589766333165818
2019-04-30,1.5979324183118566
2019-05-06,1.4823691697446597
2019-05-07,1.5036959653233577
2019-05-08,1.486685407895577
2019-05-09,1.4642265537841723
2019-05-10,1.5227671236758396
2019-05-13,1.4943257430114447
2019-05-14,1.483204433905495
2019-05-15,1.5186925609420165
2019-05-16,1.5247810854849613
2019-05-17,1.4777518973022732
2019-05-20,1.4611738116735036
2019-05-21,1.4877114684383292
2019-05-22,1.4791680304480554
2019-05-23,1.4443413308688453
2019-05-24,1.4427937602155203
2019-05-27,1.4718965683372267
2019-05-28,1.484387371473379
2019-05-29,1.4825430064481835
2019-05-30,1.4735586168197023
2019-05-31,1.4669231426485962
2019-06-03,1.4596262410201788
2019-06-04,1.444362530466836
2019-06-05,1.4453292321352147
2019-06-06,1.4211065714709792
2019-06-10,1.4380874494615732
2019-06-11,1.4927272933229419
2019-06-12,1.4802322502671914
2019-06-13,1.480495125282277
2019-06-14,1.4614706060453746
2019-06-17,1.4577140372814128
2019-06-18,1.4609363761760075
2019-06-19,1.480910637402896
2019-06-20,1.5202994904697162
2019-06-21,1.5306788136459892
2019-06-24,1.5333584428320208
2019-06-25,1.5194684662284788
2019-06-26,1.5199942162586495
2019-06-27,1.5381665116563237
2019-06-28,1.5293941180077497
2019-07-01,1.5847547482008042
2019-07-02,1.5838728449243888
2019-07-03,1.5577040611646027
2019-07-04,1.5491267038175436
2019-07-05,1.561036637968749
2019-07-08,1.5209948372838134
2019-07-09,1.522932480540168
2019-07-10,1.5181286516354633
2019-07-11,1.5168015568012423
2019-07-12,1.5247683657261673
2019-07-15,1.5355377615054704
2019-07-16,1.5294153176057406
2019-07-17,1.5303184204801468
2019-07-18,1.508911066429084
2019-07-19,1.520672603394354
2019-07-22,1.5054512920369927
2019-07-23,1.5147960748313172
2019-07-24,1.5284274163393716
2019-07-25,1.5395232859277321
2019-07-26,1.5429406611238417
2019-07-29,1.5430254595158048
2019-07-30,1.5490334255863842
2019-07-31,1.5386286628925223
2019-08-01,1.5283129385102217
2019-08-02,1.508597312378821
2019-08-05,1.48163566365418
2019-08-06,1.4595626422262074
2019-08-07,1.456039269040144
2019-08-08,1.4743896410609407
2019-08-09,1.4562173456632663
2019-08-12,1.4879277043378358
2019-08-13,1.4750553084378502
2019-08-14,1.4854091920965344
2019-08-15,1.4915740351922453
2019-08-16,1.5007661808810364
2019-08-19,1.5414694090232837
2019-08-20,1.5419188405006874
2019-08-21,1.542046038088632
2019-08-22,1.5492369417270955
2019-08-23,1.5567924784510003
2019-08-26,1.5363009470331377
2019-08-27,1.5628046844411778
2019-08-28,1.5586198837978036
2019-08-29,1.5569832748329173
2019-08-30,1.5554060247424053
2019-09-02,1.5831647783514984
2019-09-03,1.5909874300100864
2019-09-04,1.6035672714577995
2019-09-05,1.621722607177081
2019-09-06,1.6265730751973657
2019-09-09,1.6510204516003024
2019-09-10,1.644198420966878
2019-09-11,1.6270733857099473
2019-09-12,1.6420954208461953
2019-09-16,1.6408107252079556
2019-09-17,1.610469860563589
2019-09-18,1.6198273631167073
2019-09-19,1.632135849710139
2019-09-20,1.6358076200821372
2019-09-23,1.6178134013075858
2019-09-24,1.625470696101846
2019-09-25,1.604517013447785
2019-09-26,1.5799763588136884
2019-09-27,1.5928063555176926
2019-09-30,1.5761265118185677
2019-10-08,1.57978980235137
2019-10-09,1.5786492639794674
2019-10-10,1.5994630292867895
2019-10-11,1.6090706870961988
2019-10-14,1.624745669850562
2019-10-15,1.6142985079607186
2019-10-16,1.6054370760005834
2019-10-17,1.6050300437191614
2019-10-18,1.5872351011657226
2019-10-21,1.5866330325827853
2019-10-22,1.5995011885631727
2019-10-23,1.589003147638151
2019-10-24,1.584890425627945
2019-10-25,1.6004636503119527
2019-10-28,1.6185469073980656
2019-10-29,1.6109744109957682
2019-10-30,1.601951862090904
2019-10-31,1.5991704748345168
2019-11-01,1.6262508413079053
2019-11-04,1.638724684765665
2019-11-05,1.6505455806053093
2019-11-06,1.640072979197877
2019-11-07,1.6478023526253058
2019-11-08,1.6424515740924392
2019-11-11,1.6101476266741286
2019-11-12,1.6080912656690252
2019-11-13,1.6114704815887517
2019-11-14,1.6174190887849573
2019-11-15,1.602473372201476
2019-11-18,1.6122421469556152
2019-11-19,1.6400644993586802
2019-11-20,1.6264458776094197
2019-11-21,1.6198443227950992
2019-11-22,1.6007477249250281
2019-11-25,1.6037835073573041
2019-11-26,1.6128781348953378
2019-11-27,1.6077902313775567
2019-11-28,1.6033298359603023
2019-11-29,1.5889692282813652
2019-12-02,1.5950026338695342
2019-12-03,1.601676267317023
2019-12-04,1.6052759590558534
2019-12-05,1.6237747282625847
2019-12-06,1.6410990397406287
2019-12-09,1.6408870437607213
2019-12-10,1.6453643988563684
2019-12-11,1.6371855939515356
2019-12-12,1.630868113750291
2019-12-13,1.661543932042911
2019-12-16,1.6755695860735944
2019-12-17,1.6991604987177051
2019-12-18,1.6923935870390565
2019-12-19,1.6889380525665636
2019-12-20,1.6793727939531358
2019-12-23,1.659775885570483
2019-12-24,1.6793473544355468
2019-12-25,1.6840027861543163
2019-12-26,1.6950096174311156
2019-12-27,1.6937079621144833
2019-12-30,1.7171674372510517
2019-12-31,1.7270125305579576
2020-01-02,1.750450806096535
2020-01-03,1.743255662538473
2020-01-06,1.744349561794796
2020-01-07,1.7675800812730642
2020-01-08,1.7524266086292737
2020-01-09,1.7849340721882954
2020-01-10,1.7847220762083875
2020-01-13,1.8069901339378753
2020-01-14,1.7995321153647281
2020-01-15,1.7973103974952973
2020-01-16,1.7943678932941804
2020-01-17,1.7928203226408557
2020-01-20,1.8107551825410328
2020-01-21,1.7806941525901443
2020-01-22,1.79666168979678
2020-01-23,1.7353142931311374
2020-02-03,1.5973897086032935
2020-02-04,1.6533227279420981
2020-02-05,1.6879374315414009
2020-02-06,1.730544383583218
2020-02-07,1.732049555040561
2020-02-10,1.7484071648502268
2020-02-11,1.7621063450718517
2020-02-12,1.7848153544395473
2020-02-13,1.7703657084490494
2020-02-14,1.7774421342583628
2020-02-17,1.8196505338579534
2020-02-18,1.817539053898074
2020-02-19,1.8091948921289138
2020-02-20,1.8491010153867085
2020-02-21,1.8618843729751327
2020-02-24,1.8647929578194642
2020-02-25,1.8683756898799018
2020-02-26,1.8228559130741555
2020-02-27,1.8327985245318188
2020-02-28,1.7542370542976837
2020-03-02,1.812697065716986
2020-03-03,1.8297797017779356
2020-03-04,1.8358343069640946
2020-03-05,1.876660492774688
2020-03-06,1.8541337999497132
2020-03-09,1.7777346887106347
2020-03-10,1.8230085501796887
2020-03-11,1.7954278731937177
2020-03-12,1.7505568040864883
2020-03-13,1.7280852302162895
2020-03-16,1.6390935577707033
2020-03-17,1.6304780411472612
2020-03-18,1.6045297332065787
2020-03-19,1.5912418251859741
2020-03-20,1.6212604559408816
2020-03-23,1.555757938069051
2020-03-24,1.5963085291057644
2020-03-25,1.6473062820323219
2020-03-26,1.6352097914187975
2020-03-27,1.6343066885443913
2020-03-30,1.6087738927243276
2020-03-31,1.6289389503331329
2020-04-01,1.6259837263732215
2020-04-02,1.6604839521433739
2020-04-03,1.651423243962126
2020-04-07,1.7014246157831177
2020-04-08,1.6949078593607603
2020-04-09,1.704473117974188
2020-04-10,1.6850288466970689
2020-04-13,1.6800384613300452
2020-04-14,1.7190202821154432
2020-04-15,1.706724515280806
2020-04-16,1.7120922534920648
2020-04-17,1.7276612382564742
2020-04-20,1.7374766521261933
2020-04-21,1.7150771568891632
2020-04-22,1.738680789292068
2020-04-23,1.7336268051310726
2020-04-24,1.7199191450702507
2020-04-27,1.7291197705982377
2020-04-28,1.7408473882067228
2020-04-29,1.7353270128899307
2020-04-30,1.7603128590818329
2020-05-06,1.7846330378968254
2020-05-07,1.7863671650124693
2020-05-08,1.807761799304738
2020-05-11,1.8032293252543146
2020-05-12,1.8138121645712988
2020-05-13,1.823877733697309
2020-05-14,1.8040603494955518
2020-05-15,1.7978319076058689
2020-05-18,1.803585478500559
2020-05-19,1.8235046207726715
2020-05-20,1.8087581804103035
2020-05-21,1.799103883485314
2020-05-22,1.7570099617148738
2020-05-25,1.7629755285894717
2020-05-26,1.7941643771534685
2020-05-27,1.7742876340773381
2020-05-28,1.7706582629013208
2020-05-29,1.7911837136759687
2020-06-01,1.845984674482067
2020-06-02,1.841367402039681
2020-06-03,1.8414776399492325
2020-06-04,1.8496522049344677
2020-06-05,1.8592217034674943
2020-06-08,1.8654204659199902
2020-06-09,1.8801669062823585
2020-06-10,1.8859840759710214
2020-06-11,1.870822123488034
2020-06-12,1.8762873798500503
2020-06-15,1.85833556027148
2020-06-16,1.8917334069461134
2020-06-17,1.8943875966145558
2020-06-18,1.9064968069868744
2020-06-19,1.9379994096011344
2020-06-22,1.9390085104654944
2020-06-23,1.9611112113306544
2020-06-24,1.9683233145671082
2020-06-29,1.9639561973810131
2020-06-30,2.0002117498647998
2020-07-01,2.02992510640864
2020-07-02,2.0521974040577264
2020-07-03,2.0702976208222315
2020-07-06,2.1494484398805103
2020-07-07,2.188269143721178
2020-07-08,2.214336169410609
2020-07-09,2.268759777372471
2020-07-10,2.256739605311714
2020-07-13,2.3284239259576487
2020-07-14,2.3046082975748363
2020-07-15,2.282408078558919
2020-07-16,2.147409038553799
2020-07-17,2.178110296364008
2020-07-20,2.2240667848883646
2020-07-21,2.246873312406817
2020-07-22,2.269556882256923
2020-07-23,2.2801778808502915
2020-07-24,2.1603916723633363
2020-07-27,2.1743961267960277
2020-07-28,2.2074420601440146
2020-07-29,2.2648463315833776
2020-07-30,2.257490071080586
2020-07-31,2.2829253487498917
2020-08-03,2.3175315725099983
2020-08-04,2.304548938700461
2020-08-05,2.3149494614747246
2020-08-06,2.2908455185592382
2020-08-07,2.260496174075675
2020-08-10,2.259991623643495
2020-08-11,2.23746493081852
2020-08-12,2.2042027615710276
2020-08-13,2.1996490879226136
2020-08-14,2.233827079803307
2020-08-17,2.269179529412687
2020-08-18,2.278570951322591
2020-08-19,2.237308053793388
2020-08-20,2.211313106737126
2020-08-21,2.2341408338535698
2020-08-24,2.2694084850709872
2020-08-25,2.280398356669394
2020-08-26,2.2506426009295724
2020-08-27,2.271532684789661
2020-08-28,2.3272494682289597
2020-08-31,2.3183837963492264
2020-09-01,2.336441613917751
2020-09-02,2.3466089411141167
2020-09-03,2.332710484671378
2020-09-04,2.302208503082282
2020-09-07,2.235060896406369
2020-09-08,2.235154174637528
2020-09-09,2.168629836142543
2020-09-10,2.1668650667297245
2020-09-11,2.193412315031583
2020-09-14,2.209065601167298
2020-09-15,2.225751480816851
2020-09-16,2.2194022471274044
2020-09-17,2.2196069707974138
2020-09-18,2.2719209279215327
2020-09-21,2.251176772600134
2020-09-22,2.2148630292027294
2020-09-23,2.209014285733688
2020-09-24,2.1692237696645837
2020-09-25,2.161073649767168
2020-09-28,2.165383435992696
2020-09-29,2.1594852764653765
2020-09-30,2.147311277536756
2020-10-09,2.1796752659903724
2020-10-12,2.2345376798342556
2020-10-13,2.2362722379132505
2020-10-14,2.225017439424608
2020-10-15,2.2196883880823677
2020-10-16,2.212061716034145
2020-10-19,2.1901747970179524
2020-10-20,2.220770614556718
2020-10-21,2.2030583224842957
2020-10-22,2.1926852650079027
2020-10-23,2.141418971989773
2020-10-26,2.136958420051001
2020-10-27,2.137966123781665
2020-10-28,2.145140276180387
2020-10-29,2.1510988674132725
2020-10-30,2.1192270757752647
2020-11-02,2.1339762103272966
2020-11-03,2.1588676207651396
2020-11-04,2.175634159335953
2020-11-05,2.2062485388264266
2020-11-06,2.20252739177027
2020-11-09,2.2477008857270357
2020-11-10,2.233554121053512
2020-11-11,2.2146151135906758
2020-11-12,2.2162948252768286
2020-11-13,2.1891823187918686
2020-11-16,2.2251521796599354
2020-11-17,2.238497636920261
2020-11-18,2.2539862096575494
2020-11-19,2.262000920692056
2020-11-20,2.2645395322428423
2020-11-23,2.2942592030211566
2020-11-24,2.276093426091828
2020-11-25,2.2595434365410285
2020-11-26,2.2666184218616623
2020-11-27,2.29562146727544
2020-11-30,2.2775875223707187
2020-12-01,2.322014914663643
2020-12-02,2.3260442421849974
2020-12-03,2.307834521247466
2020-12-04,2.293380322857103
2020-12-07,2.257400321064066
2020-12-08,2.2413303352951734
2020-12-09,2.219030441286468
2020-12-10,2.217458597916141
2020-12-11,2.191906847300436
2020-12-14,2.2009288902152813
2020-12-15,2.1951857463740216
2020-12-16,2.1970922402683537
2020-12-17,2.222873851850042
2020-12-18,2.218337478080195
2020-12-21,2.2199228426838156
2020-12-22,2.169113428276531
2020-12-23,2.184047630448801
2020-12-24,2.1749917844507225
2020-12-25,2.1908657123368647
2020-12-28,2.1969671952536944
2020-12-29,2.1856660359627242
2020-12-30,2.206436662339711
2020-12-31,2.241468317670025
2021-01-04,2.2814217926437252
2021-01-05,2.3315367511620884
2021-01-06,2.348499074799006
2021-01-07,2.3915297798659645
2021-01-08,2.3781064692039338
2021-01-11,2.3503848850728053
2021-01-12,2.409200687215072
2021-01-13,2.3884479911338348
2021-01-14,2.334214571980712
2021-01-15,2.3222453876130666
2021-01-18,2.3431667153883047
2021-01-19,2.2978377828596876
2021-01-20,2.3420889389092574
2021-01-21,2.3917179796348877
2021-01-22,2.4265220949140383
2021-01-25,2.457663969708264
2021-01-26,2.401747899521528
2021-01-27,2.406480584672716
2021-01-28,2.3289943212794784
2021-01-29,2.3220506306925897
2021-02-01,2.350426190983534
2021-02-02,2.398706755446608
2021-02-03,2.400134701469034
2021-02-04,2.3922931771042557
2021-02-05,2.3908759552767913
2021-02-08,2.422370613176942
2021-02-09,2.459307200192909
2021-02-10,2.4820167987151067
2021-02-18,2.5231120824066866
2021-02-19,2.551760724395063
2021-02-22,2.5448366688418114
2021-02-23,2.5449127175691215
2021-02-24,2.5123240272324514
2021-02-25,2.5587970423552973
2021-02-26,2.4967738731813727
2021-03-01,2.5172418449318843
2021-03-02,2.4885750961036726
2021-03-03,2.5515144713732942
2021-03-04,2.5139246718739456
2021-03-05,2.4892052141299623
2021-03-08,2.4622803432939646
2021-03-09,2.4293005452168392
2021-03-10,2.4193707542508265
2021-03-11,2.4850696119114404
2021-03-12,2.512219007561403
2021-03-15,2.506841276130138
2021-03-16,2.529014912193193
2021-03-17,2.505628117861132
2021-03-18,2.516379959355695
2021-03-19,2.4647899512952223
2021-03-22,2.497259136488975
2021-03-23,2.4657387497026235
2021-03-24,2.42180793489274
2021-03-25,2.4127436508708837
2021-03-26,2.443029151180425
2021-03-29,2.453871526874169
2021-03-30,2.4657496138065254
2021-03-31,2.4574458170577773
2021-04-01,2.47076882980904
2021-04-02,2.463627492177757
2021-04-06,2.4588110727814048
2021-04-07,2.4639570366627708
2021-04-08,2.4576449922959727
2021-04-09,2.441026534694575
2021-04-12,2.422988500850042
2021-04-13,2.406913248443721
2021-04-14,2.415208841670751
2021-04-15,2.401589103412354
2021-04-16,2.4138359270668
2021-04-19,2.4651602874304883
2021-04-20,2.4652109537340223
2021-04-21,2.4704875494793193
2021-04-22,2.4718563057048835
2021-04-23,2.5102179261923725
2021-04-26,2.475338939888272
2021-04-27,2.4879257059934803
2021-04-28,2.508679621433056
2021-04-29,2.522203226421328
2021-04-30,2.497150120736492
2021-05-06,2.495514744414187
2021-05-07,2.478930347301345
2021-05-10,2.485515882226442
2021-05-11,2.4886664240624823
2021-05-12,2.5057337044387142
2021-05-13,2.469901290533765
2021-05-14,2.510225217816809
2021-05-17,2.5402185012791816
2021-05-18,2.542722765132038
2021-05-19,2.5208879943827096
2021-05-20,2.5150806745673004
2021-05-21,2.5053679791608165
2021-05-24,2.5013160110307124
2021-05-25,2.554401304074741
2021-05-26,2.566406557706916
2021-05-27,2.5690962127539563
2021-05-28,2.5602452978202987
2021-05-31,2.5665204483010977
2021-06-01,2.5767481907506804
2021-06-02,2.5510062227973607
2021-06-03,2.534785795220176
2021-06-04,2.552940408538508
2021-06-07,2.550282868780346
2021-06-08,2.511371140191165
2021-06-09,2.5186675807106154
2021-06-10,2.5553817283459326
2021-06-11,2.5365823864472183
2021-06-15,2.51622232963136
2021-06-16,2.4413709139576873
2021-06-17,2.473340016492262
2021-06-18,2.4816428626006024
2021-06-21,2.495205750419624
2021-06-22,2.5127510166040565
2021-06-23,2.5259600899582346
2021-06-24,2.5272574096626625
2021-06-25,2.5735835169262424
2021-06-28,2.6007250176516115
2021-06-29,2.584241194861711
2021-06-30,2.612982723222542
2021-07-01,2.609303052788164
2021-07-02,2.526003333948382
2021-07-05,2.5351435409568532
2021-07-06,2.5169181647455536
2021-07-07,2.575879379675897
2021-07-08,2.5674428703252823
2021-07-09,2.5516352262904167
2021-07-12,2.604227780853568
2021-07-13,2.605772770683387
2021-07-14,2.587708576617183
2021-07-15,2.6291638380814097
2021-07-16,2.5738311870516335
2021-07-19,2.5858844664873204
2021-07-20,2.594242350401303
2021-07-21,2.6329535841270726
2021-07-22,2.6246821881933853
2021-07-23,2.575773235336444
2021-07-26,2.4910268084626326
2021-07-27,2.390527775359599
2021-07-28,2.4120279010066215
2021-07-29,2.4873392754845915
2021-07-30,2.4542458292061786
2021-08-02,2.511787855005315
2021-08-03,2.5079194835230196
2021-08-04,2.5542534533302628
2021-08-05,2.534758276317356
2021-08-06,2.510521985475539
2021-08-09,2.519843030988264
2021-08-10,2.5461334289918875
2021-08-11,2.538265578250553
2021-08-12,2.5122333689937704
2021-08-13,2.499573197355587
2021-08-16,2.4950928186036387
2021-08-17,2.4565849955964554
2021-08-18,2.4968328552976424
2021-08-19,2.457530420762652
2021-08-20,2.4481658434585816
2021-08-23,2.4612303430793
2021-08-24,2.4737812888137958
2021-08-25,2.475469791742739
2021-08-26,2.4571997231844027
2021-08-27,2.477726316394322
2021-08-30,2.4626931935430845
2021-08-31,2.497961117623433
2021-09-01,2.5421267518385595
2021-09-02,2.586206793739315
2021-09-03,2.585518164664608
2021-09-06,2.6031774153431186
2021-09-07,2.6581432434078915
2021-09-08,2.671281663663748
2021-09-09,2.6926525083381394
2021-09-10,2.6954848358318513
2021-09-13,2.7265626270677936
2021-09-14,2.6524591356217484
2021-09-15,2.6418028924826342
2021-09-16,2.60849970107306
2021-09-17,2.6033680527705805
2021-09-22,2.615479365253992
2021-09-23,2.6304813636272764
2021-09-24,2.5813902807761084
2021-09-27,2.533944904696699
2021-09-28,2.577600875585346
2021-09-29,2.541352530449482
2021-09-30,2.5439708771572667
2021-10-08,2.561431402378573
2021-10-11,2.564300901529495
2021-10-12,2.530402792759987
2021-10-13,2.5566033744942542
2021-10-14,2.5471597608244183
2021-10-15,2.566823261626726
2021-10-18,2.5367105773185807
2021-10-19,2.564702245579409
2021-10-20,2.5603863676649445
2021-10-21,2.5549504948164037
2021-10-22,2.5709791402648947
2021-10-25,2.5861585587853497
2021-10-26,2.580652942662525
2021-10-27,2.5533053740524303
2021-10-28,2.534138281261196
2021-10-29,2.5749627119901275
2021-11-01,2.556743307220036
2021-11-02,2.5441115694836895
2021-11-03,2.5321444441258065
2021-11-04,2.5620355909744648
2021-11-05,2.5495638525144155
2021-11-08,2.5561689508435856
2021-11-09,2.561695079694141
2021-11-10,2.5471433506422345
2021-11-11,2.57495040435349
2021-11-12,2.569649915507969
2021-11-15,2.5588397079940775
2021-11-16,2.5696253002346925
2021-11-17,2.5829626758049624
2021-11-18,2.5572684330499333
2021-11-19,2.586778043162807
2021-11-22,2.6240455669032965
2021-11-23,2.620394301367295
2021-11-24,2.626388120410102
2021-11-25,2.6201932766355376
2021-11-26,2.6116353666264382
2021-11-29,2.627237347338138
2021-11-30,2.6121645950018806
2021-12-01,2.6034918137174907
2021-12-02,2.6064620566928447
2021-12-03,2.6308639976008625
2021-12-06,2.603208738074813
2021-12-07,2.5984667157329127
2021-12-08,2.6429346133224643
2021-12-09,2.6717977858857234
2021-12-10,2.658007780680511
2021-12-13,2.667830258712622
2021-12-14,2.636000461925838
2021-12-15,2.641520198475377
2021-12-16,2.671634567843791
2021-12-17,2.6551040854485923
2021-12-20,2.6367802016614603
2021-12-21,2.671101061708892
2021-12-22,2.6574515124421505
2021-12-23,2.6730504110479485
2021-12-24,2.655169747742119
2021-12-27,2.6605417441312236
2021-12-28,2.6618098471749465
2021-12-29,2.637087993662364
2021-12-30,2.648587102816125
2021-12-31,2.6667386230827503
2022-01-04,2.6826124825426887
2022-01-05,2.6856288441515446
2022-01-06,2.6811679120851144
2022-01-07,2.7167856024296864
2022-01-10,2.7298277754813105
2022-01-11,2.729692347000914
2022-01-12,2.722682897167001
2022-01-13,2.7020238980663467
2022-01-14,2.652974164802339
2022-01-17,2.665618260199462
2022-01-18,2.7043836367399416
2022-01-19,2.718418951981149
2022-01-20,2.7474991402265267
2022-01-21,2.7194695486775666
2022-01-24,2.7159073692537747
2022-01-25,2.638926537881096
2022-01-26,2.6597784199689825
2022-01-27,2.6232701847684625
2022-01-28,2.589712648883273
2022-02-07,2.6673788304446306
2022-02-08,2.711421813827272
2022-02-09,2.7228101178607074
2022-02-10,2.744593583737996
2022-02-11,2.752111916346736
2022-02-14,2.6921212034239392
2022-02-15,2.6757097339357565
2022-02-16,2.697788680133912
2022-02-17,2.690311386458626
2022-02-18,2.7283175427302098
2022-02-21,2.7252765577612816
2022-02-22,2.693459072654534
2022-02-23,2.6884400110931317
2022-02-24,2.6392343298819996
2022-02-25,2.63832736945267
2022-02-28,2.639053758574802
2022-03-01,2.66045556237097
2022-03-02,2.6590191997000865
2022-03-03,2.683199339291078
2022-03-04,2.6556745266235993
2022-03-07,2.6144796452226533
2022-03-08,2.535611022911099
2022-03-09,2.493390168173807
2022-03-10,2.510019144009295
2022-03-11,2.521349993535896
2022-03-14,2.4618640594945815
2022-03-15,2.3148502881829556
2022-03-16,2.3973877911452823
2022-03-17,2.4298906264407085
2022-03-18,2.487176873648899
2022-03-21,2.47027293695927
2022-03-22,2.5028496423349145
2022-03-23,2.49910278771058
2022-03-24,2.4919538055029244
2022-03-25,2.4720663383512025
2022-03-28,2.492585805078113
2022-03-29,2.486635159727309
2022-03-30,2.534515283387883
2022-03-31,2.546043119795061
2022-04-01,2.576461177271034
2022-04-06,2.6089434930997335
2022-04-07,2.57104403805513
2022-04-08,2.5991023568575073
2022-04-11,2.546560210356579
2022-04-12,2.5605463037199394
2022-04-13,2.540430646884661
2022-04-14,2.5722974588499077
2022-04-15,2.5652540232627628
2022-04-18,2.5629878557251544
2022-04-19,2.5374624548872733
2022-04-20,2.489027420416831
2022-04-21,2.428252899324801
2022-04-22,2.420298519519148
2022-04-25,2.2844213957620854
2022-04-26,2.2717300808029384
2022-04-27,2.3742905906817127
2022-04-28,2.379726083548908
2022-04-29,2.4437435441001663
2022-05-05,2.4384967128052843
2022-05-06,2.3763199773244366
2022-05-09,2.359967608070125
2022-05-10,2.392473487083607
2022-05-11,2.4435854762963367
2022-05-12,2.4390372027151557
2022-05-13,2.4470527700577747
2022-05-16,2.4272535028876803
2022-05-17,2.455940259802167
2022-05-18,2.446267530000037
2022-05-19,2.454191316037206
2022-05-20,2.506623936256129
2022-05-23,2.498236144730298
2022-05-24,2.421818010020485
2022-05-25,2.4314448491698895
2022-05-26,2.4343512571758006
2022-05-27,2.4407606516730476
2022-05-30,2.472063175792854
2022-05-31,2.5280599700400797
2022-06-01,2.529278621817997
2022-06-02,2.544315459027527
2022-06-06,2.615415376982665
2022-06-07,2.6248688514439973
2022-06-08,2.651898445898973
2022-06-09,2.6016634780494305
2022-06-10,2.6464374582247077
2022-06-13,2.6300850889703957
2022-06-14,2.634531383323299
2022-06-15,2.6562121672551147
2022-06-16,2.6583078403962195
2022-06-17,2.71055179904283
2022-06-20,2.7407376506129966
2022-06-21,2.723054452429662
2022-06-22,2.687060883809086
2022-06-23,2.7401257752433312
2022-06-24,2.7874339392413052
2022-06-27,2.824039383231548
2022-06-28,2.860420472919578
2022-06-29,2.7932008646004034
2022-06-30,2.8555509647693227
2022-07-01,2.8437315722119494
2022-07-04,2.8734687151776948
2022-07-05,2.870322655985331
2022-07-06,2.827904395983267
2022-07-07,2.845424427401357
2022-07-08,2.823733445546714
2022-07-11,2.7649220245990267
2022-07-12,2.7230748482753167
2022-07-13,2.7479373841293935
2022-07-14,2.7769657714586105
2022-07-15,2.735251168131661
2022-07-18,2.76267848157692
2022-07-19,2.7368675388998613
2022-07-20,2.75259783486168
2022-07-21,2.730050227489504
2022-07-22,2.718317517276167
2022-07-25,2.691221636322811
2022-07-26,2.7167470371606917
2022-07-27,2.7095880953356053
2022-07-28,2.715186754968045
2022-07-29,2.6723656770142843
2022-08-01,2.708670282281107
2022-08-02,2.647707099616763
2022-08-03,2.6163331900371616
2022-08-04,2.6331648616643784
2022-08-05,2.681018614533638
2022-08-08,2.682629886340424
2022-08-09,2.7011442152342204
2022-08-10,2.675414855939784
2022-08-11,2.7334818285210445
2022-08-12,2.7215859515424636
2022-08-15,2.736372939642714
2022-08-16,2.733262573180248
2022-08-17,2.7552237999898272
2022-08-18,2.7377700550701176
2022-08-19,2.697457666131986
2022-08-22,2.7279035647342607
2022-08-23,2.7190517677197663
2022-08-24,2.640568553637332
2022-08-25,2.6461009267713904
2022-08-26,2.632649866561576
2022-08-29,2.6261945814116054
2022-08-30,2.6089753887169342
2022-08-31,2.57717826533998
2022-09-01,2.5518262291901714
2022-09-02,2.5431274010180926
2022-09-05,2.5429234425615377
2022-09-06,2.576653072314351
2022-09-07,2.589482059231672
2022-09-08,2.5676024158047146
2022-09-09,2.5957537817707435
2022-09-13,2.5956416046196376
2022-09-14,2.5597398173045116
2022-09-15,2.4983738166884715
2022-09-16,2.4366559877348726
2022-09-19,2.4277939927975507
2022-09-20,2.4496379434946105
2022-09-21,2.423740318473516
2022-09-22,2.406923943730541
2022-09-23,2.3808682509056167
2022-09-26,2.3812098813203466
2022-09-27,2.4262847002190417
2022-09-28,2.3638122249761895
2022-09-29,2.3767788838516855
2022-09-30,2.343421478282085
2022-10-10,2.277236959129928
2022-10-11,2.2935536356543427
2022-10-12,2.3459913548346796
2022-10-13,2.337970688530647
2022-10-14,2.414929313150332
2022-10-17,2.4208543063132604
2022-10-18,2.421568160911204
2022-10-19,2.387043093177825
2022-10-20,2.3720317507753634
2022-10-21,2.359926816378813
2022-10-24,2.30476115284205
2022-10-25,2.29800502896866
2022-10-26,2.3383888033665863
2022-10-27,2.3191198281835357
2022-10-28,2.2540468826196043
2022-10-31,2.2405550307184794
2022-11-01,2.325218186034536
2022-11-02,2.3622315469378874
2022-11-03,2.3551286936883526
2022-11-04,2.4377930561301686
2022-11-07,2.447996077919342
2022-11-08,2.4271209298909193
2022-11-09,2.399734408136972
2022-11-10,2.3643017252719227
2022-11-11,2.4177541377736227
2022-11-14,2.4027020036798503
2022-11-15,2.460340663502345
2022-11-16,2.435794263255928
2022-11-17,2.4230111669913326
2022-11-18,2.41567376151676
2022-11-21,2.4045325308274323
2022-11-22,2.3737653976560837
2022-11-23,2.370915078225725
2022-11-24,2.368671535203618
2022-11-25,2.351778676039435
2022-11-28,2.3266764889989053
2022-11-29,2.3779312491312234
2022-11-30,2.3791804946776236
2022-12-01,2.4177286429665528
2022-12-02,2.405113812428615
2022-12-05,2.4183303204133906
2022-12-06,2.438404931499835
2022-12-07,2.442173063984692
2022-12-08,2.4393992289755415
2022-12-09,2.4623190605309304
2022-12-12,2.4393125466315055
2022-12-13,2.4191410552781982
2022-12-14,2.4189268988988153
2022-12-15,2.4296857074821014
2022-12-16,2.411946420723215
2022-12-19,2.3769624464625863
2022-12-20,2.342182430658514
2022-12-21,2.3371038650902896
2022-12-22,2.3255598164492666
2022-12-23,2.3164581703254914
2022-12-26,2.35082517025504
2022-12-27,2.380552115297957
2022-12-28,2.363445099754391
2022-12-29,2.3595800870026706
2022-12-30,2.359473008812979
2023-01-03,2.3717411099747734
2023-01-04,2.355628391906914
2023-01-05,2.414934412111747
2023-01-06,2.4355852058379597
2023-01-09,2.4596879964413683
2023-01-10,2.4770346631713864
2023-01-11,2.459249485759775
2023-01-12,2.4666378808484866
2023-01-13,2.4934737147697343
2023-01-16,2.5424798329185316
2023-01-17,2.5490931858723322
2023-01-18,2.5472014711877824
2023-01-19,2.5698969484409617
2023-01-20,2.590547742167174
2023-01-30,2.6151400330663153
2023-01-31,2.590119429408408
2023-02-01,2.6233646578269023
2023-02-02,2.6217125943288053
2023-02-03,2.59829816351627
2023-02-06,2.564267695040038
2023-02-07,2.561789599792893
2023-02-08,2.5467017729692234
2023-02-09,2.5908128881606958
2023-02-10,2.569458437759368
2023-02-13,2.599817654017607
2023-02-14,2.596804167822004
2023-02-15,2.58410265494003
2023-02-16,2.549322639135957
2023-02-17,2.510708204348647
2023-02-20,2.5615448496450264
2023-02-21,2.564312211868681
2023-02-22,2.5418975349932356
2023-02-23,2.5416194944935335
2023-02-24,2.516474394691895
2023-02-27,2.5017928003501924
2023-02-28,2.5175557862560405
2023-03-01,2.5571335696149964
2023-03-02,2.568902584483652
2023-03-03,2.5887361847941444
2023-03-06,2.5624304778988636
2023-03-07,2.5428012599015757
2023-03-08,2.5358309714283527
2023-03-09,2.526706152736771
2023-03-10,2.484271274957819
2023-03-13,2.5143610939336356
2023-03-14,2.493960409134342
2023-03-15,2.5140124248664657
2023-03-16,2.486777650256425
2023-03-17,2.505706532198729
2023-03-20,2.4939489295332877
2023-03-21,2.509381895933371
2023-03-22,2.5169686428916065
2023-03-23,2.539254837018111
2023-03-24,2.5462116271149458
2023-03-27,2.551406735765206
2023-03-28,2.5284149412702672
2023-03-29,2.5390009009537393
2023-03-30,2.5607970798122643
2023-03-31,2.5689124532027927
2023-04-03,2.5989033604719616
2023-04-04,2.5862277185921014
2023-04-06,2.592396248822451
2023-04-07,2.610108289312339
2023-04-10,2.590639857710551
2023-04-11,2.589233462800734
2023-04-12,2.588424397624238
2023-04-13,2.5664781950605593
2023-04-14,2.584082760212281
2023-04-17,2.606974176511579
2023-04-18,2.60291266920573
2023-04-19,2.5759794548439054
2023-04-20,2.550025243137667
2023-04-21,2.4903273638133543
2023-04-24,2.4407653543743195
2023-04-25,2.4025416854736186
2023-04-26,2.421350241927402
2023-04-27,2.4273413125262584
2023-04-28,2.4455060683206615
2023-05-04,2.4189293386214685
2023-05-05,2.3995780741738284
2023-05-08,2.4114538020394134
2023-05-09,2.394539402897525
2023-05-10,2.3949870201831884
2023-05-11,2.3936343289758764
2023-05-12,2.358891484257403
2023-05-15,2.389324013952009
2023-05-16,2.370799535525882
2023-05-17,2.357088542181364
2023-05-18,2.3657706298725385
2023-05-19,2.342514349705544
2023-05-22,2.3479941227622905
2023-05-23,2.3105220319016686
2023-05-24,2.262037489970651
2023-05-25,2.2541611762208427
2023-05-26,2.2578960028072763
2023-05-29,2.2449762025445374
2023-05-30,2.2472151805547123
2023-05-31,2.222101081395736
2023-06-01,2.2390197266882477
2023-06-02,2.275190445110252
2023-06-05,2.251069734298725
2023-06-06,2.2146144515063577
2023-06-07,2.190638609828835
2023-06-08,2.191823432389075
2023-06-09,2.204458090433208
2023-06-12,2.219814218637543
2023-06-13,2.2310157070345737
2023-06-14,2.2324023116028893
2023-06-15,2.290018835755005
2023-06-16,2.311702640776693
2023-06-19,2.2960309048161363
2023-06-20,2.2925333500094887
2023-06-21,2.242077500195243
2023-06-26,2.2232289910819034
2023-06-27,2.2373433838519254
2023-06-28,2.231781443885733
2023-06-29,2.2194313502119636
2023-06-30,2.2455336638207477
2023-07-03,2.2695353749864866
2023-07-04,2.2769806136947204
2023-07-05,2.2597670562365586
2023-07-06,2.239645768303048
2023-07-07,2.2189760472193827
2023-07-10,2.244033233504287
2023-07-11,2.259094449542973
2023-07-12,2.2464390959082676
2023-07-13,2.285755544097197
2023-07-14,2.2721171499103283
2023-07-17,2.252011383669747
2023-07-18,2.249750390399769
2023-07-19,2.2380211644431554
2023-07-20,2.2268817628178406
2023-07-21,2.2231875999007604
2023-07-24,2.2004431458622635
2023-07-25,2.259948142654063
2023-07-26,2.259249666472262
2023-07-27,2.2467495297668463
2023-07-28,2.281600904289893
2023-07-31,2.3008943686005283
2023-08-01,2.2944787355232457
2023-08-02,2.2846431561039595
2023-08-03,2.303584795374872
2023-08-04,2.309488212585501
2023-08-07,2.2909397895354533
2023-08-08,2.2851036329941836
2023-08-09,2.278320653184249
2023-08-10,2.2877940597685273
2023-08-11,2.2375813831435023
2023-08-14,2.2140142793797737
2023-08-15,2.191704432743286
2023-08-16,2.1705897564623258
2023-08-17,2.186887534037682
2023-08-18,2.1534693291617377
2023-08-21,2.122198291807626
2023-08-22,2.123941895313307
2023-08-23,2.078447813338671
2023-08-24,2.1079442038012433
2023-08-25,2.0878539592535903
2023-08-28,2.10485538690839
2023-08-29,2.1517257256560565
2023-08-30,2.1590830081043597
2023-08-31,2.1445391818299715
2023-09-01,2.155099106919273
2023-09-04,2.1907938267581235
2023-09-05,2.179902772219672
2023-09-06,2.1726489677242276
2023-09-07,2.13035752839059
2023-09-08,2.118193695031967
2023-09-11,2.136529988278653
2023-09-12,2.131319873352182
2023-09-13,2.113852794909515
2023-09-14,2.1019735259212555
2023-09-15,2.095702761977976
2023-09-18,2.1085340281325418
2023-09-19,2.095335415245325
2023-09-20,2.0781580750706645
2023-09-21,2.057074442175561
2023-09-22,2.0945179394177353
2023-09-25,2.0860482689761937
2023-09-26,2.0680017139975138
2023-09-27,2.084656490510235
2023-09-28,2.0789393336147532
2023-10-09,2.074515651130014
2023-10-10,2.06161712430609
2023-10-11,2.0715303121900197
2023-10-12,2.0933279429598532
2023-10-13,2.069336579589401
2023-10-16,2.036896241367978
2023-10-17,2.0419666610580895
2023-10-18,2.0184926874519338
2023-10-19,1.9873044324601097
2023-10-20,1.9771894625681032
2023-10-23,1.9418620894619032
2023-10-24,1.959142907589424
2023-10-25,1.9613935530641153
2023-10-26,1.9614866832216886
2023-10-27,2.010845666735624
2023-10-30,2.0453917812977354
2023-10-31,2.032451863292667
2023-11-01,2.0210589406828467
2023-11-02,2.0001253508193892
2023-11-03,2.027640138484705
2023-11-06,2.0700971425429175
2023-11-07,2.0642247687181468
2023-11-08,2.0602512153283454
2023-11-09,2.0628226424569016
2023-11-10,2.0484288592141584
2023-11-13,2.04811842535558
2023-11-14,2.047207819370418
2023-11-15,2.0654665041524596
2023-11-16,2.0347801172320037
2023-11-17,2.0364978512494694
2023-11-20,2.038510497432585
2023-11-21,2.034749073846146
2023-11-22,2.00211212751429
2023-11-23,2.013846527368546
2023-11-24,1.9920421532847794
2023-11-27,1.979145016741685
2023-11-28,1.9817383870738503
2023-11-29,1.9635999219139992
2023-11-30,1.9660438719885867
2023-12-01,1.9668864965391015
2023-12-04,1.9612713899599263
2023-12-05,1.931026547051023
2023-12-06,1.9280289550330216
2023-12-07,1.9306536408669654
2023-12-08,1.9301659943185825
2023-12-11,1.943393406943472
2023-12-12,1.9563805819305553
2023-12-13,1.9339739401596319
2023-12-14,1.929947270499087
2023-12-15,1.9221736108160399
2023-12-18,1.9193302011626003
2023-12-19,1.9174513276967715
2023-12-20,1.903628699431944
2023-12-21,1.9125067351216238
2023-12-22,1.9178923609721477
2023-12-25,1.9182760240653614
2023-12-26,1.911355745841984
2023-12-27,1.9222524948165138
2023-12-28,1.9434471914892497
2023-12-29,1.9539817911888775
2024-01-02,1.9503889835309376
2024-01-03,1.9613359314148595
2024-01-04,1.959195306492914
2024-01-05,1.960263826135694
2024-01-08,1.941109356566119
2024-01-09,1.9468248609640793
2024-01-10,1.93581695726161
2024-01-11,1.9362113772639777
2024-01-12,1.9405392403808772
2024-01-15,1.948976242795181
2024-01-16,1.96028175431762
2024-01-17,1.9324643872414762
2024-01-18,1.9367277089034431
2024-01-19,1.9305675855937217
2024-01-22,1.8919323535435222
2024-01-23,1.9048514014392872
2024-01-24,1.9485387951561903
2024-01-25,2.0009572134709814
2024-01-26,2.0173937706605978
2024-01-29,2.018182610665335
2024-01-30,1.9924735977836705
2024-01-31,1.982340589359182
2024-02-01,1.967270159632315
2024-02-02,1.956025603928424
2024-02-05,1.957617626483439
2024-02-06,2.0109181113489814
2024-02-07,2.042661750266886
2024-02-08,2.045487231738399
2024-02-19,2.0725552008100427
2024-02-20,2.0867722490772396
2024-02-21,2.106328309921953
2024-02-22,2.125310668945039
2024-02-23,2.1257552878568005
2024-02-26,2.0920933334728304
2024-02-27,2.107984873931901
2024-02-28,2.093022013296589
2024-02-29,2.117314699806112
2024-03-01,2.122847336748428
2024-03-04,2.1269349622275215
2024-03-05,2.1388874349266134
2024-03-06,2.1318605905126033
2024-03-07,2.1237907120316843
2024-03-08,2.1366873564174598
2024-03-11,2.1807474283098043
2024-03-12,2.1969661393342106
2024-03-13,2.188953219401072
2024-03-14,2.1758613589705598
2024-03-15,2.183646340262275
2024-03-18,2.217527373706775
2024-03-19,2.2028457873668432
2024-03-20,2.2051602412643803
2024-03-21,2.1961712763795016
2024-03-22,2.16151875830249
2024-03-25,2.1371234790895626
2024-03-26,2.1475092987257325
2024-03-27,2.0992856646131632
2024-03-28,2.1159799207880723
2024-03-29,2.129853212607101
2024-04-01,2.16635650875699
2024-04-02,2.164418517693726
2024-04-03,2.166620570683132
2024-04-08,2.161859053939902
2024-04-09,2.150593029925669
2024-04-10,2.147020080527781
2024-04-11,2.1546805420157473
2024-04-12,2.1404249812335054
2024-04-15,2.188681540190577
2024-04-16,2.172748215137319
2024-04-17,2.209148090088418
2024-04-18,2.216877401514072
2024-04-19,2.217714471809115
2024-04-22,2.193450304295669
2024-04-23,2.163906433665871
2024-04-24,2.1709871062048904
2024-04-25,2.183423579159811
2024-04-26,2.196443464744609
2024-04-29,2.209220563707036
2024-04-30,2.20852844064923
2024-05-06,2.2293754770448175
2024-05-07,2.2310133808255936
2024-05-08,2.2201278433091076
2024-05-09,2.2412683978600993
2024-05-10,2.2582127298930854
2024-05-13,2.2660000202136343
2024-05-14,2.2552594299343847
2024-05-15,2.2415148081634024
2024-05-16,2.2514328228713323
2024-05-17,2.2778675752623996
2024-05-20,2.289300288599455
2024-05-21,2.285571520921537
2024-05-22,2.283991596035656
2024-05-23,2.258042416889332
2024-05-24,2.2461205066266023
2024-05-27,2.275483193209854
2024-05-28,2.263673617055983
2024-05-29,2.262485049710641
2024-05-30,2.241830068404392
2024-05-31,2.234970440402159
2024-06-03,2.2303103867249945
2024-06-04,2.246287195949425
2024-06-05,2.2224071386146567
2024-06-06,2.2266106084945245
2024-06-07,2.231328641066584
2024-06-11,2.199483733045652
2024-06-12,2.2060607139352735
2024-06-13,2.187130604752143
2024-06-14,2.19538172623185
2024-06-17,2.174099848124552
2024-06-18,2.184883922574972
2024-06-19,2.1842751441785775
2024-06-20,2.1750601235712463
2024-06-21,2.174570926645572
2024-06-24,2.1636563996816385
2024-06-25,2.1645478251906445
2024-06-26,2.1675735987679636
2024-06-27,2.1547711340390205
2024-06-28,2.1708385352867237
2024-07-01,2.201744909946547
2024-07-02,2.202350064662011
2024-07-03,2.188402516758897
2024-07-04,2.1804231713490094
2024-07-05,2.1646058040855403
2024-07-08,2.1561082723025304
2024-07-09,2.174070858677105
2024-07-10,2.154198592451935
2024-07-11,2.1617575908738362
2024-07-12,2.1651094957349377
2024-07-15,2.1749079289721474
2024-07-16,2.167381543678625
2024-07-17,2.1598986425562736
2024-07-18,2.1713784637454308
2024-07-19,2.165852350325776
2024-07-22,2.1436138204527153
2024-07-23,2.1225529868822037
2024-07-24,2.1174399730886746
2024-07-25,2.104289634990363
2024-07-26,2.103369220033909
2024-07-29,2.1089025808154247
2024-07-30,2.091425567685594
2024-07-31,2.121929713762085
2024-08-01,2.1197989893747042
2024-08-02,2.102669849614241
2024-08-05,2.076800391448397
2024-08-06,2.067494778817793
2024-08-07,2.0709191572975127
2024-08-08,2.0755973293793315
2024-08-09,2.0716185277171806
2024-08-12,2.070415465648114
2024-08-13,2.076521368016716
2024-08-14,2.066534503371098
2024-08-15,2.089218745998662
2024-08-16,2.0941578231075075
2024-08-19,2.114794686009101
2024-08-20,2.0999303468304644
2024-08-21,2.092157551233639
2024-08-22,2.094371620282432
2024-08-23,2.106898685260625
2024-08-26,2.1079676711352464
2024-08-27,2.1044708190369086
2024-08-28,2.0912335125962547
2024-08-29,2.060838076947691
2024-08-30,2.064418273707441
2024-09-02,2.053605209809573
2024-09-03,2.0420565386827283
2024-09-04,2.027873451519105
2024-09-05,2.026196198022566
2024-09-06,2.0099532495564185
2024-09-09,1.9815568034080748
2024-09-10,1.9796515680116227
2024-09-11,1.984960233624891
2024-09-12,1.9690708994162684
2024-09-13,1.9446208592318466
2024-09-18,1.9449655856469796
2024-09-19,1.9669195512329396
2024-09-20,1.9637850943842317
2024-09-23,1.9598398920777114
2024-09-24,2.0569633676301375
2024-09-25,2.07972807867391
2024-09-26,2.1791050435697037
2024-09-27,2.3290227312174743
2024-09-30,2.575291451894872
2024-10-08,2.780448355656428
2024-10-09,2.5674074311043342
2024-10-10,2.55569311681232
2024-10-11,2.456928998876762
2024-10-14,2.502496723899321
2024-10-15,2.431266032416873
2024-10-16,2.397584984893894
2024-10-17,2.3728604403418667
2024-10-18,2.4976386349749493
2024-10-21,2.525638080470739
2024-10-22,2.5439724186978037
2024-10-23,2.560404377819135
2024-10-24,2.5248017997229164
2024-10-25,2.576778882537945
2024-10-28,2.5850906194361483
2024-10-29,2.5428616335823753
2024-10-30,2.5228100471021486
2024-10-31,2.5338604438539067
2024-11-01,2.5225483103795474
2024-11-04,2.566232807763882
2024-11-05,2.64571778174201
2024-11-06,2.6346865364577594
2024-11-07,2.7044042620071247
2024-11-08,2.683924959419233
2024-11-11,2.731158862114934
2024-11-12,2.7059363794077145
2024-11-13,2.714420479513484
2024-11-14,2.6430876468709963
2024-11-15,2.575942601790122
2024-11-18,2.5448980729606596
2024-11-19,2.592846963776637
2024-11-20,2.60142043739744
2024-11-21,2.603207907698129
2024-11-22,2.511842640042922
2024-11-25,2.5032627825996157
2024-11-26,2.483600609292039
2024-11-27,2.531906994168154
2024-11-28,2.502286057756739
2024-11-29,2.5449491435406792
2024-12-02,2.572291055318715
2024-12-03,2.564617700670758
2024-12-04,2.5452364155532896
2024-12-05,2.5394654400110657
2024-12-06,2.574506241727068
2024-12-09,2.565958303396274
2024-12-10,2.5853012855787285
2024-12-11,2.5876824513721464
2024-12-12,2.6141497794673447
2024-12-13,2.5460726963011124
2024-12-16,2.5159665893795107
2024-12-17,2.5213864546840994
2024-12-18,2.52847249766183
2024-12-19,2.529359848989672
2024-12-20,2.5213098488140697
2024-12-23,2.5106424814124586
2024-12-24,2.5419168278520097
2024-12-25,2.531402672190459
2024-12-26,2.534403068766615
2024-12-27,2.530674916425178
2024-12-30,2.5374736873902983
2024-12-31,2.4864733294181454
2025-01-02,2.4141510042877767
2025-01-03,2.385730226506825
2025-01-06,2.376990773500957
2025-01-07,2.3987021538318234
2025-01-08,2.38338097982592
2025-01-09,2.384427926716323
2025-01-10,2.356377410640514
2025-01-13,2.365857387056667
2025-01-14,2.439909728085202
2025-01-15,2.4171960876214498
2025-01-16,2.4224435897184717
2025-01-17,2.438843629727291
2025-01-20,2.458895216207518
2025-01-21,2.4578099663821
2025-01-22,2.4339919246254214
2025-01-23,2.421313653135536
2025-01-24,2.4442443435643724
2025-01-27,2.4196985460424143
2025-02-05,2.4201390297950836
2025-02-06,2.4713564377323194
2025-02-07,2.5114915298052853
2025-02-10,2.513272616283472
2025-02-11,2.491388872745039
2025-02-12,2.5240165895551123
2025-02-13,2.510201997659789
2025-02-14,2.531402672190459
2025-02-17,2.532794345495995
2025-02-18,2.504609769147634
2025-02-19,2.539599500283617
2025-02-20,2.53563514650959
2025-02-21,2.576134116465196
2025-02-24,2.5671967649617518
2025-02-25,2.5435574702351427
2025-02-26,2.5700886365553663
2025-02-27,2.5676244810694167
2025-02-28,2.5103743608673557
2025-03-03,2.5214502929091234
2025-03-04,2.5145366131389597
2025-03-05,2.512698072258251
2025-03-06,2.558974401578584
2025-03-07,2.5538290406416
2025-03-10,2.5531587392788424
2025-03-11,2.5627663921450443
2025-03-12,2.554920674289521
2025-03-13,2.5413550514717937
2025-03-14,2.6071722614721566
2025-03-17,2.598815837816436
2025-03-18,2.607472301129772
2025-03-19,2.6045868133586603
2025-03-20,2.581853521587293
2025-03-21,2.536638076326425
2025-03-24,2.5469537403494553
2025-03-25,2.548771025713175
2025-03-26,2.5327219055047956
2025-03-27,2.536814328814189
2025-03-28,2.5269073842188363
2025-03-31,2.516797380451645
2025-04-01,2.516859860196826
2025-04-02,2.5240372209245594
2025-04-03,2.5190036964533684
2025-04-07,2.3549670304632393
2025-04-08,2.4085551269086545
2025-04-09,2.415236554659008
2025-04-10,2.439306876490207
2025-04-11,2.4321490406828437
2025-04-14,2.4450472030787638
2025-04-15,2.4599759571930844
2025-04-16,2.4712769811028004
2025-04-17,2.471417560529458
2025-04-18,2.478883890078655
2025-04-21,2.473549681833779
2025-04-22,2.481609568962201
2025-04-23,2.476076206529559
2025-04-24,2.489536686632112
2025-04-25,2.4849366153931194
2025-04-28,2.4878614484644315
2025-04-29,2.4830192682128596
2025-04-30,2.462131508401847
2025-05-06,2.477243796767639
2025-05-07,2.4990648477723014
2025-05-08,2.5094286755042936
2025-05-09,2.5171915938495864
2025-05-12,2.5360855811918177
2025-05-13,2.5432346475827106
2025-05-14,2.5682875189609637
2025-05-15,2.542681703637272
2025-05-16,2.532009869317405
2025-05-19,2.524982638725583
2025-05-20,2.534317698531413
2025-05-21,2.5464925685650135
2025-05-22,2.5486963398953257
2025-05-23,2.526867404928761
2025-05-26,2.5176966231822693
2025-05-27,2.5172094737303055
2025-05-28,2.5197264125654515
2025-05-29,2.525378892714427
2025-05-30,2.5248105516871364
2025-06-03,2.5363706855075447
2025-06-04,2.5445362382261747
2025-06-05,2.536749579525739
2025-06-06,2.5367843759151647
2025-06-09,2.544946062368303
2025-06-10,2.539818555648206
2025-06-11,2.5545474076553725
2025-06-12,2.5507106302746565
2025-06-13,2.528928521186548
2025-06-16,2.526759398885519
2025-06-17,2.5238144578611768
2025-06-18,2.5302649594167885
2025-06-19,2.511805042399525
2025-06-20,2.5061785839745783
2025-06-23,2.508414307550397
2025-06-24,2.5408626944332857
2025-06-25,2.5701567522832205
2025-06-26,2.555242922508571
2025-06-27,2.560916662096753
2025-06-30,2.5857797995063936
2025-07-01,2.5886977227231727
2025-07-02,2.580423519157074
2025-07-03,2.6055027990272164
2025-07-04,2.5996129169785323
2025-07-07,2.5814637047482405
2025-07-08,2.6130745395966835
2025-07-09,2.6047192826078964
2025-07-10,2.6096838047475557
2025-07-11,2.623125164010034
2025-07-14,2.6221862951972277
2025-07-15,2.6325138521380973
2025-07-16,2.6292176796154396
2025-07-17,2.654756262214149
2025-07-18,2.6716153741333186
2025-07-21,2.6973633447406398
2025-07-22,2.7298252405273105
2025-07-23,2.7268667905991864
2025-07-24,2.7552760152514413
2025-07-25,2.7461710141027873
2025-07-28,2.7446715257830534
2025-07-29,2.7668193735326354
2025-07-30,2.7539656515846467
2025-07-31,2.6976943128832844
2025-08-01,2.686725083012799
2025-08-04,2.7034963870573896
2025-08-05,2.7172416966549497
2025-08-06,2.73478976266697
2025-08-07,2.7307776182438985
2025-08-08,2.7263737156111665
2025-08-11,2.7535063488560803
2025-08-12,2.765698134518781
2025-08-13,2.8070894157049473
2025-08-14,2.7944113095061174
2025-08-15,2.828534800457897
2025-08-18,2.860645464746251
2025-08-19,2.851283794425751
2025-08-20,2.8869000192453744
2025-08-21,2.8922765629503657
2025-08-22,2.958368874700796
2025-08-25,3.031776257848846
2025-08-26,3.037321662851105
2025-08-27,3.0041302862602395
2025-08-28,3.070202334654997
2025-08-29,3.1200839618677643
2025-09-01,3.1708504222782117
2025-09-02,3.1197597481770103
2025-09-03,3.1192396553814277
2025-09-04,3.0233264385335885
2025-09-05,3.1400636305604337
2025-09-08,3.1634137707465584
2025-09-09,3.1275678945626515
2025-09-10,3.132167676300213
2025-09-11,3.2245415603573293
2025-09-12,3.2096142216788985
2025-09-15,3.235976847408272
2025-09-16,3.2428123527216535
2025-09-17,3.278577175482873
2025-09-18,3.251991652841105
2025-09-19,3.2573344242866433
2025-09-22,3.2780300648797267
2025-09-23,3.284230651715382
2025-09-24,3.348600578233686
2025-09-25,3.379590003508185
2025-09-26,3.334477019330248
2025-09-29,3.4058715758148708
2025-09-30,3.4369217911563865
2025-10-09,3.4970634307911155
2025-10-10,3.3884450899368828
2025-10-13,3.3680263818713185
2025-10-14,3.2784420864450587
2025-10-15,3.3357468562856964
2025-10-16,3.330404084840159
2025-10-17,3.2321403187343583
2025-10-20,3.2586650513091096
2025-10-21,3.3245479750509284
2025-10-22,3.300454845156826
2025-10-23,3.3119982034380206
2025-10-24,3.3756194995907647
2025-10-27,3.415853063258367
2025-10-28,3.3961329727752227
2025-10-29,3.4318992051590387
2025-10-30,3.4226205762509965
2025-10-31,3.4043198091909312
2025-11-03,3.4315944794645987
2025-11-04,3.434219926363837
2025-11-05,3.437241849590401
2025-11-06,3.4728280175064072
2025-11-07,3.4783883562432827
2025-11-10,3.5129059721063767
2025-11-11,3.5040626159761628
2025-11-12,3.5188386117847656
2025-11-13,3.5423999427976325
2025-11-14,3.516537115055416
2025-11-17,3.486748204657247
2025-11-18,3.453468368547753
2025-11-19,3.4721462716264937
2025-11-20,3.4676206394023934
2025-11-21,3.4002535092972686
2025-11-24,3.3851100476243148
2025-11-25,3.4151407118806083
2025-11-26,3.408531161399469
2025-11-27,3.414889287868158
2025-11-28,3.4161173974674326
2025-12-01,3.443599976059089
2025-12-02,3.4412114479408134
2025-12-03,3.4327790733694115
2025-12-04,3.42755719003391
2025-12-05,3.456625673934866
2025-12-08,3.4573702758178912
2025-12-09,3.41598115209212
2025-12-10,3.4096689633127872
2025-12-11,3.3859698993153393
2025-12-12,3.4100609907018
2025-12-15,3.3784823719773955
2025-12-16,3.326270308302979
2025-12-17,3.4048449153287903
2025-12-18,3.3628454300725457
2025-12-19,3.3840914237542874
2025-12-22,3.4377057503729267
2025-12-23,3.4457294305367014
2025-12-24,3.4603608473059366
2025-12-25,3.4683161243992613
2025-12-26,3.493488454324828
2025-12-29,3.4626318292448737
2025-12-30,3.4846507776226994
2025-12-31,3.4647454841217753
2026-01-05,3.547526879980256
2026-01-06,3.600525578964845
2026-01-07,3.6062303950403676
2026-01-08,3.579594239407173
2026-01-09,3.6077352625902663
2026-01-12,3.6332017257187674
2026-01-13,3.6075984564493657
2026-01-14,3.617345893988479
2026-01-15,3.649823671838096
2026-01-16,3.6543861566371056
2026-01-19,3.6622867112740694
2026-01-20,3.633735269668277
2026-01-21,3.6636000502267074
2026-01-22,3.663606890533752
2026-01-23,3.682246727231353
2026-01-26,3.6728891871938054
2026-01-27,3.682089400169319
2026-01-28,3.709389065585877
2026-01-29,3.7075695439119096
2026-01-30,3.6604740299071468
2026-02-02,3.556802336333264
2026-02-03,3.6321688393549736
2026-02-04,3.6521220150052125
2026-02-05,3.6022151348049585
2026-02-06,3.587734204790712
2026-02-09,3.6505439328825995
2026-02-10,3.6450220038338785
2026-02-11,3.647360942088773
2026-02-12,3.6485959226916904
2026-02-13,3.5864819440830047
2026-02-24,3.631212329928079
2026-02-25,3.6559304610034595
2026-02-26,3.6447011987541913
2026-02-27,3.6674642789217806
2026-03-02,3.699702970147481
2026-03-03,3.6794991400375765
2026-03-04,3.6407861847503993
2026-03-05,3.662498056640936
2026-03-06,3.67749005505947
2026-03-09,3.646499059639244
2026-03-10,3.65286525556009
2026-03-11,3.6945107872089524
2026-03-12,3.7129020198691727
2026-03-13,3.6931206379453734
2026-03-16,3.659614602161357
2026-03-17,3.642967196315876
2026-03-18,3.6356676846350298
2026-03-19,3.5836426992973203
2026-03-20,3.5557463824497284
