date,track_0,track_1,track_2,track_3,track_4
2010-03-05,0.9787263502355054,0.9812073582690092,0.9734630587157027,1.000545744994779,0.998
2010-03-08,0.9871139057811923,0.9896161757258374,0.9818055085482709,1.0091202898715212,1.0065527281783937
2010-03-09,0.9932549925198938,0.995772829722465,0.9879135703972813,1.0153982839242748,1.012814748776643
2010-03-10,0.984183247337554,0.9866780882524807,0.9788906102910525,1.006124296318155,1.0035643575004742
2010-03-11,0.982033728479082,0.9845231205026462,0.9767526508887827,1.003926856812094,1.0013725090637393
2010-03-12,0.968482895675416,0.9709379372137414,0.963274690327051,0.9900739263177007,0.9836046060606062
2010-03-15,0.9511068167831934,0.9573471998842444,0.9497912195606744,0.9762153323194259,0.9678270911047117
2010-03-16,0.9602915048460671,0.9623410710505373,0.9585799959694897,0.9852486210105778,0.977173244211531
2010-03-17,0.9812503107807434,0.9833446097149244,0.9766352174073882,1.0078375062423388,0.998500501910505
2010-03-18,0.9788044677751293,0.9808935465057154,0.9742008778823065,1.0025510671221682,0.9960116614567813
2010-03-19,0.9860008436632898,0.9881052817391794,0.9813634072113283,1.0099220329928973,1.0033345482445037
2010-03-22,0.9865047700673839,0.992580606106243,0.985808196294438,1.0144961697439248,1.0078788489734423
2010-03-23,0.9792624322513213,0.9841689473912555,0.9774539306008984,1.0058987868260536,0.9993375447695683
2010-03-24,0.979938310514884,0.9854981309226178,0.978774045069724,1.0072573179046969,1.0006872144683538
2010-03-25,0.9647777566191961,0.9720087472309403,0.9653766998824326,0.9934700969946519,0.9869899243693029
2010-03-26,0.9784684126652659,0.9875150754738774,0.9807772279426021,1.0093187953396283,1.0027352453690797
2010-03-29,0.9985398101048769,1.0117745040728856,1.0048711336699543,1.0341138570630444,1.0273685747155374
2010-03-30,1.0014353911805232,1.014708463317342,1.007785074414903,1.037112596306361,1.0303477538855172
2010-03-31,0.9945418382290263,1.0077235428883122,0.9968444210762137,1.0299734531701528,1.0232551777069454
2010-04-01,1.0058136638127766,1.0191447657825672,1.0121036943596573,1.0416468495761804,1.0348524312838492
2010-04-02,1.010117320473837,1.0235054633129812,1.016838388255559,1.0461038286011597,1.0351232171252145
2010-04-06,1.0132247146289983,1.022547426845477,1.0164884801616356,1.0493219269911194,1.034767016969847
2010-04-07,1.008153235554695,1.0174682666177899,1.0114394157125992,1.0440697710595581,1.0296271600404434
2010-04-08,0.9961448781262666,1.0051539842682597,0.9991980997392456,1.0275070686631282,1.0171657202300106
2010-04-09,1.0055200138616303,1.0159860428155576,1.0099659745983434,1.0385800155943627,1.0281272234487009
2010-04-12,0.992167490630598,1.0066472078760744,1.0006824754814363,1.0290334992758878,1.0186767880766083
2010-04-13,1.0006266359572058,1.0152298061817655,1.0092142189278046,1.0378069614166299,1.0273619496774036
2010-04-14,1.0059281701638207,1.0206087111115738,1.0145612519880727,1.0433054849498857,1.0328051333016124
2010-04-15,1.0013828363885175,1.01599704262114,1.0099769092262785,1.0385912600187661,1.028138354703556
2010-04-16,0.9902349784172461,1.0046864925310064,0.9987333780520034,1.0270291806259844,1.0166926418986633
2010-04-19,0.9369377551867373,0.950611448287781,0.944978747123011,0.9717515902589379,0.96197139303034
2010-04-20,0.9339373470237913,0.9475672520928436,0.9419525888419699,0.9686396958053008,0.9588908182491545
2010-04-21,0.9549700185183371,0.9689068749227577,0.96316576703608,0.9904538791478701,0.9804854526683057
2010-04-22,0.9456218633656709,0.9594222925593074,0.9537373840990327,0.9807583742060503,0.9708875281693813
2010-04-23,0.9435565417575725,0.9573268295958546,0.9516543374773947,0.9786163113572053,0.9687670241194596
2010-04-26,0.9387591411718321,0.9524594156256294,0.9468157646161094,0.973640653558707,0.9638414438460192
2010-04-27,0.9180246132165132,0.9314222874492322,0.9259032886902148,0.9521356918872309,0.942552918935387
2010-04-28,0.9156259129236428,0.9289885804641195,0.923484002259572,0.9496478629879815,0.9400901287986666
2010-04-29,0.9018543918071754,0.9150160774230379,0.9095942911250007,0.9353646328895803,0.9259506523188075
2010-04-30,0.8993039093488806,0.9124283731597713,0.9070219199032665,0.9327193820486837,0.923332024614114
2010-05-04,0.8825482424443339,0.8954281736321259,0.8901224524295566,0.9153411241332503,0.906128670235352
2010-05-05,0.8914762862462713,0.904486513529257,0.8991271185341183,0.9246009076294388,0.915295258608636
2010-05-06,0.8493486041535232,0.86174401898733,0.8566378880352713,0.8809078855039809,0.8720419850549161
2010-05-07,0.8320752516490463,0.8442185787431234,0.8392162920776599,0.8629927063232858,0.8543071132568169
2010-05-10,0.835742417181536,0.8479392629813803,0.8429149299767102,0.8667961328777312,0.8580722602115992
2010-05-11,0.81722499299974,0.8291515950465901,0.8242385854635453,0.8475906559967477,0.8390600769188621
2010-05-12,0.8175068741641,0.8294375899917333,0.8245228857898582,0.8478830110312358,0.8393494895450981
2010-05-13,0.8400926024584362,0.8523529349713304,0.8473024494356725,0.87130795816959,0.8625386762222613
2010-05-14,0.8350024791250911,0.8471885262503794,0.842168641620139,0.8660287009122,0.8573125520677295
2010-05-17,0.7864620005431554,0.7979396467064451,0.7932115786976754,0.8156846017521392,0.8074751412671396
2010-05-18,0.8048574569134496,0.8166035668284332,0.8117649086465705,0.8347635788585848,0.8263620979427555
2010-05-19,0.8016917146060231,0.8133916235983636,0.8085719972895189,0.831480206932796,0.8231117715250276
2010-05-20,0.7894244631647453,0.800945343581844,0.7961994657809438,0.8187571407203644,0.8105167566563318
2010-05-21,0.8050065286830629,0.8167548141551915,0.8119152597806782,0.8349181896941313,0.8265151526970149
2010-05-24,0.8360600430458531,0.851668197073824,0.8466217688467119,0.8706079927504791,0.8618457556075231
2010-05-25,0.8191621750824934,0.8358972258200149,0.8309442460447503,0.8544862992621239,0.8458863189588333
2010-05-26,0.8193883051651134,0.8367249611900929,0.8317670767968672,0.8553324421984788,0.8467239458866896
2010-05-27,0.8312637049776506,0.8500044764794814,0.8449679063715267,0.8689072735594668,0.8601621533106691
2010-05-28,0.8296998369325841,0.84816475899582,0.8431390898493798,0.8670266435780004,0.8583004509361314
2010-05-31,0.8034459629576058,0.8226314602876046,0.8177570847550096,0.8409255234316402,0.8324620256034228
2010-06-01,0.7920957014131361,0.8110101656897674,0.8062046503415676,0.8290457890494626,0.8207018548488695
2010-06-02,0.799524670516781,0.8186165312500177,0.8137659455586951,0.8368213085244042,0.8283991175812628
2010-06-03,0.7920930155963958,0.8110074157383718,0.8062019166845839,0.8290429779433617,0.8206990720351557
2010-06-04,0.7971960674029487,0.8162323233900259,0.8113958649537603,0.8343840795349701,0.8259864180913912
2010-06-07,0.7847768507958431,0.8035165481367369,0.7987554350607751,0.8213855249246556,0.8131186874787423
2010-06-08,0.7877393066603842,0.8065497445260921,0.8017706587138813,0.8244861749538894,0.8161881310050727
2010-06-09,0.813370055812981,0.8327925306943743,0.827857947310066,0.8513125604742681,0.8427445222759439
2010-06-10,0.8044182286175913,0.8236269426928146,0.818746668583137,0.8419431438401466,0.8334694041678213
2010-06-11,0.8053824368273559,0.8246141752438377,0.8197280514403131,0.8429523309303506,0.8344684342910785
2010-06-17,0.7996455322700943,0.8187402790628201,0.8138889601229653,0.8369478082989423,0.8285243441983843
2010-06-18,0.7827356300732222,0.8014265850760753,0.7966778557531048,0.8192490842880125,0.8110037490562482
2010-06-21,0.808272375639909,0.8275731229455113,0.8226694663548573,0.8459770810948615,0.837462741847136
2010-06-22,0.8101014168400471,0.82944583984592,0.8245310867608094,0.847891444349538,0.8393578379862393
2010-06-23,0.8028604549082228,0.8220319708833624,0.8171611475325465,0.8403127023016559,0.8318553722138127
2010-06-24,0.8025220419989461,0.8216854770075158,0.8168167067525905,0.8399585029329492,0.8315047376858727
2010-06-25,0.7938253673938839,0.8127811343885388,0.8079651254391204,0.830856141378408,0.822493986880562
2010-06-28,0.7867616693669187,0.8055487622180912,0.8007756075717867,0.8234629323331817,0.8151751868132466
2010-06-29,0.7470652979454179,0.7649044805910126,0.7603721573515614,0.7819147841626696,0.7740452001231622
2010-06-30,0.7363166593507733,0.7538991751057914,0.7494320621024855,0.7706647375470816,0.7629083796405021
2010-07-01,0.7252269220301119,0.7425446257933281,0.73814479241647,0.7590576804566863,0.7514181418161883
2010-07-02,0.7260702684865632,0.7434081105315489,0.739003160709376,0.7599403677723521,0.752291945322324
2010-07-05,0.7212572848879617,0.7384801976306202,0.7341044473944475,0.754902865639635,0.7473051431471798
2010-07-06,0.7392334563307293,0.7568856223214212,0.7524008135868675,0.773717598772601,0.7659305153336977
2010-07-07,0.7467671722872455,0.7645992359861002,0.7600687214263622,0.7816027513854756,0.7737363078009296
2010-07-08,0.7455639263875952,0.7633672577608681,0.75884404309763,0.7803433758522964,0.7724896072571436
2010-07-09,0.7689600760122699,0.7873220843680049,0.7826569290833121,0.8048309210967707,0.7967306975181263
2010-07-12,0.7789405710191911,0.7975409037540822,0.7928151984350276,0.8152769913675164,0.8070716332786373
2010-07-13,0.7665267260455662,0.7848306284035844,0.7801802358560099,0.8022840589694037,0.7942094682934161
2010-07-14,0.7712376486080366,0.7896540431514799,0.7818351699247327,0.8072147390702885,0.7990905235474356
2010-07-15,0.7577897641893996,0.7758850365136732,0.7662201045793282,0.7899669727000563,0.7851569752823981
2010-07-16,0.7616573402954187,0.7798449665233481,0.7682816641429746,0.7920924245875772,0.7860075701221607
2010-07-19,0.7802306547456886,0.8020700737026478,0.7876037322100914,0.8120133265921844,0.8057754397460063
2010-07-20,0.7960905621770664,0.818420646712206,0.8036135136887891,0.8285192868674761,0.822154601224883
2010-07-21,0.7977206016754347,0.8200964082948742,0.8052589568468552,0.8302157259749322,0.8238380082861311
2010-07-22,0.8072770615668797,0.8299209238163836,0.8149057240322223,0.8401614679676336,0.8337073470830719
2010-07-23,0.8106290069515301,0.8333668901923037,0.818289344861598,0.8436499547449602,0.8371690353029504
2010-07-26,0.8117620163136069,0.8378832129548414,0.822723956841068,0.8482220052296504,0.8417059632931636
2010-07-27,0.8085127757356511,0.8293363736185265,0.8176021583403825,0.8429414707824532,0.8364659939146546
2010-07-28,0.8295076659907803,0.850871996395625,0.8341401841402124,0.8634458301679487,0.8568128387994499
2010-07-29,0.8325987926719985,0.8540427363877846,0.8372485737124683,0.8657739820137945,0.8625733993789806
2010-07-30,0.8293838101050025,0.8507449505476867,0.8340156365614433,0.8624308973448865,0.8555177733128108
2010-08-02,0.8456695414689662,0.8674501279999861,0.8503923181953243,0.8793655393562405,0.8723166696301924
2010-08-03,0.8316290274386752,0.8530479944294601,0.836273392670192,0.8647655761464519,0.8578337376594789
2010-08-04,0.8356767431951555,0.8571999608642064,0.8403437135423022,0.8689745745492738,0.8620089973267115
2010-08-05,0.8310466412523587,0.8524506086338358,0.8356877540551292,0.8641599845793791,0.8572330004287116
2010-08-06,0.8441938117660828,0.8659363902373183,0.8489083470440341,0.877831008688545,0.8707944395431804
2010-08-09,0.8538861936360923,0.8758784036142693,0.8586548575698293,0.8879095868953023,0.8807922292932338
2010-08-10,0.8255126548665459,0.8467740920238312,0.8301228622377911,0.8584054945755212,0.851524637602417
2010-08-11,0.833260235806684,0.8547212152778377,0.8379137107820646,0.8664617805809225,0.8595163455592296
2010-08-12,0.8237575906127595,0.8449738253275155,0.8283579965471496,0.8565804991742976,0.8497142711060779
2010-08-13,0.8382460940171401,0.8598354864331371,0.8429274133146378,0.8716463020510651,0.8646593086389198
2010-08-16,0.8572856424159487,0.8793654066747006,0.8620732911147657,0.8914444878976722,0.8842987950293861
2010-08-17,0.8656156095424032,0.8879099157243313,0.8704497782741019,0.9001063654701461,0.8928912402169659
2010-08-18,0.8650147767348007,0.8872936082066737,0.869845590019648,0.8994815922697272,0.892271475110111
2010-08-19,0.8689070138261556,0.8912860915557103,0.8737595639311758,0.9035289169057741,0.8962863569646049
2010-08-20,0.8506896576903821,0.8725995394962046,0.8554404700581953,0.8845856838597402,0.8774949701940453
2010-08-23,0.8518359834417291,0.8737753893654199,0.8565931976489297,0.8857776853605395,0.8786774167794921
2010-08-24,0.8580445891202888,0.8801439003812156,0.8628364762782864,0.8922336750982014,0.8850816562169923
2010-08-25,0.8368046223252164,0.8583568890113883,0.8414778914936454,0.8701473944167267,0.8631724160360706
2010-08-26,0.8397692578890448,0.8613978800524622,0.8444590835386481,0.8732301569187936,0.8662304675501571
2010-08-27,0.8445548384969669,0.8663067153685425,0.8492713899864035,0.8782064206554634,0.8711668422608959
2010-08-30,0.863689255233818,0.8859339473234203,0.8685126659319714,0.8981032549021366,0.8909041862998129
2010-08-31,0.8651307269257417,0.8874125447451692,0.8699621877529637,0.8996021625364748,0.8923910789026621
2010-09-01,0.8604531908139237,0.8826145366581415,0.8652585291930708,0.8947382483665471,0.8875661531804369
2010-09-02,0.8731418310271089,0.8956299783139378,0.8780180311456819,0.9079324718753932,0.9006546136607267
2010-09-03,0.8731444662587211,0.8956326814170853,0.8780206810941663,0.9079352121087283,0.9006573319287392
2010-09-06,0.8835747129801722,0.9063315636753702,0.8885091771956065,0.9187810556493332,0.9114162367222984
2010-09-07,0.8863812346472629,0.9092103685275867,0.8913313723315422,0.9216994041512898,0.9143111921556335
2010-09-08,0.8868845638852105,0.9097266612287822,0.8918375124920714,0.9222227887183072,0.9148303813460249
2010-09-09,0.8694946704756966,0.8918888835576296,0.8743505024432073,0.904139988939517,0.8968925307313971
2010-09-10,0.8752658277066158,0.8978086794509201,0.8801538896241458,0.9101410999435404,0.9028455376788187
2010-09-13,0.8870479482451727,0.9098942536239348,0.8920018092981072,0.9223926831850879,0.9149989139628014
2010-09-14,0.8877225675379194,0.9105862480297259,0.8926801961101256,0.9230941829188916,0.9156947905740068
2010-09-15,0.8711469606966037,0.8935837292311882,0.8760120201429554,0.9058581152406688,0.8985968847752479
2010-09-16,0.8504867448562355,0.8723914005538377,0.8552364240248929,0.8843746858929319,0.877285663557081
2010-09-17,0.8520810599816723,0.8740267779581486,0.8568396428579833,0.8860325270607102,0.8789302157046566
2010-09-20,0.8465576145223085,0.8683610737607345,0.8512853508345829,0.8802889979901928,0.8732327259504119
2010-09-21,0.8484549812831587,0.8703073080270218,0.8531933137433846,0.8822619659915156,0.8751898789194272
2010-09-27,0.865568175373382,0.8878612598676743,0.8704020792013819,0.9000570412701132,0.8928423113927405
2010-09-28,0.8589115803207329,0.8810332213167831,0.8637083093296695,0.8931352118654725,0.8859759663931118
2010-09-29,0.8528083839066649,0.8747728344268922,0.8575710286396907,0.8867888314612175,0.8796804576761125
2010-09-30,0.8721905124150716,0.8946541580776466,0.8770613997427967,0.9069432476413969,0.8996733189082067
2010-10-08,0.9020845798249104,0.9253181601842619,0.9071224153503608,0.9380284545955714,0.9305093512422481
2010-10-11,0.9209159449263479,0.9446345352771632,0.9260589472202172,0.9576101620087,0.9499340944597251
2010-10-12,0.930713736060849,0.954684672780019,0.9359114556853902,0.967798349548864,0.9600406149302793
2010-10-13,0.9471575813215503,0.9715520364211757,0.9524471342283382,0.9848974055603282,0.9770026073284122
2010-10-14,0.9372069467535362,0.9613451189357578,0.9424409287510671,0.9745502844867243,0.9667384273131318
2010-10-15,0.95539004487835,0.9799965306543443,0.9607255732937497,0.9934578944994009,0.9854944765995286
2010-10-18,0.9473473179976353,0.9717466598478043,0.9526379305192183,0.9850947023604605,0.9771983226253137
2010-10-19,0.971101295750834,0.9921279818939804,0.9765245661580214,1.0097951656436877,1.0017007904901807
2010-10-20,0.9795814710791891,0.9974322249822443,0.9811118919794471,1.0186132365162663,1.0104481769544742
2010-10-21,0.9744506751300569,0.9880712089581777,0.9719040441556159,1.0092248902038385,1.0051557091340952
2010-10-22,0.9809913199917651,0.9873102521651765,0.971155538402346,1.0084476420370023,1.0119024503411729
2010-10-25,1.0068877410457573,1.010810094897235,0.9942708685336537,1.0324505944416937,1.0386148701002196
2010-10-26,1.0048032728404344,1.003956364142719,0.9914952619534956,1.029568405337786,1.0364647201023152
2010-10-27,0.9907100541778975,0.9898750240934258,0.974462049069771,1.0159449014036657,1.0219274227713513
2010-10-28,0.9891183742840732,0.9882846857632512,0.9728964733049361,1.0131552787338962,1.0202855888917883
2010-10-29,0.9873211463244901,0.9864889726156039,0.9711287205373577,1.0113143757220018,1.0184317301072487
2010-11-01,1.0152994003521927,1.0144436448862368,0.9986481210261853,1.0399725388851742,1.0472915815961872
2010-11-02,1.0113781757131024,1.01052572529137,0.9947912058969233,1.035956023222859,1.0432467987935556
2010-11-03,0.9994642935939309,0.9986218849093852,0.9830727157763628,1.0237526177730425,1.030957509108947
2010-11-04,1.0167645891286268,1.015907598713351,1.0000892801739472,1.0414733337159856,1.048802938611149
2010-11-05,1.0275690387390235,1.0267029416830784,1.0107165328822634,1.05254034595758,1.0599478374624864
2010-11-08,1.041090412141693,1.0402129184581201,1.0240161508447927,1.0663903068872433,1.0738952706347331
2010-11-09,1.0379228637437183,1.0370480398606539,1.020900551392257,1.0631457828105613,1.0706279124836826
2010-11-10,1.0304282650383603,1.0295597580543356,1.0135288668306837,1.0554690552946846,1.062897158256072
2010-11-11,1.0306259074092823,1.0297572338403673,1.0137232677948602,1.0556715006405675,1.0631010283570113
2010-11-12,0.9645949089000854,0.963781890232451,0.9487752016699141,0.9880358602167557,0.9949893867672656
2010-11-15,0.977423216388722,0.9765993852511418,0.9613931202513978,1.00117591280019,1.008221915452219
2010-11-16,0.9331460548389943,0.9323595431591032,0.9178421202501469,0.9558227567798809,0.9625495763058364
2010-11-17,0.9088966535426846,0.9081305807182664,0.8939904179521162,0.9309840624756978,0.9375360740546155
2010-11-18,0.92525353616018,0.9244736767702413,0.9100790417473646,0.9477384393009601,0.954408363608335
2010-11-19,0.9386431479822348,0.9378520030212618,0.9232490590671096,0.9614534366667017,0.9682198833799556
2010-11-22,0.9395048687194542,0.9387129974483595,0.9240966472709191,0.9623360983747506,0.96910875702005
2010-11-23,0.9245130360771259,0.9237338008252427,0.9093506861349164,0.9469799440717189,0.9536445302968164
2010-11-24,0.9492763075378324,0.9484762003097617,0.933707830939806,0.9723449962751974,0.979188094810479
2010-11-25,0.963005864237873,0.9621941849127567,0.9472122179179348,0.9864081996358576,0.993350271155715
2010-11-26,0.9582044722402773,0.9573968398174291,0.9424895704948733,0.9814901273665442,0.9883975868369012
2010-11-29,0.9597829759760401,0.9589740130952015,0.9440421861954297,0.9831069908623283,0.9900258293764014
2010-11-30,0.9420689490782143,0.9412749166458095,0.9266186757795025,0.9649624893286706,0.9717536317962333
2010-12-01,0.9411808760248719,0.9403875921139075,0.9257451674471361,0.9640528349078371,0.9708375754760137
2010-12-02,0.9448596593556312,0.9440632747445756,0.9293636173936749,0.9678210176125359,0.9746322776214933
2010-12-03,0.9428226253193297,0.94202795764321,0.927359991456229,0.9657344809143037,0.9725310564478145
2010-12-06,0.9396735235426408,0.9388815101191065,0.9242625360936831,0.9625088517365706,0.9692827261728514
2010-12-07,0.9520512064255757,0.9512487603456454,0.9364372204768445,0.9751873289313923,0.9820504310276639
2010-12-08,0.9443194368751114,0.9435235075960893,0.9288322547582591,0.9672676670004562,0.9740750326789264
2010-12-09,0.9236644914979679,0.9228859714505472,0.9085160579953854,0.946110778720062,0.9527692479967845
2010-12-10,0.9341448076200526,0.9333574541311827,0.9188244931224521,0.9568457805944084,0.9635797998825816
2010-12-13,0.9631218144288138,0.9623100373738953,0.9473262664835851,0.9865269675721087,0.9934698749482657
2010-12-14,0.9679759110586554,0.9671600426788314,0.9521007541637603,0.9914990252669907,0.9984769246273298
2010-12-15,0.9650982381380327,0.9642847952342113,0.9492702761253502,0.9885514210309368,0.9955085759576566
2010-12-16,0.962797680940502,0.9619861770848035,0.9470074489023356,0.9861949572048608,0.9931355279827255
2010-12-17,0.9615670277775616,0.9607565611904467,0.9457969788987298,0.9849343975178304,0.9918660968208781
2010-12-20,0.9483618821683673,0.9475625456730556,0.932808402478883,0.9714083491415795,0.978244855810134
2010-12-21,0.9683263968630903,0.9675102330727273,0.9524454918735668,0.991858028347023,0.9988384542729952
2010-12-22,0.9567867176328643,0.9559802801789624,0.9410950675785139,0.9800379194187445,0.9869351586461644
2010-12-23,0.9473315066079611,0.9465330385752108,0.9317949254523094,0.9703529340717103,0.9771820130172381
2010-12-24,0.9385825376551522,0.9377914437802122,0.923189442771429,0.9613913534272974,0.9681573632156675
2010-12-27,0.9192926422531758,0.9185178070635281,0.904215908667801,0.9416326876691339,0.9482596413640116
2010-12-28,0.9024192542396711,0.9016586409573907,0.887619250352838,0.9243492536732978,0.930854571279838
2010-12-29,0.9094421464864288,0.9086756138877135,0.8945269646132434,0.931542811630334,0.9380987555332072
2010-12-30,0.9098611483127831,0.9090942625541003,0.8949390946572975,0.9319719957636055,0.938530960147198
2010-12-31,0.9295542341514401,0.9287707498742888,0.9143092067278455,0.95214365002737,0.9588445770047695
2011-01-04,0.9461693694669403,0.945371880953345,0.9306518477829513,0.9691625554379193,0.9759832568237162
2011-01-05,0.9477215208865802,0.9469227241263132,0.9321785433549509,0.9707524262209191,0.9775843166830913
2011-01-06,0.9422876733020344,0.9414934565156845,0.9268338128465246,0.9651865288447806,0.9719792480412724
2011-01-07,0.941823872538271,0.9410300466711302,0.9263776185839235,0.9647114570997755,0.9715008328710686
2011-01-10,0.9184651795269161,0.9176910417726759,0.9034020166311151,0.9407851164877042,0.94740610520808
2011-01-11,0.9194191333705657,0.9186441915665883,0.9043403252848736,0.9417622526904986,0.9483901182286126
2011-01-12,0.9251586678221374,0.9243788883929459,0.9099857292845598,0.9476412655349359,0.9543105059598841
2011-01-13,0.9255908458065532,0.9248107021117349,0.9104108193928924,0.9480839460245996,0.9547563019139375
2011-01-14,0.908767527193682,0.9080015632047255,0.8938634093221874,0.9308517981830539,0.9374028789220017
2011-01-17,0.8695737274240654,0.8688407983294195,0.8553124021195565,0.8907055364588509,0.8969740787717727
2011-01-18,0.8727307348955909,0.8719951448849642,0.8584176335206694,0.8939392634504191,0.9002305638507732
2011-01-19,0.8946242391305117,0.8938701959563043,0.8799520763257159,0.916364809231679,0.9228139344988
2011-01-20,0.8631674793745838,0.8624399498515153,0.8490112188673816,0.8841436079809688,0.8903659692333334
2011-01-21,0.8722827455215014,0.8715475331032926,0.8579769913352026,0.8934803873330847,0.8997684582886446
2011-01-24,0.8565029786270978,0.8557810663465298,0.8424560183553494,0.8773171509178,0.8834914694296672
2011-01-25,0.8488212784772671,0.8481058407961019,0.8349003008810223,0.8694487751411544,0.8755677181731677
2011-01-26,0.8621608208986885,0.8614341398479944,0.8480210699565093,0.8831124863526058,0.8893275908525504
2011-01-27,0.877371377764837,0.876631876340986,0.8629821681595338,0.8986926801717476,0.9050174338208231
2011-01-28,0.8842308856516327,0.8834856026215226,0.8697291776228867,0.9057188833095208,0.912093085457416
2011-01-31,0.8969959475815744,0.8962399053886834,0.8822848878958339,0.9187941533822727,0.925260375710069
2011-02-01,0.897607321315626,0.8968507638201411,0.8828862348783532,0.9194203843188701,0.9258910138889739
2011-02-09,0.8849634800398497,0.8842175795350796,0.8704497571967675,0.9064692807249263,0.9128487639648968
2011-02-10,0.9090073332704005,0.9082411671584435,0.8940992824920546,0.9310974318693912,0.9376502413111409
2011-02-11,0.9176087292529211,0.9168353133665386,0.9025596124530165,0.9399078533222116,0.9465226681040104
2011-02-14,0.9396234541420073,0.9388314829199781,0.9242132878494247,0.9624575655822796,0.9692310790806132
2011-02-15,0.9366245605672192,0.9358351169932586,0.921263577219653,0.9593857948674176,0.966137690082364
2011-02-16,0.9485279017599415,0.9477284253333216,0.9329716992887906,0.9715784032321204,0.9784161066949227
2011-02-17,0.9488915637224379,0.9480917807796198,0.9333293970628755,0.9719509026685449,0.9787912276806507
2011-02-18,0.938806532342197,0.9380152496710475,0.9234097638641618,0.9616207914859641,0.9683884159967319
2011-02-21,0.9526256869170555,0.9518227566303769,0.937002279279384,0.9757757700700912,0.9826430134543935
2011-02-22,0.9246052691835563,0.9238259561920573,0.9094414065848654,0.9470744185664639,0.9537396696772548
2011-02-23,0.9300654690842249,0.9292815539074901,0.9148120572218486,0.9526673086553866,0.9593719209991988
2011-02-24,0.9347772632070027,0.9339893766464834,0.9194465762078167,0.9574936057012331,0.9642321842055868
2011-02-25,0.9360158220647798,0.9352268915722813,0.9206648222499895,0.9587622632020988,0.9655097701714718
2011-02-28,0.9500563360950709,0.949255571411966,0.9344750667450892,0.9731439805736146,0.9799927021421853
2011-03-01,0.9562306837626706,0.9554247149675931,0.9405481528659635,0.9794683731789939,0.9863616040955225
2011-03-02,0.9543517636231066,0.9535473784950528,0.9387000476998588,0.9775437927574679,0.984423479002595
2011-03-03,0.9409964098120114,0.9402032813802775,0.9255637265472376,0.9638638859183459,0.970647296715137
2011-03-04,0.9534689610329886,0.9526653199841114,0.9378317233932035,0.9766395368791911,0.9835128592184001
2011-03-07,0.9702105874658788,0.969392835566228,0.9542987810653824,0.9937880073111055,1.000782015901948
2011-03-08,0.9723029613660387,0.9714834458876827,0.9563568392727978,0.9959312287061851,1.00294032070389
2011-03-09,0.973507262212856,0.9726867316772351,0.9575413891478466,0.997164795680431,1.004182569185612
2011-03-10,0.9619807591406915,0.9611699438358724,0.9462039249170723,0.9853581831085448,0.992292864898844
2011-03-11,0.9544439967295367,0.9536395338618675,0.9387907681498078,0.9776382672522131,0.9845186183830332
2011-03-14,0.9621256968793676,0.9613147594122957,0.9463464856241351,0.9855066430288589,0.9924423696395329
2011-03-15,0.9471733927112235,0.9463750579463852,0.9316394046809677,0.9701909777950036,0.977018916936487
2011-03-16,0.9565284649348597,0.9557222451518809,0.9408410503186563,0.9797733908334574,0.9866687683809376
2011-03-17,0.9433733887262986,0.9425782568336177,0.9279017221430673,0.9662986286114966,0.9730991744624313
2011-03-18,0.9502144499918082,0.9494135520407914,0.9346305875164304,0.9733059368503206,0.9801557982229365
2011-03-21,0.9468255421384009,0.9460275005629696,0.931297258984017,0.9698346739862498,0.9766601055588342
2011-03-22,0.9479586917316863,0.9471596950695507,0.9324118245119624,0.9709953606359779,0.9778289608042183
2011-03-23,0.961219177204739,0.9604090038070308,0.9454548332017788,0.9845780937090762,0.9915072854432255
2011-03-24,0.958510159107303,0.9577022690331576,0.9427902439861326,0.9818032428348422,0.9887129059263535
2011-03-25,0.9697494219337277,0.9689320587321545,0.9538451788156372,0.9933156348373787,1.0003063189997567
2011-03-28,0.9645132167201038,0.9637002669075574,0.9486948492713875,0.9879521828071232,0.994905120458877
2011-03-29,0.9516190284411596,0.9508169466268559,0.9360121303685115,0.9747446484417277,0.9816046350736103
2011-03-30,0.9486122291715348,0.9478126816686953,0.9330546437001729,0.9716647799130305,0.9785030912713236
2011-03-31,0.9377735215501783,0.9369831095627225,0.9223936948247328,0.9605626771448165,0.9673228549358236
2011-04-01,0.9538036354477496,0.9529997123151251,0.938160909025876,0.9769823443315525,0.9838580792559904
2011-04-06,0.9557826943885809,0.9549771031859217,0.9401075106804969,0.9790094970616593,0.985899498533394
2011-04-07,0.9603258336881719,0.9595164132541679,0.944576140843701,0.9836630407456858,0.9905857925869807
2011-04-08,0.9684739698333783,0.9676576816596305,0.9525906445934849,0.9920091875386149,0.9989906772816964
2011-04-11,0.9600254172843706,0.9592162500593998,0.9442806513781526,0.9833553238199438,0.9902759100335532
2011-04-12,0.9567656357799657,0.9559592160951187,0.941074331475668,0.9800163252485165,0.9869134125020643
2011-04-13,0.970287009182635,0.9694691928701602,0.9543739494381972,0.9938662861781798,1.0008608456743109
2011-04-14,0.9639703590079715,0.9631578667485904,0.9481608946231158,0.9873961329237649,0.9943451572482974
2011-04-15,0.9646238964478198,0.9638108533477349,0.9488037138113261,0.9880655522008175,0.9950192877154027
2011-04-18,0.962093494349065,0.9651431566508281,0.9501152723163037,0.989431383467707,0.9963947313297385
2011-04-19,0.9440858005704367,0.9493109699524739,0.938282733630093,0.9771092100816391,0.9839858378525789
2011-04-20,0.9432782596162133,0.9484989595546192,0.9362541414248211,0.9789123232956354,0.985801640884943
2011-04-21,0.951179953953179,0.9564443868778143,0.9440969958231269,0.980427391872967,0.9912925422702361
2011-04-22,0.9455342097819365,0.9507673955788588,0.9384932926656923,0.9746080490556711,0.9802421195419421
2011-04-25,0.9327262346475086,0.9378885329896277,0.9257806920723602,0.9614062468057059,0.9669639995512254
2011-04-26,0.9256625988008272,0.9307858025037413,0.9187696555647841,0.9541254141498875,0.9596410774375769
2011-04-27,0.9211037484139031,0.9262017205484103,0.9142447526409846,0.9494263855631148,0.9549148844350162
2011-04-28,0.9101737754985996,0.91521125423326,0.9033961697299594,0.938160331443643,0.9435837028593606
2011-04-29,0.9162021626219886,0.9212730062730593,0.909379666490164,0.9443740829425269,0.9498333751717066
2011-05-03,0.9231625083466183,0.9282718749638714,0.9162881820252134,0.9515484494511683,0.957049215672527
2011-05-04,0.8997133031380773,0.90469288698663,0.893013591239511,0.9273782143567947,0.9327392558874703
2011-05-05,0.9000020459792678,0.90498322791377,0.8933001839581657,0.9276758356318582,0.933038597668786
2011-05-06,0.8968070947039826,0.90177059375249,0.8901290238761415,0.9243826441248563,0.9297263686901635
2011-05-09,0.8989902722837145,0.9039658544211089,0.892295944431823,0.9266329513265549,0.931989684597672
2011-05-10,0.9069741292177668,0.9119938990812948,0.9002203496037295,0.934862300566315,0.9402666065347004
2011-05-11,0.9034153150125261,0.9084153881419116,0.8966880360957582,0.9311940578590299,0.9365771582381596
2011-05-12,0.8928280775022128,0.8977695541467812,0.886179636411754,0.9202812777733732,0.9256012929232527
2011-05-13,0.9001194211179628,0.9051012526808998,0.8934166850633098,0.9277968198900138,0.9331602813197273
2011-05-16,0.8924665620750313,0.8974060378640205,0.8858208130079099,0.9199086462582531,0.9252265072783533
2011-05-17,0.8946755621852761,0.8996272639814079,0.8880133638067231,0.9221855699967458,0.9275165935890688
2011-05-18,0.9022040035811908,0.9071973725451294,0.8919038017119076,0.9299455003148615,0.9353213829604451
2011-05-19,0.8971592201200681,0.9021246680538799,0.8878470374335228,0.9247455968993235,0.9300914196429872
2011-05-20,0.8973258928170152,0.9022922632232044,0.8873195805101382,0.9249173945459046,0.9302642104273238
2011-05-23,0.8679422005960415,0.8727459430198679,0.859224742620444,0.8946301953591718,0.8998019252506742
2011-05-24,0.8674022749580433,0.8722030290910696,0.8588601768057517,0.8940736677716549,0.8992421804563441
2011-05-25,0.8559675889463502,0.8607050562772601,0.8493375108801356,0.8822873813421129,0.8873877591816408
2011-05-26,0.8528641902792473,0.8575844814343416,0.8409111279717505,0.8755722033262467,0.8841704434507524
2011-05-27,0.8467066905032935,0.8513929021506993,0.8298164335685958,0.8640202025253632,0.8742757714458813
2011-05-30,0.8397659323418094,0.8478049492299458,0.8239445969362108,0.8579063377342174,0.8680893375625395
2011-05-31,0.855232045427177,0.8622228547825527,0.839119325776135,0.8737065457743911,0.8840770876555968
2011-06-01,0.8595511729355971,0.8617082667978657,0.839983651854588,0.8781189739525892,0.8885418895643582
2011-06-02,0.8457821422879492,0.8441863098697385,0.8229034427684895,0.864052508283837,0.8743084606605885
2011-06-03,0.8581940340296565,0.8524456830734994,0.8309545880725793,0.87673251848476,0.887138977433173
2011-06-07,0.8633379857663471,0.8530985205494117,0.8349306895545646,0.8819875885298134,0.8924564230255478
2011-06-08,0.8644447786605121,0.8541921865251172,0.8306627956066454,0.8831182900763925,0.8936005455403006
2011-06-09,0.8464040544856226,0.8363654311211178,0.8133270921032902,0.8646878548671527,0.8749513485498304
2011-06-10,0.8498825464387127,0.8398026670447638,0.8166696466788715,0.8682414882992587,0.878547162167625
2011-06-13,0.8476426084386169,0.8375892954272646,0.8145172441112624,0.8659531637407057,0.8762316761258634
2011-06-14,0.8618490858015776,0.851627279415427,0.8281685408665336,0.8804665257350106,0.8909173058330828
2011-06-15,0.8524018178835263,0.842292059122798,0.8190904665078529,0.8708151803909959,0.8811514029393002
2011-06-16,0.8378553969887862,0.8279181634420972,0.8051125110099678,0.8559545314930986,0.8661143641739779
2011-06-17,0.832392583489729,0.8225201406620081,0.7998631809833165,0.8503737117167688,0.8604673023333054
2011-06-20,0.8270299083953819,0.8172210686130541,0.7947100760126289,0.8448951935089389,0.8549237563392057
2011-06-21,0.8395709259747421,0.8296133457044409,0.8067609981529251,0.8577071188902964,0.8678877540718449
2011-06-22,0.8394549762429725,0.8294987711736527,0.8066495796670724,0.8575886644425595,0.8677678936179185
2011-06-23,0.8559567312507372,0.8458048100780996,0.8225064559945642,0.8744468860727463,0.8848262154926372
2011-06-24,0.8734598703056037,0.8631003562938993,0.8393255828816931,0.8923281233879334,0.9029196958330846
2011-06-27,0.8805011812894343,0.8700581550726733,0.8460917236589302,0.8995215389414083,0.9101984943078928
2011-06-28,0.8824275279695166,0.8719616546637224,0.8479427898670738,0.9014894980617638,0.9121898123038076
2011-06-29,0.871072359919619,0.8607411625463058,0.8370313749684531,0.8898890386231698,0.9004516601226892
2011-06-30,0.8828254463671805,0.8723548536216544,0.8483251578526138,0.9018960121892243,0.9126011515888733
2011-07-01,0.8863856301767447,0.8758728125101738,0.8517462118159549,0.9055331021640539,0.9162814123446615
2011-07-04,0.9087744692929965,0.8979961128187305,0.8732601085387864,0.928405579163426,0.9394253763573748
2011-07-05,0.9110381242836815,0.900232920135709,0.8754353012512289,0.9307181330408342,0.9417653793101666
2011-07-06,0.9096361866177392,0.8988476098998154,0.8740881504677371,0.929285911081834,0.9403161574581465
2011-07-07,0.9093911110483168,0.8986054410051948,0.8738526523044574,0.9290355414536628,0.9400628160441654
2011-07-08,0.9102739101424723,0.8994777698191504,0.8747009521399269,0.9299374105443867,0.9409753899547421
2011-07-11,0.9166326988415677,0.9057611412462392,0.8808112431936218,0.9364335601441376,0.9475486462121192
2011-07-12,0.9027608945680331,0.8920538610173971,0.8674815407043345,0.9222621007603459,0.9332089773605511
2011-07-13,0.9173916425404237,0.9065110836295801,0.8815405278282941,0.9372088983475062,0.9483331873650925
2011-07-14,0.9203773481334926,0.909461377797376,0.8844095538390012,0.9402591003767303,0.9514195940536994
2011-07-15,0.9233498776206787,0.912398652132128,0.8872659186581343,0.9432958416732572,0.9544923802361783
2011-07-18,0.9231048020512563,0.9121564832375074,0.8870304204948547,0.943045472045086,0.9542390388221973
2011-07-19,0.914492899246182,0.9036467203598753,0.8787550656819765,0.9342475371540846,0.9453366760169305
2011-07-20,0.9138446348367425,0.9030061445741049,0.8781321350565272,0.9335852691053739,0.9446665471154324
2011-07-21,0.904626631161054,0.8938974693764434,0.869274365431237,0.9241681405102934,0.9351376410282771
2011-07-22,0.9077467330341287,0.8969805658412893,0.8722725355960007,0.9273556420130307,0.9383629768793896
2011-07-25,0.875894814672766,0.8655064214404508,0.8416653710845995,0.894815666790407,0.9054367653655402
2011-07-26,0.8782744193952208,0.8678578032882176,0.8439519822828948,0.8972466751155521,0.9078966287722586
2011-07-27,0.8883804926074179,0.8778440152330522,0.8536631162202841,0.9075710570944354,0.9183435569724417
2011-07-28,0.8841325160707656,0.8736464210596302,0.8495811480567714,0.9032313168728031,0.9139523057967716
2011-07-29,0.8778791362187334,0.8674672082968943,0.8435721465356698,0.8968428531346311,0.9074880135884185
2011-08-01,0.8801164389976527,0.8696779759477847,0.8457220168649641,0.8991284855466446,0.9098007755289544
2011-08-02,0.8769330918163399,0.866532384284327,0.8426630729806442,0.8958763725269597,0.9065100612484274
2011-08-03,0.8786934195622977,0.8682718339790205,0.8443546081749536,0.8976747264153285,0.9083297608671295
2011-08-04,0.8826831444236448,0.8722142394247778,0.8481884169836125,0.9017506362760922,0.9124540501226905
2011-08-05,0.8673988615994616,0.8571112330936069,0.833501434757574,0.8861361863471424,0.8966542630141999
2011-08-08,0.8363849435722525,0.8264651500743739,0.80369952203029,0.8544523137240716,0.8645943156900918
2011-08-09,0.837887019642905,0.8279494110414028,0.8051428978697456,0.8559868372515719,0.8661470533886849
2011-08-10,0.8489813007963207,0.8389121104645458,0.8158036211751976,0.8673207741827579,0.8776155195484686
2011-08-11,0.8633985958534081,0.8531584117814142,0.8296574969956555,0.8820495079002207,0.8925190773537363
2011-08-12,0.8673566980606362,0.8570695696278657,0.8334609189445366,0.886093112002511,0.8966106773945902
2011-08-15,0.8787355831011229,0.8683134974447616,0.8443951239879907,0.8977178007599601,0.9083733464867388
2011-08-16,0.8742846945338737,0.8639153978424603,0.8401181734742357,0.8931707652547883,0.9037723395166973
2011-08-17,0.8688719502371716,0.8585668504279388,0.8349169559755663,0.8876410962627086,0.8981770355993112
2011-08-18,0.8520829561211591,0.8419769791631301,0.8187840656717574,0.870489430659719,0.8808217866910019
2011-08-19,0.8453104376973399,0.8352847849784559,0.8122762132026334,0.8635706140532704,0.8738208465412051
2011-08-22,0.8344217037956977,0.8245251949508011,0.8018130044857384,0.8524466645521634,0.8625648602770183
2011-08-23,0.8459218090103072,0.8358889052317028,0.8128636924916749,0.8641951920504284,0.8744528380255446
2011-08-24,0.8436159904807968,0.833610434448983,0.810647983966195,0.8618395638283886,0.872069249453143
2011-08-25,0.8661708485311737,0.8558977846538957,0.8323214117028612,0.8848816460597476,0.8953848318430693
2011-08-26,0.8672723709829855,0.8569862426963835,0.8333798873184619,0.8860069633132478,0.8965235061553709
2011-08-29,0.8554454983424795,0.8452996405559877,0.8220152017614859,0.8739246096440879,0.8842977398548698
2011-08-30,0.8508417669469885,0.8407505108903748,0.8175913814254706,0.8692214296396267,0.8795387350137435
2011-08-31,0.8520144403705681,0.8419092760313008,0.8187182274755718,0.8704194348496926,0.8807509600591362
2011-09-01,0.84573470830677,0.8357040236024766,0.8126839035713219,0.8640040496461259,0.8742594268385271
2011-09-02,0.8361056101275346,0.826189129613839,0.8034311047689177,0.8541669461908875,0.864305560960178
2011-09-05,0.8176406153432152,0.807943135585819,0.7856877108968742,0.8353030753887923,0.8452177836723858
2011-09-06,0.808364636801642,0.7987771731227635,0.7767742320286577,0.8258267195698434,0.8356289473582673
2011-09-07,0.8261602854071092,0.8163617596321425,0.7938744373687333,0.8440067851509122,0.8540248029347566
2011-09-08,0.818900251065622,0.8091878316248363,0.786898120811365,0.8365899214346609,0.8465199040582234
2011-09-09,0.8150633690325167,0.8053964562423906,0.7832111818249664,0.8326701560731866,0.8425536126737472
2011-09-13,0.8027437100319897,0.7932229123461451,0.7713729677031164,0.8200843710011452,0.8298184394440585
2011-09-14,0.806454101448619,0.7968892973313672,0.7749383592504029,0.8238749133287246,0.8336539739697059
2011-09-15,0.8059613150885979,0.7964023555755173,0.7744648306855288,0.823371481925843,0.8331445670405183
2011-09-16,0.8075793408910201,0.7980011910733343,0.7760196250108371,0.8250244599010801,0.8348171651930378
2011-09-19,0.7915492904738638,0.7821612621918665,0.7606160193417005,0.8086481325014591,0.8182464574377019
2011-09-20,0.7938340272339616,0.7844189012417158,0.7628114699606618,0.8109822235511832,0.8206082532002987
2011-09-21,0.8190425530091577,0.8093284458217126,0.7870348616803661,0.8367352973477926,0.846667005524406
2011-09-22,0.7935388824621843,0.7841272569815276,0.7625278592694005,0.8106807031387622,0.8203031538630314
2011-09-23,0.7879759305584169,0.7786302834703032,0.7571823041867854,0.8049975817939323,0.8145525761757859
2011-09-26,0.7722304840283315,0.7630715829825883,0.742052180255651,0.7889120062205744,0.798276071352815
2011-09-27,0.77944308438864,0.7701986395909356,0.7489829165233521,0.796280411299115,0.8057319364072871
2011-09-28,0.7694424200235063,0.760316586310454,0.7393730721185563,0.7860637151818107,0.7953939722561282
2011-09-29,0.7582163778112612,0.7492236885568696,0.7285857368973624,0.7745951709236509,0.7837893010350643
2011-09-30,0.7572676981876912,0.7482862605776935,0.7276741311040221,0.7736259981694403,0.7828086245938477
2011-10-10,0.7483527449473099,0.7394770415400468,0.719107568884938,0.7645184664263994,0.7735929901476367
2011-10-11,0.7402836977046117,0.731503695783832,0.7113538551649156,0.7562751137225296,0.7652517921948438
2011-10-12,0.7651759969386177,0.7561007643707701,0.7352733782868396,0.7817051299344021,0.7909836523718787
2011-10-13,0.7723991381836326,0.7632382368455528,0.7422142435078002,0.7890843035991006,0.7984504138312534
2011-10-14,0.7690497720681952,0.7599285952857393,0.7389957686096459,0.785662585347429,0.7949880811735135
2011-10-17,0.7730579434777785,0.7638892284977584,0.7428473030865087,0.7897573402339692,0.7991314391376538
2011-10-18,0.7518470482274593,0.7429299012633455,0.7224653168904082,0.7680882527377421,0.7772051483727846
2011-10-19,0.7461839579189817,0.7373339770209857,0.7170235367518294,0.7623028298244121,0.7713510548389663
2011-10-20,0.7233787538568296,0.7147992499882351,0.695109546375254,0.7390049936718031,0.7477766828326079
2011-10-21,0.7164612982682984,0.7079638376400758,0.6884624207988141,0.7319381090056835,0.740625917115403
2011-10-24,0.7332898207019596,0.7245927684040168,0.7046332946773455,0.7491301568067652,0.7580220275420964
2011-10-25,0.7512699347897875,0.7423596325760132,0.7219107566994594,0.767498672645597,0.7766085702043777
2011-10-26,0.7606170643031286,0.7515959021375069,0.7308926060021763,0.7770477164211117,0.7862709572515874
2011-10-27,0.7610914041149136,0.752064616127095,0.7313484088988464,0.7775323027982171,0.7867612954721956
2011-10-28,0.7787315746709623,0.7694955686065533,0.7482992121783467,0.7955535317334568,0.8049964290763744
2011-10-31,0.7767446179038185,0.7675321777835011,0.7463899044889617,0.7935236532426932,0.8029424567522706
2011-11-01,0.7755060639508243,0.7663083134773544,0.7451997524809896,0.7922583443691403,0.8016621291762377
2011-11-02,0.787720314104288,0.778377698709247,0.7569366770702461,0.8047364435796028,0.8142883383569022
2011-11-03,0.7906664913797082,0.7812889333779107,0.7597677195062309,0.807746263410735,0.8173338835271251
2011-11-04,0.795449417815207,0.7860151327729237,0.764363732047655,0.8126325093798805,0.8222781272515924
2011-11-07,0.788371213734904,0.7790208784616262,0.7575621399340101,0.8054014037748529,0.8149611913596259
2011-11-08,0.7830164443040867,0.7737296183124986,0.7524166316782669,0.7999309620066415,0.8094258176692029
2011-11-09,0.7921395800174182,0.7827445507122425,0.761183240724223,0.8092511733263009,0.8188566561122365
2011-11-10,0.7793192289933405,0.7700762531603207,0.7488639013225546,0.7961538804117595,0.8056039036496836
2011-11-11,0.7769844230308877,0.7677691387449038,0.7466203381756115,0.7937686385777855,0.8031903499638003
2011-11-14,0.7944875620857541,0.7850646849607034,0.7634394650627403,0.8116498758929725,0.8212838303042478
2011-11-15,0.7940870084669135,0.7846688820361624,0.7630545648388856,0.8112406696189726,0.8208697669179563
2011-11-16,0.7732977486048476,0.7641261894591609,0.7430777367731582,0.7900023255690611,0.7993793323491833
2011-11-17,0.7710762571529879,0.7619310456079235,0.7409430598737531,0.7877328460362846,0.797082915016001
2011-11-18,0.7523978094533652,0.743474130284589,0.7229945546982081,0.7686509113644919,0.7777744855289351
2011-11-21,0.7521685452110025,0.7432475851896214,0.7227742499648175,0.7684166946155577,0.7775374887223078
2011-11-22,0.7515071046956802,0.742593989570807,0.7221386581477942,0.7677409658341497,0.7768537393146817
2011-11-23,0.7472459520531449,0.738383375564341,0.7180440287927073,0.7633877648798201,0.7724488676328836
2011-11-24,0.7476175182390431,0.7387505348561849,0.7184010743950989,0.7637673575418858,0.7728329659056934
2011-11-25,0.7428952018906058,0.7340842266931749,0.713863303334916,0.7589430309431482,0.7679513765094148
2011-11-28,0.7434090700200396,0.7345920001818953,0.7143570898063087,0.7594679995183458,0.7684825762484072
2011-11-29,0.7541555019781463,0.7452109760126737,0.7246835576542026,0.7704465731063211,0.7795914610464114
2011-11-30,0.7290945485888389,0.720447253562771,0.7006019712801291,0.7448442595159224,0.7536852583909379
2011-12-01,0.7456331966930758,0.7367897479997414,0.7164942989440286,0.7617401711976618,0.770781717682815
2011-12-02,0.7350158905726216,0.7262983665327952,0.7062919107735616,0.7508935127901206,0.7598063138448652
2011-12-05,0.717760462308354,0.7092475931782249,0.689710814288027,0.733265337249644,0.7419688990196244
2011-12-06,0.7171306444471506,0.7086252451587164,0.6891056093307817,0.7326219142267097,0.7413178388267055
2011-12-07,0.719866004028444,0.7113281624986743,0.6917340727015796,0.7354163623346839,0.7441454558988803
2011-12-08,0.7189515822801695,0.7104245860854128,0.6908553860063321,0.7344821874854863,0.7432001927735964
2011-12-09,0.7131330139222736,0.7046750278131325,0.6852642038071781,0.7285379279263274,0.7371853772674676
2011-12-12,0.704415702270136,0.6960611062711474,0.6768875594617065,0.719632307173747,0.7281740504131767
2011-12-13,0.6857477954552196,0.6776146068142481,0.6589491832394209,0.7005611410881123,0.7088765173310132
2011-12-14,0.6771912322948536,0.6691595272354012,0.6507270054311541,0.6918197412744399,0.7000313606514841
2011-12-15,0.6625499434377566,0.6546918887567829,0.6366578893539352,0.6768621751011217,0.6848962542420403
2011-12-16,0.6802612649655732,0.6721931483346795,0.6536770630679359,0.6949560919929272,0.7032049385793102
2011-12-19,0.680161126560863,0.6720941976035442,0.6535808380119722,0.6948537904244272,0.7031014227327373
2011-12-20,0.6791044028690532,0.6710500069934063,0.6525654104477238,0.6937742396620982,0.7020090581412711
2011-12-21,0.6662945927296815,0.6583921253079197,0.6402561999993146,0.6806877153337144,0.6887672020836205
2011-12-22,0.6664289890096872,0.6585249276049696,0.6403853441533711,0.6808250148072276,0.6889061312461262
2011-12-23,0.6731198155770323,0.6651363988247702,0.6468146972347352,0.6876603748709523,0.6958226242579293
2011-12-26,0.6661101272473205,0.658209847645302,0.6400789433172761,0.6804992650759512,0.6885765149978283
2011-12-27,0.6531105811832351,0.6453644803639802,0.6275874117101989,0.6672189061967254,0.6751385236519345
2011-12-28,0.6520512222702486,0.6443176857872336,0.6265694519076356,0.6661366632878568,0.6740434349592426
2011-12-29,0.6543280533668167,0.6465675129372565,0.6287573058116525,0.6684626778979625,0.6763970584181627
2011-12-30,0.6658255233602496,0.6579286192515493,0.6398054615792741,0.680208513249688,0.6882823120654634
2012-01-04,0.6509075362796115,0.6431875642790048,0.6254704604789977,0.6649682716897252,0.6728611750273314
2012-01-05,0.6393415505355873,0.6317587548328825,0.6143564665151903,0.6531524405279732,0.660905094748165
2012-01-06,0.6421691428580611,0.6345528110041491,0.6170735582270074,0.6560411137648289,0.6638280553632357
2012-01-09,0.6655804477908275,0.657686450356929,0.6395699634159947,0.679958143621517,0.6880289706514825
2012-01-10,0.6899588788953998,0.6817757454551466,0.662995700066526,0.7048631912581919,0.713229631089525
2012-01-11,0.6864461290670142,0.6783046579655861,0.6596202263928519,0.7012745599210728,0.7095984041557977
2012-01-12,0.6871260161305726,0.6789764813506622,0.660273543878079,0.701969133728257,0.7103012222720029
2012-01-13,0.6718549094122722,0.6638864948525355,0.6455992228436148,0.6863681445320046,0.6945150556696403
2012-01-16,0.6538906066515037,0.6461352544801919,0.6283369542513899,0.6680157815724095,0.6759448576147126
2012-01-17,0.6865647140199604,0.6784218364629833,0.6597341771170195,0.7013957065153491,0.7097209887109499
2012-01-18,0.6731356269040918,0.6651520226244233,0.6468298906646243,0.687676527750189,0.6958389688652828
2012-01-19,0.6863749780952464,0.678234350867148,0.6595518559583514,0.7012018719645069,0.7095248534227065
2012-01-20,0.6985997691334166,0.6903141519654761,0.6712989095008675,0.7136907397611274,0.7221619590082736
2012-01-30,0.6896953567777414,0.6815153487942645,0.6627424762350425,0.7045939766042443,0.7129572209669649
2012-01-31,0.690217130570705,0.6820309341828114,0.6632438594213796,0.7051270216190603,0.7134965930096341
2012-02-01,0.6817475297091662,0.6736617855020556,0.6551052454775025,0.6964744626411905,0.7047413316705498
2012-02-02,0.6974244604886604,0.6891527828579411,0.6701695312124513,0.7124900424045221,0.7209470098616552
2012-02-03,0.7041442744889479,0.6957928977104387,0.6766267389152786,0.719355016080181,0.7278934679869399
2012-02-06,0.7056068222419515,0.6972380991783351,0.6780321311800115,0.720849157409589,0.7294053441671488
2012-02-07,0.6926309931684552,0.6844161675964928,0.6655633897177679,0.7075930278492185,0.7159918697322853
2012-02-08,0.7107165161033464,0.702287190432842,0.682942141272475,0.7260692295496292,0.7346873764435906
2012-02-09,0.7149882096305881,0.7065082203057436,0.6870468995808213,0.7304331990901168,0.7391031445302912
2012-02-10,0.7168565814447857,0.7083544326313989,0.6888422565460388,0.732341930986604,0.741034532299243
2012-02-13,0.7183823745060275,0.7098621292979072,0.6903084225303279,0.7339006838329596,0.7426117869088665
2012-02-14,0.716740631713016,0.7082398581006106,0.6887308380601861,0.7322234765388672,0.7409146718453166
2012-02-15,0.7244750058662881,0.7158825000975049,0.6961629575142245,0.7401249266322236,0.7489099089424579
2012-02-16,0.7203772369367011,0.7118333320207858,0.6922253269346573,0.7359386387633414,0.7446739315366471
2012-02-17,0.7192862553695957,0.7107552898447332,0.691176980272316,0.7348240900959991,0.7435461536292479
2012-02-20,0.7208647528543691,0.712315065843418,0.6926937910229017,0.7364366858731441,0.7451778902633834
2012-02-21,0.7288415673558868,0.7201972727683239,0.7003588764019049,0.7445858134481322,0.7534237446732802
2012-02-22,0.7411322389234714,0.7323421730318723,0.7121692359022915,0.7571419849082394,0.7661289527894871
2012-02-23,0.7448136429071583,0.7359799143843976,0.715706772828115,0.7609029136238848,0.769934522201653
2012-02-24,0.7576656165853553,0.7486794595356253,0.7280564990895615,0.7740325122969001,0.7832199638789132
2012-02-27,0.7594417556583724,0.7504345330299717,0.7297632277137597,0.7758470190645056,0.7850560081049688
2012-02-28,0.7598054161807409,0.7507938804219892,0.7301126766012069,0.7762185352869531,0.785431934074102
2012-02-29,0.752202803086298,0.7432814367555362,0.7228071690629102,0.7684516925205703,0.7775729020382407
2012-03-01,0.7540659044581424,0.7451224411479735,0.7245974615514978,0.7703550401239784,0.779498841604741
2012-03-02,0.7683092749175753,0.7591968806686596,0.7382842096431769,0.784906092169836,0.794222608729119
2012-03-05,0.7654579656045121,0.7563793887979136,0.7355443277865262,0.7819931896141249,0.7912751312030177
2012-03-06,0.7558947479546911,0.7469295939744964,0.7263548349419928,0.7722233898223734,0.7813893678553087
2012-03-07,0.7497625882767818,0.7408701636757663,0.7204623163833737,0.7659587648250171,0.7750503843033332
2012-03-08,0.7602375924537005,0.7512209309458361,0.7305279636848396,0.7766600473194267,0.7858786866751004
2012-03-09,0.7715558674071259,0.7624049675307292,0.7414039272470526,0.7882228167064681,0.7975787014390604
2012-03-12,0.7700458856729436,0.7609128946638738,0.7399529546926525,0.7866802167393494,0.7960177914367905
2012-03-13,0.776910636837943,0.7676962276798565,0.7465494355027955,0.7936932584746793,0.8031140751294832
2012-03-14,0.7503265256085705,0.7414274125300543,0.721004215382748,0.7665348841844645,0.7756333419656118
2012-03-15,0.7440652400930085,0.7352403878674918,0.7149876171467018,0.7601383440066739,0.7691608774535819
2012-03-16,0.758835654787758,0.7498356207099424,0.7291808129013476,0.7752278253604263,0.7844294648230802
2012-03-19,0.7621217755949574,0.7530827670711441,0.7323385140799459,0.7785849320951506,0.7878264190514056
2012-03-20,0.7478336063755227,0.7389640601181081,0.7186087179369148,0.763988113558122,0.7730563422061925
2012-03-21,0.747780901951991,0.7389119807859317,0.7185580731706182,0.7639342706273325,0.7730018601816804
2012-03-22,0.7469270902907781,0.7380682956046732,0.7177376279566119,0.763062015148543,0.7721192513845855
2012-03-23,0.7356615197608843,0.7269363383519567,0.7069123091606956,0.7515530886922912,0.7604737186451376
2012-03-26,0.7368315579632874,0.728092499526274,0.708036622972482,0.7527484017558178,0.7616832195893048
2012-03-27,0.7321329586054393,0.7234496270627433,0.7035216420571326,0.7479483044759354,0.7568261471040567
2012-03-28,0.707931087319698,0.6995347977273166,0.6802655653736951,0.7232236306574051,0.7318080014481294
2012-03-29,0.698773693731071,0.6904860137616582,0.6714660372296462,0.7138684214327327,0.722341749689163
2012-03-30,0.7001202917523052,0.6918166406987666,0.6727600110085266,0.715244108314404,0.7237337654154457
2012-04-05,0.720959620816726,0.7124088086413355,0.6927849516022355,0.7365336031485652,0.745275957907505
2012-04-06,0.7237397791580215,0.7151559934136433,0.6954564630243856,0.7393738177477104,0.7481498847005149
2012-04-09,0.7172202419671544,0.7087137800234163,0.6891917054334857,0.7327134472090514,0.741410458268376
2012-04-10,0.7238056596874362,0.7152210925788639,0.6955197689822564,0.7394411214111972,0.748217987231155
2012-04-11,0.724730622320417,0.7161350848585607,0.6964085846307633,0.7403860648465527,0.7491741467613412
2012-04-12,0.7388764895963161,0.7301131776147202,0.7100016399047933,0.7548375074704496,0.7637971221403718
2012-04-13,0.7422838305776385,0.7334801064399279,0.713275824045874,0.7583184529459898,0.767319385025075
2012-04-16,0.7411585911352374,0.7323682126979607,0.7121945582854398,0.7571689063736343,0.766156193801743
2012-04-17,0.7315874678218868,0.7229106059747171,0.7029974687259618,0.7473910301422644,0.7562622581503572
2012-04-18,0.7487506633449741,0.7398702404979787,0.7194899368704771,0.7649249805538594,0.774004329432702
2012-04-19,0.7478230654908168,0.7389536442516731,0.7185985889836555,0.7639773449719645,0.7730454458012902
2012-04-20,0.7539394138416666,0.7449974507507503,0.7244759141123857,0.7702258170900839,0.779368084745912
2012-04-23,0.7479495561072927,0.7390786346488966,0.7187201364227674,0.7641065680058592,0.7731762026601191
2012-04-24,0.7471273671001987,0.7382661970669439,0.7179300780685391,0.7632666182855432,0.7723262830777313
2012-04-25,0.754948703552298,0.7459947699619294,0.7254457613869673,0.7712569092147025,0.7804114155153177
2012-04-26,0.7561161065335243,0.7471483271696376,0.7265675429604387,0.7724495301316894,0.7816181923582592
2012-04-27,0.7548116720511157,0.7458593636982705,0.7253140849945958,0.7711169175946497,0.7802697622515864
2012-05-02,0.772138251287151,0.762980444151279,0.7419635519146308,0.788817781091692,0.7981807278099184
2012-05-03,0.7752899758143447,0.7660947882154309,0.7449921089391727,0.7920375883529032,0.8014387528757383
2012-05-04,0.7832588846523326,0.7739691832405103,0.7526495976032314,0.8001786394882728,0.8096764349819583
2012-05-07,0.7868006219136606,0.7774689143627679,0.7560529258983686,0.8037968844373261,0.8133376270291672
2012-05-08,0.7843735832100274,0.7750706611160423,0.7537207344104063,0.8013174174744705,0.810828729800388
2012-05-09,0.7687915203928901,0.7596734065580744,0.7387476092547915,0.7853987549865601,0.7947211192534043
2012-05-10,0.7688732122493641,0.7597541295229477,0.7388261086425514,0.7854822115292837,0.7948055663913979
2012-05-11,0.7642273173150478,0.7551633363915936,0.7343617724934988,0.780735957180191,0.7900029759306619
2012-05-14,0.7582058369265547,0.7492132726904339,0.7285756079441025,0.7745844023374925,0.7837784046301616
2012-05-15,0.7605169258984184,0.7514969514063714,0.7307963809462121,0.7769454148526114,0.7861674414050145
2012-05-16,0.7482183486673041,0.7393442392429965,0.7189784247308809,0.7643811669528858,0.7734540609851308
2012-05-17,0.7586643654112804,0.7496663628803693,0.7290162174108837,0.7750528358353612,0.7842523982434165
2012-05-18,0.7476992100955171,0.7388312578210584,0.7184795737828585,0.7638508140846094,0.7729174130436872
2012-05-21,0.7521395577780601,0.7432189415569245,0.7227463953433543,0.7683870810036233,0.7775075236088264
2012-05-22,0.7655370222398097,0.7564575077961785,0.7356202949359715,0.7820739540103097,0.7913568542397861
2012-05-23,0.7638504806867964,0.754790969166532,0.7339996624144776,0.7803509802250462,0.7896134294554009
2012-05-24,0.7566326098841347,0.747658704624967,0.7270638616701467,0.7729771908534266,0.7821521161984775
2012-05-25,0.7488007325473292,0.7399197158635463,0.7195380493984594,0.7649761313381097,0.7740560873559889
2012-05-28,0.7636106755597274,0.7545540082051292,0.7337692287278277,0.7801059948899541,0.7893655362438711
2012-05-29,0.7739908117742891,0.7648110326772813,0.7437437154499597,0.7907103601089427,0.8000957709715167
2012-05-30,0.7721988613742126,0.7630403353832821,0.7420217933958725,0.7888797004621004,0.7982433821381076
2012-05-31,0.7713107918377039,0.7621627986361088,0.7411684290837732,0.7879724470782975,0.7973253600250797
2012-06-01,0.7718404712941973,0.7626861959244823,0.7416774089850551,0.7885135685327319,0.7978729043714258
2012-06-04,0.7509958717874232,0.7420888200486956,0.7216474039147164,0.7672186894054916,0.7763252636769152
2012-06-05,0.7503133495026881,0.7414143926970105,0.7209915541911742,0.7665214234517678,0.7756197214594843
2012-06-06,0.7493646698791181,0.7404769647178343,0.720079948397834,0.7655522506975571,0.7746390450182676
2012-06-07,0.7452062908624696,0.7363679054091122,0.7160840763370255,0.7613040434582669,0.7703404132842678
2012-06-08,0.7410004778646425,0.7322119747014313,0.71204262398655,0.7570073775812661,0.7659927477282072
2012-06-11,0.7534966966840007,0.744559984360468,0.7240504980754939,0.7697735364714524,0.7789104357400112
2012-06-12,0.750453016225047,0.741552402927278,0.7211257628218605,0.7666641072183599,0.7757640988244412
2012-06-13,0.7635052667126642,0.7544498495407761,0.7336679391952343,0.7799983090283751,0.789256572194847
2012-06-14,0.7593205354842498,0.7503147505659657,0.7296467447512776,0.7757231803236901,0.7849306994485913
2012-06-15,0.7612047186255069,0.752176586691274,0.731457295146384,0.7776480650994142,0.7868784318248966
2012-06-18,0.7667176013269192,0.7576240848369309,0.7367547377010173,0.7832800356599942,0.7925772515888557
2012-06-19,0.759547164505436,0.7505386916943246,0.7298645172463534,0.7759547049260851,0.7851649721539931
2012-06-20,0.7570753270418008,0.748096171015249,0.7274892777070389,0.7734294714720583,0.7826097652043785
2012-06-21,0.7461523352648629,0.7373027294216793,0.716993149892051,0.7622705240659381,0.7713183656242589
2012-06-25,0.7281827620617412,0.7195462811161181,0.6997258168231965,0.7439127768132641,0.75274271936688
2012-06-26,0.7280878940993841,0.7194525383182004,0.6996346562438625,0.743815859537843,0.7526446517227583
2012-06-27,0.7270944157158122,0.7184708429066744,0.6986800023991699,0.7428009202924614,0.7516176655607064
2012-06-28,0.7203798721578779,0.7118359359873944,0.6922278591729722,0.7359413309098812,0.7446766556378729
2012-06-29,0.7314082727818793,0.722733536245317,0.7028252765205536,0.7472079641775805,0.7560770192670166
2012-07-02,0.73570368329971,0.7269780018176978,0.7069528249737334,0.7515961630369232,0.7605173042647476
2012-07-03,0.7380674766951053,0.7293137598658117,0.7092242427421397,0.7540110184828316,0.7629608230641125
2012-07-04,0.7354480668455814,0.7267254170566421,0.7067071978571944,0.7513350248225943,0.7602530664458642
2012-07-05,0.7249414400145436,0.7163434021872663,0.6966111636959502,0.7406014365697109,0.7493920748593896
2012-07-06,0.7414695472340743,0.7326754807578016,0.7124933624065906,0.7574865796652926,0.7664776377463645
2012-07-09,0.725724100703989,0.7171167802700866,0.697363238475456,0.7414010040919348,0.7502011329233934
2012-07-10,0.7214471367343942,0.7128905424639675,0.69325341569048,0.7370316502583683,0.7457799166342416
2012-07-11,0.7286412905464666,0.7199993713060532,0.7001664262899775,0.7443812103111326,0.7532167129801346
2012-07-12,0.7357563877232416,0.7270300811498741,0.7070034697400299,0.7516500059677127,0.7605717862892596
2012-07-13,0.73517136862204,0.7264520005627154,0.7064413128341367,0.7510523494359495,0.759967035817176
2012-07-16,0.7157866816470931,0.7072972221882166,0.6878141677902162,0.7312489194915779,0.7399285472016488
2012-07-17,0.7184746072472081,0.7099532681292156,0.6903970508713471,0.7339949089618415,0.7427071304517626
2012-07-18,0.7164428517200624,0.7079456098738134,0.6884446951306099,0.7319192639799069,0.7406068484068237
2012-07-19,0.7204378470237629,0.7118932232527886,0.6922835684158987,0.7360005581337498,0.7447365858648362
2012-07-20,0.7124531268587154,0.7040032044280561,0.6846108863219509,0.7278433541191431,0.7364825591512626
2012-07-23,0.7034064125595049,0.6950637870599682,0.675917712187125,0.7186012150491285,0.7271307196437715
2012-07-24,0.7079521690891112,0.6995556294601872,0.6802858232802141,0.7232451678297215,0.7318297942579348
2012-07-25,0.7039677146701172,0.6956184319476475,0.6764570789481849,0.7191746422620366,0.7277109532048248
2012-07-26,0.698966064876962,0.6906761033241022,0.6716508906266294,0.7140649481301147,0.7225406090786325
2012-07-27,0.6982677312651674,0.6899860521727642,0.6709798474731983,0.713351529297154,0.721818722253848
2012-07-30,0.6929709367002349,0.6847520792890308,0.6658900484603816,0.707940314752811,0.7163432787903884
2012-07-31,0.6899404323471641,0.6817575176888848,0.6629779743983222,0.7048443462324158,0.7132105623809463
2012-08-01,0.6989001843475473,0.6906110041588815,0.6715875846687585,0.7139976444666277,0.7224725065479924
2012-08-02,0.6919089425660716,0.6837026807456752,0.6648695564195032,0.7068553796974029,0.7152454659964707
2012-08-03,0.6993982411499213,0.691103153847949,0.672066177710262,0.7145064601625882,0.7229873616796311
2012-08-06,0.71177060457398,0.703328777076371,0.6839550365984086,0.7271460881654191,0.7357770169338317
2012-08-07,0.7145244107035096,0.7060499221825907,0.6866012256374104,0.7299593812991696,0.7386237027145857
2012-08-08,0.713288491971692,0.7048286618430528,0.6854136058677531,0.7286967645721562,0.7373460992397783
2012-08-09,0.7236080180991923,0.715025795083202,0.6953298511086439,0.7392392104207367,0.7480136796392352
2012-08-10,0.7187802929036917,0.7102553282558391,0.6906907905158677,0.7343071979604202,0.7430231261939327
2012-08-13,0.7049717339383951,0.6966105432256088,0.6774218617461364,0.7202003500935759,0.7287488357717791
2012-08-14,0.706457998681988,0.6980791803929847,0.6788500441557028,0.7217187207418392,0.7302852288630184
2012-08-15,0.6992216813310902,0.6909286880851578,0.671896517743168,0.7143260863444433,0.7228048468975157
2012-08-16,0.694409767462649,0.6861738450574478,0.6672726505802808,0.7094102267633636,0.7178306380595667
2012-08-17,0.6912949360319275,0.6830959565258194,0.6642795448921467,0.7062281095537052,0.7146107504109053
2012-08-20,0.6891551364365419,0.6809815356394555,0.6622233673805014,0.7040420865636523,0.7123987802157167
2012-08-21,0.6951976985944475,0.6869524310734857,0.6680297898364163,0.7102151785786665,0.7186451443260217
2012-08-22,0.6874132552388204,0.6792603137110238,0.660549557854396,0.7022625777010599,0.7105981493055938
2012-08-23,0.6897691429706858,0.6815882598593112,0.6628133789078577,0.7046693567073498,0.713033495801282
2012-08-24,0.6803086989467516,0.672240019733638,0.6537226433576029,0.6950045506306377,0.7032539724013713
2012-08-27,0.665330101779052,0.6574390735290906,0.6393294007760852,0.679702389700267,0.6877701810350506
2012-08-28,0.6673539516426681,0.6594389198846664,0.641274159801878,0.6817699582425831,0.6898622907763129
2012-08-29,0.6602862884470716,0.6524550814398042,0.6344826966414926,0.6745496212237135,0.6825562512892487
2012-08-30,0.6542516319526958,0.6464919979056005,0.6286838709005221,0.6683846056483178,0.6763180594826205
2012-08-31,0.6542279149621065,0.6464685622061211,0.6286610807556887,0.6683603763294627,0.6762935425715901
2012-09-03,0.6661364794590866,0.6582358873113905,0.6401042657004247,0.6805261865413462,0.6886037560100849
2012-09-04,0.6594351120070351,0.6516140002251546,0.6336647836658011,0.6736800578914635,0.6816763665933794
2012-09-05,0.6586498160964133,0.6508380181757254,0.6329101766479805,0.6728777982227001,0.68086458442815
2012-09-06,0.6648873846213861,0.6570016071388085,0.6389039847391932,0.6792501090816354,0.6873125320291497
2012-09-07,0.6937983961496818,0.6855697248042011,0.6666851712912394,0.7087856487662059,0.7171986465752275
2012-09-10,0.6973111459780673,0.6890408122937616,0.6700606449649135,0.7123742801033249,0.7208298735089548
2012-09-11,0.6930868864320043,0.684866653819819,0.6660014669462343,0.708058769200548,0.7164631392443152
2012-09-12,0.6968947810321672,0.6886293855695677,0.6696605513111697,0.711948920950088,0.7203994655153098
2012-09-13,0.6875713685094154,0.6794165517075533,0.6607014921532862,0.7024241064934286,0.7107615953791304
2012-09-14,0.6921988168954956,0.6839891170726458,0.665148102634135,0.7071515158167451,0.7155451171312872
2012-09-17,0.6744874953676792,0.6664878574947493,0.6481289289201344,0.6890575989249397,0.6972364327940174
2012-09-18,0.6689746126662668,0.6610403593490924,0.6428314863655012,0.6834256283643598,0.6915376130300583
2012-09-19,0.6724873624946524,0.6645114468386529,0.6462069600391752,0.6870142597014788,0.6951688399637855
2012-09-20,0.6562596704892523,0.6484762204615234,0.6306134364964261,0.6704360213113971,0.6783938246165294
2012-09-21,0.6562939283645477,0.6485100720274379,0.6306463555945188,0.6704710192164102,0.6784292379324621
2012-09-24,0.6614800436400639,0.6536346783136009,0.6356298005981126,0.6757691636060954,0.6837902691444467
2012-09-25,0.6593745019199737,0.6515541089931516,0.63360654218456,0.6736181385210556,0.6816137122651909
2012-09-26,0.6502645423125252,0.642552196426452,0.6248525943301781,0.6643113879340936,0.6721964943282853
2012-09-27,0.6681181657838773,0.660194070201225,0.6420085089131801,0.6825506807390308,0.6906522801317379
2012-09-28,0.6818265863444638,0.6737399045003201,0.6551812126269477,0.6965552270373752,0.7048230547073187
2012-10-08,0.6742977594429652,0.6663003718989139,0.6479466077614663,0.6888637643740976,0.6970402975057741
2012-10-09,0.6906440364013117,0.6824527767734405,0.663654082028383,0.7055631493584557,0.7139378974081825
2012-10-10,0.6930816159896512,0.6848614458866014,0.6659964024696047,0.7080533849074692,0.7164576910418642
2012-10-11,0.6861694308434731,0.6780312414716597,0.6593543413697945,0.7009918845344285,0.7093123735271105
2012-10-12,0.6850099335257765,0.6768854961637778,0.6582401565112674,0.6998073400570599,0.7081137689878457
2012-10-15,0.6823299135891913,0.6742372621226053,0.655664870145081,0.6970694270264147,0.7053433580414087
2012-10-16,0.6854684620105019,0.6773385863537129,0.6586807659780486,0.7002757735549283,0.7085877626011005
2012-10-17,0.6867755317140872,0.6786301537916889,0.6599367561822064,0.7016110782385074,0.7099389168089989
2012-10-18,0.6988316685969559,0.6905433010270522,0.6715217464725729,0.7139276486566014,0.7224016799161272
2012-10-19,0.6989845114251978,0.6906943310903639,0.6716686162948333,0.714083793155891,0.7225596777872122
2012-10-22,0.7017251414488446,0.6934024563635395,0.674302144142261,0.7168836255569442,0.7253927430618382
2012-10-23,0.6914029801001677,0.6832027191567814,0.6643833666630553,0.706338487561824,0.7147224385611558
2012-10-24,0.6898640109330431,0.6816820026572291,0.6629045394871922,0.7047662739827713,0.7131315634454044
2012-10-25,0.6830993981727537,0.6749976203723815,0.6564042837330127,0.6978555338159411,0.7061387955992844
2012-10-26,0.6696597701721787,0.6617173906673863,0.6434898683273582,0.6841255864646231,0.692245879348715
2012-10-29,0.6672590836803113,0.6593451770867489,0.6411829992225442,0.6816730409671621,0.6897642231321917
2012-10-30,0.6691063737250962,0.6611705576795336,0.642958098281243,0.6835602356913335,0.6916738180913385
2012-10-31,0.6743003946641419,0.6663029758655229,0.6479491399997812,0.6888664565206369,0.6970430216069997
2012-11-01,0.6880615196482601,0.6799008894967945,0.6611724884798456,0.7029248457497708,0.7112682782070926
2012-11-02,0.6901960488012926,0.6820101024499408,0.6632236015148613,0.7051054844467448,0.7134748001998301
2012-11-05,0.687234060198813,0.6790832439816242,0.6603773656489876,0.702079511736376,0.7104129104222536
2012-11-06,0.6836580650621893,0.675549661293452,0.6569411182557575,0.6984262688823095,0.7067163050591119
2012-11-07,0.6830229767586328,0.6749221053407257,0.6563308488218825,0.6977774615662963,0.7060597966637419
2012-11-08,0.670113028214551,0.6621652729241039,0.6439254133175096,0.6845886356694125,0.6927144247595184
2012-11-09,0.6682183041885876,0.6602930209323604,0.6421047339691438,0.6826529823075307,0.6907557959783107
2012-11-12,0.6704845944004494,0.6625324322159479,0.6442824589199013,0.6849682283314785,0.6930985230323284
2012-11-13,0.6582598033622793,0.6504526311176199,0.6325354053773853,0.672479360534858,0.6804614174467615
2012-11-14,0.6611084774541659,0.6532675190217571,0.6352727549957211,0.6753895709440295,0.683406170871637
2012-11-15,0.6522752160702586,0.6445390229489838,0.6267846921643968,0.6663654957437123,0.6742749835634196
2012-11-16,0.6466911823970787,0.6390212177048888,0.6214188791752632,0.6606608372265668,0.6685026130663695
2012-11-19,0.6446594268699329,0.6370135594494866,0.6194665234345259,0.6585851922446322,0.6664023310214304
2012-11-20,0.6426803757663188,0.6350579805262607,0.6175648124600853,0.6565633901934871,0.6643565310010033
2012-11-21,0.6504252908042971,0.6427110383895902,0.625007060867383,0.6644756088730014,0.672362664503047
2012-11-22,0.6441244769710864,0.6364849542278954,0.6189524790566144,0.6580386864971188,0.6658493384726331
2012-11-23,0.6481089313900804,0.6404221517404352,0.6227812233886437,0.6621092120648037,0.6699681795257431
2012-11-26,0.641723790479219,0.634112740647258,0.6166456099518004,0.6555861409996578,0.6633676822561098
2012-11-27,0.6315465662952542,0.6240562216039852,0.6068661055799106,0.6451890710642089,0.6528472033228354
2012-11-28,0.6234854247160858,0.6160906877475969,0.5991199885748327,0.6369537947999575,0.6445141776737193
2012-11-29,0.6204101216030131,0.613051858715101,0.5961648664614213,0.6338120597883913,0.641335151543442
2012-11-30,0.62883492370455,0.6213767399635067,0.6042604323539462,0.6424188522750899,0.650044103161691
2012-12-03,0.6159592330357638,0.6086537591127995,0.5918879159476662,0.6292650242832193,0.6367341445734004
2012-12-04,0.6233378523301971,0.6159448656175027,0.598978183229202,0.6368030345937468,0.6443616280050856
2012-12-05,0.6479534533406621,0.6402685177105146,0.6226318213280686,0.6619503754189746,0.6698074575534325
2012-12-06,0.6463934024041248,0.6387269694780917,0.6211327362456868,0.6603566246676059,0.6681947896278763
2012-12-07,0.6605603514494367,0.6527258939671219,0.6347460494262356,0.6748296044638188,0.6828395578167118
2012-12-10,0.6691300907156856,0.6611939933790129,0.6429808884260765,0.6835844650101885,0.691698335002369
2012-12-11,0.6648926550637396,0.6570068150720262,0.638909049215823,0.6792554933747142,0.6873179802316013
2012-12-12,0.6690404931956818,0.661105458514313,0.6428947923233722,0.6834929320278466,0.6916057155606987
2012-12-13,0.6605023765835518,0.6526686067017278,0.6346903401833093,0.6747703772399504,0.6827796275897486
2012-12-14,0.6934742639449624,0.6852494369113158,0.666373705978515,0.7084545147418504,0.7168635821244788
2012-12-17,0.6974560831427798,0.6891840304572467,0.6701999180722296,0.7125223481629959,0.7209796990763633
2012-12-18,0.6976589951733767,0.689384535886126,0.6703949004224717,0.7127296434465353,0.7211894548707346
2012-12-19,0.7001914427240733,0.6918869477972045,0.6728283814430275,0.71531679627097,0.723807316148538
2012-12-20,0.704107381392476,0.6957564421779148,0.676591287578871,0.7193173260286284,0.7278553305697822
2012-12-21,0.7016250030441344,0.693303505632404,0.6742059190862971,0.7167813239884439,0.7252892272152653
2012-12-24,0.7028451104488926,0.6945091421722889,0.6753783454260655,0.7180277878362205,0.7265504860827191
2012-12-25,0.7222482439720757,0.7136821483130495,0.6940232161381898,0.7378500628063683,0.7466080434068254
2012-12-26,0.7274949693346531,0.7188666458312153,0.6990649026230248,0.7432101265664612,0.7520317289469987
2012-12-27,0.7232338166921178,0.7146560318247491,0.6949702732679378,0.7388569256121316,0.7476268572652004
2012-12-28,0.7328418331019406,0.7241500940805162,0.7042028141638234,0.7486724918950541,0.7575589303337447
2012-12-31,0.7447451271565675,0.7359122112525678,0.7156409346319295,0.7608329178138586,0.7698636955697882
2013-01-04,0.7436778625800513,0.7348576047759947,0.7146153781144217,0.7597425984653717,0.7687604345734195
2013-01-07,0.7486241727284981,0.7397452501007546,0.7193683894313655,0.7647957575199645,0.7738735725738741
2013-01-08,0.7493883868697071,0.740500400417313,0.7201027385426673,0.7655764800164119,0.7746635619292985
2013-01-09,0.7508957333827129,0.7419898693175597,0.7215511788587525,0.7671163878369912,0.7762217478303429
2013-01-10,0.7523609163568932,0.743437674752065,0.7229591033618004,0.7686132213129387,0.7777363481117775
2013-01-11,0.7365733062879825,0.7278373107986089,0.7077884636176286,0.7524845713949493,0.7614162576691968
2013-01-14,0.76521289003509,0.7561372199032926,0.7353088296232468,0.7817428199859539,0.7910217897890376
2013-01-15,0.7738142519554578,0.7646365669144894,0.7435740554828657,0.7905299862907973,0.7999132561894019
2013-01-16,0.7680984572234486,0.7589885633399532,0.7380816305779903,0.7846907204466779,0.7940046806310714
2013-01-17,0.7610755927878541,0.7520489923274412,0.7313332154689571,0.7775161499189794,0.7867449508648426
2013-01-18,0.7767604292308781,0.7675478015831533,0.7464050979188505,0.7935398061219294,0.8029588013596248
2013-01-21,0.7810716510757683,0.7718078909551869,0.7505478398019192,0.797944157860509,0.8074154309647094
2013-01-22,0.7716744523600721,0.7625221460281255,0.7415178779712204,0.7883439633007443,0.7977012859942132
2013-01-23,0.7747945542331468,0.7656052424929715,0.7445160481359842,0.7915314648034817,0.8009266218453258
2013-01-24,0.7641588015644565,0.7550956332597635,0.7342959342973132,0.7806659613701641,0.7899321492987967
2013-01-25,0.7611678255290345,0.7521401311587499,0.7314218438099764,0.777610375047861,0.7868402944077387
2013-01-28,0.7844631807300312,0.7751591959807416,0.753806830513111,0.8014089504568123,0.810921349242059
2013-01-29,0.7915466552526871,0.7821586582252565,0.7606134871033853,0.8086454403549186,0.8182437333364767
2013-01-30,0.7943768827963376,0.784955318363132,0.7633331110535172,0.8115368057383138,0.8211694180527731
2013-01-31,0.7905320950997025,0.7811561310808599,0.759638575352174,0.807608963937221,0.81719495436462
2013-02-01,0.8080932090204538,0.7985089645620536,0.7765134114822293,0.8255494284762765,0.8353483649320307
2013-02-04,0.8074633911592504,0.7978866165425449,0.7759082065249838,0.8249060054533421,0.8346973047391117
2013-02-05,0.8199437986515491,0.8102190024019287,0.7879008871840387,0.8376560114642916,0.8475986481435621
2013-02-06,0.8230322778705047,0.8132708512674687,0.7908686704890243,0.8408112072085552,0.8507912947799674
2013-02-07,0.8194431066279982,0.8097242487462524,0.7874197619042201,0.8371445036217915,0.8470810689106977
2013-02-08,0.8248611213670536,0.8150780040939917,0.7926260438795193,0.8426795569069503,0.8526818210305351
2013-02-18,0.8148766161781746,0.8084457011413205,0.7861764328916365,0.8358226596709097,0.8457435352089272
2013-02-19,0.800413489345969,0.7881437609011044,0.7695117725417125,0.8181056432946306,0.8278162250432415
2013-02-20,0.8023585531998232,0.7900590084092668,0.7737327099439434,0.8258967153798688,0.8356997739901332
2013-02-21,0.7729986028652958,0.7611491237252492,0.7454202381125425,0.7978949561903536,0.8106080776011146
2013-02-22,0.7649795952425932,0.7532530413745935,0.7376873255957744,0.7896176763711023,0.8028562988787078
2013-02-25,0.7699430126894775,0.7581403734168184,0.7424736625974122,0.7947409530906934,0.8080654717585829
2013-02-26,0.7603074992963422,0.7456579548361553,0.7331819165823174,0.7847951038896864,0.7979528718033441
2013-02-27,0.7688762941119698,0.7507524981088817,0.7384792214618866,0.7936398781734644,0.8069459363691305
2013-02-28,0.7944446841638154,0.772112537856433,0.7594900679963978,0.8167516351264357,0.8337803031064578
2013-03-01,0.7922959142982401,0.7724677350965632,0.7598394584839654,0.8171273678239958,0.8281990398813325
2013-03-04,0.7479769071796164,0.7341546385022204,0.7221527031071209,0.7765992287821647,0.7871217645821267
2013-03-05,0.7703930796229376,0.75615657040515,0.7437949481655936,0.7998731855910356,0.8107110720051259
2013-03-06,0.7805853037862235,0.7661604469611063,0.753635281683301,0.81045542863732,0.8214366992155603
2013-03-07,0.7725902367466486,0.7583131250773698,0.7459162475543968,0.8021544198262224,0.8130232158369466
2013-03-08,0.7684156382115974,0.7542156712001521,0.7418857787156706,0.7978200747793673,0.8086301425564871
2013-03-11,0.7636982126224529,0.7495854214627389,0.737331224145593,0.792922130686172,0.8036658337411072
2013-03-12,0.7499052356670146,0.7360473323674861,0.7240144552765883,0.778601347299164,0.7891510108157009
2013-03-13,0.7432594815904718,0.7295243887648071,0.7175981485370434,0.7717012846889695,0.7821574557667467
2013-03-14,0.7453635826477669,0.7315896070038506,0.7196296046576149,0.7738859019447837,0.7843716735068668
2013-03-15,0.7464802554447589,0.732685644201967,0.720707723876395,0.7750453056972552,0.7855467866072745
2013-03-18,0.735171358484481,0.7215857304478944,0.7097892711399076,0.7633036588984994,0.7736460462964324
2013-03-19,0.7406952699825642,0.7270075626061694,0.715122467367993,0.7690389501462573,0.7794590479065512
2013-03-20,0.7671076835003058,0.7529318868893953,0.7406229816677478,0.7964620694581857,0.8072537369342503
2013-03-21,0.7700570438275464,0.7558267443964575,0.7434705141414237,0.7963261937795281,0.810357450007318
2013-03-22,0.7713081309426948,0.7570547119980509,0.7446784069698716,0.7977118705282502,0.8084273158592213
2013-03-25,0.767749181003489,0.7565878813395939,0.7442192080433543,0.7968404887154394,0.8075442290128985
2013-03-26,0.7543874816308785,0.7436861128772955,0.7344662221475388,0.7829724920811436,0.793489947373609
2013-03-27,0.7575531765591584,0.7468069008186307,0.7322516854114818,0.7862581405144997,0.7968197310235329
2013-03-28,0.7274801566594757,0.717160481947354,0.7031830732158652,0.7550456033123228,0.7651879243477685
2013-03-29,0.7293778425460798,0.7190312481979018,0.7050173783601706,0.7570151957088052,0.7641152378451413
2013-04-01,0.7263935205151945,0.7189651207705733,0.704952539751877,0.7569455749969568,0.7650090595325532
2013-04-02,0.7207005569454846,0.7156048491514542,0.7044756622457179,0.7564335258904598,0.7590134544184989
2013-04-03,0.7181570011521029,0.7130792775499202,0.7021035647685455,0.7569141333851545,0.7563346815902618
2013-04-08,0.7189724728084737,0.7138889834201608,0.7029008076499588,0.752117041755866,0.7571935042356968
2013-04-09,0.7260177389055191,0.7208844360169727,0.7097885862743308,0.7581650603690092,0.7646133011348137
2013-04-10,0.7252482813238026,0.7201204188792222,0.7090363288846587,0.7556879105248588,0.763802938701347
2013-04-11,0.7245018307794131,0.7193792461077168,0.7083065642408574,0.7551803530771908,0.7630168063738643
2013-04-12,0.7211709230419493,0.7160718895280195,0.7050501144775929,0.7496578585470315,0.7595088254741729
2013-04-15,0.7137345373103434,0.7086880827050419,0.6977799591734206,0.7439714184696166,0.7516771167733268
2013-04-16,0.7209459653436401,0.7158485223914014,0.7048301854068582,0.7505157653833555,0.7592719088823289
2013-04-17,0.7240442463703525,0.7189248970457324,0.7078592085174311,0.7460667773133086,0.7625348964881815
2013-04-18,0.7260100698930768,0.7208768212282246,0.7097810886923739,0.7461313314339978,0.7646052244328191
2013-04-19,0.7455660516210878,0.7402945325365017,0.7288999226823764,0.7662293042987113,0.7852008145192653
2013-04-22,0.7459929599803791,0.740718422443493,0.7293172880779752,0.7666680443599411,0.7856504175969695
2013-04-23,0.722057972147782,0.7169526667599114,0.7059173347906036,0.742069701885129,0.7604430306715583
2013-04-24,0.7364348141397212,0.7312278574001403,0.7199728017657375,0.7568449959231878,0.7755841546775941
2013-04-25,0.7251869292242639,0.7200595005692358,0.708976348229004,0.7452853775434832,0.7637383250853897
2013-04-26,0.7164519240524189,0.7113862561848721,0.7004366023801362,0.7363082829972445,0.7545389615134437
2013-05-02,0.7175511491691566,0.7124777092388013,0.7015112557939532,0.7374379729752609,0.7556966221326817
2013-05-03,0.7312710124285338,0.7261005663095885,0.7149244299147824,0.751538080212505,0.7701458420011728
2013-05-06,0.7430659535648794,0.7378121114045416,0.726455710964439,0.7636599163952225,0.7825678096689981
2013-05-07,0.7462485937284576,0.7409722487351044,0.7295672074765374,0.7669307629594797,0.7859196409967922
2013-05-08,0.7519722333479368,0.7466554194042849,0.7351629028103432,0.7728130324031519,0.7919475529188252
2013-05-09,0.7478360793040255,0.7425485100060115,0.7311192069416081,0.7685622454626152,0.787591518309692
2013-05-10,0.7512053321037012,0.7458939405294507,0.734413144614657,0.7720248766045358,0.7911398827193569
2013-05-13,0.7477696145295252,0.7424825151701926,0.731054227897982,0.7684939386267351,0.7875215202257381
2013-05-14,0.7342849343183803,0.7290931782876878,0.71787097962383,0.7546355325010666,0.773319985885084
2013-05-15,0.7411384751043668,0.7358982611657912,0.7245713186992804,0.7616790181547001,0.7805378652343339
2013-05-16,0.7537258808597559,0.7483966677647397,0.7368773498844794,0.7746152819959876,0.7937944254416098
2013-05-17,0.7644011461795172,0.7589964537024344,0.7473139839684336,0.7855864107127253,0.805037194618211
2013-05-20,0.7748156650762384,0.7693373368226856,0.7574957002658547,0.7962895664579336,0.816005355926993
2013-05-21,0.7787421994467255,0.7732361086618378,0.761334462227769,0.8003249241468487,0.8201406273482716
2013-05-22,0.7781593545011063,0.7726573847169635,0.7607646459990473,0.7997259257399003,0.8195267979966755
2013-05-23,0.7685807579606021,0.7631465135702821,0.7514001661349246,0.7898818598151839,0.8094389972053143
2013-05-24,0.7749997213748551,0.7695200917526459,0.7576756422328195,0.7964787238496016,0.8161991967748655
2013-05-27,0.7768453970359825,0.7713527175780808,0.7594800602904381,0.7983755521382714,0.8181429897215865
2013-05-28,0.7873800637943006,0.7818128990553892,0.7697792387051832,0.8092021856252627,0.8292376860282851
2013-05-29,0.7880856129389975,0.7825134596202368,0.7704690162452146,0.8099272889599896,0.829980742611796
2013-05-30,0.7841744165933954,0.7786299173585814,0.7666452494472141,0.805907694387047,0.8258616245945068
2013-05-31,0.7760912774791507,0.7706039300178268,0.7587427980646797,0.797600532269632,0.8173487806921089
2013-06-03,0.7738135807837707,0.7683423377595686,0.7565160162234912,0.7952597095477418,0.8149500001996876
2013-06-04,0.7614051186520366,0.7560216095647481,0.7443849286172857,0.7825073487261315,0.8018818963722876
2013-06-05,0.7608350553938215,0.7554555769344545,0.7438276083584922,0.7819214862491601,0.8012815281906827
2013-06-06,0.7510340574924889,0.7457238769140709,0.7342456986176202,0.7718488551428448,0.7909595030414754
2013-06-07,0.7387943136344868,0.7335706740717141,0.7222795578144658,0.7592698885969301,0.7780690866579586
2013-06-13,0.7171421351722314,0.712071587172223,0.7011113847562539,0.737017623215999,0.7552658646929652
2013-06-14,0.7267079500253316,0.721569767004324,0.7104633686504486,0.7468485532107385,0.7653402043143354
2013-06-17,0.7247804715648192,0.7196559167655735,0.7085789763852901,0.7448676549702165,0.7633102598796713
2013-06-18,0.730284266160951,0.7251207968239683,0.7139597410363326,0.7505239864182855,0.7691066396778568
2013-06-19,0.7256751896830943,0.7205443087862137,0.7094536942802575,0.7457871700686021,0.7642525417790512
2013-06-20,0.7012366033667825,0.6962785153081577,0.6855613997777185,0.7206712719526986,0.7385147847559891
2013-06-21,0.7019779412362104,0.6970146115538309,0.6862861660335486,0.721433155891361,0.7392955326154753
2013-06-24,0.6567461058511872,0.6521025875160983,0.6420654276519664,0.6749477268889766,0.6916591442508244
2013-06-25,0.6559459722197012,0.6513081112233544,0.6412831799344669,0.6741254176724204,0.6908164750093789
2013-06-26,0.6641773789078312,0.6594813178132435,0.6493305845681672,0.6825849565775677,0.6994854684836738
2013-06-27,0.6597574714035527,0.6550926612312813,0.645009478167028,0.678042551991543,0.6948305959007371
2013-06-28,0.6674827232704872,0.6627632917637798,0.6525620423915754,0.6859819080696036,0.7029665270433829
2013-07-01,0.675264214561999,0.6704897640804328,0.6601695888838065,0.6939790622395627,0.7111616873339898
2013-07-02,0.6790271433337156,0.6742260870929535,0.6638484024306409,0.6978462800247729,0.7151246557793817
2013-07-03,0.6778001013429384,0.6730077208932185,0.6626487893175427,0.6965852307469869,0.713832383460232
2013-07-04,0.6817087413510597,0.6768887248919577,0.6664700569215575,0.7006021981339341,0.717948809243523
2013-07-05,0.6815860371519821,0.6767668882719843,0.6663500956102477,0.7004760932061556,0.7178195820116081
2013-07-08,0.6627381609061487,0.658052275791471,0.6479235383542623,0.6811058508621644,0.6979697407426712
2013-07-09,0.6632187523525364,0.6585294692197005,0.6483933868235591,0.6815997618292972,0.6984758807343381
2013-07-10,0.6814710019653466,0.676652666440759,0.6662376318808947,0.7003578698363631,0.7176984314816879
2013-07-11,0.711784051812504,0.7067513881000466,0.6958730741623913,0.7315110413696666,0.7496229422326786
2013-07-12,0.6983402730010518,0.6934026634241998,0.6827298129920093,0.7176946702199245,0.7354644836359963
2013-07-15,0.7092226016567567,0.7042080486580997,0.6933688817887987,0.7288786010022884,0.7469253237664538
2013-07-16,0.7137447626602667,0.7086982357567065,0.6977899559493627,0.7335260930281287,0.7516878857093197
2013-07-17,0.7017478708629392,0.6967861678913806,0.6860612385748422,0.7211967091517757,0.7390532315556345
2013-07-18,0.6916145490891045,0.686724493691902,0.6761544336158396,0.7107825438660601,0.7283812159866576
2013-07-19,0.6729686235042532,0.6682104039817619,0.6579253126847184,0.6916198492157046,0.7087440612035808
2013-07-22,0.6798426149900861,0.6750357929631943,0.664645645312054,0.6986843523573013,0.7159834784248166
2013-07-23,0.6998127233899845,0.6948647028638819,0.6841693487277271,0.7192079293532675,0.7370152104189758
2013-07-24,0.6980718575655693,0.6931361458180079,0.682467397623519,0.7174188156904087,0.7351817990661823
2013-07-25,0.6899657114139977,0.6850873141110083,0.6745424534951141,0.7090880088990352,0.7266447250578005
2013-07-26,0.6881098104029473,0.6832445352339092,0.6727280386615532,0.7071806718663841,0.7246901631750869
2013-07-29,0.6733520741263711,0.6685911434191792,0.6583001917825618,0.6920139271150128,0.7091478963033152
2013-07-30,0.6740116091964138,0.6692460152515368,0.6589449838308521,0.6926917411018226,0.7098424926748581
2013-07-31,0.6752769962494026,0.6705024553950134,0.6601820848537345,0.6939921981695393,0.711175148503981
2013-08-01,0.6936110486615981,0.6887068770293877,0.6781063041186101,0.7128343761284577,0.7304838507392741
2013-08-02,0.6950656046881651,0.6901511486286569,0.6795283454964285,0.7143292449598331,0.7320157318842659
2013-08-05,0.7043067646812057,0.6993269690704114,0.6885629317544493,0.7238265223331585,0.7417481577878612
2013-08-06,0.7093913199304887,0.7043755740105635,0.69353382859185,0.729051995277984,0.7471030112103373
2013-08-07,0.7058737995569274,0.7008829242379897,0.6900949376676351,0.725436987348331,0.7433984972287752
2013-08-08,0.7061115389426404,0.7011189826891883,0.6903273627082978,0.7256813156459019,0.7436488749906103
2013-08-09,0.708110594852615,0.70310390428959,0.6922817324050536,0.7277357750942949,0.7457542019772249
2013-08-12,0.7256777460205747,0.7205468470491299,0.7094561934742427,0.7457897972545969,0.7642552340130494
2013-08-13,0.7304248647223939,0.7252604012843548,0.7140971967055414,0.7506684816480313,0.7692547125477593
2013-08-14,0.7272729006085851,0.7221307231087855,0.7110156905212704,0.7474291613157187,0.7659351880279439
2013-08-15,0.7181800081894301,0.7131021219161656,0.7021260575144157,0.7380842607301257,0.7563589116962459
2013-08-16,0.7105340027843999,0.7055101775340668,0.6946509683034227,0.7302263474179221,0.7483064398075453
2013-08-19,0.7237937252972355,0.7186761472799533,0.7076142875068399,0.7438535611759963,0.7622710575563552
2013-08-20,0.7194505079173806,0.7143636385854746,0.7033681569252694,0.7393899721698333,0.7576969519933654
2013-08-21,0.7179167054289092,0.7128406808358058,0.7018686405338967,0.7378136605726009,0.7560816115944284
2013-08-22,0.7185430081117017,0.7134625552502538,0.7024809430603739,0.7384573211414708,0.7567412089239943
2013-08-23,0.7138828048842293,0.7088353019541769,0.6979249124245864,0.7336679610718796,0.7518332663452242
2013-08-26,0.727763717404896,0.7226180695886795,0.7114955357665098,0.7479335810268332,0.7664520969556038
2013-08-27,0.7303967450101052,0.7252324803922775,0.7140697055716996,0.7506395826020821,0.7692250979737788
2013-08-28,0.7243433378556047,0.719221873806918,0.7081516142137486,0.7444184061650049,0.7628498878659744
2013-08-29,0.7210507751803525,0.7159525911709623,0.7049326523602684,0.7410345906029459,0.7593822904762564
2013-08-30,0.714818424402197,0.7097643061814749,0.6988396174233239,0.7346295111461916,0.752818623988576
2013-09-02,0.7185813531739136,0.7135006291939957,0.7025184309701583,0.7384967289314018,0.756781592433968
2013-09-03,0.7307929773196271,0.7256259111442754,0.714457080639471,0.7510467964313674,0.7696423942435044
2013-09-04,0.7304376464097979,0.7252730925989355,0.7141096926754696,0.7506816175780086,0.7692681737177507
2013-09-05,0.730555237933914,0.7253898526930767,0.7142246555988082,0.7508024681337964,0.7693920164816691
2013-09-06,0.7345738004537092,0.7293800019972089,0.7181533885442049,0.7549324045185454,0.7736242083268839
2013-09-09,0.7547688665519168,0.7494322790345147,0.7378970210306127,0.7756871738821057,0.7948928569128872
2013-09-10,0.7590405064823098,0.7536737163673423,0.7420731741805858,0.7800772016803981,0.7993915799239267
2013-09-11,0.7563359014276385,0.750988234202093,0.7394290269437986,0.7772976388972783,0.7965431963538013
2013-09-12,0.7599991330376045,0.7546255649608853,0.7430103719251938,0.7810623964286684,0.8004011676732624
2013-09-13,0.7598099640640265,0.7544377335050929,0.7428254315702579,0.7808679846650098,0.8002019423573936
2013-09-16,0.7587311896471348,0.7533665865544925,0.7417707717083257,0.7797593121749563,0.7990658196101412
2013-09-17,0.7455404882462804,0.7402691499073409,0.7288749307425202,0.7662030324387574,0.7851738921792835
2013-09-18,0.7481453961392011,0.7428556398188618,0.7314216094138682,0.7688801349680572,0.787917278623478
2013-09-23,0.7606203230454355,0.7552423628495012,0.7436176760636998,0.7817008026255475,0.8010553805348318
2013-09-24,0.7534344583869468,0.748107305792303,0.7365924417701186,0.7743157827925137,0.7934875107658123
2013-09-25,0.749374994467459,0.7440765442815129,0.7326237217209521,0.7701438114318385,0.7892122431766257
2013-09-26,0.7371557013093031,0.7319436475424849,0.7206775744696826,0.7575858623738868,0.7763433646650946
2013-09-27,0.739936996488398,0.7347052775952176,0.7233966975260385,0.7604442407368682,0.7792725152551669
2013-09-30,0.747048727359944,0.7417667250278486,0.7303494551940368,0.7677530721760359,0.786762310238238
2013-10-08,0.756021471917502,0.750676027863411,0.7391216260835675,0.7769744950198457,0.7962120515720192
2013-10-09,0.7622103649584844,0.7568211623833246,0.7451721747227565,0.7833349123146786,0.8027299500817299
2013-10-10,0.7549094651133603,0.7495718834949012,0.7380344766998223,0.7758316691118522,0.79504092978279
2013-10-11,0.7641455124314392,0.7587426274108234,0.7470640645698717,0.7853236921131868,0.8047679712183886
2013-10-14,0.7647590334268278,0.759351810510691,0.7476638711264209,0.7859542167520798,0.8054141073779635
2013-10-15,0.7638822096709184,0.7554472615851419,0.7468066475893528,0.785053091955662,0.8044906711165712
2013-10-16,0.7476111216057171,0.741361935570326,0.7279756807593901,0.7683310530950213,0.7873546017178483
2013-10-17,0.7453922206723951,0.73895760934889,0.7256147677777018,0.7629864530284209,0.7850177426073862
2013-10-18,0.7488151565591671,0.7415809128434834,0.728190704112828,0.7656950590475409,0.7854681533552897
2013-10-21,0.7614301094072491,0.7538193093321732,0.7402081204216427,0.7783314141097597,0.7984308261041634
2013-10-22,0.753172418939826,0.745644157800961,0.7321805818932894,0.7698904294161106,0.7897718637908006
2013-10-23,0.747696336868491,0.7402228113715775,0.7268571249308992,0.7642927958976761,0.7840296785553967
2013-10-24,0.7435898338708926,0.736157354522452,0.7228650751973728,0.7600951417129015,0.7797236253270523
2013-10-25,0.7385427227329304,0.7311606912894953,0.7179586332234686,0.7549360009058255,0.7744312563157194
2013-10-28,0.7391236208718724,0.7317357831179897,0.7185233410203765,0.7555297931191233,0.7750403824524819
2013-10-29,0.7436635632500661,0.736230346946838,0.7229367496485187,0.7601705076476662,0.7798009374905644
2013-10-30,0.7555719750983791,0.7480197294309724,0.7345132594851321,0.7723432480202715,0.7922880232941963
2013-10-31,0.7461770648127964,0.7387187250509002,0.7253801968466783,0.7627398008782819,0.7824365794284793
2013-11-01,0.7506008275632016,0.7430982705140495,0.729680663915439,0.7672617569641652,0.7870753092392093
2013-11-04,0.749202203582518,0.741713626342367,0.7283210212967298,0.7658320880198405,0.7856087209253119
2013-11-05,0.749117303085288,0.741629574459741,0.7282384870802586,0.7657453030040509,0.7855196947976312
2013-11-06,0.7388555140385146,0.7314703561202232,0.7182627066525727,0.7552557351745243,0.7747592473124375
2013-11-07,0.737012279559179,0.7296455455105776,0.7164708453739225,0.7533715868054062,0.7728264432246332
2013-11-08,0.7292528209570794,0.7219636458168818,0.7089276523790711,0.7454398931254704,0.7646899237131861
2013-11-11,0.7301599157432737,0.7228616738259922,0.7098094653234736,0.7463671225046971,0.7656410976036692
2013-11-12,0.7379059690037054,0.7305303021697998,0.7173396265999348,0.754285113287403,0.7737635603581142
2013-11-13,0.7193619130297845,0.7121716014909412,0.6993124161601803,0.7353294387859725,0.7543183798383871
2013-11-14,0.7212140844035654,0.7140052596671791,0.7011129652510908,0.7372227224199106,0.7562605550975262
2013-11-15,0.7346618763200748,0.7273186354968235,0.7141859507495102,0.750969012157755,0.7703618251635788
2013-11-18,0.7611217865488877,0.753514068284742,0.7399083908986683,0.778016247473471,0.7981075206931124
2013-11-19,0.7569147434887802,0.749349076311454,0.7358186032772156,0.7737158215594717,0.7936960417872514
2013-11-20,0.7614323436308605,0.7538215212238216,0.7402102923747075,0.7783336979259646,0.7984331688969969
2013-11-21,0.7573012641735377,0.7497317335665675,0.7361943511574659,0.7741109217629352,0.7941013449474819
2013-11-22,0.7545554033552306,0.7470133187311075,0.7335250208405432,0.7713041116470004,0.791222052554862
2013-11-25,0.7522318107994622,0.74471295141713,0.7312661896529112,0.7689289427938091,0.7887855480078119
2013-11-26,0.7518944430341534,0.7443789557782736,0.7309382247400915,0.7685840865468553,0.7884317862899227
2013-11-27,0.7576676768457934,0.7500944837968484,0.7365505514601308,0.7744854676205537,0.7944855629722088
2013-11-28,0.76438598724502,0.7567456419825507,0.7430816143266781,0.7813529029489636,0.801530341023151
2013-11-29,0.7643725819033521,0.7567323706326623,0.7430685826082878,0.7813392000517336,0.8015162842661487
2013-12-02,0.7612044528225064,0.75359590827572,0.7399887531620744,0.7781007486730556,0.7981942040279593
2013-12-03,0.7677127462022691,0.7600391486465049,0.7463156524405086,0.7847535052781961,0.8050187595525333
2013-12-04,0.7793932672422279,0.7716029181825377,0.7576706230644887,0.7966932963978922,0.8172668804871276
2013-12-05,0.7772238361156403,0.769455171392276,0.755561656638344,0.7944757108628453,0.8149920286456028
2013-12-06,0.7732067020624945,0.7654781902090727,0.7516564850274188,0.7903694093262703,0.8107796871306064
2013-12-09,0.7730279641735893,0.7653012388772283,0.7514827287822163,0.790186704029871,0.8105922637039104
2013-12-10,0.7760665082849787,0.7683094115185835,0.7544365849506579,0.7932926940686595,0.8137784619577451
2013-12-11,0.7628332018351554,0.7552083772871522,0.7415721069464813,0.7797656506864942,0.7999021000037277
2013-12-12,0.7608469770446956,0.753242005612031,0.739641240671669,0.7777353380802566,0.7978193571745666
2013-12-13,0.7604582221363266,0.7528571364652694,0.7392633208383537,0.777337954060588,0.7974117112215025
2013-12-16,0.7495149948881019,0.7420232911730947,0.7286250947258335,0.7661518222885391,0.7859367119220297
2013-12-17,0.745214114436319,0.7377653997505883,0.7244440850756494,0.7617554760939301,0.7814268357171532
2013-12-18,0.7457704361155367,0.7383161607709541,0.7249849013888421,0.762324146328973,0.7820101911327451
2013-12-19,0.7374904034120006,0.7301188903232614,0.7169356433298385,0.7538603234732741,0.7733278008910452
2013-12-20,0.7198579106714965,0.7126626414368094,0.6997945897406166,0.7358364459834802,0.7548384798474685
2013-12-23,0.7210286438438259,0.7138216726603903,0.7009326931466926,0.7370331656748957,0.7560661032923284
2013-12-24,0.7231355167092969,0.7159074864845065,0.7029808448870166,0.739186804356203,0.7582753569345095
2013-12-25,0.7267638958540736,0.7194995985209482,0.7065080966646264,0.7428957218731094,0.7620800524964416
2013-12-26,0.7135082471681372,0.7063764453730365,0.6936218991297995,0.7293458403288942,0.7481802626140873
2013-12-27,0.7255596493275746,0.7183073889226465,0.7053374139625749,0.741664744938619,0.7608172871590763
2013-12-30,0.724934066716406,0.717688059261191,0.7047292671043662,0.7410252764012213,0.7601613051656396
2013-12-31,0.7347780559478633,0.7274336538625223,0.7142988923088912,0.7510877706004143,0.7704836503909308
2014-01-02,0.7307117689752687,0.7234080110630619,0.7103459377305354,0.7469312251073297,0.7662197674335931
2014-01-03,0.7183498097338585,0.7111696145743722,0.6983285214217209,0.7342948700451111,0.7532570946847197
2014-01-06,0.7031682602949679,0.6961398108258369,0.6835701003448377,0.7187763389321931,0.7373378173797143
2014-01-07,0.7021673281170985,0.6951488833675081,0.682597065371704,0.7177531892723569,0.7362882461902157
2014-01-08,0.7025717225907466,0.6955492357558061,0.6829901888764744,0.7181665600054603,0.7367122916931158
2014-01-09,0.697607277726403,0.6906344125138273,0.6781641091659762,0.7130919203979689,0.7315066060166298
2014-01-10,0.6935588645426989,0.6866264648475512,0.6742285302121408,0.7089536454345241,0.7272614654019617
2014-01-13,0.6909738678244065,0.6840673062107512,0.6717155805159003,0.7063112700853488,0.7245508540933684
2014-01-14,0.6976765386583538,0.6907029811549169,0.6782314397109922,0.7131627187003236,0.7315792325944745
2014-01-15,0.694734066162251,0.6877899198544283,0.6753709775243469,0.7101549327583497,0.7284937744324891
2014-01-16,0.6959405469123613,0.6889843413443779,0.6765438321794633,0.711388193509045,0.7297588825626881
2014-01-17,0.687497415885199,0.6806256028063772,0.6683360215467126,0.7027576520703818,0.7209054684441281
2014-01-20,0.6847359155016127,0.677891704729381,0.6656514875583348,0.6999348552410122,0.7180097765016724
2014-01-21,0.6920217186981134,0.6851046833936891,0.6727342265033998,0.7073823798854898,0.7256496239323748
2014-01-22,0.7080433362148587,0.7009661584018934,0.6883093019327345,0.7237596258914847,0.7424497913428522
2014-01-23,0.7027683342685421,0.6957438822208348,0.6831813207461971,0.7183675358314994,0.7369184574624815
2014-01-24,0.7060325349646744,0.6989754559186435,0.6863545441742069,0.7217041913069921,0.7403412777925202
2014-01-27,0.6971581987805282,0.6901898222925681,0.6777275465999052,0.7126328733407654,0.7310357046570557
2014-01-28,0.7009474420253198,0.6939411905276699,0.6814111789981973,0.7165062256244312,0.7350090813030145
2014-01-29,0.7047746670715035,0.6977301609207884,0.6851317345985947,0.7204184027835817,0.7390222854271459
2014-01-30,0.6983244635056348,0.6913444297328529,0.6788613060998512,0.7138250253997709,0.7322586425162481
2014-02-07,0.7002347246933098,0.6932355970919403,0.6807183259704525,0.7157776882550388,0.7342617303890634
2014-02-10,0.7146678092224096,0.7075244171383771,0.6947491427705504,0.7305311409392846,0.7493961720947786
2014-02-11,0.7231980749704132,0.7159694194506521,0.7030416595728375,0.7392507512099427,0.7583409551338531
2014-02-12,0.7257987112539849,0.7185440613289885,0.7055698129405333,0.741909113272553,0.7610679659922824
2014-02-13,0.7251753628664278,0.7179269435591812,0.7049638380353899,0.7412719285513604,0.7604143267916796
2014-02-14,0.7288260842473177,0.7215411745121033,0.7085128093436498,0.7450036842303165,0.7642424502819487
2014-02-17,0.7323070046337475,0.7249873016997733,0.7118967122189676,0.7485618698776934,0.7678925215168565
2014-02-18,0.7236918383885139,0.7164582475048723,0.7035216612002093,0.7397554745912457,0.7588587123501014
2014-02-19,0.73429769787143,0.7269580971581907,0.7138319223999099,0.750596750116341,0.7699799499316852
2014-02-20,0.728028466418078,0.7207515291937477,0.7077374220994339,0.7441883618451345,0.7634060732403172
2014-02-21,0.7209079957688145,0.7137022305113956,0.7008154076811811,0.7369098395998261,0.7559395924793086
2014-02-24,0.7045758211700962,0.6975333025641117,0.684938430775807,0.7202151431413374,0.7388137768649465
2014-02-25,0.6892736236561946,0.6823840566665814,0.6700627242334121,0.7045732859533499,0.7227679887469212
2014-02-26,0.6910610025452472,0.6841535699850256,0.6718002866854366,0.7064003389173431,0.7246422230138828
2014-02-27,0.6922138619286861,0.6852949060754221,0.6729210144669924,0.7075787880791188,0.7258511041160731
2014-02-28,0.6962823831248921,0.6893227607665307,0.6768761409984132,0.7117376173884085,0.7301173298662446
2014-03-03,0.7003687781099885,0.6933683105908236,0.6808486431543542,0.715914717227338,0.7344022979590855
2014-03-04,0.7012781071197941,0.6942685504915821,0.6817326280518218,0.7168442304227697,0.7353558146424023
2014-03-05,0.6948346062247593,0.6878894549785908,0.6754687154122734,0.7102577044875739,0.7285992001100056
2014-03-06,0.7000269418974572,0.6930298911686712,0.6805163343354046,0.7155652933479744,0.7340438506555291
2014-03-07,0.6963024911373938,0.6893426677913632,0.6768956885759986,0.7117581717342534,0.7301384150017479
2014-03-10,0.6738262016075571,0.6670910378119272,0.6550458407417901,0.6887829807120376,0.7065699190947051
2014-03-11,0.6757498681369,0.6689954765209029,0.6569158923307815,0.6907493464645353,0.7085870637245226
2014-03-12,0.679018537280255,0.6722314740020077,0.6600934596649214,0.6940905695724381,0.7120145696402288
2014-03-13,0.6860965576809033,0.6792387467430466,0.6669742069749385,0.7013256993098516,0.7194365373373969
2014-03-14,0.681000293623492,0.6741934218938326,0.6620199820336036,0.6961163145462657,0.7140926268837224
2014-03-17,0.6881095931546989,0.6812316611179445,0.6689311366865313,0.7033834177105491,0.7215473936805625
2014-03-18,0.6867266087392945,0.6798625001877984,0.6675866977392773,0.7019697354796594,0.720097204916501
2014-03-19,0.684487916680756,0.677646184756447,0.6654104007681165,0.6996813516422578,0.7177497264971315
2014-03-20,0.6767373949731016,0.6699731326293433,0.6578758955855252,0.6917587932271417,0.709622578157019
2014-03-21,0.7010345767461605,0.6940274543019441,0.6814958851677335,0.7165952944564256,0.7351004502235289
2014-03-24,0.7081863265259823,0.7011077194673689,0.6884483069288966,0.7239057901286037,0.7425997300842092
2014-03-25,0.7068346212411364,0.6997695250202955,0.6871342753245531,0.7225240813245838,0.7411823404198196
2014-03-26,0.7057934730382632,0.6987387835123018,0.6861221451962488,0.7214598229730577,0.7400905989593144
2014-03-27,0.7039658781242069,0.6969294561441925,0.6843454875890537,0.7195916613173744,0.738174194421346
2014-03-28,0.7049064862645709,0.6978606625280238,0.6852598798294316,0.720553147939676,0.7391605102043346
2014-03-31,0.7021516885518185,0.6951334001259717,0.6825818617002488,0.7177372025589214,0.73627184664038
2014-04-01,0.7068703688189173,0.6998049152866643,0.6871690265735935,0.7225606223838635,0.7412198251051587
2014-04-02,0.7141114875431916,0.7069736561180113,0.6942083264573577,0.7299624707042414,0.7488128166791871
2014-04-03,0.7068524950300268,0.6997872201534799,0.6871516509490733,0.7225423518542237,0.7412010827624892
2014-04-04,0.7127240346805647,0.7056000714045692,0.6928595436039738,0.7285442208409416,0.7473579423294582
2014-04-08,0.7292997396529163,0.722010095541491,0.7089732633934361,0.7454878532657744,0.7647391223626937
2014-04-09,0.729474009094599,0.7221826230900393,0.7091426757325086,0.7456659909297638,0.7649218602037225
2014-04-10,0.74215993075965,0.7347417438676971,0.7214750252357526,0.7586334993417062,0.7782242379134828
2014-04-11,0.740667469387291,0.7332642002467961,0.720024160588312,0.7571079101167717,0.7766592523005698
2014-04-14,0.7389091354051855,0.7315234415197767,0.7183148335261329,0.7553105467634433,0.7748154743404463
2014-04-15,0.7251686601955936,0.7179203078842369,0.7049573221761943,0.7412650771027449,0.7604072984131787
2014-04-16,0.7271660561041098,0.7198977390175982,0.7068990482163318,0.7433068087900074,0.7625017552065083
2014-04-17,0.7244782850996969,0.7172368333649878,0.7042861886790999,0.7405593778954025,0.7596833754275647
2014-04-18,0.7245810593858174,0.7173385803807983,0.7043860985200913,0.7406644334408321,0.759791143897915
2014-04-21,0.7122280370388525,0.7051090314587009,0.6923773700235368,0.7280372136434334,0.7468378423203763
2014-04-22,0.7175879394823992,0.7104153595223854,0.6975878854265455,0.7335160887192084,0.7524582023284276
2014-04-23,0.7170785364990191,0.7099110482266288,0.6970926801277184,0.7329953786244702,0.7519240455623435
2014-04-24,0.7161200545697646,0.708962146709613,0.6961609122628203,0.7320156214725287,0.7509189874366853
2014-04-25,0.7103311811928454,0.7032311354495019,0.690533381871326,0.7260982536853955,0.7448488112045633
2014-04-28,0.7007039116516858,0.6937000943380317,0.6811744361141088,0.7162572896580865,0.734753716884141
2014-04-29,0.7077528871453871,0.7006786124876461,0.6880269480342805,0.7234627297848352,0.742145228274471
2014-04-30,0.707087088509215,0.7000194687765255,0.6873797060209014,0.7227821525557476,0.7414470760100278
2014-05-05,0.7061487145924623,0.6990904742843422,0.6864674857335884,0.7218229497496511,0.7404631030198728
2014-05-06,0.7058560312993799,0.698800716478447,0.6861829598820693,0.7215237698267972,0.7401561971586579
2014-05-07,0.6999196991641139,0.6929237203695642,0.6804120805882828,0.7154556701701345,0.7339313965995115
2014-05-08,0.7002995171780376,0.6932997419497336,0.6807813126093382,0.7158439189249831,0.7343296713812408
2014-05-09,0.6986886419542789,0.6917049680714858,0.679215334449451,0.7141972874411842,0.7326405177481417
2014-05-12,0.7123040006416373,0.7051842357747347,0.6924512164277479,0.7281148633944031,0.7469174972767221
2014-05-13,0.7110036824998516,0.7038969148355665,0.6911871397439,0.726785682363098,0.7455539918475075
2014-05-14,0.7106618462873203,0.7035584954134141,0.6908548309249504,0.7264362584837344,0.7451955445439511
2014-05-15,0.7031861340838578,0.6961575059590213,0.6835874759693578,0.7187946094618325,0.737356559722384
2014-05-16,0.7039993914783766,0.6969626345189134,0.6843780668850289,0.7196259185604494,0.7382093363138515
2014-05-19,0.6951116499525625,0.6881637295429496,0.6757380375923369,0.7105408976969927,0.7288897064213847
2014-05-20,0.6963471756096201,0.6893869056243241,0.6769391276372988,0.7118038480583531,0.730185270858422
2014-05-21,0.7019327346379095,0.6949166347444623,0.6823690102998754,0.7175133885708321,0.7360422529426771
2014-05-22,0.70127140444896,0.6942619148166379,0.6817261121926262,0.7168373789741546,0.7353487862639012
2014-05-23,0.7070714489439357,0.7000039855349893,0.6873645023494458,0.7227661658423128,0.7414306764601917
2014-05-26,0.7090710790760634,0.7019836285599987,0.6893084003426483,0.7248101813457803,0.743527476046355
2014-05-27,0.7068949452786418,0.699829246094793,0.6871929180573084,0.7225857443621185,0.7412455958263293
2014-05-28,0.7133607884097897,0.7062304605242649,0.6934785502275072,0.7291951084593643,0.748025638287063
2014-05-29,0.709209600939965,0.7021207658421782,0.6894430614326802,0.7249517779504899,0.7436727292020446
2014-05-30,0.7088342513732638,0.7017491680453048,0.689078173317755,0.7245680968280512,0.7432791400059826
2014-06-03,0.7075696808092591,0.7004972373725056,0.6878488478829476,0.723275456856026,0.7419531192621073
2014-06-04,0.7012959809086844,0.6942862456247664,0.6817500036763415,0.7168625009524096,0.7353745569850719
2014-06-05,0.708885638516324,0.70180004155321,0.6891281282382506,0.724620624600766,0.7433330242411578
2014-06-06,0.703174962965801,0.6961464465007807,0.6835766162040323,0.7187831903808074,0.7373448457582152
2014-06-09,0.7030833597977371,0.6960557589432105,0.683487566128366,0.7186895539164028,0.7372487912520335
2014-06-10,0.7118571559193742,0.7047418574451235,0.6920168258147414,0.7276581001534049,0.7464489387099815
2014-06-11,0.7112583839915415,0.7041490704834447,0.6914347423933132,0.7270460374104671,0.7458210702305493
2014-06-12,0.7083404879551631,0.7012603399910845,0.6885981716903832,0.7211671199529611,0.7427613827897345
2014-06-13,0.7169846991073439,0.7098181487774102,0.6970014580989868,0.7298661905022347,0.7488183456702745
2014-06-16,0.7200426988379406,0.7157084162361813,0.7027853691111634,0.7349379230499158,0.7540217739499476
2014-06-17,0.7120486028323012,0.7055336792648608,0.6955766568883267,0.7267784565008792,0.7456504336655084
2014-06-18,0.7087030442835149,0.7022187310678807,0.689112472800558,0.7233636897721075,0.7421469970000435
2014-06-19,0.6962099329908006,0.689839926108846,0.6769647067011493,0.7106121386756002,0.7290643312716228
2014-06-20,0.7006315171542404,0.6942210547714153,0.6812640656796961,0.7151251903139452,0.7336945715892687
2014-06-23,0.7019585264110215,0.6955359224920051,0.6825543926195136,0.7164796508599942,0.7350842028923301
2014-06-24,0.7052346639524109,0.6987820848524957,0.6857399683844152,0.7198235604978259,0.7385149425479771
2014-06-25,0.7009866323074636,0.6945729207811506,0.6816093644382389,0.7154876515868316,0.7340664447548767
2014-06-26,0.7076243486301154,0.7011499049931958,0.6880635953685936,0.7222626795898058,0.7410173973090236
2014-06-27,0.7086256131598798,0.7021420084041037,0.689037182093808,0.7232846568629817,0.7420659118737079
2014-06-30,0.713834858753401,0.7073035917499204,0.6941024292961903,0.728601663956225,0.7475209836489053
2014-07-01,0.7142033241003544,0.7076686858051345,0.6944607092110692,0.7289777515927538,0.7479068370087092
2014-07-02,0.7157412664180725,0.7091925566442889,0.6931723138673145,0.7305475086843519,0.7495173553800641
2014-07-03,0.7207128785631962,0.7141186807805835,0.6963594478595959,0.7326794786387425,0.7547235796985765
2014-07-04,0.7202322715889092,0.7136424711433477,0.696337722338176,0.7326566199789569,0.7512034115366979
2014-07-07,0.7152132181953459,0.7115154014303612,0.6970068683979052,0.7333606667003484,0.751925280806105
2014-07-08,0.7171125825256406,0.711404497497067,0.6988578828228704,0.7353082245140679,0.7539221399539456
2014-07-09,0.7072835950464518,0.7016537469609233,0.6892791004288901,0.7252298414146681,0.7435886282370101
2014-07-10,0.7070896458718795,0.7014613415863158,0.689090088392538,0.7250309710745347,0.7433847236057165
2014-07-11,0.7085320035264576,0.7028922183377072,0.6904957296283977,0.7265099263626525,0.7449011178177504
2014-07-14,0.7168941110416397,0.7111877650061299,0.6986449727129567,0.7350842096481706,0.7536924542773161
2014-07-15,0.7177345574647865,0.7120215216294291,0.6994640248704823,0.7359459811220815,0.7545760410129216
2014-07-16,0.7187644944607914,0.7130432605152759,0.700467743960076,0.7370020512041687,0.7556588449170324
2014-07-17,0.7143192685516278,0.708633417791513,0.6961356749889722,0.7324440344429524,0.7509854445170393
2014-07-18,0.7171125825256409,0.7114044974970671,0.6988578828228705,0.7353082245140679,0.7539221399539457
2014-07-21,0.715937740973921,0.7102390074692722,0.6977129478440481,0.7341035731433752,0.7526869935092133
2014-07-22,0.7242530331711029,0.7184881114610654,0.7058165673336256,0.7426298532433437,0.7614291116095013
2014-07-23,0.7273316976548315,0.7215422703384557,0.708816861841697,0.7457866341597127,0.7646658046648626
2014-07-24,0.7418065481203279,0.7359019036410599,0.7229232428995593,0.7606287619583979,0.7798836526072673
2014-07-25,0.7486237501415025,0.7426648419807123,0.7295669073497275,0.7676189401207849,0.7870507832106668
2014-07-28,0.7702368219516036,0.7641058776912846,0.7506298003662029,0.7897804107827674,0.8097732590772329
2014-07-29,0.772889689971616,0.7667376293669504,0.7532151374151564,0.7925005912972345,0.8125622994363059
2014-07-30,0.7674011512613046,0.7612927784211609,0.747866314041607,0.7868727892580596,0.806792032743837
2014-07-31,0.7770562532736355,0.7708710275869669,0.757275637368513,0.7967728748111329,0.8169427334120265
2014-08-01,0.7699001975221734,0.7637719327307588,0.7503017449927641,0.7894352450200072,0.8094193556367117
2014-08-04,0.7853291887545314,0.7790781120141906,0.7653379783673929,0.8052557234575092,0.8256403206158252
2014-08-05,0.7821167662193734,0.7758912597750018,0.7622073307308027,0.8019617905824274,0.822263003676813
2014-08-06,0.7786568912890716,0.7724589248164863,0.7588355298064531,0.7984141265837275,0.8186255325530472
2014-08-07,0.7668928706658736,0.7607885436463274,0.7473709721532359,0.7863516118149516,0.8062576619859643
2014-08-08,0.7677333170890204,0.7616223002696265,0.7481900243107614,0.7872133832888626,0.8071412487215697
2014-08-11,0.7794393758899323,0.7732351809830061,0.7595980956082872,0.7992164655421963,0.819448182272404
2014-08-12,0.7765011573602042,0.7703203501355038,0.7567346718851603,0.7962036941824755,0.816359144294876
2014-08-13,0.7773527502876367,0.7711651645389528,0.7575645868033958,0.7970768949862792,0.8172544496874523
2014-08-14,0.7709167587130352,0.7647804022804254,0.7512924287695056,0.7904775999062231,0.8104880971524573
2014-08-15,0.7782266362236409,0.7720320945027016,0.7584162272430511,0.7979729544498684,0.8181731923939705
2014-08-18,0.7820833267065159,0.7758580864345519,0.7621747424486727,0.801927502592749,0.8222278477059001
2014-08-19,0.7819629444602296,0.7757386624089334,0.7620574246330059,0.8018040658299077,0.8221012862106144
2014-08-20,0.7787795028362148,0.7725805603981344,0.7589550201742615,0.7985398492125472,0.8187544377797268
2014-08-21,0.7739642129847637,0.7678035993733963,0.7542623075475894,0.7936023786988925,0.8136919779683
2014-08-22,0.7779189927053535,0.7717268997705653,0.758116415047458,0.7976575049448291,0.8178497574615735
2014-08-25,0.7713537016810371,0.7652138672622997,0.7517182489893333,0.7909256296380176,0.8109474685057162
2014-08-26,0.7652342708281513,0.7591431459600283,0.745754593359604,0.7846509275269147,0.8045139258286946
2014-08-27,0.7653189842607232,0.7592271850891673,0.7458371503409993,0.7847377904340994,0.8046029876216735
2014-08-28,0.7588183429612643,0.7527782877057709,0.7395019882949919,0.7780722052406657,0.7977686668762474
2014-08-29,0.7674903232955905,0.7613812406623595,0.7479532161272857,0.7869642238972012,0.8068857819996039
2014-09-01,0.7731282251633312,0.766974265862157,0.7534476004943478,0.7927451789569386,0.8128130786954828
2014-09-02,0.7838333278793812,0.7775941579180794,0.7638801958801253,0.8037219073859061,0.8240676768503306
2014-09-03,0.790884606490557,0.7845893096408788,0.7707519783052013,0.8109521014760402,0.8314808992501189
2014-09-04,0.7973362031711587,0.790989552791616,0.7770393442040853,0.8175673976179462,0.8382636579048732
2014-09-05,0.8032549969469008,0.79686123405119,0.7828074701410366,0.8236363717909801,0.8444862647564187
2014-09-09,0.801993212661752,0.7956094933382263,0.7815778056286771,0.8223425716471243,0.8431597127873134
2014-09-10,0.7977129550160177,0.7913633057606811,0.7774065055160795,0.8179537089683201,0.8386597485104895
2014-09-11,0.7954368388408641,0.7891053070540804,0.7751883297791201,0.8156198398042268,0.8362667987570327
2014-09-12,0.8009008552417469,0.7945258308835403,0.780513255079108,0.8212224973176379,0.8420112844041656
2014-09-15,0.8011304732300336,0.7947536211546273,0.7807370279497317,0.8214579415134278,0.8422526887377659
2014-09-16,0.7890877899996915,0.7828067954807221,0.7690009012787672,0.809109693497334,0.8295918517464106
2014-09-17,0.7931919328777108,0.7868782701318994,0.7730005697721485,0.8133179727638332,0.8339066612430943
2014-09-18,0.79575339956258,0.7894193480103365,0.775496832183281,0.8159444327731801,0.836599608615006
2014-09-19,0.8003658230360301,0.7939950574363472,0.7799918425650332,0.8206738894827873,0.8414487888695625
2014-09-22,0.7850416089439584,0.778792821286324,0.7650577191410773,0.8049608467462769,0.8253379792659755
2014-09-23,0.7915623139511317,0.7852616226739901,0.7714124341563625,0.8116470047335176,0.8321933935939493
2014-09-24,0.8042804753411913,0.7978785498249767,0.7838068441263462,0.8246878701411102,0.8455643811977409
2014-09-25,0.802225059950896,0.7958394951653431,0.7818037510514426,0.8225803017088928,0.8434034608523078
2014-09-26,0.802459136540897,0.7960717085484901,0.7820318690263501,0.8228203176366399,0.8436495526486965
2014-09-29,0.8054642340963396,0.7990528860768915,0.7849604693137363,0.825901664975717,0.8468089025680499
2014-09-30,0.8068486299286317,0.8004262623715037,0.7863096241939045,0.8273211877483927,0.848264359763835
2014-10-08,0.8153444954952429,0.8088545024017246,0.7945892204069821,0.8360326229926233,0.8571963201070514
2014-10-09,0.8172639235332518,0.8107586521435299,0.796459787801225,0.8380007536001495,0.8592142728374396
2014-10-10,0.8134317553598053,0.8069569873280091,0.7927251706691649,0.8340713499830326,0.8551853985708457
2014-10-13,0.8097177401317878,0.8032725349820767,0.7891056988006298,0.8302630972627785,0.8512807420681433
2014-10-14,0.8073903500369197,0.8009636704867866,0.7868375543644048,0.8278766531811788,0.8488338864926204
2014-10-15,0.8127941753146593,0.8063244823034371,0.7921038207565592,0.833417592313169,0.8545150913921103
2014-10-16,0.8083444908037812,0.8019102164676143,0.7877674066811713,0.8288550038199954,0.8498370035293289
2014-10-17,0.8037209208260453,0.7973234492614537,0.7832615335387092,0.8241141177804956,0.8449761046178015
2014-10-20,0.8085763380929251,0.8021402182947311,0.7879933521039368,0.829092733881764,0.8500807515943234
2014-10-21,0.8017212379571788,0.7953396835025692,0.7813127542673549,0.8220636959977417,0.8428737775572228
2014-10-22,0.7982858853363056,0.7919316756603834,0.7779648514165671,0.8185411765248056,0.8392620874787929
2014-10-23,0.7908221860665564,0.7845273860720393,0.7706911468452253,0.8108880972286409,0.8314152747710815
2014-10-24,0.7900775995802672,0.7837887263580289,0.7699655144298048,0.8101246179918072,0.8306324684854257
2014-10-27,0.7836304615013799,0.7773929063193518,0.7636824936352048,0.8035138935818584,0.8238543972934599
2014-10-28,0.8002989440103151,0.7939287107554476,0.7799266660007733,0.8206053135034307,0.8413784769277368
2014-10-29,0.8143056412958091,0.8078239172917575,0.7935768111088202,0.8349674094466215,0.8561041412773638
2014-10-30,0.8235483226495666,0.8169930285920187,0.8025842122894603,0.8444446097936642,0.8658212516376301
2014-10-31,0.8386674410627802,0.8319918015872846,0.8173184609163542,0.8599473528601486,0.8817164379529526
2014-11-03,0.842067124869939,0.8353644245329909,0.8206316029328704,0.8634332984774279,0.8852906283290757
2014-11-04,0.8421808192136537,0.8354772138905194,0.8207424030921112,0.8635498776423336,0.8854101586301788
2014-11-05,0.8374970581127746,0.8308307346715496,0.8161778710418157,0.858747273221413,0.8804859789710086
2014-11-06,0.8389795431827816,0.8323014194314805,0.817622618216231,0.8602673740971446,0.8820445603481376
2014-11-07,0.8362352738276259,0.8295789939585857,0.8149482065294562,0.8574534730775571,0.8791594270019032
2014-11-10,0.8588180915105886,0.8519820565421956,0.8369561597276919,0.8806092954402063,0.9029014260249372
2014-11-11,0.8574247784748679,0.8505998340234635,0.8355983146389557,0.8791806292036164,0.9014365939035753
2014-11-12,0.8686805185026348,0.8617659804187889,0.846567530403802,0.8907219665292843,0.9132700937127854
2014-11-13,0.8656464400360492,0.858756052661998,0.8436106869385701,0.8876109029324861,0.9100802752853078
2014-11-14,0.8643422990346146,0.8574622923844647,0.842339743935513,0.886273671335038,0.908709192419713
2014-11-17,0.8591391108340187,0.8523005206105115,0.8372690072361366,0.8809384601411167,0.903238923345699
2014-11-18,0.8498161746494038,0.8430517932931714,0.8281833941783853,0.8713789686188465,0.8934374386552423
2014-11-19,0.8473817781133924,0.8406367741084426,0.8258109672393454,0.8688828029702765,0.8908780839727987
2014-11-20,0.848627957292541,0.8418730339291965,0.8270254238867111,0.8701606020522825,0.8921882298221447
2014-11-21,0.8625833806583207,0.8557173746768174,0.8406256002954926,0.8844701230779671,0.9068599883497058
2014-11-24,0.8821967695995554,0.8751746446285055,0.8597397140406139,0.9045811719571959,0.9274801371556933
2014-11-25,0.8944400899070412,0.8873205103451081,0.8716713704043563,0.9171351479113586,0.9403519099725247
2014-11-26,0.9055732183876647,0.898365021158785,0.8825210958013937,0.9285507626082066,0.952056504555055
2014-11-27,0.9138573003728464,0.9065831633661587,0.8905942995609836,0.9370450405844756,0.9607658104158245
2014-11-28,0.9418550898378345,0.934358095546569,0.9178793819120834,0.9657532314090076,0.9902007329953194
2014-12-01,0.9426999948626956,0.9351962752819282,0.9187027791738931,0.9666195746148757,0.9910890071937133
2014-12-02,0.9790621211437229,0.971268965686791,0.954139277161694,1.0039043345909042,1.029317609964168
2014-12-03,0.9878255028131926,0.9799625924406086,0.9626795796318091,1.0128900737525601,1.0385308180746862
2014-12-04,1.0353408212825577,1.0270996976634181,1.008985355985925,1.0616110212192433,1.0884851090102188
2014-12-05,1.0357733056488456,1.0275287395332329,1.0094068311014688,1.0620544792190811,1.0889397929006897
2014-12-08,1.0759720587050337,1.0674075178656763,1.0485822913256135,1.1032732145441837,1.1312019574005265
2014-12-09,1.0204847603704883,1.0123618882796892,0.9945074685117846,1.0463780103382276,1.0728664829994097
2014-12-10,1.0613478450821079,1.052899710309064,1.0343303492742386,1.088277933724936,1.1158270794547118
2014-12-11,1.05869943566381,1.0502723817454582,1.031749357329569,1.085562324942426,1.1130427265584273
2014-12-12,1.0572080333903744,1.0487928507614073,1.0302959199465858,1.08403308060278,1.1114747702557215
2014-12-15,1.0600949780003879,1.0516568158202202,1.0331093749704472,1.0869932770449944,1.1145099024111835
2014-12-16,1.0896332143576688,1.0766360934844714,1.0618956908516537,1.1172810012607002,1.145564343384056
2014-12-17,1.1177179465560858,1.0896875132262402,1.0849084407253455,1.1460783408583954,1.175090671487924
2014-12-18,1.116177499663793,1.0881272808290696,1.0833550510823167,1.139920812237353,1.1734711530945463
2014-12-19,1.1381584061153243,1.0886816935061228,1.0839070322564417,1.1405016142816318,1.1917940232625872
2014-12-22,1.1449230679738978,1.0894087920989788,1.0846309419929987,1.1412633218806854,1.1925899875581727
2014-12-23,1.1260772135466803,1.0714767230526627,1.0667775181151582,1.1224777082190203,1.1729595181182901
2014-12-24,1.1129083583496926,1.0589463906357743,1.0543021403218236,1.1093509472619927,1.1592424000910297
2014-12-25,1.1399847472750273,1.0847099174426458,1.0799526753204984,1.1363407865218,1.1874460682979502
2014-12-26,1.1597826054991256,1.1035478301525619,1.0987079700784665,1.1560753609006196,1.2080681765894166
2014-12-29,1.1602697512547204,1.1040113555055078,1.099169462535522,1.1565609494950166,1.2085756038278526
2014-12-30,1.1568342592920633,1.100742441415125,1.0959148850115839,1.153136439080937,1.2049970810156152
2014-12-31,1.1816659569906387,1.1243701161054813,1.1194389351591219,1.1778887622685237,1.2308626041042525
2015-01-05,1.2143174584522225,1.155438433062733,1.150370994944095,1.2104358932197612,1.2648734951510505
2015-01-06,1.2198511795190419,1.160703838706,1.1556133079529962,1.215951925749576,1.2706376032582503
2015-01-07,1.211668404408728,1.1529178246074983,1.1478614411906969,1.2077953068763745,1.2621141522596866
2015-01-08,1.1935548605944961,1.135682558379336,1.1307017641437236,1.1897396629971362,1.243246481936407
2015-01-09,1.1914566314903339,1.1336860668264517,1.1287140286587605,1.1876481408814008,1.2410608966414447
2015-01-12,1.1850122980960633,1.1275542020266978,1.1226090565471285,1.181224406796047,1.2343482644153385
2015-01-13,1.1942266759829305,1.1363217992255554,1.13133820145378,1.190409330927971,1.2439462672129429
2015-01-14,1.1905810427139385,1.1328529330221373,1.1278845487522886,1.1867753509241517,1.2401488542194192
2015-01-15,1.2122128614296868,1.1534358823549082,1.1483772268779937,1.2083380235407004,1.2626812768202913
2015-01-16,1.2241495244213472,1.1647937682908163,1.15968530022113,1.2202365309942538,1.2751149024209198
2015-01-19,1.153895464962562,1.0979461414100993,1.0931308488164078,1.1502070386062426,1.2019359349955085
2015-01-20,1.1878301019764632,1.1302353780878551,1.125278473700683,1.184033203567558,1.2372833827553107
2015-01-21,1.2240221660538715,1.164672585192007,1.1595646485983706,1.220109579727745,1.274982241704989
2015-01-22,1.2322399647152413,1.1724919246426815,1.167349694556929,1.2283011101992365,1.2835421744004336
2015-01-23,1.2266266446687497,1.1671507795626586,1.162031974283803,1.2227057331278535,1.277695153345777
2015-01-26,1.2420370071333098,1.1818139345185918,1.1766308206377054,1.238066836375439,1.2937470999734222
2015-01-27,1.232125342184513,1.1723828598537527,1.1672411080964453,1.2281868540593783,1.2834227797560958
2015-01-28,1.2174027149043218,1.15837409363139,1.1532937805054444,1.2135112876509413,1.2680872009944777
2015-01-29,1.2032149927675282,1.1448742964240264,1.1398531897300332,1.1993689165618417,1.2533087972397694
2015-01-30,1.193975143207166,1.136082462605407,1.1310999144988299,1.190158602176616,1.2436842622989788
2015-02-02,1.1782973281709068,1.121164823141974,1.1162476997371327,1.1745309012693617,1.2273537281678788
2015-02-03,1.2014287916636817,1.1431747034632254,1.1381610507208313,1.1975884250490536,1.2514482306988381
2015-02-04,1.1902053355298854,1.13249544288065,1.1275286264651483,1.1864008446879506,1.239757505107423
2015-02-05,1.182891781277593,1.125536503431522,1.1206002070281824,1.1791106682086727,1.232139463495088
2015-02-06,1.1641318937484217,1.1076862329769022,1.1028282229957045,1.1604107466519011,1.2125985400384587
2015-02-09,1.1670770559962973,1.1104885921368686,1.1056182917720183,1.163346494689921,1.2156663190943617
2015-02-10,1.1883236156504318,1.1307049625957413,1.125745998738876,1.1845251397252803,1.2377974430295429
2015-02-11,1.1989707751714005,1.1408358696562044,1.1358324744015722,1.1951382656054301,1.2488878788813704
2015-02-12,1.2036384593393852,1.145277230227568,1.1402543563757088,1.199791029522984,1.25374989412024
2015-02-13,1.2190997651509357,1.1599888584230251,1.154901463378715,1.2152029132771731,1.2698549050342576
2015-02-16,1.2334212135735787,1.1736158978841384,1.1684687383580235,1.229478583196107,1.2847726025406931
2015-02-17,1.2417154272554338,1.1815079471940984,1.1763261752902374,1.2377462844275038,1.2934121316656964
2015-02-25,1.2303486929582272,1.1706923556253623,1.16555801795895,1.2264158838915782,1.281572162768859
2015-02-26,1.2497549242023376,1.1891576303064397,1.1839423089769323,1.2457600831258826,1.3017863393588378
2015-02-27,1.2547187165747031,1.1938807415825348,1.1886447059739846,1.2507080087380698,1.3069567907622466
2015-03-02,1.2686708257316666,1.207156350057101,1.2018620912472904,1.2646155199841276,1.3214897721924823
2015-03-03,1.2431673126446565,1.182889434520525,1.1777016037896955,1.2391935288657059,1.294924463827309
2015-03-04,1.2578071569859886,1.1968194317286616,1.1915705078259027,1.253786576950912,1.3101738131235718
2015-03-05,1.2478254449350803,1.1873217063594774,1.182114436892125,1.2438367714382714,1.2997765295124835
2015-03-06,1.237518969047109,1.1775149640883293,1.1723507043203105,1.233563240196033,1.2890409610757712
2015-03-09,1.2677124540164113,1.20624444723856,1.2009541877860246,1.2636602117036473,1.3204915003051014
2015-03-10,1.270689455856156,1.2090771021732292,1.2037744194680284,1.2666276975582946,1.3235924445399876
2015-03-11,1.2719757753676604,1.2103010514712038,1.2049930008578995,1.2679099053500351,1.32493231777089
2015-03-12,1.2900097202022203,1.2274605782626105,1.2220772706406482,1.2858862046877055,1.343717075146713
2015-03-13,1.3029939057663682,1.2398151951862253,1.2343777035809815,1.298828886308295,1.3572418351358733
2015-03-16,1.3367916325352334,1.2719741600327614,1.2663956279707904,1.3325185786581135,1.3924466726260498
2015-03-17,1.3483589562612142,1.2829806149821221,1.2773538116079242,1.3440489274387908,1.4044955821504785
2015-03-18,1.377498550739655,1.3107073079897054,1.304958902895303,1.3730953772160432,1.4348483539554802
2015-03-19,1.3757314533909297,1.3090258924937255,1.3032848616295147,1.3713339283932313,1.433007686521938
2015-03-20,1.3882762525872867,1.3209624277264482,1.315169046471328,1.383838628144365,1.4460747670411371
2015-03-23,1.4218351824171345,1.3528941742627163,1.3469607490684623,1.4172902868694788,1.4810308656889428
2015-03-24,1.426744847483323,1.3575657827218175,1.351611869125842,1.4221842581933999,1.4861449362880812
2015-03-25,1.424436477072826,1.3553693390558976,1.3494250584633256,1.4198832664879246,1.4837404608118325
2015-03-26,1.4135728083271484,1.3450324207274587,1.3391334750419384,1.4090543234547095,1.4724245017429225
2015-03-27,1.4302949619767082,1.3609437616011286,1.354975033110264,1.4257230247473374,1.4898428537446564
2015-03-30,1.4664679222989954,1.3953627912404594,1.389243110264538,1.4617803582175481,1.5275218135869453
2015-03-31,1.4620454029884014,1.391154708134304,1.3850534826642134,1.457371975488024,1.522915170226243
2015-04-01,1.4905832291805199,1.4183088110000133,1.4120884950340538,1.485818580531022,1.552641120148471
2015-04-02,1.504124607602374,1.431193603980919,1.42491677882396,1.4993166739425883,1.5667462707698294
2015-04-03,1.519837446189689,1.4461445687965246,1.4398021727819164,1.5149792864481326,1.5831132865978106
2015-04-07,1.555800265205641,1.4803636463228198,1.4738711747586368,1.5508271503286033,1.6205733562588132
2015-04-08,1.5537020361014788,1.4783671547699355,1.4718834392736737,1.548735628212868,1.6183877709638508
2015-04-09,1.5432873056011531,1.4684574068647995,1.4620171528225137,1.5383541883940968,1.6075394409185972
2015-04-10,1.5794634498826268,1.5028794660816003,1.4962882462673563,1.57441469564597,1.645221717278784
2015-04-13,1.6078771016664564,1.5299154154259702,1.5232056233050062,1.6027375232041214,1.6748183230029794
2015-04-14,1.6033686154578166,1.5256255337281186,1.5189345558593192,1.598243448369704,1.6701221336590237
2015-04-15,1.5649859874598262,1.4891039773244454,1.4825731730501677,1.5599835104255626,1.6301415103953332
2015-04-16,1.6041677892137265,1.5263859576731473,1.5196916447921351,1.5990400675670475,1.6709545796514904
2015-04-17,1.613254808733118,1.5350323717731957,1.5283001380760273,1.6080980404324627,1.680419921733164
2015-04-20,1.578396823555018,1.5018645576290721,1.4952777889267457,1.5733514787889575,1.6441106837828625
2015-04-21,1.628502789279147,1.5495410182781475,1.5427451536109114,1.6232972808152495,1.6963027259479972
2015-04-22,1.6640676133967374,1.583381398620663,1.5764371192665083,1.6587484219878794,1.7333482308717154
2015-04-23,1.6670446152364822,1.5862140535553322,1.5792573509485124,1.6617159078425268,1.7364491751066016
2015-04-24,1.6524175067318974,1.5722961746570763,1.5654005120745809,1.6471355548839712,1.7212130918819315
2015-04-27,1.6735589957328645,1.5924125690594313,1.585428681452662,1.6682094651244606,1.7432347707264697
2015-04-28,1.6450625610101757,1.5652978507008355,1.5584328808602186,1.6398041192430783,1.7135519355369193
2015-04-29,1.666984120011931,1.5861564915833977,1.5792000414277017,1.6616556059909349,1.7363861612665343
2015-04-30,1.6684837647889574,1.587583422571878,1.580620714285695,1.6631504571540778,1.7379482411966212
2015-05-04,1.6777904774922447,1.5964388775173728,1.5894373316188475,1.6724274209542211,1.7476424230132759
2015-05-05,1.6095837037906313,1.531539268950016,1.5248223550499844,1.6044386701753417,1.6765959765964544
2015-05-06,1.5994969210865555,1.521941567524314,1.51526674652743,1.5943841298678312,1.666089247894723
2015-05-07,1.5810108540474572,1.5043518407321346,1.4977541634838853,1.5759571535340542,1.6468335449773455
2015-05-08,1.626410928093359,1.5475505858802039,1.5407634507070866,1.6212121062628397,1.6941237736888315
2015-05-11,1.6828147650891612,1.6012195507654021,1.5941970381367105,1.6774356484180002,1.7528758882567514
2015-05-12,1.700692695923563,1.618230628260767,1.6111335096815786,1.695256432454197,1.7714981362555589
2015-05-13,1.7047554278460382,1.6220963691127859,1.6149822964476075,1.6993061778558334,1.7757300130937563
2015-05-14,1.6986645139215126,1.616300787412228,1.6092121325891333,1.693234733535042,1.7693855143543586
2015-05-15,1.6766697238584585,1.5953724662478501,1.5883755973385636,1.6713102498089427,1.7464750087130834
2015-05-18,1.686769242399282,1.604982285983433,1.597943271023394,1.6813774852431043,1.7569950034864081
2015-05-19,1.7346114131415302,1.6505047170511717,1.6432660531130092,1.7290667285071992,1.80682900142587
2015-05-20,1.7573289619400085,1.6721207523012924,1.664787286322739,1.7517116606707366,1.8304923566300533
2015-05-21,1.811032801545326,1.7232206354917325,1.7156630593498614,1.805243835975907,1.8864320640202374
2015-05-22,1.8460563526011446,1.7565459876643086,1.7488422556087304,1.8401554342658741,1.9229137609012492
2015-05-25,1.8878617367250445,1.7963243398484834,1.7884461507795442,1.881827187497444,1.9664596409055841
2015-05-26,1.9304408229313597,1.8368388793579253,1.8287830045586222,1.924270169673056,2.0108114347592
2015-05-27,1.9250726677422585,1.8317310117431103,1.823697538659308,1.9189191737897024,2.0052197855827103
2015-05-28,1.810179500483239,1.72240870872971,1.7148546934773725,1.804393262490297,1.8855432372235004
2015-05-29,1.8217691119235282,1.7334363707213625,1.7258339911484892,1.8159458277426135,1.897615362373217
2015-06-01,1.90911784825674,1.816549799039767,1.8085829066181087,1.9030153538777914,1.9886007143944604
2015-06-02,1.9591091914501406,1.8641171948999138,1.855941684841791,1.9528468997642254,2.0406733619152573
2015-06-03,1.9619142594937926,1.8667862526511898,1.8585990368330692,1.955643001409085,2.043595214183636
2015-06-04,1.9656617794567652,1.8703520653336556,1.8621492108327682,1.9593785424261116,2.0474987557499045
2015-06-05,1.9818331081669927,1.885739289304975,1.8774689506326587,1.9754981794910882,2.064343350155237
2015-06-08,1.9887773231536052,1.8923467977675554,1.8840474803636216,1.9824201972974895,2.0715766756913716
2015-06-09,1.973994200648863,1.8782804695732582,1.8700428432518101,1.9676843290374608,2.0561780830896867
2015-06-10,2.001500424064428,1.904452989338611,1.896100577477298,1.9951026288217357,2.084829481212874
2015-06-11,2.0146533594654814,1.9169681738681486,1.908560873817788,2.00821352087045,2.0985300166506433
2015-06-12,2.037765719203135,1.9389598767245786,1.9304561270580727,2.0312520019601656,2.122604620074213
2015-06-15,1.9882647057245155,1.8918590357948477,1.8835618575820146,1.981909218449791,2.07104271630975
2015-06-16,1.9282789146434587,1.8347817962556356,1.8267349432622786,1.9221151719240654,2.0085595191062717
2015-06-17,1.9579343105101765,1.862999280813397,1.854828673621834,1.9516757743306796,2.039449566810794
2015-06-18,1.877338751612364,1.7863115863093593,1.7784773104490383,1.87133783910214,1.9554985492517896
2015-06-19,1.762260914720505,1.6768135678026854,1.6694595204141018,1.7566278484662967,1.83562964285448
2015-06-23,1.8008887075758861,1.7135684016715667,1.7060531575970654,1.7951321675984677,1.8758656379963379
2015-06-24,1.8344922128343508,1.7455425622924183,1.737887088262166,1.82862825926686,1.9108681678947197
2015-06-25,1.7669763582762932,1.6813003720361024,1.6739266467467733,1.7613282191087916,1.8405414058618237
2015-06-26,1.6295917033210643,1.5505771337729677,1.5437767249855059,1.6243827141439016,1.6974369750692075
2015-06-29,1.5683705360754934,1.492324418175305,1.4857794899250027,1.5633572403330394,1.6336669689211991
2015-06-30,1.6675094732777682,1.5866563718659865,1.579697729371585,1.662179279965285,1.7369333867197503
2015-07-01,1.599028879086082,1.5214962196361899,1.514823351813789,1.5939175839634112,1.6656017197636774
2015-07-02,1.5404281102513235,1.4657368462965297,1.459308523891563,1.5355041324609708,1.6045612078459481
2015-07-03,1.4664647383398084,1.3953597616629896,1.3892400939739695,1.4617771844358858,1.5275184970690479
2015-07-06,1.4841038722351934,1.4121436208480869,1.4059503437261636,1.479359934847378,1.5458920062254846
2015-07-07,1.433536232428965,1.3640278714658276,1.3580456169094948,1.428953934479991,1.4932190689651004
2015-07-08,1.368051743832145,1.3017185516355212,1.2960095687771165,1.3636787670227408,1.425008245351303
2015-07-09,1.4369271489630058,1.3672543714716272,1.3612579663654671,1.4323340119507926,1.496751160526762
2015-07-10,1.497014826738043,1.4244285574898867,1.4181814019834105,1.492229619489725,1.5593404863029852
2015-07-13,1.5471972074826577,1.472177727998248,1.4657211576412321,1.5422515922759228,1.6116121248976787
2015-07-14,1.5400619549448311,1.4653884448874528,1.4589616504761296,1.5351391475697573,1.6041798082876468
2015-07-15,1.4858391299920504,1.413794740569365,1.4075942220862625,1.4810896458535632,1.5476995084800442
2015-07-16,1.4982979622903612,1.4256494772103914,1.419396967082713,1.4935086534998032,1.5606770430159895
2015-07-17,1.560089058230386,1.4844444871752263,1.477934118155065,1.5551022342282934,1.6250407058677891
2015-07-20,1.5704496614245345,1.4943027322633684,1.4877491276665522,1.5654297197587983,1.6358326551087723
2015-07-21,1.5739743042444243,1.4976564745229175,1.4910881613264217,1.5689430960594337,1.639504040422161
2015-07-22,1.5764195848999578,1.4999831900200573,1.4934046724834047,1.571380560376406,1.6420511261680353
2015-07-23,1.6119430175481186,1.5337841858554602,1.5270574263616048,1.6067904423874206,1.679053516359076
2015-07-24,1.5847838456839245,1.5079418900343624,1.5013284678081362,1.5797180848043824,1.6507636186868004
2015-07-27,1.4611347906609504,1.390288248977818,1.3841908235614835,1.4564642739324851,1.5219666461073376
2015-07-28,1.4543115661234396,1.3837958644591062,1.3777269128721419,1.449662859829267,1.5148593482513368
2015-07-29,1.4994760271895111,1.426770420874378,1.420512994593238,1.4946829527150107,1.5619041546383508
2015-07-30,1.4523215916316317,1.3819023785402098,1.375841731266524,1.447679246290064,1.5127865245649157
2015-07-31,1.4569064928607571,1.386264970097347,1.380185189685867,1.4522494918843871,1.51756231033843
2015-08-03,1.4553495368183667,1.3847835067144025,1.3787102235976318,1.4506975126513149,1.515940533086174
2015-08-04,1.5037393485407604,1.4308270251070216,1.424551807665113,1.4989326463613983,1.5663449721041391
2015-08-05,1.4737782925921012,1.4023187011121183,1.3961685134109352,1.4690673609151632,1.535136538681383
2015-08-06,1.4630801897241419,1.3921393208121313,1.3860337770991351,1.4584034545284095,1.5239930385431828
2015-08-07,1.4951044512259075,1.4226108110077467,1.4163716276420173,1.4903253504920901,1.5573505755640205
2015-08-10,1.5531257394886517,1.4778188012478244,1.4713374906806878,1.548161173731915,1.617787481224264
2015-08-11,1.5471367122581068,1.472120166026314,1.4656638481204212,1.5421912904243305,1.611549111057611
2015-08-12,1.5204710540678812,1.4467474547131027,1.440402414605146,1.5156108689990146,1.583773273659568
2015-08-13,1.5435897817239086,1.4687452167244734,1.4623037004265689,1.538655697652056,1.6078545101189343
2015-08-14,1.5457516900118087,1.4708022998267625,1.4643517617229118,1.5408106954010456,1.6101064257718622
2015-08-17,1.5536893002647316,1.4783550364600562,1.471871374111399,1.5487229330862171,1.6183745048922586
2015-08-18,1.4610742954363996,1.390230687005884,1.384133514040673,1.4564039720808932,1.5219036322672703
2015-08-19,1.4903667199558115,1.4181027997320386,1.4118833872753636,1.4856027633779565,1.5524155969313893
2015-08-20,1.4480041429742057,1.3777942714905729,1.371751641254977,1.4433755983554102,1.5082893262948567
2015-08-21,1.3794821573130898,1.3125947347536628,1.3068380519197842,1.375072643191921,1.4369145446061062
2015-08-24,1.2662350969536935,1.2048387232923732,1.1995546289620154,1.2621875770121436,1.3189526360003037
2015-08-25,1.186948145281694,1.1293961851286014,1.1244429612130737,1.1831540660469835,1.2363647072974895
2015-08-26,1.1811724433166708,1.1239005315975967,1.1189714101209294,1.1773968261108017,1.2303485438300208
2015-08-27,1.2383054069662716,1.1782632697234787,1.1730957280908516,1.2343471642667259,1.2898601409966457
2015-08-28,1.2847116121152313,1.222419361352142,1.217058163133853,1.2806050320009321,1.3381983893639864
2015-08-31,1.2734881559814348,1.2117401007695663,1.20642573887817,1.2694174516398289,1.3265076637725712
2015-09-01,1.2498504429779442,1.1892485176305478,1.1840327976940024,1.2458552965757639,1.3018858348957867
2015-09-02,1.247694902608418,1.1871974936831993,1.1819907689787974,1.2437066463900996,1.2996405522786554
2015-09-07,1.21958691090653,1.160452383775972,1.1553629558357703,1.2156885018715697,1.2703623322726942
2015-09-08,1.2575906477612802,1.196613420460687,1.1913654000672123,1.2535707597978467,1.3099482899064903
2015-09-09,1.2833775332159234,1.2211499683921136,1.215794337385447,1.2792752174842505,1.3368087683646097
2015-09-10,1.2714790777345055,1.2098284373858483,1.2045224595291384,1.2674147954106498,1.3244149409787604
2015-09-11,1.2742650420230366,1.2124793176723034,1.207161713777003,1.2701918543655337,1.3273168941397502
2015-09-14,1.2342936183907869,1.1744460021109835,1.1692952019739264,1.2303481993716932,1.285681328444821
2015-09-15,1.1867825794039755,1.129238647100149,1.1242861141034861,1.1829890294005216,1.2361922483667793
2015-09-16,1.243960118482193,1.1836437993106144,1.1784526601413745,1.2399838004997241,1.2957502767839801
2015-09-17,1.2195423354779136,1.1604099696913883,1.1553207277678048,1.2156440689282917,1.2703159010221183
2015-09-18,1.2270851347916623,1.167587038718373,1.1624663201257377,1.2231627576872854,1.278172731923129
2015-09-21,1.253094897389388,1.1923356570727162,1.1871063977838014,1.24908938009008,1.3052653666341278
2015-09-22,1.261108922662797,1.1999611035652957,1.1946984011459447,1.2570777885351572,1.3136130421840833
2015-09-23,1.2409958524791964,1.1808232626858264,1.1756444936216468,1.2370290097717278,1.2926625986206877
2015-09-24,1.2509648286933572,1.1903088697451296,1.1850884993931485,1.2469661201577176,1.303046616160183
2015-09-25,1.2260407961783617,1.1665933373081363,1.1614769768191096,1.2221217573019119,1.2770849140524956
2015-09-28,1.2403590606418178,1.1802173471917794,1.175041235507849,1.236394253439183,1.2919992950410328
2015-09-29,1.222175469725474,1.162915430259272,1.157815200068358,1.2182687863633646,1.2730586613239911
2015-09-30,1.2292979864265527,1.1696925950601857,1.1645626420711843,1.2253685359428788,1.2804777118624295
2015-10-08,1.2655887532387546,1.2042237190659149,1.1989423219765105,1.26154329933461,1.3182793828669543
2015-10-09,1.2793466408853176,1.2173145233147968,1.2119757135251081,1.2752572098992416,1.3326100567053956
2015-10-12,1.3205820963147636,1.2565505811317996,1.251039692684073,1.3163608562131837,1.3755622800059395
2015-10-13,1.3253102757072994,1.2610495036750975,1.2555188841790206,1.3210739219823293,1.3804873090848764
2015-10-14,1.3074387127912712,1.244044485334673,1.2385884452152904,1.303259485509458,1.3618716941218656
2015-10-15,1.3405678081308887,1.2755672389124597,1.2699729485856115,1.336282683710104,1.3963800628534044
2015-10-16,1.3572294665558977,1.2914210178141952,1.2857571971331263,1.3528910831511403,1.4137354010150713
2015-10-19,1.3545708606348423,1.2888913206265495,1.2832385945080211,1.3502409754627653,1.4109661085700125
2015-10-20,1.369841128895179,1.3034211741737927,1.297704724076888,1.3654624323171909,1.4268721284101336
2015-10-21,1.3203560352124943,1.2563354811314131,1.2508255360536749,1.3161355177151302,1.375326807235162
2015-10-22,1.347056716953776,1.2817415177967972,1.2761201487652092,1.3427508507387362,1.4031391263300865
2015-10-23,1.3734007952661251,1.3068082417855147,1.3010769369330166,1.3690107202161168,1.4305799954204037
2015-10-26,1.3806315665795583,1.3136884122204167,1.3079269328151888,1.3762183783721638,1.4381118075673835
2015-10-27,1.3797623457215364,1.3128613375710425,1.3071034854898549,1.3753519359782398,1.4372063981811547
2015-10-28,1.3523006977345877,1.2867312318902726,1.2810879793323324,1.347978069137243,1.408601431308543
2015-10-29,1.3583661399856182,1.2925025769710687,1.2868340128662548,1.3540241232047325,1.4149193979047545
2015-10-30,1.359767082027851,1.2938355910579717,1.2881611807166096,1.3554205871363312,1.416378665779995
2015-11-02,1.3369635663313262,1.2721377572161545,1.266558507661517,1.3326899628678999,1.3926257645925582
2015-11-03,1.3335121545727344,1.2688536952384206,1.2632888486847338,1.3292495835455067,1.3890306591908292
2015-11-04,1.3952650430025164,1.3276123502736126,1.321789804270258,1.390805078894044,1.4533545238278496
2015-11-05,1.409363614282077,1.3410273193118096,1.3351459389097373,1.4048585840965873,1.468040065081406
2015-11-06,1.44238445500934,1.3724470672556084,1.3664278884007128,1.4377738737207006,1.5024356722044037
2015-11-09,1.466429714788753,1.395326436310817,1.389206914777711,1.4617422728375944,1.5274820153721675
2015-11-10,1.469187023444602,1.39795005040004,1.3918190224104547,1.4644907677575136,1.5303541198720727
2015-11-11,1.4762394930435692,1.4046605644966086,1.3985001060207634,1.471520694140448,1.5377002070167491
2015-11-12,1.466401059156071,1.395299170113585,1.3891797681625901,1.46171370880263,1.5274521667110832
2015-11-13,1.4445845708074827,1.3745405052875403,1.3685121451838835,1.4399669568496432,1.5047273860721109
2015-11-16,1.4637074296839596,1.392736147573767,1.386627986341226,1.4590286895159652,1.5246463925691434
2015-11-17,1.452518997101219,1.3820902123433638,1.3760287412818017,1.447876020753152,1.512992148674609
2015-11-18,1.4371436581877146,1.367460382739603,1.3614630741241582,1.4325498291038565,1.496976683743845
2015-11-19,1.4669009407484128,1.3957748137764117,1.389653325781921,1.4622119925236776,1.5279728600211118
2015-11-20,1.4752811213283141,1.4037486616780679,1.3975922025594976,1.4705653858599679,1.5367019351293683
2015-11-23,1.4654331355632555,1.3943781785626337,1.3882628158296175,1.460748879177162,1.5264439452700076
2015-11-24,1.4708267624258515,1.3995102827972103,1.3933724120534834,1.4661252653138168,1.5320621265896834
2015-11-25,1.4903189605680083,1.418057356069984,1.4118381429168287,1.485555156653015,1.5523658491629158
2015-11-26,1.479095504434212,1.4073780954874087,1.4012057186611457,1.474367576291912,1.5406751235715006
2015-11-27,1.3991208175778433,1.3312811685900663,1.3254425321493024,1.3946485284876033,1.457370827002659
2015-11-30,1.410608542324152,1.3422118841026711,1.3363253085222113,1.4060995327267125,1.469336823579631
2015-12-01,1.4202177311501938,1.351355148907838,1.3454284734594175,1.4156780057848144,1.4793460745966214
2015-12-02,1.4526304356727606,1.382196247554822,1.3761343114517164,1.4479871031113476,1.5131082268010487
2015-12-03,1.4700785320169323,1.3987983320917055,1.3926635837697714,1.4653794266230769,1.5312827448835893
2015-12-04,1.4495929386084652,1.3793060306482188,1.3732567702489018,1.4449593154051088,1.5099442687260956
2015-12-07,1.460147763313014,1.389349079962045,1.3832557734850972,1.4554804016170395,1.520938525558873
2015-12-08,1.434803448185349,1.3652336432989811,1.3592461005559522,1.4302170995817545,1.4945390430886138
2015-12-09,1.436016536635555,1.3663879123151401,1.3603953072627364,1.4314263103952523,1.495802636407856
2015-12-10,1.435873258472145,1.3662515813289797,1.360259574187132,1.4312834902204297,1.4956533931024338
2015-12-11,1.4249618303386637,1.355869219338487,1.3499227464072094,1.4204069404622734,1.4842876862650494
2015-12-14,1.4526431715095083,1.382208365864703,1.376146376613992,1.4479997982379984,1.513121492872642
2015-12-15,1.4583870338826628,1.3876737236210057,1.3815877648004466,1.4537253003575532,1.519104491161128
2015-12-16,1.4586576704135485,1.3879312377059756,1.3818441494988105,1.4539950717988848,1.5193863951824813
2015-12-17,1.4918345251409695,1.4194994349458159,1.4132738972276666,1.4870658767244718,1.5539445116824944
2015-12-18,1.4995078667813804,1.42680071664908,1.4205431574989276,1.494714690531637,1.5619373198173339
2015-12-21,1.538476343269759,1.4638797153072762,1.457459537772773,1.5335586043017198,1.602528182374307
2015-12-22,1.54567845895051,1.470732619544946,1.464282387039824,1.540737698422802,1.6100301458602022
2015-12-23,1.5356330677158636,1.461174302626357,1.4547659902946666,1.5307244172769068,1.5995665318911483
2015-12-24,1.5256513556649554,1.4516765772571731,1.445309919360889,1.5207746117642664,1.5891692482800601
2015-12-25,1.5320574815489831,1.4577720871272841,1.451378695985693,1.5271602604696677,1.595842082291387
2015-12-28,1.4953687198384196,1.4228622659377756,1.416621979759243,1.4905887743700958,1.557625846549578
2015-12-29,1.5091393433217302,1.4359651884965385,1.4296674364701165,1.5043153800613784,1.5719697864596123
2015-12-30,1.517204311942129,1.4436391082286415,1.4373077004813632,1.5123545690130589,1.5803705262959398
2015-12-31,1.4990875841687101,1.426400812423009,1.420145007143821,1.4942957513521578,1.561499539454762
2016-01-04,1.3842135206648118,1.3170966868744298,1.3113202597052995,1.3797888827427285,1.4418428902029414
2016-01-05,1.3749545673493282,1.3082866755909888,1.3025488867306823,1.3705595256675263,1.4321984561547612
2016-01-06,1.3990189308838625,1.3311842221110188,1.3253460108510944,1.3945469674743964,1.4572646984299147
2016-01-07,1.2917959213060672,1.2291601712234124,1.223769409649851,1.2876666962004937,1.3455776416876462
2016-01-08,1.3112117044277385,1.2476345346369007,1.2421627495395406,1.3070204167797865,1.36580176783132
2016-01-11,1.2353220372081533,1.175424555633869,1.1702694638277094,1.2313733308487533,1.2867525637259638
2016-01-12,1.2473924264856633,1.1869096838235267,1.1817042213747433,1.243405137132141,1.2993254830783199
2016-01-13,1.2157661598822591,1.1568168908116907,1.1517434071529846,1.211879963876301,1.2663825107947662
2016-01-14,1.2519614079188544,1.191257127493313,1.1860325983412414,1.2479595138181507,1.304084686262343
2016-01-15,1.213604251594359,1.1547598077094017,1.1496953458566417,1.2097249661273113,1.2641305951418385
2016-01-18,1.22531485348375,1.165902593644923,1.1607892625693799,1.2213981350828111,1.2763287479716894
2016-01-19,1.2629492510728204,1.2017121993430908,1.196441817094819,1.258912234336212,1.3155299895292856
2016-01-20,1.2421006863170476,1.1818745260679975,1.176691146449085,1.2381303120086935,1.2938134303313888
2016-01-21,1.2013078012145795,1.1430595795193572,1.1380464316792094,1.19746782134587,1.251322203018705
2016-01-22,1.216208730209237,1.1572380020800535,1.1521626715420739,1.2123211195274197,1.2668435067826265
2016-01-25,1.2234936288288474,1.1641696753319493,1.1590639443639186,1.219582731971733,1.274431699733877
2016-01-26,1.1454293174846146,1.0898904949167476,1.0851105321934684,1.1417679531650593,1.1931173139039999
2016-01-27,1.1372115188232448,1.0820711554660731,1.0773254862349102,1.1335764226935678,1.1845573812085552
2016-01-28,1.1033564807890157,1.0498576582250732,1.04525326861486,1.0998296022738205,1.14929284639621
2016-01-29,1.1424682354408044,1.0870729878694299,1.0823053819643096,1.1388163362187254,1.1900329522586053
2016-02-01,1.1313402980826148,1.0764846146109615,1.0717634464256962,1.127723969307504,1.1784417222041383
2016-02-02,1.1631798899515409,1.1067803893133035,1.1019263521155773,1.159461785934747,1.2116069011868764
2016-02-03,1.1638389695032278,1.107407511849642,1.1025507242633579,1.160118758738931,1.2122934203918192
2016-02-04,1.1827293993590617,1.1253819949805415,1.1204463762091643,1.1789488053438741,1.2319703210822777
2016-02-05,1.174158181227947,1.117226372430671,1.1123265219974483,1.1704049851078204,1.2230422549001245
2016-02-15,1.171184363347389,1.1143967470734724,1.1095093066060133,1.167440673034836,1.2199446271831367
2016-02-16,1.2126872713485342,1.153887289397975,1.1488266541727732,1.208810917008447,1.2631754379871356
2016-02-17,1.2227613182158625,1.1634728725137962,1.1583701975330516,1.2188527621893066,1.2736689006172741
2016-02-18,1.2178803087823562,1.1588285302519272,1.1537462240907927,1.2139873549003504,1.2685846786792203
2016-02-19,1.2208127351934843,1.161618771102013,1.1565242277048309,1.2169104078117194,1.2716391916635306
2016-02-22,1.2459309892188801,1.1855191077646905,1.180319744003578,1.2419483713489514,1.2978032013630127
2016-02-23,1.2356977443922075,1.1757820457753578,1.1706253861148503,1.2317478370849557,1.287143912837961
2016-02-24,1.238022034598639,1.1779936373286288,1.1728272782302116,1.2340646976987444,1.2895649709037007
2016-02-25,1.1565158633733752,1.100439483668104,1.0956132559546854,1.1528190609146656,1.2046654292257897
2016-02-26,1.1621132636239324,1.1057654808607758,1.1009158947749664,1.1583985690777348,1.210495867690955
2016-02-29,1.118811418682193,1.064563227265591,1.0598943430367282,1.1152351384646846,1.1653912242744313
2016-03-01,1.141398425154009,1.0860550498394324,1.0812919083331298,1.1377499455800506,1.1889186022447857
2016-03-02,1.1900938969583446,1.132389407669194,1.1274230562952339,1.1862897623297557,1.2396414269809855
2016-03-03,1.1930963704715842,1.1352462992236247,1.1302674183017896,1.1892826384377047,1.2427689033590574
2016-03-04,1.1817551078478727,1.1244549442746505,1.119523391295054,1.177977628155081,1.2309554666054061
2016-03-07,1.1943635862279676,1.136452071056778,1.1314679019482468,1.1905458035394691,1.2440888774825705
2016-03-08,1.1972641730472267,1.1392120161321615,1.1342157426565949,1.193437118634211,1.2471102252878978
2016-03-09,1.179816076703055,1.122609931595278,1.11768647033854,1.1760447951224817,1.2289357072053573
2016-03-10,1.1627500554613106,1.1063713963548227,1.1015191528887638,1.1590333254102796,1.2111591712706098
2016-03-11,1.1603397983568329,1.1040780062098554,1.0992358209280397,1.1566307726915974,1.2086485672216165
2016-03-14,1.1889667754061843,1.131316937244731,1.1263552894338118,1.1851662436211514,1.2384673796449963
2016-03-15,1.1877887105070342,1.1301959935807442,1.1252392619232863,1.1839919444059435,1.237240268022635
2016-03-16,1.183611356053831,1.126221187939797,1.121281888696774,1.1798279428644494,1.2328889965401
2016-03-17,1.2115856214698695,1.1528390555932744,1.1477830176359034,1.207712788553145,1.2620279227943336
2016-03-18,1.241989247745507,1.1817684908565407,1.1765855762791708,1.238019229650499,1.2936973522049502
2016-03-21,1.2728609160216178,1.2111432740079313,1.2058315296360793,1.2687922166522736,1.325854309746613
2016-03-22,1.2672221243016308,1.2057778923081466,1.2004896790384014,1.263171449327589,1.31998075654877
2016-03-23,1.275455842758935,1.2136123796461722,1.2082898064498047,1.271378848707394,1.3285572718337062
2016-03-24,1.2550848718811962,1.1942291429916139,1.1889915793894188,1.2510729936292841,1.3073381903205505
2016-03-25,1.2615323892346537,1.200364037368838,1.1950995677916196,1.2574999014963009,1.314054139064555
2016-03-28,1.2521556294292548,1.1914419317189984,1.1862165920659495,1.2481531144995779,1.3042869938541386
2016-03-29,1.2343477456969645,1.1744975049279787,1.1693464789135992,1.230402153659961,1.2857377092490934
2016-03-30,1.2724756569600035,1.210776695134033,1.2054665584772317,1.2684081890710843,1.3254530110809222
2016-03-31,1.2739593819410955,1.2121884782351622,1.20687214988238,1.2698871713259137,1.3269985084215177
2016-04-01,1.2675532560570677,1.206092968365051,1.200803373257576,1.2635015226205124,1.3203256744101908
2016-04-05,1.2934961555118687,1.2307779655925193,1.225380108813691,1.2893614956083899,1.347348662245326
2016-04-06,1.2969571191480211,1.2340711163026639,1.2286588166621812,1.2928113962757712,1.3509537172007495
2016-04-07,1.2771465250871754,1.2152210852828669,1.2098914567419374,1.273064126770301,1.33031834283769
2016-04-08,1.2659676443819954,1.2045842387848746,1.1993012605542201,1.261920979352476,1.3186740484968504
2016-04-11,1.2882235190983748,1.2257609853018117,1.2203851316314471,1.2841057131749187,1.3418565086057843
2016-04-12,1.2804737624374782,1.2183869937392615,1.21304348038653,1.2763807286078477,1.3337841040413858
2016-04-13,1.2953746914321358,1.2325654162999578,1.2271597202493945,1.2912340267893974,1.3493054078053073
2016-04-14,1.303818551195775,1.2405998557510187,1.2351589228383508,1.299650895758942,1.3581008132715293
2016-04-15,1.3007778701722925,1.237706609266945,1.2322783653449672,1.2966199342710405,1.3549335386786778
2016-04-18,1.2800916873350512,1.2180234444428335,1.2126815255182515,1.2759998748083208,1.333386121893593
2016-04-19,1.2831673919095894,1.2209500162790796,1.215595262207894,1.2790657478945124,1.3365898781833254
2016-04-20,1.2416612999492573,1.1814564443771067,1.176274898350565,1.2376923301392386,1.2933557508614282
2016-04-21,1.230670272836104,1.1709983429498585,1.1658626633064182,1.2267364358395145,1.281907131076587
2016-04-22,1.2404768671317334,1.1803294415581798,1.1751528382589016,1.2365116833607053,1.2921220062032703
2016-04-25,1.2343732173704602,1.1745217415477407,1.1693706092381513,1.2304275439132628,1.2857642413922794
2016-04-26,1.2457908950146572,1.1853858063560005,1.1801870272185426,1.241808724955792,1.2976572745754893
2016-04-27,1.2420783986027406,1.1818533190257077,1.1766700324151025,1.2381080955370556,1.2937902147061022
2016-04-28,1.240435475662304,1.1802900570510666,1.1751136264815045,1.2364704241990898,1.2920788914705927
2016-04-29,1.2400470326415032,1.1799204485996981,1.174745639032088,1.2360832228362375,1.2916742762870035
2016-05-03,1.2710460592850896,1.2094164148498983,1.2041122440117562,1.2669831611045212,1.3239638945445973
2016-05-04,1.2685243636090706,1.2070169894934728,1.2017233418811177,1.2644695260276437,1.3213372123691645
2016-05-05,1.2729436989604774,1.2112220430221576,1.205909953190873,1.268874734975505,1.3259405392119683
2016-05-06,1.2318451537760677,1.1721162570363748,1.1669756745263746,1.2279075612730599,1.2831309261810502
2016-05-09,1.199728557457882,1.1415569090941227,1.1365503515569917,1.19589362564116,1.2496772101411624
2016-05-10,1.199846363947797,1.1416690034605215,1.1366619543080443,1.1960110555626808,1.2497999213033986
2016-05-11,1.200199783417542,1.1420052865597174,1.1324487755109571,1.1963633453272433,1.250168054790107
2016-05-12,1.2021101589296777,1.143823033041858,1.1342731886013273,1.1934745438675785,1.2521579655290715
2016-05-13,1.1973469559860863,1.1392907851463876,1.1307872974261417,1.1898067128528942,1.242207668934241
2016-05-16,1.2072910718469159,1.1533662020730955,1.1372794541967803,1.1966377161053903,1.2493395202972402
2016-05-17,1.2007086427266571,1.1457956272876568,1.1310787445487545,1.1901133715354912,1.24252783334679
2016-05-18,1.192610939397368,1.138068263016586,1.123450632457697,1.1820871238114559,1.2341480970687384
2016-05-19,1.1897241227772692,1.13531347160226,1.12073122426639,1.1792257809856488,1.2311607362114907
2016-05-20,1.1947303743842757,1.1400907681055845,1.1254471599905547,1.18418785651901,1.2363413493436797
2016-05-23,1.198384572637565,1.1435778458452375,1.1288894488403098,1.1878098094630694,1.2401228187832336
2016-05-24,1.1887277447202056,1.1298252110916267,1.1197926268400231,1.1782381951495686,1.2301296555443055
2016-05-25,1.1886278633012823,1.1256528981242486,1.1152197434610174,1.178139195102431,1.2300262953796244
2016-05-26,1.1899385024081286,1.1286990160623847,1.1182376283446978,1.1794382688917,1.2313825824186109
2016-05-27,1.1899238856151153,1.127731566609073,1.1172791457316902,1.1794237810799237,1.2264419867146892
2016-05-30,1.1912442692506373,1.1255570517387812,1.1151247854312458,1.1807325134103772,1.224077136411101
2016-05-31,1.2228871899919542,1.16304959384282,1.1568974162154817,1.212096211270635,1.269931127765935
2016-06-01,1.2206020980175638,1.1608763146438403,1.1544155694098623,1.2098312833629499,1.2722959780695233
2016-06-02,1.221761696929941,1.1619791727448152,1.155512289660379,1.2061367271648091,1.2792016015455656
2016-06-03,1.2283757957683947,1.1682696343921815,1.1617677423497754,1.2147149143231992,1.2882994347382952
2016-06-06,1.2212639853833145,1.1661704969142759,1.1596802874191703,1.212792270155225,1.2862603213911241
2016-06-07,1.2198382181260123,1.1608319778946383,1.159007509450366,1.2113763932200234,1.2847586740220414
2016-06-08,1.2140021599600055,1.1552782226152196,1.1556090590942485,1.2055808188670403,1.2786120176544509
2016-06-13,1.161560139215088,1.109812185754351,1.1276173483305378,1.1581351206132602,1.2282921726271383
2016-06-14,1.1653029731161977,1.113597097937357,1.131250810168909,1.1620848337123255,1.2324811498866621
2016-06-15,1.1790306530680172,1.1394174980785015,1.139999034258637,1.1890294939130255,1.2610580530731337
2016-06-16,1.1727791473638172,1.131362051231777,1.1319394760709893,1.180623300482122,1.252142632575998
2016-06-17,1.1790543869545178,1.1385639797790676,1.1391450803403256,1.1881388121099703,1.2601134158995242
2016-06-20,1.1756784979258128,1.1418985874799585,1.1424813899591069,1.19161861377501,1.2638040156157297
2016-06-21,1.1677544412736502,1.1342022069523063,1.1347810813508867,1.1835871209647022,1.2552859942054226
2016-06-22,1.1837055824656135,1.149695035670303,1.1502818173025773,1.1997545313484346,1.2724327875912185
2016-06-23,1.1762996954836307,1.1425019366226619,1.1430850470392924,1.192248233670273,1.2644717763763846
2016-06-24,1.162957584034502,1.1295431743040183,1.130119670824381,1.178725226846646,1.25012957818534
2016-06-27,1.185766140218375,1.1516963889241476,1.1522841920075828,1.201843026610771,1.2746477988948548
2016-06-28,1.1945568432194933,1.1602345150850346,1.160826675859379,1.210752915957885,1.2840974280005149
2016-06-29,1.1962810452214363,1.1619091768518546,1.1625021923404795,1.2125004950818106,1.2859508712825283
2016-06-30,1.1997355096893008,1.165264386718594,1.1658591146400477,1.216001795962786,1.289664272585683
2016-07-01,1.1974022310574977,1.1629981484752698,1.1635917197534973,1.2136368822098464,1.2871560980212715
2016-07-04,1.2173835807953026,1.1824053887044623,1.183008865054684,1.2338891436213835,1.3086351929274145
2016-07-05,1.215832102016753,1.1808984874309794,1.181501194688562,1.2323166295415067,1.306967419710559
2016-07-06,1.221222884725815,1.1861343807230225,1.1867397602770986,1.2377805017057657,1.312762280165219
2016-07-07,1.2200410942499667,1.1849865457686115,1.185591339490404,1.2316363574934985,1.3114919060351922
2016-07-08,1.2172108575719094,1.182237628211125,1.1828410189397052,1.2231231619748104,1.3032157247708076
2016-07-11,1.2125532819159195,1.1824436498696091,1.1830471457475735,1.2274526466820885,1.3078287128378228
2016-07-12,1.2377660571235574,1.201071221734435,1.2065102658203455,1.2529752262836353,1.3350225622452263
2016-07-13,1.2419973872226593,1.2051771097432729,1.2093742623609147,1.257258549257222,1.339586365815455
2016-07-14,1.2388220895929873,1.202095947045773,1.2062823691990072,1.2540442348533338,1.3361615716444895
2016-07-15,1.240178131286687,1.2034117875023773,1.2076027922046593,1.2554169390394236,1.337624163259452
2016-07-18,1.2381428687092406,1.20143686235689,1.205620989180247,1.2533566679778234,1.3354289815081455
2016-07-19,1.2310074493192065,1.1945129797418732,1.1986729934354612,1.2461335714375665,1.3277329020899435
2016-07-20,1.226992125861579,1.1906166946376273,1.1947631391196099,1.2420689093077821,1.3234020777150188
2016-07-21,1.2339955411929342,1.1974124865887268,1.201582598111633,1.2491583797768266,1.3309557809583128
2016-07-22,1.222880799452185,1.1866272526868962,1.1907598035290219,1.2379070645807522,1.3189677070310701
2016-07-25,1.2245992522888027,1.1882947602389824,1.1924331183468042,1.239646633071443,1.320821185962598
2016-07-26,1.2391629000717583,1.2024266538507962,1.2066142277243221,1.254389233073555,1.3365291610415249
2016-07-27,1.2240352349471755,1.1877474637658816,1.1918839158577277,1.239075685312627,1.3202128513970828
2016-07-28,1.2277985506564164,1.1913992121481036,1.195548381827396,1.2428852431246427,1.3242718667108198
2016-07-29,1.2236440229187275,1.187367849616454,1.1915029796631764,1.2386796662288524,1.31979090018781
2016-08-01,1.2170222193206437,1.1809423561301333,1.1850551087382308,1.2319764965838582,1.3126487935228863
2016-08-02,1.222213578937409,1.1859798126038235,1.1901101086696035,1.2372316455298975,1.3182480601833537
2016-08-03,1.2238576294864076,1.1875751235998835,1.191710975499465,1.2388958975077233,1.320021290725388
2016-08-04,1.2261713006239767,1.1898202036001782,1.1939638742206131,1.241237998101335,1.3225167567728642
2016-08-05,1.2288449828306693,1.1924146217747924,1.1965673277220228,1.2439445334346164,1.3254005214791797
2016-08-08,1.2399429240548594,1.2031835532284882,1.207373763081555,1.2551788416761729,1.3373704748023434
2016-08-09,1.2483623829247683,1.2113534086652455,1.2155720708759408,1.2637017554545857,1.34645148610374
2016-08-10,1.2438190432324256,1.2069447609053305,1.2111480695490386,1.2591025890399519,1.3415511570291836
2016-08-11,1.240876552760787,1.2040895035605572,1.2082828684783666,1.2561239424343833,1.3383774626576008
2016-08-12,1.2666317446459048,1.22908115655139,1.2333615574582848,1.282195603710366,1.3661563487109893
2016-08-15,1.3024600462451066,1.2638472916596881,1.2682487691899236,1.3184641490023112,1.404799831238711
2016-08-16,1.2948278115796816,1.25644132236411,1.2608170078483767,1.3107381325213099,1.3965678996713105
2016-08-17,1.2926173436152615,1.254296385973787,1.2586646014975702,1.308500503219737,1.394183745906035
2016-08-18,1.2906348826612863,1.2523726970938664,1.2567342131742627,1.3064936825866216,1.3920455146246913
2016-08-19,1.2880236023732419,1.2498388308694677,1.2541915225014317,1.3038503159415495,1.3892290550192412
2016-08-22,1.2788697209223203,1.2409563255570983,1.2452780829553123,1.2945839552942102,1.3793559144538117
2016-08-23,1.2812769949378613,1.2432922334827161,1.2476221259193283,1.2970208089201358,1.381952338152586
2016-08-24,1.2757736257278554,1.2379520172579488,1.2422633118450621,1.2914498165330492,1.3760165459877907
2016-08-25,1.2679877863396043,1.2303969970079942,1.2346819804639368,1.2835683078964555,1.3676189403259518
2016-08-26,1.2669917557150285,1.2294304947257098,1.2337121122385464,1.2825600384500355,1.3665446473698288
2016-08-29,1.2667085470073178,1.2291556820285783,1.2334363424780739,1.2822733497881618,1.3662391857582084
2016-08-30,1.269600635929279,1.2319620320289466,1.236252465879509,1.2852009755301763,1.3693585183175536
2016-08-31,1.2759752319265647,1.2381476466355676,1.2374897840319206,1.2916538999872642,1.376233993236741
2016-09-01,1.265808519334508,1.2282823365927789,1.225071118917341,1.276236813887231,1.3652684391111092
2016-09-02,1.2705582653731482,1.232891271572637,1.2261653007738496,1.277376694784593,1.370391392750067
2016-09-05,1.274835196874339,1.237041409083555,1.2327453397524704,1.2842315523121708,1.375004380817082
2016-09-06,1.2823930292521453,1.2443751818231072,1.2469966099983059,1.2990780338360064,1.3831560639949894
2016-09-07,1.2837562711672272,1.2456980090431977,1.2391560735209877,1.2960944111593051,1.3846264215831285
2016-09-08,1.2848819057766878,1.2467902730682374,1.240242601387847,1.2912729641177592,1.385840502056434
2016-09-09,1.2774776781217079,1.2396055512830617,1.2330956110482725,1.2838319075132074,1.377854492972965
2016-09-12,1.2575498654088078,1.2202685188738844,1.213860129430935,1.2638049729953496,1.3563608678773278
2016-09-13,1.2572450560369495,1.2199727458862937,1.2135659097313805,1.2634986474884522,1.3560321083461768
2016-09-14,1.2467855344420056,1.2098233074617248,1.203469772324617,1.252987099779332,1.3447507379780221
2016-09-19,1.257144252937595,1.2198749311974844,1.2134686087283784,1.2633973429901082,1.3559233847217016
2016-09-20,1.2558698137528967,1.2186382740603927,1.2122384460475635,1.2621165646896166,1.3545488074694094
2016-09-21,1.258113882750435,1.2208158153469855,1.2144045517096387,1.2643717957837026,1.3569692024428432
2016-09-22,1.2694230304685112,1.231789691862949,1.225320797570279,1.2757371956931507,1.3691669576458596
2016-09-23,1.2639052608157402,1.2264355021112086,1.219994726001176,1.2701919804147506,1.3632156335347105
2016-09-26,1.2459863098685509,1.2090477767147352,1.2026983143722418,1.2521838998281762,1.3438887149553984
2016-09-27,1.2538153505850969,1.216644717545608,1.2102553589387546,1.2600518825328917,1.352332916456298
2016-09-28,1.250373644764273,1.2133050445991116,1.20693322469339,1.2565930575180044,1.3486207812777908
2016-09-29,1.2553633981823293,1.218146871695183,1.2117496243420045,1.2616076301860315,1.3540026006893087
2016-09-30,1.2583418897608805,1.2210370628573883,1.214624637311668,1.2646009369109095,1.3572151249267754
2016-10-10,1.273119144111516,1.2353762304526317,1.2288885010136972,1.2794516939657632,1.3731534905432803
2016-10-11,1.276976062698729,1.2391188067601768,1.2326114227238092,1.283327797033353,1.3773134635083157
2016-10-12,1.274040772448473,1.2362705361788902,1.224858997743268,1.280377906522051,1.37414753510991
2016-10-13,1.2728383354775994,1.2351037466766623,1.2248619573335597,1.2740528106232092,1.3728506175893855
2016-10-14,1.2743695825582728,1.2365895983781023,1.2215590545679416,1.2706172622117688,1.374502181218317
2016-10-17,1.2642844724752176,1.226803471654826,1.2092323610027091,1.2577955246368147,1.3636246414553554
2016-10-18,1.279649744905422,1.2417132249347915,1.2245778366655495,1.2737572795770635,1.3801972282146318
2016-10-19,1.2773888753913245,1.2395193812000636,1.2145474892077033,1.2683977009172809,1.3777587126371187
2016-10-20,1.2789969248334108,1.2410797583786914,1.216076430354783,1.2644401831093801,1.379493113313269
2016-10-21,1.2839650775873193,1.2459006251843034,1.220800173898746,1.2693517914611248,1.384851634805256
2016-10-24,1.298231116219799,1.2597437325720129,1.2343643920752276,1.2834554629793715,1.4002386163262086
2016-10-25,1.2998487659570621,1.2613134254352896,1.2359024612291558,1.285054701640761,1.4019833716332615
2016-10-26,1.293133359481006,1.2547971040236459,1.2295174204388135,1.2784157257141031,1.3947403073170392
2016-10-27,1.2889260301198455,1.2507145052264292,1.2255170714375732,1.274256281539896,1.3902023903240663
2016-10-28,1.2876491908613532,1.2494755191681755,1.2243030465267575,1.2729939744659209,1.3888252244140484
2016-10-31,1.2864131528573615,1.2482761247696779,1.223127815645047,1.2717720042721294,1.3874920656853658
2016-11-01,1.2955622341606945,1.257153972239723,1.2318268061714175,1.2808169564638447,1.3973600289353438
2016-11-02,1.2840010786942317,1.2459355590017356,1.220834403924427,1.2693873828259923,1.38489046467114
2016-11-03,1.2949790162287138,1.2565880443973247,1.231272279755387,1.2802403763529877,1.3967309851080236
2016-11-04,1.291760517270747,1.2534649611189066,1.2282121154595154,1.277058508333814,1.3932595950979973
2016-11-07,1.2949478152693896,1.2565577684222171,1.2312426137331303,1.2802095305034356,1.3966973325575909
2016-11-08,1.2987663326758963,1.2602630819911682,1.2348732784570169,1.2839845879370713,1.4008158869990168
2016-11-09,1.2926317440580266,1.2543103595007603,1.229040482080993,1.2779198193636128,1.3941992778523893
2016-11-10,1.3080474180379082,1.2692690201251307,1.243697779077551,1.2931600417999685,1.410826226423903
2016-11-11,1.3177677169042512,1.2787011508317632,1.2529398860113918,1.3027697103142517,1.4213102902125736
2016-11-14,1.322330257186947,1.283128429960975,1.257277971266017,1.3072803226218201,1.4262313285489348
2016-11-15,1.321636635860435,1.282455371745119,1.2566184727712317,1.306594595658702,1.4254832064662368
2016-11-16,1.3216510363032001,1.2824693452720919,1.2566321647815042,1.3066088322046492,1.4254987384125906
2016-11-17,1.3255247554069725,1.2862282240277723,1.2603153155447684,1.3104384630644155,1.4296768319817053
2016-11-18,1.320045386934908,1.2809112970146261,1.2551055056361367,1.305021457331549,1.4237669263941657
2016-11-21,1.3303129026263192,1.2908744217462245,1.2648679089603272,1.3151721145918216,1.4348412041442724
2016-11-22,1.3408132254757636,1.3010634518305495,1.2748516664505873,1.325552929344905,1.446166581693762
2016-11-23,1.3459397831000868,1.3060380274328622,1.2797260221075464,1.3306211397020677,1.4516959545956387
2016-11-24,1.3522687776952835,1.312179392537403,1.2857436606222472,1.3368781016458122,1.45852224501804
2016-11-25,1.3655435858507758,1.3250606554851523,1.2983654120916484,1.3500018242513678,1.4728401108983207
2016-11-28,1.3725710019200725,1.3318797366478732,1.3050471131045585,1.3569492586735459,1.4804197007188706
2016-11-29,1.3795432162921037,1.3386452526238652,1.3116763280780914,1.3638421196695936,1.487939751411732
2016-11-30,1.3666332193533237,1.32611798569276,1.2994014408689234,1.3510790562280308,1.4740153615057423
2016-12-01,1.3786167878075586,1.3377462890552825,1.3107954754172364,1.3629262352136644,1.4869405295296516
2016-12-02,1.365514784965246,1.3250327084312068,1.2983380280711037,1.3499733511594738,1.472809047005614
2016-12-05,1.344835749154774,1.304966723698282,1.278676301319999,1.329529671179458,1.4505051720418647
2016-12-06,1.34118043676627,1.3014197767683557,1.2752008127125325,1.3259159612665559,1.4465626463257795
2016-12-07,1.3468206101825433,1.3068927414993647,1.2805635167358722,1.331491941762498,1.452645991980934
2016-12-08,1.3474758303283487,1.3075285369766267,1.2811865032032645,1.3321397046030905,1.4533526955400222
2016-12-09,1.3601002184856237,1.319778662289438,1.2931898322086972,1.3446204098833692,1.4669690351766658
2016-12-12,1.3329913849806005,1.2934734977631632,1.2674146228709855,1.3178201121379796,1.4377301461660401
2016-12-13,1.3283664427792565,1.2889856666837358,1.2630172055718467,1.3132478081313068,1.4327418027288132
2016-12-14,1.3208230108442156,1.2816658674711567,1.255844874190844,1.3057902308126916,1.42460565149726
2016-12-15,1.3024096446954296,1.2637983843152842,1.2383373570559235,1.287586434061684,1.4047454694264747
2016-12-16,1.3032496705233851,1.2646135067220303,1.2391360576551445,1.2884168992419307,1.405651499630434
2016-12-19,1.298725531421396,1.2602234903314125,1.2348344844279122,1.2839442510568877,1.4007718798176823
2016-12-20,1.2891324364661436,1.2509147924463733,1.2257133235848106,1.2744603386984705,1.3904250148884685
2016-12-21,1.2993663511244367,1.2608453122817018,1.235443778885032,1.284577777351533,1.401463051430417
2016-12-22,1.29917194514711,1.2606566696675692,1.2352589367463553,1.2843855839812475,1.4012533701546437
2016-12-23,1.2893892443621189,1.2511639870107214,1.225957497768001,1.2747142237678604,1.3907020012651077
2016-12-26,1.2948710129079775,1.2564832429450297,1.2311695896783448,1.2801336022583845,1.3966144955103728
2016-12-27,1.2937333779295463,1.2553793343141795,1.2300879208668287,1.2790089151285646,1.3953874717484396
2016-12-28,1.2889044294556988,1.2506935449359708,1.225496533422165,1.274234926720975,1.390179092404537
2016-12-29,1.2862091465848584,1.248078166470897,1.2229338454995222,1.2715703198712118,1.3872720297786907
2016-12-30,1.2904092757246362,1.252153778504627,1.2269273484956262,1.275722645772445,1.3918021807984864
2017-01-03,1.303484877755213,1.2648417409959194,1.2393596938229263,1.2886494294923994,1.4059051880875426
2017-01-04,1.312614758468193,1.2737009570966675,1.2480404283356006,1.297675399622852,1.4157524420757162
2017-01-05,1.3141796065819844,1.275219413694377,1.2495282934518632,1.2992224376157686,1.4174402469128058
2017-01-06,1.308628235896095,1.269832619046367,1.2442500234918696,1.293734249153167,1.4114526815934982
2017-01-09,1.3145180169869608,1.2755477915782376,1.2498500556932637,1.2995569964455254,1.417805247652115
2017-01-10,1.312449153376396,1.2735402615364804,1.2478829702174683,1.2975116793444605,1.41557382469265
2017-01-11,1.303542479526273,1.2648976351038106,1.2394144618640157,1.2887063756761878,1.405967315872957
2017-01-12,1.296423860652798,1.2579900549369287,1.2326460447860472,1.2816687764630117,1.3982893570588344
2017-01-13,1.2989439381366648,1.2604354221571668,1.2350421465837096,1.2841601720037519,1.401007447670712
2017-01-16,1.3025800499348152,1.263963737717796,1.2384993791774797,1.287754899855391,1.4049292641249922
2017-01-17,1.30222483901328,1.2636190573858006,1.238161642924095,1.2874037317220297,1.404546142781604
2017-01-18,1.309936276113912,1.2711018810797288,1.2454937144249418,1.2950274020766943,1.4128635000539491
2017-01-19,1.3058273497783122,1.2671147680501598,1.241586927493896,1.2909652409664591,1.408431718027726
2017-01-20,1.315240439199003,1.2762487968480394,1.2505369382085934,1.3002711965005378,1.41858443362752
2017-01-23,1.3191693600000407,1.2800612407904486,1.2542725750112347,1.3041554007864344,1.4228220663243234
2017-01-24,1.3232926867784056,1.2840623273469907,1.258193053952553,1.308231798442617,1.4272693802969003
2017-01-25,1.3271352049228538,1.2877909301275632,1.2618465386935602,1.3120305834528312,1.4314138213155823
2017-01-26,1.332369765867914,1.2928703071821717,1.2668235844275617,1.3172055679045969,1.4370596838151106
2017-02-03,1.3210102166001605,1.2818475233218034,1.256022870324384,1.3059753059100037,1.4248075667998568
2017-02-06,1.3246679290624583,1.2853967991728916,1.2595006409335627,1.3095913885805635,1.4287526811736675
2017-02-07,1.3231582826459325,1.283931907761911,1.2580652618566772,1.3080989240137773,1.4271244154642666
2017-02-08,1.3283088410081973,1.288929772575845,1.2629624375307569,1.3131908619475186,1.4326796749433994
2017-02-09,1.3334305984849322,1.2938996903358335,1.2678322291842918,1.3182543267893656,1.4382038705298248
2017-02-10,1.3425340783861763,1.302733288303798,1.2764878616781334,1.327254196585582,1.4480226492830168
2017-02-13,1.3515799565163606,1.3115109921638715,1.2850887261308854,1.3361971201980098,1.4577793002507942
2017-02-14,1.3512271456686193,1.311168640753038,1.2847532718792127,1.335848324822306,1.4573987675651312
2017-02-15,1.3483974586653062,1.3084228427028852,1.2820627918606946,1.3330508435437036,1.4543467401066517
2017-02-16,1.356423305432973,1.3162107550690527,1.2896938055858216,1.3409853451515463,1.4630032115410503
2017-02-17,1.345493369374374,1.305604848096706,1.2793015697891026,1.330179806777708,1.4512144642586784
2017-02-20,1.367324440606042,1.3267887149874538,1.3000586573619957,1.3517624104334907,1.4747608949307147
2017-02-21,1.370907750780721,1.3302657942825158,1.3034656859181002,1.355304937616657,1.4786257609150317
2017-02-22,1.3750598784446157,1.3342948278930031,1.307413548879963,1.3594098083647335,1.4831041387803157
2017-02-23,1.3675860486496054,1.327042567394126,1.30030739554861,1.3520210410181959,1.4750430586228047
2017-02-24,1.3655819870314827,1.3250979182237461,1.2984019241190403,1.350039788373893,1.4728815294219306
2017-02-27,1.3538288256614872,1.3136931912927883,1.2872269617350849,1.3384203941234127,1.4602048725396788
2017-02-28,1.3575921413707284,1.3173449396750105,1.2908051404195942,1.342140878130918,1.464263887853416
2017-03-01,1.3590633866065476,1.318772568347397,1.2922040074690866,1.3435953785751786,1.4658507350392074
2017-03-02,1.3492110836815259,1.3092123469768473,1.2828363904410824,1.3338552083897137,1.455224295075629
2017-03-03,1.3464725994823907,1.3065550479308552,1.2802326264876225,1.3311478919021094,1.4522706366107219
2017-03-06,1.352328779540138,1.3122376155664557,1.2858007106650473,1.3369374205872575,1.45858696146118
2017-03-07,1.3534880151827167,1.3133624844877652,1.2869029174919722,1.338083462535998,1.4598372831426436
2017-03-08,1.3523095789497848,1.3122189841971585,1.285782454651351,1.336918438525995,1.4585662521993752
2017-03-09,1.342591680157236,1.3027891824116882,1.2765426297192222,1.3273111427693696,1.4480847770684302
2017-03-10,1.3438829198584934,1.3040421419969148,1.27777034664031,1.3285876863892916,1.4494774749248016
2017-03-13,1.3546880520797961,1.3145269450688306,1.288043918348002,1.339269841364922,1.4611316120054423
2017-03-14,1.3547504539984445,1.314587497019046,1.2881032503925156,1.3393315330640263,1.461198917106308
2017-03-15,1.3569969230697772,1.3167673672268012,1.2902392039950032,1.3415524342317717,1.4636219007374673
2017-03-16,1.3638491337521004,1.3234164371446866,1.2967543188829331,1.3483266573449268,1.4710125185440488
2017-03-17,1.3489950770400518,1.3090027440722551,1.282631010286997,1.3336416602005077,1.454991315880325
2017-03-20,1.3496910984403576,1.3096781312092731,1.2832927907834941,1.3343297599212833,1.4557420266207481
2017-03-21,1.3560704945852315,1.3158684036582184,1.289358351334148,1.3406365497758423,1.4626226788553867
2017-03-22,1.3470942185950778,1.307158238511847,1.2808236649310456,1.331762436135492,1.4529410989616516
2017-03-23,1.3518847658882187,1.3118067651514613,1.2853785403483162,1.336498460420556,1.4581080597819445
2017-03-24,1.3616842671897689,1.321315750256444,1.294695953338655,1.3461864299375481,1.4686775492755597
2017-03-27,1.358873780776809,1.3185885835755882,1.2920237293338335,1.3434079307202085,1.465646231078885
2017-03-28,1.3549328596068002,1.3147644950273683,1.2882766825226317,1.3395118626460225,1.4613956550934535
2017-03-29,1.3538768271373702,1.3137397697160302,1.2872726017693255,1.3384678492765694,1.4602566456941903
2017-03-30,1.3454429678246966,1.3055559407523005,1.2792536477531486,1.3301299788668928,1.4511601024464404
2017-03-31,1.353401612526127,1.3132786433259283,1.2868207654303379,1.3379980432603156,1.459744091464522
2017-04-05,1.3724917994848658,1.3318028822495218,1.3049718070480587,1.356870957670836,1.4803342750139257
2017-04-06,1.3785351852985577,1.337667105735769,1.3107178873590246,1.3628455614532966,1.4868525151669807
2017-04-07,1.3796656200556066,1.338764027603133,1.3117927101654048,1.363963130310143,1.4880717729557373
2017-04-10,1.378751191940032,1.3378767086403607,1.31092326751311,1.3630591096425029,1.4870854943622844
2017-04-11,1.384180158862419,1.343144728309102,1.3160851553857884,1.3684262874645543,1.4929410381375863
2017-04-12,1.3806352498684464,1.3397049117526338,1.3127146388570767,1.3649217244039134,1.4891175906768785
2017-04-13,1.3828169169473368,1.3418219010890116,1.3147889784133389,1.367078561114897,1.4914706805494469
2017-04-14,1.369988522517558,1.3293738174774188,1.3025916792623808,1.354396171433701,1.4776343050061271
2017-04-17,1.3665852178774411,1.3260714072695166,1.2993558008346806,1.351031601074873,1.4739635883512296
2017-04-18,1.3574721376810202,1.3172284936169032,1.2906910403339906,1.3420222402480253,1.4641344549671351
2017-04-19,1.3481094498100068,1.3081433721634284,1.2817889516552465,1.3327661126247614,1.4540361011795786
2017-04-20,1.3502983171102796,1.3102673482632923,1.2838701372166448,1.3349300676087186,1.4563969570253237
2017-04-21,1.354721653112914,1.3145595499651006,1.2880758663719702,1.3393030599721318,1.4611678532136
2017-04-24,1.3383411494677806,1.2986646630335534,1.2725012046871644,1.3231089889573213,1.443500264236396
2017-04-25,1.341660451525102,1.3018855610007811,1.2756572130549426,1.3263905127981246,1.4470803778708976
2017-04-26,1.3445645408160343,1.3047035556069604,1.2784184351265346,1.3292615495641205,1.4502126537188709
2017-04-27,1.3445669408898282,1.3047058845281223,1.2784207171282465,1.329263922321778,1.4502152423765962
2017-04-28,1.3445573405946516,1.3046965688434737,1.2784115891213983,1.3292544312911465,1.450204887745694
2017-05-02,1.3402492081341366,1.3005161553574478,1.2743153960482516,1.3249953312953098,1.445558247128246
2017-05-03,1.3327369771584197,1.2932266321199763,1.2671727306895055,1.3175685998262465,1.4374557484471253
2017-05-04,1.329369673625215,1.289959155729506,1.2639710822874861,1.3142396208322864,1.433823861658112
2017-05-05,1.3211638213229862,1.2819965742761787,1.2561689184339548,1.3061271624001052,1.4249732408942937
2017-05-08,1.3126555597226932,1.2737405487564226,1.248079222364704,1.297715736503035,1.4157964492570498
2017-05-09,1.3118875361085625,1.2729952939845406,1.2473489818168448,1.2969564540525236,1.4149680787848586
2017-05-10,1.304185699303107,1.2655217859752608,1.2400260383228459,1.2893422747284904,1.4066610761434157
2017-05-11,1.312153944299714,1.2732538042335373,1.2476022840068834,1.2972198301525448,1.4152554197924
2017-05-12,1.3254191521600294,1.2861257514966378,1.260214907469436,1.310334061727469,1.4295629310417783
2017-05-15,1.3283328417461382,1.2889530617874654,1.2629852575478762,1.313214589524096,1.4327055615206539
2017-05-16,1.3374051206880584,1.2977563837803225,1.271611224019461,1.3221836134707605,1.4424906877234132
2017-05-17,1.3313161334722774,1.291847910791995,1.265821785675966,1.3161639272928007,1.4359232630735717
2017-05-18,1.325320749134469,1.2860302657289906,1.2601213453992415,1.3102367786634972,1.4294567960750288
2017-05-19,1.3277376234451868,1.288375489339257,1.2624193211232853,1.3126261456249497,1.4320635744047057
2017-05-22,1.3289736614491785,1.2895748837377548,1.263594552004996,1.3138481158187414,1.4333967331333886
2017-05-23,1.3333273953117823,1.293799546725861,1.2677341031106717,1.3181522982100768,1.4380925582476225
2017-05-24,1.3342634240915043,1.2947078259790923,1.2686240837783749,1.3190776736966374,1.4391021347606057
2017-05-25,1.3629803070386137,1.322573367683995,1.2959282342631664,1.3474677190727848,1.4700754244473815
2017-05-26,1.3621186805465106,1.3217372849867897,1.2951089956485369,1.3466158990736175,1.4691460963238918
2017-05-31,1.366887627175504,1.3263648513359447,1.299643333050399,1.3513305685397607,1.4742897592246542
2017-06-01,1.3661532045944915,1.3256522014603325,1.2989450405265088,1.3506045046964594,1.4734976299606215
2017-06-02,1.3633907196574149,1.3229716132027192,1.2963184565559285,1.3478734606322766,1.4705180849184587
2017-06-05,1.3563273024812055,1.3161175982225664,1.2896025255173373,1.3408904348452308,1.4628996652320247
2017-06-06,1.3656371887287473,1.3251514834104743,1.298454410158416,1.350094361800022,1.472941068549618
2017-06-07,1.3813936731873997,1.3404408508398675,1.3134357513980865,1.3656715158237924,1.4899356065181668
2017-06-08,1.3916011870339569,1.3503457525424125,1.3231411046794754,1.3757628541426186,1.5009451678251335
2017-06-09,1.39694135122596,1.355527602128155,1.3282185584888078,1.3810422399313296,1.5067049312645884
2017-06-12,1.3976181720359129,1.356184357895876,1.3288620829716085,1.3817113575908426,1.5074349327432068
2017-06-13,1.4008414711414683,1.3593120990166188,1.3319268112709044,1.3848979711253322,1.5109115000686846
2017-06-14,1.3814200739991356,1.3404664689726509,1.3134608534169192,1.3656976161580285,1.4899640817531483
2017-06-15,1.3774623523125678,1.3366260779762962,1.3096978325937332,1.3617849387802377,1.4856953851636379
2017-06-16,1.372054986054328,1.331379018598014,1.304556482736463,1.3564391157771067,1.4798631393078663
2017-06-19,1.38762666483083,1.3464890590979228,1.319362109844305,1.3718335674612225,1.4966583506315438
2017-06-20,1.386162619816393,1.3450684171890226,1.3179700887999486,1.3703861852899353,1.4950792694189292
2017-06-21,1.3990822170503496,1.3576049998047761,1.3302541040159648,1.3831587397621294,1.5090140139558215
2017-06-22,1.4014582901065666,1.3599106317552863,1.3325132857109037,1.3855077698433986,1.511576785104163
2017-06-23,1.412813039226732,1.3709287577733305,1.3433094358106572,1.3967332863226762,1.5238237248039659
2017-06-26,1.4289079340903605,1.386546503086584,1.358612539291728,1.412644999176203,1.5411832635118237
2017-06-27,1.4330936627873734,1.3906081415933411,1.3625923502775596,1.4167830885314892,1.5456978825852659
2017-06-28,1.4255262301143907,1.3832650531691406,1.3553971988794362,1.4093017836362953,1.5375358447764564
2017-06-29,1.433921688246358,1.3914116193942763,1.36337964086822,1.4176016899234463,1.5465909695005968
2017-06-30,1.4335016753323802,1.3910040581909033,1.3629802905686097,1.417186457333323,1.5461379543986173
2017-07-03,1.4297287593279626,1.3873429941240327,1.3593929838772523,1.4134564822951865,1.5420685844539779
2017-07-04,1.4171067712444816,1.3750951977323833,1.3473919368735314,1.4009781497725653,1.5284548334750596
2017-07-05,1.4332976690598764,1.390806099892122,1.3627863204230846,1.4169847729324057,1.5459179184919414
2017-07-06,1.4361633571701018,1.3935868317597067,1.3655110304672835,1.4198178455758756,1.549008775816305
2017-07-07,1.4334848748158207,1.390987755742768,1.3629643165566252,1.4171698480297177,1.5461198337945379
2017-07-10,1.4356017399022685,1.3930418642077675,1.3649770420666614,1.4192626202839391,1.5484030299085147
2017-07-11,1.4424515505107975,1.3996886052044906,1.371489874952879,1.4260344706394363,1.5557910590573703
2017-07-12,1.4388826407788835,1.3962254994364012,1.3680965384070467,1.422506180002217,1.5519417250194065
2017-07-13,1.4520614459826091,1.409013605537665,1.3806270098079652,1.4355349923014586,1.5661560445906633
2017-07-14,1.4595928775486793,1.4163217601444336,1.3877879311804078,1.4429807058317847,1.5742792525335887
2017-07-17,1.4488141461391122,1.4058625752053011,1.3775394614915486,1.4323246511903907,1.5626535906879295
2017-07-18,1.4516966347658968,1.408659609521021,1.380280145547732,1.4351743331374658,1.5657625686163723
2017-07-19,1.4732012959615592,1.4295267431337189,1.4007268808877849,1.456434241751781,1.5889569418377274
2017-07-20,1.4794774889332847,1.4356168719726927,1.4066943153648206,1.4626390030270529,1.5957262817901654
2017-07-21,1.47203005995001,1.428390229606599,1.3996132640523,1.4552763360147516,1.587693676867636
2017-07-24,1.4811335398512542,1.4372238275745635,1.4082688965461416,1.464276205810968,1.5975124556208278
2017-07-25,1.4737893140411285,1.4300973288184413,1.4012859713072399,1.4570155673779541,1.589591162980499
2017-07-26,1.4684851509560375,1.4249504130501307,1.3962427475235883,1.4517717729541106,1.5838702294069282
2017-07-27,1.4644506269080564,1.4210354965765877,1.3924067026456162,1.4477831673312684,1.5795186957701983
2017-07-28,1.4682619440931806,1.4247338233820523,1.3960305213643667,1.4515511064919304,1.5836294842384473
2017-07-31,1.4750661532996205,1.4313363148766949,1.4024999962180553,1.4582778744519285,1.5909683288905165
2017-08-01,1.4890729839623311,1.444927898778894,1.4158177582096345,1.4721252881431277,1.6060757353771045
2017-08-02,1.4843208378498969,1.4403166348778738,1.4112993948197567,1.4674272279805893,1.600950193080421
2017-08-03,1.471605246888444,1.4279780105609015,1.3992093497492657,1.4548563579093123,1.5872354844502048
2017-08-04,1.4632121888302707,1.4198337732569277,1.3912291897621938,1.4465588243798189,1.5781829483837897
2017-08-07,1.4719292568506555,1.4282924149177894,1.399517419980394,1.4551766801931219,1.5875849532431605
2017-08-08,1.469685187853117,1.4261148736311964,1.3973837483796183,1.4529581517830343,1.5851645582697267
2017-08-09,1.466982704760894,1.4234925084026362,1.3948142144518392,1.4502864266602977,1.5822497296707037
2017-08-10,1.45782162308859,1.4146030163267804,1.3861038139169082,1.441229610680293,1.5723688231320974
2017-08-11,1.4279383042775196,1.3856056189370818,1.357690610600056,1.4116864050824316,1.5401374457906811
2017-08-14,1.4402146817346415,1.397518050681384,1.36936304935724,1.4238230605023223,1.553378430057113
2017-08-15,1.4465508765512205,1.403666402549411,1.375387533877077,1.43008714071904,1.5602124864526907
2017-08-16,1.4419739358257597,1.3992251498932264,1.3710357566121796,1.4255622918655246,1.555275916169976
2017-08-17,1.4495821697532432,1.4066078299771831,1.3782697020394081,1.4330839336409018,1.5634819611601207
2017-08-18,1.4541591104787042,1.4110490826333681,1.3826214793043057,1.4376087824944175,1.5684185314428356
2017-08-21,1.4609561194637617,1.4176445873645245,1.389084108152858,1.444328432181442,1.575749610121728
2017-08-22,1.4686795569333646,1.4251390556642636,1.3964275896622655,1.451963966324396,1.5840799106827015
2017-08-23,1.4696779876317345,1.4261078868677102,1.3973769023744822,1.4529510335100606,1.58515679229655
2017-08-24,1.4641146165768746,1.4207094476138895,1.3920872224059284,1.4474509812591696,1.5791562836886146
2017-08-25,1.490609031190593,1.4464184083226586,1.417278239305353,1.4736438530441502,1.607732476321487
2017-08-28,1.505148678235607,1.4605270127228511,1.4311026056770093,1.4880180189353918,1.623414564823158
2017-08-29,1.5059143017759435,1.461269938573571,1.4318305642231564,1.4887749286282452,1.6242403466376236
2017-08-30,1.505542290337849,1.4609089557934407,1.4314768539577871,1.4884071511912789,1.623839104690156
2017-08-31,1.4969188251954366,1.4525411420579024,1.4232776218063574,1.4798818329266321,1.6145380574820836
2017-09-01,1.4990044893225607,1.4545649745477947,1.425260681294137,1.4819437593313018,1.616787601045628
2017-09-04,1.5007661434874733,1.4562744026807992,1.426935670550789,1.4836853634521623,1.6186876758162168
2017-09-05,1.5060271052442693,1.4613793978681913,1.4319378183036233,1.4888864482381643,1.6243620135507268
2017-09-06,1.5020261822294065,1.457497086290918,1.4281337214496201,1.4849310612225322,1.6200467211221554
2017-09-07,1.4941347395942124,1.4498395935098298,1.4206304998203685,1.4771294340435288,1.6115352145203903
2017-09-08,1.4928507001143376,1.4485936206880896,1.419409628904417,1.4758600086965805,1.6101502826371956
2017-09-11,1.4929707038040456,1.4487100667461963,1.41952372899002,1.475978646579473,1.6102797155234756
2017-09-12,1.498829283935587,1.4543949633029591,1.425094095169157,1.4817705480222791,1.6165986290316594
2017-09-13,1.500838145701298,1.4563442703156633,1.427004130602151,1.4837565461818978,1.6187653355479847
2017-09-14,1.4967004184801684,1.4523292102321488,1.4230699596505605,1.4796659119797684,1.6143024896290545
2017-09-15,1.4930859073461653,1.4488218549619787,1.419633265072199,1.4760925389470498,1.6104039710943043
2017-09-18,1.4955771839445022,1.4512392751282712,1.422001982849317,1.4785554613958958,1.6130909978134746
2017-09-19,1.4939835349451807,1.4496928714766157,1.4204867337125093,1.4769799503110848,1.6113721290836776
2017-09-20,1.4971564325010587,1.4527717052529536,1.423503539975852,1.4801167359347596,1.6147943345969178
2017-09-21,1.4957883904383882,1.4514442201905389,1.4222027989999781,1.4787642640697864,1.6133187996933271
2017-09-22,1.495423579221676,1.4510902241738948,1.421855934739745,1.4784036049057936,1.6129253237190362
2017-09-25,1.4860128898747795,1.4419585242971773,1.41290820602676,1.4691000221293729,1.602775196776968
2017-09-26,1.4868001140792637,1.4427224104383567,1.4136567025883156,1.469878286641147,1.603624276510964
2017-09-27,1.4860632914244567,1.442007431641582,1.4129561280627132,1.4691498500401876,1.6028295585892054
2017-09-28,1.4805359214765093,1.4366439262051935,1.4077006781198405,1.4636853891541646,1.596867879847154
2017-09-29,1.4851464632350884,1.441117783757648,1.4120844034087068,1.46824345661489,1.6018406913380272
2017-10-09,1.5021701866570563,1.4576368215606463,1.4282706415523445,1.4850734266820036,1.6202020405856914
2017-10-10,1.5040902456923833,1.4594999584903514,1.4300962429219921,1.4869716328082818,1.6222729667661695
2017-10-11,1.5080143663458327,1.4633077445904363,1.4338273157212094,1.4908510915788629,1.6265054221475217
2017-10-12,1.511506473716334,1.4666963248813378,1.437147628212256,1.4943034539710314,1.6302719191382664
2017-10-13,1.5129897193211241,1.4681355981595352,1.4385579052703088,1.4957698182035812,1.6318717096126858
2017-10-16,1.5096584168948317,1.4649030555864968,1.4353904868939702,1.4924764305744886,1.6282786526895563
2017-10-17,1.5107696510615274,1.4659813460845637,1.4364470536866538,1.4935750173700721,1.6294772012165082
2017-10-18,1.5199139322172723,1.4748545357122844,1.4451414802096003,1.5026152240464719,1.6393399871510352
2017-10-19,1.5163954240350357,1.4714403372885998,1.4417960656997213,1.4991367613200672,1.6355450149253092
2017-10-20,1.5145305666969744,1.4696307655456238,1.440022950369451,1.4972931286199196,1.6335336278725199
2017-10-23,1.515404193558048,1.4704784928486394,1.4408535989926405,1.4981568124073759,1.634475899284637
2017-10-24,1.5254485023866025,1.4802250279121596,1.4504037761576094,1.5080868032054686,1.6453094318662633
2017-10-25,1.5312566809684667,1.485861017124518,1.4559262203007934,1.5138288767374601,1.6515739835622099
2017-10-26,1.533510350261182,1.4880478740957597,1.4580690199084174,1.5160568961781793,1.6540047331665464
2017-10-27,1.5458539297845402,1.5000255156326014,1.469805354713539,1.5282599888124897,1.667318199849295
2017-10-30,1.5394025314258415,1.493765375548792,1.463671334111523,1.5218820162281952,1.6603598878828885
2017-10-31,1.5357280184469846,1.4901997972495689,1.4601775894903601,1.5182493242540305,1.6563966529049985
2017-11-01,1.5311606780167004,1.4857678602780326,1.455834940232311,1.5137339664311464,1.651470437253186
2017-11-02,1.5296318310098214,1.484284337497755,1.4543813051417291,1.5122225198030974,1.6498214622819805
2017-11-03,1.5214283787813867,1.4763240849655896,1.4465814232899097,1.5041124341285739,1.6409734301758876
2017-11-06,1.5254413021652202,1.4802180411486734,1.450396930152473,1.5080796849324951,1.6453016658930868
2017-11-07,1.5420450126732104,1.4963295177482987,1.4661838179965003,1.5244944224094852,1.6632100000387713
2017-11-08,1.5407729735623061,1.495095189532369,1.4649743570891087,1.523236860850826,1.6618380114442046
2017-11-09,1.5506516772990637,1.5046810290357022,1.4743670761359458,1.5330031313705272,1.6724929266427648
2017-11-10,1.5615912136528394,1.5152962516926973,1.484768439939513,1.543818160774997,1.684292028556039
2017-11-13,1.5699698712682475,1.523426515469698,1.4927349079163124,1.552101457758543,1.6933290326761001
2017-11-14,1.5639384858235266,1.5175739365892618,1.4870002376139069,1.5461387177643717,1.6868237358116733
2017-11-15,1.5565342581685466,1.510389214804086,1.4799602623322032,1.5388187603899115,1.6788377267282044
2017-11-16,1.5661705544520943,1.519739833270044,1.4891224992061223,1.5483453823861701,1.6892311874964792
2017-11-17,1.5785453349347767,1.5317477507819934,1.5008885000335006,1.5605793208700325,1.7025783067296605
2017-11-20,1.5866479840638568,1.5396101886253495,1.5085925378134135,1.5685897507229265,1.7113176152112783
2017-11-21,1.6129503927740427,1.5651328356411482,1.5336009945758735,1.5945928018952795,1.7396867152261033
2017-11-22,1.6216890614585748,1.573612437592469,1.5419097628094822,1.603232012527503,1.7491120180050044
2017-11-23,1.5794813637144989,1.5326560300352252,1.5017784807012045,1.5615046963565935,1.7035878832426439
2017-11-24,1.5835638892383628,1.5366175249320106,1.5056601656134174,1.5655407571325923,1.7079911900338853
2017-11-27,1.5674713944485286,1.5210021085399195,1.4903593441340588,1.5496314170367238,1.6906342399837533
2017-11-28,1.5648529139391014,1.518461255552034,1.487869680266202,1.547042738432012,1.6878100144051262
2017-11-29,1.569425054516974,1.5228978503658943,1.4922168935276752,1.5515628417702119,1.6927414073723897
2017-11-30,1.5525549358178319,1.5065278635172723,1.476176703493609,1.5348847281932003,1.6745457322191637
2017-12-01,1.5443826845487212,1.4985978869602146,1.4684064876640464,1.5268054883682287,1.6657313526635036
2017-12-04,1.549065228521125,1.5031416121475332,1.4728586730042745,1.5314347385586895,1.6707818238861447
2017-12-05,1.5581687084223692,1.5119752101154977,1.4815143054981161,1.5404346083549059,1.6806006026393367
2017-12-06,1.5461971403371053,1.500358551358786,1.4701316809583633,1.5285992931575616,1.6676883779040557
2017-12-07,1.5288254062149842,1.4835018199872785,1.4536145525664768,1.51142527323006,1.6489516732861798
2017-12-08,1.5406313692084512,1.494957783183803,1.4648397189880973,1.5230968681490127,1.6616852806383946
2017-12-11,1.5615768132100747,1.5152822781657243,1.4847547479292402,1.5438039242290496,1.6842764966096853
2017-12-12,1.5393017283264874,1.4936675608599823,1.4635754900396163,1.5217823604065652,1.6602511642584135
2017-12-13,1.5529533480676623,1.506914464430186,1.4765555157778103,1.5352786059644028,1.6749754494016127
2017-12-14,1.5459787336218371,1.5001466195330322,1.4699240188025657,1.5283833722106976,1.6674528100510262
2017-12-15,1.5290102118971347,1.4836811469167628,1.4537902666983054,1.5116079755697145,1.6491509999310507
2017-12-18,1.5334479483425343,1.487987322145544,1.4580096878639035,1.515995204479075,1.653937428065681
2017-12-19,1.555744633890269,1.509622999741745,1.4792094837689358,1.5380381231204798,1.677986058336483
2017-12-20,1.551436501429754,1.505442586255719,1.4751132906957891,1.5337790231246433,1.6733394177190353
2017-12-21,1.5640056878897632,1.5176391463818013,1.4870641336618444,1.5462051549787916,1.68689621822799
2017-12-22,1.5605399813309981,1.5142761842236836,1.4837689231896307,1.5427788929208597,1.683158196472227
2017-12-25,1.559435947385685,1.513204880489103,1.4827192024020832,1.5416874243982497,1.681967413918452
2017-12-26,1.567024980722815,1.5205689292037625,1.4899348918156152,1.549190084112364,1.6901527496467916
2017-12-27,1.5445530897881063,1.4987632403627256,1.4685685097856023,1.526973954161936,1.6659151473620206
2017-12-28,1.5503564682223823,1.5043945717327594,1.474086389925362,1.5327112821786117,1.6721745217425157
2017-12-29,1.5564694561761045,1.5103263339327082,1.4798986482859775,1.5387546959331497,1.6787678329696127
2018-01-02,1.587711216754669,1.5406419007001733,1.5096034645718555,1.569640882365353,1.7124643905837174
2018-01-03,1.5906561073001018,1.5434994869661085,1.5124034806725524,1.572552256011532,1.7156406736130256
2018-01-04,1.596920299902856,1.5495779711992714,1.5183595051410275,1.5787451534985144,1.7223970702768354
2018-01-05,1.6073726212764174,1.559720422860354,1.5282976225970466,1.5890785130984413,1.7336706746718133
2018-01-08,1.6184201609509303,1.5704404469696451,1.5388016764776564,1.6000003165975143,1.7455862661827395
2018-01-09,1.6238083266188166,1.57566887497863,1.5439247703212298,1.6053271575393822,1.751397802776706
2018-01-10,1.6338814363329008,1.5854433570960957,1.5535023315067433,1.615285621429369,1.7622623992510396
2018-01-11,1.6315581649001552,1.5831889614111525,1.5512933538494698,1.6129887920165722,1.759756578572661
2018-01-12,1.6432177233921785,1.5945028604167872,1.5623793181666548,1.6245156487183965,1.7723322778036146
2018-01-15,1.651207569052933,1.6022558389655228,1.5699761018661007,1.6324145589613714,1.7809499193721292
2018-01-16,1.6685553024371127,1.6190892811254092,1.5864704102408667,1.6495648513122947,1.7996607374127493
2018-01-17,1.6666184428852264,1.6172098417475689,1.5846288348592346,1.6476500358824113,1.7975716906281918
2018-01-18,1.6828141408482098,1.632925401749632,1.600027782412212,1.6636614045575675,1.8150399529605248
2018-01-19,1.684933406008452,1.634981839135794,1.6020427899239604,1.665756549569447,1.8173257377322274
2018-01-22,1.7004090818331876,1.6499987227892177,1.61675713696332,1.681056090947249,1.8340174027468812
2018-01-23,1.7210857175698657,1.6700623786009805,1.6364165817127128,1.701497398169607,1.8563186890529053
2018-01-24,1.720893711666333,1.66987606490801,1.636234021575748,1.7013075775569793,1.8561115964348576
2018-01-25,1.711701429034705,1.6609562968570466,1.6274939550185603,1.6922199157274225,1.8461970373458185
2018-01-26,1.7225497625843025,1.6714830205098807,1.637808602757069,1.702944780340894,1.8578977702655197
2018-01-29,1.701390712014999,1.65095125154453,1.6176904756635528,1.6820265488293087,1.8350761637566508
2018-01-30,1.6802268612981068,1.6304148247368546,1.5975677845666123,1.6611035718024076,1.8122493799323305
2018-01-31,1.6892463386165555,1.6391669104641446,1.6061435470005319,1.6700203950805994,1.8219775556651265
2018-02-01,1.682166120923787,1.6322965930358568,1.5994116419499564,1.6630207599899487,1.8143410153746133
2018-02-02,1.6925200392717876,1.6423435589292916,1.6092561973357806,1.6732568365259033,1.8255084848028413
2018-02-05,1.7107750005501594,1.6600573332884636,1.6266131023577053,1.691304031271493,1.8451978154637374
2018-02-06,1.6606806603184778,1.611448090792456,1.5789831626236,1.641779833436896,1.791167351415063
2018-02-07,1.6173209271532056,1.569373801077389,1.5377565196935334,1.5989135935902197,1.7444006609444156
2018-02-08,1.589936085161854,1.5428008106174689,1.5117188801589347,1.5718404287141774,1.7148640762953462
2018-02-09,1.517489857685172,1.4725023253385312,1.4428366584804198,1.500218738812045,1.636725442848181
2018-02-12,1.5299198398651204,1.48456380803721,1.4546551453471759,1.5125072507220383,1.6501321012090513
2018-02-13,1.5525501356702434,1.5065232056749478,1.4761721394901848,1.5348799826778843,1.6745405549037118
2018-02-14,1.5661969552638302,1.5197654514028274,1.489147601224955,1.5483714827204063,1.68925966273146
2018-02-22,1.5966058902358218,1.549272882527033,1.5180605629167485,1.5784343222453365,1.7220579561147824
2018-02-23,1.6071950158156503,1.559548082694357,1.528128754470355,1.5889029290317604,1.7334791140001193
2018-02-26,1.6203930216097295,1.5723548201649182,1.5406774818849702,1.6019507233922652,1.747714142833181
2018-02-27,1.5899456854570315,1.5428101263021186,1.5117280081657836,1.5718499197448093,1.7148744309262491
2018-02-28,1.575936454720527,1.5292162134787572,1.4924143323158026,1.5580001332959523,1.6997644357819357
2018-03-01,1.5818190355900101,1.5349243992471415,1.506931045817324,1.5575604992660756,1.7061092358673755
2018-03-02,1.5717747267614557,1.5251778641836213,1.4941420884012597,1.544341861987783,1.6884946004726062
2018-03-05,1.561627013153554,1.5214166565067793,1.4975940381884927,1.5479097894314222,1.6923955672026727
2018-03-06,1.5790378183578773,1.5358618179619536,1.5142909305030032,1.565167659326508,1.7112643299104349
2018-03-07,1.5644316126690787,1.521654993171618,1.5002836378679156,1.5506897535386954,1.695435020124448
2018-03-08,1.5777933934072805,1.5346514196138454,1.5130975319697495,1.5639341653186452,1.709915698481568
2018-03-09,1.6022361282578133,1.558425811048334,1.5365380165930649,1.588162196876073,1.7364052352037944
2018-03-12,1.621467137121219,1.5771309819383568,1.5549804769114397,1.6072242818871378,1.7572466229866164
2018-03-13,1.6093423519309242,1.5653377275854432,1.543352856575497,1.5952059999717205,1.744106524527445
2018-03-14,1.5945652699802526,1.5509646988428298,1.5291816942910672,1.5805587188873058,1.72809202953033
2018-03-15,1.5995689726920563,1.5558315841410453,1.5339802251098524,1.5855184694204147,1.733514735604014
2018-03-16,1.5810028953694173,1.5377731634131462,1.5161754314704403,1.567115475237432,1.7133939598384076
2018-03-19,1.5833320131127737,1.5400385955452778,1.5184090460386501,1.569424134171552,1.715918114781392
2018-03-20,1.5856499867520948,1.5422931882892172,1.5206319734558156,1.571721746890676,1.7184301924279983
2018-03-21,1.5753936963383681,1.5323173380231652,1.5107962321115946,1.561555547022886,1.7073150539948574
2018-03-22,1.5601114150047672,1.5174529236825134,1.4961405856465002,1.5464075041919954,1.6907530548952767
2018-03-23,1.496630883718938,1.4557081554113918,1.4352630109158253,1.4834845815043223,1.6219567489612141
2018-03-26,1.5106650254005964,1.4693585582745374,1.4487216964639842,1.4973954482556844,1.6371660908664682
2018-03-27,1.5402526216140455,1.4981371339243406,1.4770960824859765,1.5267231490695012,1.6692313127498324
2018-03-28,1.5167237032943988,1.475251572321597,1.4545319442482743,1.5034009071417278,1.6437321143305947
2018-03-29,1.5334844357633355,1.4915540121623894,1.4706054194185476,1.5200144144953927,1.6618963680829786
2018-03-30,1.5488410111238375,1.5064906890909877,1.485332313557269,1.5352360987595883,1.6785388824917453
2018-04-02,1.544331363690928,1.5021043500026188,1.4810075797681044,1.5307660637579599,1.6736516032241493
2018-04-03,1.533952488132814,1.4920092664664542,1.4710542797623984,1.520478355525216,1.6624036145308512
2018-04-04,1.525434677948578,1.4837243607583563,1.4628857339810515,1.5120353651967686,1.6531725343326649
2018-04-09,1.5212036331165482,1.4796090063747878,1.4588281789679884,1.5078414855700348,1.6485871874745168
2018-04-10,1.5407875386077352,1.4986574245575577,1.4776090657360919,1.5272533673892996,1.6698110229759726
2018-04-11,1.5474591422234734,1.505146604955178,1.4840071068278053,1.5338663681001112,1.6770412977408844
2018-04-12,1.535932423949734,1.4939350644352358,1.4729530302645608,1.5224408997228012,1.664549347520661
2018-04-13,1.5271211523592383,1.4853647215047487,1.464503056172387,1.5137070257327985,1.6550002318511898
2018-04-16,1.5105944460750405,1.4692899088159885,1.4486540111740387,1.497325488894045,1.637089601322742
2018-04-17,1.4825373068157583,1.4419999424778889,1.4217473272287646,1.4695148016063162,1.6066829948086117
2018-04-18,1.4968389069942618,1.4559104906576432,1.4354625044019813,1.4836907775175774,1.622182191826936
2018-04-19,1.5136627893860648,1.4722743536981904,1.4515965400948379,1.5003668800895518,1.6404148835921282
2018-04-20,1.4837631582596302,1.443192275179011,1.4229229138436117,1.4707298852558528,1.6080114974101825
2018-04-23,1.4824295804767516,1.4418951617253661,1.4216440181020051,1.4694080215280234,1.6065662476102918
2018-04-24,1.5175446522916582,1.476050073918409,1.4553192310418535,1.5042146449797509,1.6446218084971014
2018-04-25,1.5175000758755175,1.476006716365641,1.4552764824376772,1.5041704601197678,1.6445734993115897
2018-04-26,1.480093033330705,1.4396225033344399,1.4194032787664328,1.4670919984505733,1.6040340411363887
2018-04-27,1.4832542441753558,1.4426972764515749,1.4224348672792657,1.4702254414377116,1.601030127672088
2018-05-02,1.4835217026722005,1.4429574217681833,1.417000593468706,1.4704905505976105,1.6043460194886319
2018-05-03,1.501850039108755,1.4607846022146525,1.4251510852461764,1.4827032606252402,1.613574109512257
2018-05-04,1.4951635766876366,1.4542809692994427,1.418674459103668,1.475965087529937,1.6062411913615218
2018-05-07,1.5138349732228107,1.4783552504739108,1.4377737548884055,1.4958356741848142,1.6278656559584426
2018-05-08,1.5330989956043304,1.481891954958237,1.456069874533975,1.5148706498699287,1.6485807543576625
2018-05-09,1.5309051668689366,1.4797714022979995,1.4539862726656987,1.5127029054701098,1.646221673931743
2018-05-10,1.5366115727862517,1.4852872085471986,1.4594059655699978,1.518341462970421,1.6523579188831852
2018-05-11,1.5313586398477612,1.4802097288255347,1.4544169613200353,1.513150986714765,1.6467093050812347
2018-05-14,1.542469953431605,1.4909499134164363,1.464969997374669,1.5241301882392113,1.6586575861658084
2018-05-15,1.5459825306135262,1.4943451670053978,1.4683060884106915,1.5276010013397037,1.662434750691331
2018-05-16,1.5319910508128245,1.4808210166315028,1.4550175973893262,1.5137758783965007,1.647389352846472
2018-05-17,1.5246889102511059,1.4737627748718964,1.448082346031119,1.5065605593271592,1.6395371734176292
2018-05-18,1.5419110786252703,1.4904097055879069,1.4644392027087842,1.5235779583809337,1.6580566137221107
2018-05-21,1.5480317382367548,1.4963259290433408,1.4702523355189367,1.5296258441533896,1.664638316318224
2018-05-22,1.5394672269502003,1.4880474810043796,1.4621181400689276,1.5211631637813587,1.6554286772029578
2018-05-23,1.517516683569807,1.4668301077390973,1.4412704811522619,1.4994736094792591,1.6318246937235057
2018-05-24,1.5078515811076196,1.4574878293711457,1.4320909926979446,1.489923423816146,1.6214315606292034
2018-05-25,1.5041772243764961,1.4539361998318203,1.428601250574429,1.486292754704047,1.6174804303962944
2018-05-28,1.507057390593354,1.4567201656148139,1.4313367055411605,1.4891386761228038,1.6205775471565798
2018-05-29,1.498828694431659,1.448766316139487,1.4235214525000386,1.4810078180778963,1.6117290186763429
2018-05-30,1.4640779570219622,1.4151762881348073,1.3905167332971835,1.4466702623726073,1.574360657560967
2018-05-31,1.4925462552709723,1.4426937167336893,1.4175546686023932,1.4748000762938338,1.6049733503728436
2018-06-01,1.483430222793956,1.4338821688639423,1.40889666262684,1.4657924322458709,1.5951706463460338
2018-06-04,1.500799463485577,1.450671259534829,1.4253932021113171,1.4829551549465605,1.6138482372935934
2018-06-05,1.5101532628758148,1.4597126326649592,1.4342770286245494,1.4921977388903696,1.62390661819338
2018-06-06,1.504959158864307,1.454692016925246,1.4293438974973118,1.4870653920934798,1.618321264648661
2018-06-07,1.50384876286751,1.4536187092659303,1.4282892923058825,1.4859681985592699,1.6171272272934192
2018-06-08,1.4814643561506196,1.4319819641337628,1.407029569109122,1.4638499394987703,1.5930566994168855
2018-06-11,1.4849377140478857,1.435339308401424,1.4103284113966614,1.467281999626752,1.5967916904375874
2018-06-12,1.5011450834315998,1.4510053354287882,1.425721456707325,1.4832966655168114,1.6142198913048278
2018-06-13,1.4920388557757474,1.4422032648893663,1.4170727629188928,1.4742987097119764,1.6044277306542234
2018-06-14,1.490254378323941,1.440478390770201,1.4153779448629094,1.4725354494627383,1.602508836184872
2018-06-15,1.4885556930573176,1.43883644329138,1.4137646084442326,1.470856961340867,1.6006821962573163
2018-06-19,1.440463045249019,1.392350138046842,1.3680883306167642,1.4233361287995838,1.5489669359706775
2018-06-20,1.4413038086638121,1.3931628191222178,1.3688868506623717,1.4241668956477824,1.5498710304802754
2018-06-21,1.4303787866820799,1.3826027038074928,1.358510746163033,1.413371770742762,1.5381230735436011
2018-06-22,1.4337271331095076,1.385839212113509,1.3616908580647822,1.4166803057708655,1.541723636517686
2018-06-25,1.4111368251481784,1.364003443044515,1.3402355789384852,1.3943585936046847,1.5174316977408429
2018-06-26,1.3937161091454477,1.3471645963894217,1.323690150471624,1.3771450076275746,1.4986987540682057
2018-06-27,1.3706551697682574,1.3248739154648237,1.3017878863635293,1.3543582597912651,1.4739007332335117
2018-06-28,1.3563082652003688,1.3110062118666441,1.288161828559035,1.3401819380346833,1.458473138001213
2018-06-29,1.387191000660958,1.3408574330580783,1.3174928899427394,1.370697481826102,1.491682137203627
2018-07-02,1.3404367109415138,1.295664783402914,1.2730877256572586,1.3244990944717472,1.4414060477690016
2018-07-03,1.3456406197741855,1.3006948764729525,1.2780301689716171,1.3296411295117647,1.4470019446899258
2018-07-04,1.3324261720507127,1.2879218045273202,1.260417750104456,1.3165837998364305,1.4327921094093312
2018-07-05,1.324650948867842,1.2804062815795283,1.2383776582993506,1.3036654189440335,1.424431212078586
2018-07-06,1.3321565394687092,1.2876611779433804,1.2477104418828286,1.3134902305745804,1.4267721578974326
2018-07-09,1.363517279570674,1.3232675079747216,1.2836349169183325,1.3513086581629952,1.4678522346902432
2018-07-10,1.3695908445777185,1.320671752494654,1.2893526589888038,1.3573278418601165,1.4743905427129578
2018-07-11,1.3435778701689618,1.2955879103851489,1.2648636680942424,1.3315477816659447,1.4463870819655762
2018-07-12,1.38043732587137,1.3311308188028141,1.2995636935850183,1.368077206244651,1.4860669857210178
2018-07-13,1.3884618639590713,1.3388687361678446,1.3071181099725817,1.3760298944563352,1.494705553299786
2018-07-16,1.3849702415012293,1.3355018275989794,1.3038310460161986,1.3725695351862246,1.4909467554435154
2018-07-17,1.379341839002668,1.3300744605711192,1.2985323863791909,1.36699152811445,1.484887673311567
2018-07-18,1.3677869686737782,1.3189323074912274,1.2876544640845085,1.3555401174478423,1.47244863605994
2018-07-19,1.36186050084345,1.3132175214391957,1.282075201426834,1.3496667138530094,1.4660686809402612
2018-07-20,1.382303137428665,1.3329299872398352,1.3013201956104916,1.369926311752626,1.4880755672805772
2018-07-23,1.3936799427541615,1.3439004354481443,1.3120304849317885,1.3812012517690948,1.5003229141758978
2018-07-24,1.4146993551112375,1.3641690757241287,1.331818464181412,1.4020324611224213,1.5229507105833804
2018-07-25,1.4101277296980317,1.359760739781967,1.3275146697994957,1.3975017689960347,1.5180292690442945
2018-07-26,1.3925418751237781,1.3428030173558534,1.3109590915801514,1.3800733741355997,1.4990977627681998
2018-07-27,1.3833986242973668,1.3339863454715302,1.302351502816319,1.3710119898828268,1.4832978601712679
2018-07-30,1.3634917465975789,1.320070785444114,1.2887659435819552,1.3567101945846314,1.4894279610222114
2018-07-31,1.3657829466810996,1.3152106118650968,1.2891777376252715,1.3571436985730156,1.491930783263129
2018-08-01,1.338191300126651,1.2886406313016223,1.259553769759628,1.331283075690737,1.4617906889271075
2018-08-02,1.31173339440028,1.2631624113080215,1.2346506375285027,1.2929829446085392,1.4328890511450805
2018-08-03,1.2981285044633493,1.2500612844695371,1.221845225921355,1.2795725284928694,1.4180275724971463
2018-08-06,1.2875239955881719,1.2398494403107394,1.211863880855881,1.2691196047736992,1.4064435991646995
2018-08-07,1.3253240532807917,1.2762498340389345,1.2474426543536348,1.3063793330922893,1.4477349843132574
2018-08-08,1.3087472443949464,1.2602868327359067,1.2318399657688448,1.29003947984396,1.42962709130935
2018-08-09,1.3346880884047463,1.2852671368210713,1.2562564209200608,1.3156095148957525,1.45796390999353
2018-08-10,1.333345625415851,1.2839743826734804,1.254992846483233,1.314286241617951,1.4564974530697625
2018-08-13,1.32451762675036,1.2754732679432086,1.2466836167060704,1.305584433950147,1.4468540737936797
2018-08-14,1.3183792977481323,1.2695622295439761,1.2409060007299026,1.2995338487152526,1.4401487901917176
2018-08-15,1.2895874987689824,1.2418365359086267,1.2138061242481788,1.2711536114021218,1.4086976937295008
2018-08-16,1.2823818405353011,1.2348976894415216,1.2070238996208227,1.2640509537732156,1.4008264991457449
2018-08-17,1.2675317331616742,1.2205974531905188,1.1930464445872884,1.249413119864532,1.3846047910190509
2018-08-20,1.2818244574922086,1.234360945228299,1.2064992706585353,1.2635015381896761,1.400217634521919
2018-08-21,1.2998053972781,1.2516760851450617,1.2234235777355555,1.2812254511207943,1.4198593481952086
2018-08-22,1.2953605639897794,1.247395835546854,1.2192399408192733,1.2768441540843989,1.4150039766843598
2018-08-23,1.2974027205859613,1.249362374983384,1.2211620920385473,1.2788571192649416,1.417234753029526
2018-08-24,1.3023622437481164,1.254138256472099,1.2258301735710693,1.2837457489891162,1.4226523527249286
2018-08-27,1.3278002570977647,1.2786343487563991,1.2497733464243923,1.3088201410463964,1.4504398977910191
2018-08-28,1.326460165951606,1.2773438786267366,1.2485120044512334,1.3074992057072483,1.4489760317805442
2018-08-29,1.3194798327778983,1.270622013862849,1.2419418638724615,1.3006186522504115,1.4413509739596115
2018-08-30,1.3074071532487876,1.258996362606244,1.2305786237956862,1.2887185445048117,1.4281632252988747
2018-08-31,1.3050851192096915,1.2567603090541386,1.2283930418634341,1.2864297025631728,1.4256267211851497
2018-09-03,1.301036383658377,1.2528614904500082,1.2245822263799262,1.2824388412818883,1.4212040321942112
2018-09-04,1.3170439502874471,1.2682763274501707,1.2396491236840828,1.2982175892534116,1.4386901060078285
2018-09-05,1.2893099931688048,1.2415693058109798,1.21354492599887,1.2708800725796792,1.4083945568742344
2018-09-06,1.2777401442998457,1.2304278663552393,1.202654968219988,1.2594756078285916,1.3957560818315875
2018-09-07,1.287637844039527,1.2399590731713124,1.2119710391120082,1.2692318258290607,1.4065679630027572
2018-09-10,1.2756244605788305,1.2283905223629226,1.2006636106269655,1.2573901665497949,1.3934449871743424
2018-09-11,1.2661963857009888,1.2193115510967134,1.191789567541468,1.248096860402691,1.383146106835162
2018-09-12,1.2609119200839243,1.2142227591517791,1.186815638486251,1.242887933083006,1.3773735520186354
2018-09-13,1.276729739294069,1.2294548747176528,1.2017039386968624,1.2584796459622603,1.3946523527688224
2018-09-14,1.2789568996237028,1.2315995675526141,1.2038002220823423,1.260674970357765,1.3970852203508328
2018-09-17,1.263556524735193,1.2167694391421748,1.1893048354775286,1.245494734681502,1.3802624203401916
2018-09-18,1.2892506971003905,1.2415122053627645,1.213489114407137,1.2708216241133452,1.408329784041913
2018-09-19,1.3043854256024054,1.2560865237652001,1.2277344650809883,1.2857400106604322,1.4248624017637521
2018-09-20,1.3044399779853462,1.2561390561775578,1.2277858117453821,1.2857937832494593,1.424921992769488
2018-09-21,1.343589614195071,1.29383905610713,1.264634857070972,1.324383798661811,1.4676876075816925
2018-09-25,1.332520224143527,1.2831795444343255,1.2542159491263138,1.3134726389665823,1.4555958152438422
2018-09-26,1.343568267610442,1.2938184999457725,1.2646147648979482,1.3243627572139307,1.4676642893620564
2018-09-27,1.338580282335448,1.289015210241914,1.2599198938013947,1.3194460722259158,1.4622155987071392
2018-09-28,1.3514143233829956,1.3013740312536015,1.2719997547160176,1.332096658279244,1.476235030534889
2018-10-08,1.3015676764313673,1.2533731104660162,1.225082298241851,1.282962539540241,1.4217843967718158
2018-10-09,1.301553445374948,1.2533594063584448,1.2250689034598352,1.282948511908321,1.4217688512920588
2018-10-10,1.3053080724269288,1.2569750067394283,1.228602893448349,1.2866494687965893,1.425870267034681
2018-10-11,1.2440315153277988,1.19796740355389,1.1709271945517894,1.226248823687047,1.3589340221132402
2018-10-12,1.2624014373224868,1.2156571224109443,1.188217625670576,1.2443561585573162,1.3790006455665615
2018-10-15,1.2410809429635135,1.1951260852507042,1.1681500097471709,1.223340428002268,1.3557109259769031
2018-10-16,1.2313753624854937,1.185779883886848,1.1590147684123644,1.213773583032721,1.3451089087824561
2018-10-17,1.2414604378013636,1.195491528119281,1.1685072039342599,1.2237144981868056,1.3561254721037632
2018-10-18,1.2105482114157256,1.165723922455758,1.1394115049321751,1.1932441437175716,1.322358099157716
2018-10-19,1.2451794872122959,1.1990728682313354,1.1720077069677342,1.2273803859952732,1.3601880241469921
2018-10-22,1.2897250656477037,1.2419690089484863,1.2139356071409986,1.2712892118440176,1.4088479667004883
2018-10-23,1.2592113088418084,1.2125851182969691,1.1852149620353574,1.241211631068548,1.375515867187644
2018-10-24,1.2666090863371513,1.2197089702162913,1.1921780162199274,1.248503661728376,1.3835969257481227
2018-10-25,1.2720453498893558,1.2249439393086565,1.1972948229499802,1.2538622171218758,1.3895352990153935
2018-10-26,1.2713670028666986,1.2242907101810754,1.1966563383405584,1.253193566667015,1.3887942978136312
2018-10-29,1.2350161410861191,1.1892858514072584,1.1624416001447515,1.2173623188656275,1.34908596068702
2018-10-30,1.2480731353509038,1.201859370104235,1.1747313126442895,1.2302326711523717,1.3633489383643003
2018-10-31,1.2639526224721993,1.2171508701362526,1.1896776569103031,1.2458851704366132,1.380695102860102
2018-11-01,1.267610003971981,1.2206728257821633,1.1931201158883753,1.2494902718400935,1.3846902911577161
2018-11-02,1.303908685212356,1.255627436161551,1.2272857398834576,1.2852700849911072,1.4243416281918841
2018-11-05,1.2954151163727206,1.2474483679592128,1.2192912874836674,1.276897926673427,1.415063567690097
2018-11-06,1.291854980425138,1.2390439768201815,1.2159403595160367,1.2733886807547343,1.4111746068374906
2018-11-07,1.2847631706428115,1.2315273046152728,1.204428231972228,1.2663982441811894,1.4034277760917926
2018-11-08,1.2837361627378794,1.220139402541861,1.193290914343337,1.2603243730773075,1.4023059106359774
2018-11-09,1.2610898082891668,1.2126884139826535,1.1860038806387818,1.2526279881682338,1.372057599033539
2018-11-12,1.2692959003017599,1.2423363695609442,1.2149994494620873,1.2832523913711713,1.4056018320599004
2018-11-13,1.2907833711722683,1.2633674518688345,1.235567754513568,1.3049761268473066,1.4293967788605164
2018-11-14,1.2797858797370791,1.2526035444295822,1.2250407008643422,1.293857712945603,1.4172182993541302
2018-11-15,1.29609337275768,1.2685646703349265,1.240650611081043,1.310344514337603,1.4352770058075357
2018-11-16,1.3077283999282425,1.2799525724083383,1.2517879287099338,1.3221074739727388,1.4481614841258863
2018-11-19,1.3167881182730206,1.2888198645779738,1.2604601010525451,1.331266808079405,1.4581940988222224
2018-11-20,1.2760655231760523,1.248962207321033,1.2214794893514271,1.2900964493564304,1.4130984247079958
2018-11-21,1.2797313536544488,1.2525501764674505,1.2249885072345024,1.293802587323665,1.4171579178767912
2018-11-22,1.2773070401344109,1.2501773547665016,1.2226678981539332,1.2913516173636403,1.414473264499716
2018-11-23,1.2371926205744765,1.2109149555487262,1.1842694461702592,1.2507961213469005,1.3700510760942715
2018-11-26,1.2323062447079642,1.2061323650961218,1.1795920939576934,1.2458560175347402,1.3646399667788864
2018-11-27,1.2344453448727035,1.2082260313028412,1.1816396902052544,1.2480186380877032,1.367008778582188
2018-11-28,1.2565116310819064,1.229823635054903,1.2027620507119576,1.2703275532428757,1.3914446979884036
2018-11-29,1.2312115287413037,1.205060900625624,1.1785442064662945,1.244749264663518,1.3634276925030793
2018-11-30,1.245782575745822,1.2193224621984549,1.1924919503173281,1.2594805270184068,1.379563481139687
2018-12-03,1.2879522091895257,1.2605964230658235,1.232857700656502,1.302113834938974,1.4262615867679118
2018-12-04,1.291328631998575,1.2639011314901554,1.236089690811966,1.30552738306669,1.4300005936339077
2018-12-05,1.2869413795038351,1.259607063152452,1.2318901110571643,1.3010918907168876,1.4251422070726263
2018-12-06,1.2546954930989025,1.2280460713931194,1.2010236013488325,1.2684914459890857,1.3894335303201106
2018-12-07,1.2540537630494806,1.2274179715311033,1.200409322474564,1.2678426598231967,1.38872288677912
2018-12-10,1.237310061367835,1.2110299019287025,1.184381863219145,1.2509148534556909,1.370181128507002
2018-12-11,1.245577054357445,1.219121306033495,1.1922952204817778,1.259272745828024,1.3793358894174088
2018-12-12,1.2479887849353373,1.2214818120508748,1.1946037848785378,1.2617109944906784,1.3820066086074059
2018-12-13,1.2669093356081587,1.2400004949107017,1.2127149744329453,1.2808395853032584,1.4029589812440602
2018-12-14,1.23887034619388,1.2125570466912508,1.1858754040114834,1.252492294329617,1.3719089677047045
2018-12-17,1.2323733537327404,1.2061980487418222,1.179656332271342,1.2459238644540493,1.364714282443304
2018-12-18,1.2209312650084096,1.194998987149801,1.1687036997941922,1.2343559647119262,1.3520434616601535
2018-12-19,1.2013564013440208,1.1758398887443893,1.149966186681707,1.214565866436087,1.3303665112954306
2018-12-20,1.205005454566223,1.1794114369793813,1.1534591449863698,1.2182550426734942,1.3344074255481215
2018-12-21,1.1898304263387196,1.1645587225952416,1.1389332563124956,1.2029131580448278,1.3176027959317582
2018-12-24,1.1963274187998594,1.1709177205446704,1.145152328052637,1.2094815879203957,1.3247974811931589
2018-12-25,1.1853131501084762,1.1601373921939928,1.134609214824999,1.198346212288865,1.3126004227706685
2018-12-26,1.1784722238953589,1.1534417655603466,1.128060921727407,1.1914300669518405,1.3050248697291293
2018-12-27,1.169035017286215,1.1442050028836428,1.11902740887052,1.181889093924063,1.2945742294204456
2018-12-28,1.1754355405242385,1.150469580592376,1.1251541380347907,1.1883599938531244,1.301662085914246
2019-01-02,1.1645638785105048,1.1398288299888133,1.1147475312236572,1.1773687929251249,1.2896229482786428
2019-01-03,1.157819421520503,1.1332276235958623,1.1082915807019351,1.1705501775346063,1.2821542240047032
2019-01-04,1.1905979858095963,1.1653099792929467,1.1396679820248559,1.2036891571844206,1.3184527813435312
2019-01-07,1.2063392464336484,1.1807168994376886,1.1547358814701434,1.2196035001947538,1.3358844493784157
2019-01-08,1.2042337007812973,1.1786560750538195,1.1527204043794068,1.2174748031014453,1.3335527954073227
2019-01-09,1.216137164050964,1.190306711710035,1.1641146752628933,1.2295091504138151,1.3467345363833423
2019-01-10,1.2157932302989864,1.1899700830258175,1.1637854539054424,1.2291614349523585,1.3463536686032036
2019-01-11,1.223619820313503,1.197630438205697,1.171277247234754,1.2370740819167285,1.3550207329658717
2019-01-14,1.2142119739026986,1.1884224121239875,1.1622718386400883,1.2275627919161485,1.3446026057603706
2019-01-15,1.239864398623376,1.2135299856931965,1.1868269340324085,1.2534972768218764,1.3730097684838858
2019-01-16,1.2390465073839168,1.2127294662612156,1.1860440295848116,1.2526703924928024,1.3721040463238
2019-01-17,1.2288711015022353,1.2027701834818008,1.1763038952777858,1.2423831033526296,1.3608359337065257
2019-01-18,1.2493057995465684,1.2227708535977566,1.1958644617838983,1.2630424902821107,1.3834650535215953
2019-01-21,1.2559244271151144,1.229248903155018,1.2021999654675282,1.2697338926989252,1.390794435924752
2019-01-22,1.235988852442554,1.2097367551539635,1.18311717141918,1.2495791172318023,1.368718038863786
2019-01-23,1.2354729518145875,1.209231812127637,1.1826233393830035,1.249057544039617,1.368146737193578
2019-01-24,1.2433372906555407,1.2169291143582235,1.1901512667637426,1.2570083548960982,1.376855604117481
2019-01-25,1.2491589985548701,1.2226271706227856,1.1957239404727908,1.2628940751461226,1.3833024880056823
2019-01-28,1.2466130499274257,1.2201352973140038,1.1932868994487331,1.2603201326448512,1.380483137486851
2019-01-29,1.2429346365068838,1.2165350124840175,1.1897658368818487,1.2566012733802463,1.3764097101309773
2019-01-30,1.229563163320239,1.2034475460780925,1.1769663528872907,1.2430827747079998,1.361602313995829
2019-01-31,1.2326459841458928,1.2064648885524825,1.1799173004205405,1.2461994925637405,1.3650161898299993
2019-02-01,1.2643801642369075,1.237525042513345,1.2102939929872991,1.278282604531814,1.400158209641333
2019-02-11,1.303878019631711,1.2761839732362426,1.2481022554643233,1.3182147569774059,1.4438976228799436
2019-02-12,1.3167252035622923,1.2887582861601288,1.2603998776334988,1.331203201592554,1.4581244278868317
2019-02-13,1.3454310889102838,1.3168544656087335,1.2878778162968474,1.360224721326825,1.4899129533413344
2019-02-14,1.3539539350568528,1.325196288612761,1.296036082130267,1.3688412800790224,1.4993510427223322
2019-02-15,1.3357799722846657,1.3074083363113576,1.278639543815204,1.350467486243751,1.4792254318523204
2019-02-18,1.3870764330979237,1.3576152729940631,1.3277417048106386,1.4023279751902933,1.5360304678412988
2019-02-19,1.3860530204700876,1.3566135973971227,1.3267620705274916,1.4012933096708364,1.534897153958935
2019-02-20,1.3912078324357045,1.3616589224325313,1.3316963759946534,1.4065048011602315,1.5406055259319893
2019-02-21,1.392646482154343,1.3630670155872466,1.3330734848435033,1.4079592694929106,1.5421986679879354
2019-02-22,1.4312425600287173,1.4008433223210368,1.3700185449808693,1.4469797289602926,1.5849394644859385
2019-02-25,1.5109722757768134,1.4788795986416863,1.446337676490453,1.5275861095314143,1.6732311185427238
2019-02-26,1.5032044061589758,1.471276716651795,1.4389020916855844,1.519732828621439,1.6646290803864205
2019-02-27,1.487588974956379,1.4559929533427425,1.4239546390783888,1.5039456985848099,1.6473367542223187
2019-02-28,1.4865781452706885,1.455003593429371,1.422987049479051,1.5029237543627234,1.646217374527033
2019-03-01,1.5138915183545754,1.48173683722968,1.4491320431341834,1.5305374505213403,1.6764638499448767
2019-03-04,1.5414481616532756,1.508708184245655,1.4755099006762933,1.5583970917624508,1.706979719646233
2019-03-05,1.5674906575804641,1.534197544005501,1.5004383812666982,1.5847259368866602,1.7358188421691738
2019-03-06,1.5864489570797222,1.5527531739160347,1.5185857048725333,1.6038926915913512,1.7568130173670629
2019-03-07,1.5814451404198515,1.5478556370834535,1.5137959356110815,1.5988338556704005,1.7512718556389473
2019-03-08,1.525132280004578,1.4927388478845982,1.4598919606703866,1.5419018095055377,1.6889117237347755
2019-03-11,1.5737066310003536,1.5402814916885563,1.5063884550684343,1.591010257787623,1.7427023305858267
2019-03-12,1.5908823470289954,1.5570923997601571,1.5228294484679685,1.6083748286981783,1.761722495947631
2019-03-13,1.5553271468397896,1.5222923832221937,1.4887951869178215,1.5724286827619691,1.722349127993537
2019-03-14,1.5320528981846164,1.499512473847514,1.466516536765437,1.5488985230592411,1.6965755266278102
2019-03-15,1.5540394924268974,1.5210320782703057,1.4875626142746818,1.5711268699977345,1.72092319618253
2019-03-18,1.6027522557862741,1.5687101945935225,1.5341916001946307,1.620375252550894,1.774867079091442
2019-03-19,1.5956177275897612,1.5617272020099344,1.5273622644748241,1.613162276941894,1.7669663950180772
2019-03-20,1.5882525121205806,1.5545184218942494,1.5203121095518495,1.6057160775477708,1.758810250848278
2019-03-21,1.5952905710939778,1.5614069942371422,1.5270491026957855,1.6128315232102646,1.766604106154043
2019-03-22,1.5929878926813466,1.5591532241440265,1.524844925558705,1.6105035257914868,1.7640541499187241
2019-03-25,1.558686792392645,1.5255806707351007,1.4920111174948736,1.575825269159858,1.7260695559434287
2019-03-26,1.5304674474742805,1.4979606977178281,1.46499890660548,1.5472956395905746,1.6948198190559514
2019-03-27,1.5454285656853102,1.512604045481296,1.4793200356545981,1.5624212621639448,1.7113875674919845
2019-03-28,1.5370441319023418,1.5043976949965268,1.4712942613430795,1.5539446376828217,1.7021027541688474
2019-03-29,1.6002943877538485,1.5663045310697234,1.5318388719572371,1.6178903591312155,1.7721452678821583
2019-04-01,1.6541829346490846,1.6190484985676303,1.5834222378173632,1.6723714353360541,1.8318207464092553
2019-04-02,1.6513266067820505,1.6162528383974815,1.580688094592679,1.6694837008329801,1.828657685942494
2019-04-03,1.6673111376209162,1.6318978617578896,1.595988857924944,1.6856439889258072,1.8463587482608912
2019-04-04,1.6826329668401172,1.6468942591170002,1.610655267909925,1.701134288690461,1.8633259433931673
2019-04-08,1.6760940312384927,1.6404942088890087,1.6043960472237533,1.6945234544903254,1.8560848108415062
2019-04-09,1.686680479896928,1.650855803998342,1.6145296412018788,1.7052263060112633,1.8678081069033363
2019-04-10,1.6946119277626575,1.6586187898746296,1.6221218068962668,1.7132449637870533,1.8765912894916568
2019-04-11,1.6519515595752785,1.6168645173480722,1.5812863138885347,1.6701155252690416,1.8293497505673804
2019-04-12,1.6473755629483555,1.6123857137568347,1.576906063876595,1.6654892134586834,1.824282351199925
2019-04-15,1.6327206296628671,1.5980420476268777,1.5628780221335004,1.650673142454659,1.8080536679827959
2019-04-16,1.6710189112397977,1.6355268831828702,1.5995380247540494,1.6893925312176092,1.8504646887199476
2019-04-17,1.6805274211877663,1.6448334347331313,1.6086397908191883,1.6990055915971523,1.8609942894220748
2019-04-18,1.6732922294540893,1.6377519166809917,1.6017140976289082,1.6916908456091895,1.8529821318520838
2019-04-19,1.694855197977471,1.6588568930902958,1.622354670783244,1.7134909088695471,1.8768606837751696
2019-04-22,1.6628441931592548,1.6275257940909165,1.5917129951726834,1.6811279283593255,1.8414121118481144
2019-04-23,1.6520857776248308,1.616995884639474,1.5814147905158322,1.670251219107659,1.829498381896215
2019-04-24,1.6659186253568117,1.6305349261095938,1.594655912916727,1.6842361653501527,1.8448166982242322
2019-04-25,1.6169835633528642,1.5826392327099925,1.547814137582816,1.6347630398767834,1.7906266446769379
2019-04-26,1.593130499358997,1.5592928018911418,1.524981431975209,1.6106477004950184,1.7642120707056117
2019-04-29,1.5726664411163245,1.5392633951801917,1.5053927612068752,1.5899586305383397,1.7415504377873594
2019-04-30,1.5807446899737516,1.54717006403145,1.5131254482123704,1.5981257034501173,1.7504961858915926
2019-05-06,1.4664244662676063,1.4352779735797887,1.4036954809113436,1.4825484764078478,1.6238994515567116
2019-05-07,1.4875218659316034,1.455927269697042,1.4238904007647397,1.5038778516655016,1.647262438557902
2019-05-08,1.4706942779689876,1.439457095537515,1.4077826436172596,1.48686523664886,1.6286277857052625
2019-05-09,1.4484769964540383,1.417711703582626,1.3865157469048461,1.4644036659252428,1.6040246560541078
2019-05-10,1.5063878905217938,1.4743925845947368,1.4419493966893073,1.5229513168561428,1.6681544297172168
2019-05-13,1.4782524318843995,1.4468547161345906,1.415017483691975,1.4945064959359953,1.6369975874102614
2019-05-14,1.467250746135162,1.4360867034674822,1.4044864151481464,1.483383841601835,1.6248144631748493
2019-05-15,1.5023571547211774,1.4704474606248201,1.4380910829757658,1.5188762612651676,1.6636908451231525
2019-05-16,1.5083801896948354,1.4763425678264854,1.4438564716257614,1.5249655222731182,1.6703606760046057
2019-05-17,1.46185685826878,1.4308073804442638,1.3993232606886101,1.477930645462403,1.6188413416473082
2019-05-20,1.4454570903391124,1.414755939526081,1.3836250227906424,1.461350554556354,1.6006804511553292
2019-05-21,1.4717093019687264,1.4404505606787426,1.4087542481112003,1.487891421303403,1.629751810129574
2019-05-22,1.4632577591609819,1.4321785265482723,1.4006642354860326,1.479346949902971,1.6203926811420195
2019-05-23,1.4288056635665338,1.398458184936519,1.3676858912164906,1.4445160377028976,1.582240876921785
2019-05-24,1.4272747389388283,1.3969597767689648,1.3662204546863734,1.4429682798561692,1.5805455508272652
2019-05-27,1.4560645105677898,1.4251380607746957,1.393778691241783,1.472074608239576,1.6124269708622894
2019-05-28,1.4684209597546958,1.4372320620393932,1.4056065707424006,1.4845669222572795,1.626110342573126
2019-05-29,1.4665964331435948,1.4354462879218972,1.4038600915900692,1.482722334138576,1.6240898854467807
2019-05-30,1.4577086816748055,1.4267473100943704,1.3953525299261833,1.473736857762638,1.6142477046405137
2019-05-31,1.4511445801888898,1.420322628499241,1.389069219872393,1.4671005809677615,1.6069787037146959
2019-06-03,1.4439261657114069,1.4132575313585267,1.3821595862605254,1.4598027967096259,1.5989851250608094
2019-06-04,1.4288266351367764,1.3984787110758006,1.3677059656895063,1.4445372398651817,1.5822641005669154
2019-06-05,1.4297829387398364,1.39941470302704,1.3686213616590044,1.44550405846533,1.583323098784862
2019-06-06,1.4058208225807078,1.375961536283925,1.3456842687917177,1.4212784678396884,1.5567877618588577
2019-06-10,1.4226190503449843,1.392402973848458,1.3617639216769766,1.4382613998291327,1.5753899016083148
2019-06-11,1.476671175488112,1.4453070452327608,1.413503868426622,1.492907852899786,1.6352465245674288
2019-06-12,1.4643105319871579,1.433208938740207,1.4016719740314014,1.4804112984496256,1.621558508127566
2019-06-13,1.4645705794581654,1.4334634628672984,1.4019208974967912,1.4806742052619466,1.6218464813271831
2019-06-14,1.445750692322508,1.4150433054760228,1.383906065412857,1.4616473848283296,1.6010055821871547
2019-06-17,1.4420345300755297,1.4114060735953298,1.380348868794545,1.4578903616716137,1.5968903522700464
2019-06-18,1.4452222087523963,1.4145260467661276,1.3834001886928715,1.4611130903387741,1.6004203463298685
2019-06-19,1.4649816222349195,1.4338657751972173,1.4023143571678913,1.4810897676427122,1.6223016647717392
2019-06-20,1.5039467997455624,1.472003341982363,1.4396127280303266,1.5204833851662916,1.6654511974240374
2019-06-21,1.5142144805363111,1.482052939774617,1.4494411900186197,1.5308639638205137,1.6768214940798853
2019-06-24,1.5168652870149686,1.4846474437798067,1.4519786034077544,1.5335439171332053,1.6797569628243691
2019-06-25,1.503124714192055,1.4711987173225258,1.438825808688127,1.5196522604047609,1.6645408305349256
2019-06-26,1.5036448091340702,1.4717077655767086,1.4393236556189066,1.5201780740294029,1.6651167769341597
2019-06-27,1.5216216391459771,1.4893027721688652,1.4565314938876255,1.538352567539205,1.6850240855399456
2019-06-28,1.5129436033796133,1.480809055734154,1.4482246769538927,1.5295791127861063,1.6754141411849828
2019-07-01,1.5677087619109875,1.53441101585403,1.5006471557860583,1.584946439374414,1.7360603680785307
2019-07-02,1.5668363445888978,1.533557128459917,1.4998120577086218,1.5840644294234016,1.7350942644411058
2019-07-03,1.540949038281504,1.5082196621307546,1.4750321282185304,1.5578924803000935,1.7064269968921302
2019-07-04,1.5324639409613716,1.4999147861774338,1.4669099964365382,1.5493140854400071,1.697030710072367
2019-07-05,1.5442457691236318,1.5114463712258166,1.4781878353765363,1.5612254602111304,1.7100777539066303
2019-07-08,1.5046346672495183,1.4726765993507986,1.4402711707452294,1.5211788160892052,1.6662129329843154
2019-07-09,1.5065514687696866,1.4745526884811335,1.442105977578828,1.5231166937219582,1.6683355741492345
2019-07-10,1.5017993109527266,1.4699014653199312,1.4375571019935602,1.518312283748415,1.663073096162684
2019-07-11,1.5004864906555435,1.4686165290009052,1.436300439982802,1.5169850283894397,1.6616192959775204
2019-07-12,1.5083676067526908,1.476330252142917,1.4438444269419533,1.524952800975748,1.6703467418175277
2019-07-15,1.5190211644359022,1.4867575308979515,1.454042259233728,1.535723499415995,1.6821443535437752
2019-07-16,1.512964574949856,1.4808295818734358,1.4482447514269081,1.52960031494839,1.6754373648301133
2019-07-17,1.5138579638421883,1.4817039954068305,1.44909992397736,1.5305035270616865,1.6764266921126687
2019-07-18,1.4926808722112694,1.4609766999603073,1.4288287211265058,1.5090935835873536,1.6529754552599827
2019-07-19,1.5043158993818317,1.4723646020337189,1.4399660387553967,1.5208565432224892,1.665859933578333
2019-07-22,1.4892583119476865,1.457626834029556,1.4255525671304083,1.505633390702613,1.6491853563747
2019-07-23,1.4985025801105991,1.4666747562248692,1.4344013948355545,1.5149793038373782,1.659422339148184
2019-07-24,1.5119872997765536,1.4798730637829147,1.4473092809843953,1.5286122941859581,1.6743551429670365
2019-07-25,1.5229638196415,1.4906164450828852,1.4578162601606055,1.5397095059253776,1.6865103988282921
2019-07-26,1.526344436764598,1.4939252587350733,1.4610522652106726,1.5431272944855505,1.6902540504233141
2019-07-29,1.5264283230455684,1.4940073632921997,1.461132563102734,1.5432121031346866,1.690346945003836
2019-07-30,1.5323716660523046,1.4998244711645947,1.466821668755271,1.5492207959259578,1.6969285260337934
2019-07-31,1.522078819377265,1.4897502420052031,1.4569691173993597,1.5388147746769951,1.685530361003789
2019-08-01,1.5118740532972441,1.4797622226307943,1.4472008788301127,1.528497802509625,1.6742297352833326
2019-08-02,1.4923704929716801,1.4606729130989398,1.4285316189258797,1.5087797915855512,1.6526317453120531
2019-08-05,1.4656988499372152,1.4345677691606467,1.4030009041450155,1.4818148815928234,1.6230959134352
2019-08-06,1.4438632510006804,1.4131959529406823,1.3820993628414806,1.4597391902227745,1.5989154541254191
2019-08-07,1.4403777760263698,1.4097845085920864,1.378762985426337,1.4562153908511821,1.5950556843047454
2019-08-08,1.4585307672283143,1.4275519347542083,1.3961394492683845,1.4745679825241695,1.6151580715296268
2019-08-09,1.4405539372164071,1.4099569281620516,1.3789316109996657,1.4563934890143673,1.5952507629238408
2019-08-12,1.4719232119852015,1.440659927299415,1.4089590077359577,1.4881076833587,1.6299886913099053
2019-08-13,1.4591892745339299,1.4281964555276492,1.3967697877210647,1.4752337304198853,1.6158872939867213
2019-08-14,1.4694317894403874,1.4382214219527651,1.4065741603417394,1.4855888664793666,1.6272297222684127
2019-08-15,1.4755303220669187,1.444190423255844,1.41241181709459,1.4917544552715394,1.6339831582723354
2019-08-16,1.4846235949240851,1.4530905572483304,1.4211161085940263,1.5009477128378603,1.6440529308008807
2019-08-19,1.5248890097897658,1.4925007446689331,1.4596590967834104,1.5416558644230447,1.6886423294512642
2019-08-20,1.5253336070789076,1.492935898821702,1.4600846756113348,1.5421053502634643,1.6891346707280288
2019-08-21,1.5254594365003629,1.4930590556573915,1.4602051224494266,1.542232563237168,1.6892740125988113
2019-08-22,1.532572993126633,1.500021522101698,1.4670143836962177,1.549424336683884,1.6971514730270456
2019-08-23,1.5400472607610751,1.5073370381416473,1.4741689258788722,1.556980787321884,1.705428380151523
2019-08-26,1.519776140964634,1.4874964719120876,1.4547649402622789,1.5364867772582176,1.6829804047684704
2019-08-27,1.54599479808186,1.5131582512418988,1.4798620464260124,1.5629937205456121,1.7120146059105068
2019-08-28,1.5418550101159822,1.5091063913477183,1.4758993454527913,1.5588084137107605,1.7074302583617642
2019-08-29,1.540236004893258,1.5075217733951816,1.4743495961360098,1.5571716067824395,1.7056373929576967
2019-08-30,1.538675720067213,1.5059946286326333,1.4728560553436714,1.5555941659085137,1.7039095537599944
2019-09-02,1.5661358941427976,1.5328715554079133,1.499141570309911,1.5833562772031182,1.734318594693751
2019-09-03,1.5738744035622958,1.5404457008028105,1.5065490508525583,1.5911798750858959,1.7428881197468715
2019-09-04,1.5863189333442202,1.5526259118524905,1.5184612431398399,1.6037612381851918,1.7566690307672557
2019-09-05,1.6042789860999331,1.5702044975332217,1.5356530218301463,1.6219187699651667,1.7765577604569371
2019-09-06,1.609077281371427,1.5749008782008436,1.540246061256048,1.6267698246957347,1.7818713304627747
2019-09-09,1.6332616961751263,1.598571622020343,1.5633959435372968,1.651220158241586,1.8086528380271611
2019-09-10,1.6265130448710765,1.5919663103995358,1.556935978120972,1.644397302418611,1.801179469024196
2019-09-11,1.609572210429151,1.5753852950878886,1.540719818819209,1.627270195725636,1.7824194084878524
2019-09-12,1.6244326651030163,1.5899301173828047,1.5549445903978536,1.642294047920043,1.7988756834272595
2019-09-16,1.6231617879463183,1.588686233342342,1.5537280773331261,1.6410091968856355,1.7974683305323567
2019-09-17,1.593147276615192,1.5593092228025676,1.5249974915536226,1.610664662224846,1.7642306496217164
2019-09-18,1.6024041277202499,1.5683694606814498,1.5338583639425778,1.6200232966569814,1.7744815665822784
2019-09-19,1.6145802214030696,1.5802869371483257,1.5455136029752634,1.6323332720790427,1.7879652149449932
2019-09-20,1.618212497369078,1.5838420644718927,1.5489905017015142,1.636005486586623,1.7919875502815799
2019-09-23,1.6004118285472082,1.5664194774497011,1.5319512890061238,1.618009091240006,1.7722753202948893
2019-09-24,1.6079867597188144,1.573833518958202,1.5392021886592517,1.625667312256969,1.7806637009159927
2019-09-25,1.587258459691086,1.5535454828923043,1.519360579530925,1.6047110950555126,1.7577094500690973
2019-09-26,1.5629817699783193,1.5297844240599658,1.4961223695684087,1.5801674719956118,1.7308257584661368
2019-09-27,1.5756737642891059,1.5422068435531684,1.508271440637271,1.5929990206098585,1.7448807084990599
2019-09-30,1.5591733328222737,1.5260568771664338,1.4924768452688295,1.5763171593248464,1.7266083445104548
2019-10-08,1.562797220160185,1.5296037940342881,1.495945714205874,1.579980892967513,1.7306213903889893
2019-10-09,1.5616689496811362,1.5284994877409401,1.4948657075576508,1.5788402166366367,1.7293719582809735
2019-10-10,1.582258837345264,1.5486520512875794,1.5145748251640765,1.5996564995670188,1.752172933070008
2019-10-11,1.591763152979184,1.5579544976099842,1.5236725763346124,1.6092653195141051,1.762697889043109
2019-10-14,1.6072695320165193,1.5731315249947724,1.5385156416821282,1.6249421983068577,1.7798694522525327
2019-10-15,1.5969347422009947,1.5630162435568178,1.5286229413801862,1.614493772733327,1.7684248399322675
2019-10-16,1.5881686258396122,1.554436317337124,1.520231811659789,1.6056312688986358,1.758717356267757
2019-10-17,1.5877659716909553,1.554042215462918,1.519846381777895,1.605224187382784,1.7582714622812532
2019-10-18,1.5701624356293655,1.5368125741499734,1.5029958691288487,1.5874270923616363,1.7387775345587886
2019-10-21,1.5695668430344774,1.536229631794377,1.5024257540952142,1.586824950952772,1.738117983037085
2019-10-22,1.5822965861717002,1.5486889983382863,1.5146109592155037,1.5996946634591296,1.7522147356312425
2019-10-23,1.5719114645875933,1.5385244541660559,1.504670080178325,1.5891953526961173,1.7407143865626644
2019-10-24,1.5678429799605402,1.5345423831454326,1.500775632413356,1.5850821332130312,1.7362089994073655
2019-10-25,1.5832486954607115,1.5496208850616693,1.5155223402903986,1.6006572416268208,1.7532690891201632
2019-10-28,1.6011374448775997,1.5671296818688432,1.532645865772453,1.6187426860550302,1.7730788584164012
2019-10-29,1.5936463999869637,1.5597977449174685,1.5254752640113864,1.6111692736872032,1.7647833723758195
2019-10-30,1.584720899691738,1.551061820039235,1.5169315682960731,1.6021456334191542,1.754899389008318
2019-10-31,1.5819694296759164,1.5483687905654937,1.514297797436465,1.5993639097274999,1.7518524467672083
2019-11-01,1.6087585135037397,1.5745888808837636,1.539940929266215,1.626447551829018,1.781518331056792
2019-11-04,1.621098185434451,1.5866664612370356,1.5517527491884198,1.638922904116894,1.7951831238515237
2019-11-05,1.6327919330016925,1.5981118365004356,1.5629462753417536,1.6507452298064247,1.8081326283762393
2019-11-06,1.622431977301877,1.5879719236953431,1.5530294856721933,1.6402713616381535,1.7966601476818178
2019-11-07,1.6300782118123076,1.5954557540774013,1.5603486385335732,1.6480016700068816,1.8051274886963644
2019-11-08,1.62478498748309,1.5902749565227345,1.5552818415445104,1.6426502442464126,1.7992658406654494
2019-11-11,1.5928285087475043,1.5589972254854874,1.5246923595637896,1.6103423893581292,1.7638776502157334
2019-11-12,1.5907942664339774,1.5570061899751755,1.5227451356813049,1.608285779616586,1.7616249566380835
2019-11-13,1.5941371347306388,1.560278056576657,1.5259450066799447,1.6116654042846479,1.7653268056718707
2019-11-14,1.6000217573406958,1.5660376912590637,1.531577903808039,1.617614731021524,1.771843360495463
2019-11-15,1.5852368003197037,1.551566763065561,1.5174254003322494,1.6026672066113392,1.7554706906785253
2019-11-18,1.5949004998874672,1.5610252080465057,1.5266757174977017,1.6124371629917835,1.7661721463546176
2019-11-19,1.6224235886737792,1.58796371323963,1.553021455882987,1.6402628807732396,1.796650858223765
2019-11-20,1.6089514519499704,1.5747777213651535,1.5401256144179554,1.62664261172203,1.781731988591991
2019-11-21,1.6024209049764426,1.5683858815928744,1.5338744235209896,1.6200402583868079,1.7745001454983818
2019-11-22,1.5835297145019607,1.5498959353280417,1.5157913382288035,1.6009413506014256,1.7535802859649101
2019-11-25,1.5865328433606927,1.5528352784731616,1.518666002764595,1.6039775002404872,1.7569059119475845
2019-11-26,1.5955296469947433,1.5616409922249526,1.5272779516881607,1.613073227860302,1.7668688557085297
2019-11-27,1.5904964701365332,1.556714718797377,1.5224600781644877,1.607984708912154,1.7612951808772317
2019-11-28,1.5860840517575023,1.552396019092536,1.5182364090420677,1.6035237739676107,1.7564089259417939
2019-11-29,1.5718779100752043,1.5384916123432046,1.5046379610215004,1.5891614292364626,1.7406772287304553
2019-12-02,1.5778464189662318,1.5443333515827378,1.510351156041656,1.595195564622475,1.7472866781345695
2019-12-03,1.584448269278584,1.550794980228574,1.5166706001468737,1.6018700053094623,1.7545974816216219
2019-12-04,1.5880092419057674,1.5542803186785836,1.5200792456648722,1.605470132465277,1.758540856564765
2019-12-05,1.6063090340994097,1.5721914278156763,1.5375962308180269,1.623971139274252,1.7788058093055594
2019-12-06,1.6234470013016151,1.5889653888365705,1.5540010901661336,1.6412975462926962,1.797784172106129
2019-12-09,1.6232372855991897,1.5887601274437548,1.5538003454359806,1.6410855246698568,1.7975519356548249
2019-12-10,1.6276664812344144,1.5930952480600211,1.5580400741368128,1.645563421344227,1.802456769506367
2019-12-11,1.6195756494348417,1.5851762635251938,1.5502953424475083,1.637383627135079,1.7934970872150555
2019-12-12,1.613326121502564,1.5790594740192876,1.5443131494889475,1.6310653827744617,1.7865764409661937
2019-12-13,1.6436719836435223,1.6087607975597105,1.5733609119420928,1.6617449115993375,1.8201810554698943
2019-12-16,1.6575467745159882,1.6223408913083932,1.5866421832890183,1.675772262166399,1.8355458190881724
2019-12-17,1.6808839378818892,1.6451823791009177,1.6089810568604492,1.699366028355979,1.8613890913892908
2019-12-18,1.6741898126604697,1.6386304354422425,1.6025732850739642,1.6925982981549421,1.8539761038636646
2019-12-19,1.6707714467109354,1.6352846747393477,1.5993011459724695,1.6891423457026582,1.850190649707408
2019-12-20,1.6613090742175005,1.6260232806955062,1.5902435437479643,1.6795759300801398,1.839712141024568
2019-12-23,1.6419229546852945,1.6070489175436282,1.5716867008926168,1.6599766512648562,1.8182442034660184
2019-12-24,1.6612839083332096,1.6259986493283682,1.5902194543803458,1.6795504874853993,1.8396842726504115
2019-12-25,1.6658892651584718,1.6305061895145996,1.5946278086545065,1.6842064823229546,1.844784185121049
2019-12-26,1.6767777044283996,1.6411633610295875,1.6050504750440524,1.6952146449807814,1.8568419016727569
2019-12-27,1.6754900500155077,1.6399030560776995,1.603817902400913,1.693912832216547,1.8554159698617498
2019-12-30,1.6986971896459047,1.6626172818066782,1.6260323142396487,1.7173751449999666,1.8811152555630597
2019-12-31,1.7084363868665413,1.6721496208890365,1.635354899507956,1.727221429164633,1.8919003163616213
2020-01-02,1.731622554926696,1.6948433204787337,1.6575492368736766,1.7506625397857685,1.9175763784178006
2020-01-03,1.724504803986377,1.687876748806571,1.6507359607322822,1.7434665259065958,1.90969427326054
2020-01-06,1.7255869370108923,1.6889358975934998,1.651771803539872,1.7445605574804477,1.9108926133492692
2020-01-07,1.74856758368267,1.7114284410182377,1.6737694110700427,1.7677938869112004,1.9363410836831705
2020-01-08,1.7335771052733011,1.6967563566597759,1.6594201777587034,1.7526385813106329,1.919740822143955
2020-01-09,1.765734911083215,1.7282311386341258,1.690202374680371,1.785149976956842,1.9553519595869226
2020-01-10,1.7655251953807896,1.7280258772413102,1.6900016299502179,1.7849379553340026,1.9551197231356185
2020-01-13,1.7875537327635558,1.749586533942665,1.7110878564054934,1.807208706597064,1.9795138399805994
2020-01-14,1.7801759343522294,1.7423654381434106,1.7040256567987093,1.79974978590557,1.9713437616237217
2020-01-15,1.777978113790811,1.7402142987467029,1.7019218520267057,1.7975277992982122,1.968909923614055
2020-01-16,1.7750672598411459,1.7373652706144216,1.6991355151721812,1.7945849391731996,1.9656864816699542
2020-01-17,1.7735363352134406,1.7358668624468676,1.6976700786420642,1.7930371813264714,1.9639911555754346
2020-01-20,1.7912782836386307,1.7532319762790705,1.7146530828130113,1.810974210618693,1.9836383593557596
2020-01-21,1.7615405970347064,1.724125910777813,1.68618748007731,1.7809095445000518,1.950707230560841
2020-01-22,1.7773363837413891,1.739586198884687,1.7013075731524372,1.796879013132323,1.9681992800730643
2020-01-23,1.7166488537735212,1.6801876570316976,1.6432160631407497,1.735524195915028,1.9009946957946895
2020-02-03,1.5802078177755425,1.5466445948658425,1.5126115417031798,1.597582928095648,1.749901660576254
2020-02-04,1.6355392087034657,1.6008007607463208,1.5655760313067588,1.6535227130656223,1.8111749258883232
2020-02-05,1.6697815885954883,1.6343158409652585,1.5983536308461477,1.6881416036428563,1.8490944936572535
2020-02-06,1.7119302504689493,1.6755692756933458,1.6386993067123063,1.7307537094011394,1.895769375640348
2020-02-07,1.7134192319561696,1.6770266315823366,1.6401245942963927,1.7322590629232997,1.8974182544446068
2020-02-10,1.7296008955553153,1.6928646006519916,1.6556140576750018,1.748618651341596,1.91533761902723
2020-02-11,1.7431527242460456,1.7061285918557378,1.668586182137491,1.7623194886094842,1.9303447385104993
2020-02-12,1.7656174702898568,1.7281161922541493,1.6900899576314852,1.7850312448480519,1.9552219071741928
2020-02-13,1.7513232480125402,1.7141255757198353,1.6764071968242538,1.7705798510353115,1.9393926706533067
2020-02-14,1.7583235581595005,1.720977201012021,1.683108055916762,1.7776571328056936,1.9471447233978365
2020-02-17,1.8000779545124017,1.7618447443216148,1.7230763316902327,1.8198706379130385,1.993383000852479
2020-02-18,1.7979891861162443,1.7598003408491707,1.721076914177908,1.8177589025495569,1.9910699257974902
2020-02-19,1.78973477606878,1.7517212524279475,1.7131756015990847,1.8094137314745944,1.981929099074162
2020-02-20,1.8292116598933412,1.7903596570115634,1.7509637896030934,1.849324681757902,2.025645288667642
2020-02-21,1.8418575167495939,1.8027369189983462,1.7630686968313216,1.8621095856151237,2.039649146681278
2020-02-24,1.8447348161868709,1.805553105307777,1.7658229145290214,1.8650185222804818,2.04283543079317
2020-02-25,1.8482790115578605,1.8090220228463612,1.7692155004686079,1.8686016877064695,2.046760226820209
2020-02-26,1.8032488559330744,1.7649482965809873,1.7261115920101466,1.8230764048503718,1.996894415996197
2020-02-27,1.8130845223768264,1.7745750559040407,1.7355265198543242,1.8330202189615443,2.0077863055623584
2020-02-28,1.7353680773720142,1.698509288954421,1.6611345377542095,1.7544492459696817,1.921724121438092
2020-03-02,1.793199279472848,1.7551121706372619,1.7164919045412126,1.8129163286839027,1.9857656452497054
2020-03-03,1.8100981707742883,1.7716521336703461,1.7326679148969448,1.8300010310523098,2.0044792584957882
2020-03-04,1.8160876512355582,1.7775143990491606,1.7384011843901157,1.836056368600606,2.0111119315450328
2020-03-05,1.8564747012086453,1.8170436380775963,1.7770606045229886,1.8768874927270371,2.0558360273371727
2020-03-06,1.8341903106689201,1.7952325624770065,1.7557294694969263,1.8543580750841115,2.031158582021601
2020-03-09,1.7586129658288472,1.7212604617341065,1.683385083644373,1.777949722645212,1.9474652097006364
2020-03-10,1.8033998512388199,1.7650960847838144,1.7262561282158566,1.823229060418816,1.997061626241136
2020-03-11,1.7761158383532725,1.7383915775784995,1.7001392388229455,1.7956450472873966,1.966847663926475
2020-03-12,1.731727412777908,1.6949459511751412,1.6576496092387525,1.7507685505971877,1.917692496643453
2020-03-13,1.7094975483208135,1.6731882435366834,1.6363706678425298,1.7282942585762004,1.8930754328052202
2020-03-16,1.6214630907566705,1.5870236160605342,1.5521020450188854,1.6392918217406343,1.7955872152767929
2020-03-17,1.6129402446101013,1.5786817930565067,1.5439437791854658,1.630675262988437,1.786149125895795
2020-03-18,1.58727104263323,1.5535577985758724,1.5193726242147334,1.6047238163528819,1.7577233842561757
2020-03-19,1.5741260624052047,1.540692014474188,1.5067899445287407,1.5914343010333019,1.7431668034884358
2020-03-20,1.6038218058686444,1.5697570276968826,1.5352153983184118,1.6214565628273754,1.776051484993094
2020-03-23,1.5390238481332381,1.5063353625447065,1.4731892915957245,1.555946121802426,1.7042950662691587
2020-03-24,1.5791382676931724,1.5455977617624819,1.5115877435793985,1.5965016178191658,1.7487172546746035
2020-03-25,1.6295874770686316,1.594975442418212,1.5598788958650147,1.6475055394094364,1.8045840554003134
2020-03-26,1.617621099088237,1.5832632273441516,1.548424401562482,1.6354075856102144,1.7913326434889023
2020-03-27,1.6167277101959048,1.5823888138107571,1.5475692290120302,1.6345043734969182,1.7903433162063471
2020-03-30,1.591469550995787,1.5576671316600414,1.5233915337123975,1.6089684892421285,1.7623727580112833
2020-03-31,1.611417708610493,1.5771915953446651,1.5424863724445552,1.6291359860066221,1.7844630892593278
2020-04-01,1.6084942717186828,1.5743302515288153,1.539687990906222,1.6261804045842396,1.781225713128149
2020-04-02,1.6426234051313955,1.6077344905956323,1.572357188291328,1.66068480348514,1.819019873213375
2020-04-03,1.633660156009733,1.598961618666692,1.563777358524587,1.6516229993249796,1.8090940872846386
2020-04-07,1.6831237015837925,1.6473745707761884,1.6111250105784838,1.7016304192879044,1.8638693766892191
2020-04-08,1.6766770408912353,1.6410648355610358,1.6049541175735793,1.6951128746018183,1.8567304281761317
2020-04-09,1.68613941338467,1.6503262296048773,1.6140117197980846,1.7046792902243366,1.8672089368589717
2020-04-10,1.6669042891582107,1.631499654655827,1.5955994131484474,1.6852326669774975,1.8459082095453614
2020-04-13,1.6619675815231163,1.6266678014689469,1.5908738822006447,1.6802416779758556,1.8404413634816632
2020-04-14,1.7005301048851025,1.6644112663798867,1.6277868231811863,1.719228213983583,1.8831450021474576
2020-04-15,1.6883665941444281,1.6525061055965795,1.6161436288323097,1.706930959858892,1.8696752879718208
2020-04-16,1.6936765957298399,1.6577033240626715,1.6212264853997846,1.712299347349188,1.87555551491884
2020-04-17,1.7090781169159628,1.6727777207510521,1.635969178382224,1.7278702153305212,1.8926109599026117
2020-04-20,1.7187879539382596,1.6822813232384162,1.6452636593883099,1.73768681646799,1.9033635075979904
2020-04-21,1.6966293928199898,1.660593404473516,1.6240529712003395,1.7152846117987683,1.8788254041532013
2020-04-22,1.7199791391280357,1.683447207949609,1.646403889455579,1.738891099285718,1.9046826106413974
2020-04-23,1.7149795167822137,1.6785537763448843,1.6416181350887307,1.7338365037972243,1.8991460936423081
2020-04-24,1.7014192994633859,1.6652815746854248,1.6286379808370346,1.7201271856644218,1.884129684700986
2020-04-27,1.7105209609486491,1.6741899191336236,1.6373503021256766,1.7293289240956562,1.8942087466875832
2020-04-28,1.7221224336068235,1.685544979384185,1.648455500597743,1.7410579602711376,1.9070560671737251
2020-04-29,1.7166614367156654,1.6801999727152657,1.6432281078245576,1.735536917212397,1.9010086299817666
2020-04-30,1.7413785294035256,1.704392080472517,1.6668878817203954,1.7605257856802607,1.9283800181324657
2020-05-06,1.7654371147857697,1.727939667456327,1.6899173171635524,1.7848489062524082,1.9550221838260697
2020-05-07,1.7671525892316098,1.729618705649559,1.6915594090562045,1.7865832431272355,1.9569218779977373
2020-05-08,1.7883170979203833,1.7503336854125136,1.7118185672232498,1.8079804653041982,1.9803591806633454
2020-05-11,1.7838333762025276,1.7459451968341149,1.7075266448925774,1.8034474430078893,1.9753939653344639
2020-05-12,1.7943023840676045,1.7561918455634715,1.7175478218218172,1.8140315624200372,1.9869872089835634
2020-05-13,1.8042596856187638,1.7659376564943585,1.7270791816094841,1.8240983490724572,1.9980137956914816
2020-05-14,1.784655461756035,1.746749821493952,1.7083135642347773,1.8042785677694202,1.9763043322235756
2020-05-15,1.7784940144187764,1.7407192417730288,1.702415684062881,1.7980493724903959,1.969481225284262
2020-05-18,1.7841856985826021,1.746290035974045,1.7078638960392343,1.8038036393342598,1.9757841225726545
2020-05-19,1.803890585982495,1.7655763964430027,1.7267258708844144,1.8237251910162597,1.9976050595371861
2020-05-20,1.789302761721783,1.751298413958747,1.7127620674549688,1.808976966931544,1.9814506919844745
2020-05-21,1.7797523086333291,1.7419508101299226,1.703620152443799,1.799321502227433,1.9708746439920863
2020-05-22,1.7381111587597378,1.7011941079724495,1.663760278824611,1.7572224887964216,1.9247617742211482
2020-05-25,1.7440125586259891,1.7069701635662815,1.6694092355311176,1.7631887772631252,1.931296907960845
2020-05-26,1.7748659327668173,1.7371682196773186,1.6989428002312335,1.794381398415273,1.9654635346767018
2020-05-27,1.7552029885074099,1.7179229114869243,1.6801209743320842,1.7745022510578412,1.9436890450024311
2020-05-28,1.7516126556818865,1.7144088364419203,1.6766842245518638,1.7708724408748286,1.939713156956105
2020-05-29,1.7719173299907158,1.7342822444943307,1.6961203293252816,1.7914003743981493,1.9621982901713662
2020-06-01,1.8261288390676869,1.7873423145371734,1.748012842069843,1.8462079639021605,2.022231412833471
2020-06-02,1.8215612310688614,1.782871721401649,1.74364062184711,1.8415901329567164,2.0171733029240686
2020-06-03,1.8216702832341223,1.7829784573259129,1.7437450091067894,1.8417003842005928,2.0172940658787466
2020-06-04,1.829756920719647,1.7908933366328843,1.751485725901491,1.8498759379772844,2.0262491034410326
2020-06-05,1.8392234875271303,1.8001588359045821,1.7605473430205993,1.8594465940322595,2.0367322568528987
2020-06-08,1.8453555746660495,1.8061606790305114,1.7664171189302744,1.8656461062840866,2.04352285068903
2020-06-09,1.8599433989267615,1.820438661514767,1.78038092235972,1.8803943303688022,2.0596772182417418
2020-06-10,1.865697997801315,1.8260710341336281,1.7858893577551194,1.8862122036995181,2.0660497864655256
2020-06-11,1.8506991307638487,1.8113907393194535,1.7715320946545736,1.8710484172340367,2.0494402354682575
2020-06-12,1.8561056015723763,1.8166823780262407,1.7767072937979191,1.876514334670839,2.055427291182877
2020-06-15,1.8383468758909915,1.799300843282612,1.7597082300485594,1.8585603436487899,2.035761508486447
2020-06-16,1.8713854876510925,1.831637723106788,1.7913335548368698,1.8919622301109251,2.072348039024892
2020-06-17,1.8740111282454586,1.8342075957448396,1.793846878858386,1.8946167408288757,2.075255639395219
2020-06-18,1.8859900891679988,1.845932126502469,1.8053134178447279,1.9067274159254681,2.0885209854937083
2020-06-19,1.9171538425484163,1.876433969474873,1.83514408474547,1.938233829079418,2.123031322157495
2020-06-22,1.9181520892919615,1.8774110137046756,1.8360996296609986,1.9392430520041342,2.1241367676657026
2020-06-23,1.9400170484268355,1.898811566519634,1.8570292752267548,1.9613484264013805,2.148349740078666
2020-06-24,1.947151576623348,1.9057945591032217,1.8638586109465611,1.96856140201038,2.1562504241520304
2020-06-29,1.9428314331533847,1.9015661744112198,1.8597232695054087,1.9641937565798866,2.1514663532551666
2020-06-30,1.9786970125821797,1.93666997781055,1.8940546332561816,2.0004536945178977,2.19118343115719
2020-07-01,2.0080907654341265,1.96543941462759,1.922191014634432,2.0301706451750823,2.22373369217197
2020-07-02,2.0301234971309414,1.9870041765568014,1.9432812559843111,2.0524456368706008,2.2481324537459773
2020-07-03,2.0480290238040233,2.0045293942754006,1.9604208410447777,2.070548043028637,2.2679608019583193
2020-07-06,2.1263284784615784,2.081165787897048,2.035370893494718,2.149708436131994,2.3546686034172115
2020-07-07,2.164731617889721,2.1187532541494476,2.072131268480343,2.1885338357063633,2.3971957423800148
2020-07-08,2.1905182606599505,2.1439921950100587,2.0968148404999614,2.2146040144507086,2.4257515364323647
2020-07-09,2.244356475786604,2.1966868997736895,2.14835002762485,2.2690342054660655,2.485371278211148
2020-07-10,2.232465595459083,2.1850485788010428,2.1369678014251727,2.257012579451066,2.472203471422207
2020-07-13,2.3033788630772145,2.2544556661677233,2.2048476244791226,2.328705570998015,2.550731905066169
2020-07-14,2.2798194010667427,2.2313966012988145,2.18229596149373,2.304887061888225,2.5246424621266685
2020-07-15,2.257857972708753,2.209901628243161,2.1612739733521034,2.2826841575444727,2.5003226609461056
2020-07-16,2.1243110134042453,2.0791911732981614,2.033439729190645,2.1476687881202774,2.3524344887556663
2020-07-17,2.1546820414294947,2.108917128205722,2.062511581011409,2.1783737595398938,2.3860669716335234
2020-07-20,2.2001442114012772,2.1534136929402963,2.106029023613986,2.224335806939041,2.436411189547222
2020-07-21,2.222705426668204,2.175495713579403,2.12762514168385,2.2471450931241144,2.461395186978515
2020-07-22,2.2451450068277237,2.197458682610676,2.1491048278102256,2.269831406767941,2.4862444872680514
2020-07-23,2.255651763519237,2.2077422783907394,2.1591621387908932,2.2804536900722,2.4978795334783856
2020-07-24,2.137154003020777,2.0917613809941904,2.0457333364652177,2.1606529923029676,2.3666566490335272
2020-07-27,2.1510078223230007,2.1053209486035915,2.0589945333391277,2.174659140707745,2.381998189006675
2020-07-28,2.1836983060170754,2.1373170945156934,2.090286621875384,2.207709071275967,2.418199207035955
2020-07-29,2.2404851239198305,2.192897774462312,2.144644279906225,2.265120286308447,2.4810841933200742
2020-07-30,2.233207989045668,2.185775204131609,2.1376784377699143,2.257763135995916,2.4730255884598225
2020-07-31,2.2583696790226697,2.210402466041629,2.161763790493676,2.283201490304199,2.5008893178872857
2020-08-03,2.2926036702865953,2.243909335804854,2.194533360243859,2.3178119000165194,2.538799596198164
2020-08-04,2.2797606806700625,2.2313391281088246,2.182239752969287,2.3048276958338283,2.5245774359203024
2020-08-05,2.2900493330310536,2.24140925204036,2.1920882894305955,2.3152294766503343,2.5359709562212807
2020-08-06,2.2662046576652832,2.218071031677222,2.1692636136121943,2.2911226181334827,2.5095656717080064
2020-08-07,2.2361817577060603,2.188685810681735,2.140524998043485,2.26076960260778,2.476318701339314
2020-08-10,2.235682634334288,2.188197288566834,2.140047225585721,2.260264991145422,2.4757659785852106
2020-08-11,2.213398243794563,2.1663862129662443,2.1187160905596585,2.2377355735024964,2.451088533269639
2020-08-12,2.180493850084014,2.13418070043347,2.0872192423986458,2.204469380878978,2.4146506340600284
2020-08-13,2.175989156795916,2.1297716857157902,2.0829072455949587,2.199915156420386,2.4096621950860166
2020-08-14,2.2097995223409423,2.1628639274655277,2.115271310990232,2.23409728245457,2.4471033557652606
2020-08-17,2.2447717128774047,2.197093317331463,2.1487475021905533,2.269454008279285,2.4858311063847287
2020-08-18,2.254062118494851,2.2061863970331963,2.1576404937363334,2.278846566171075,2.4961191811775
2020-08-19,2.2132430541747676,2.1662343195355604,2.1185675394593453,2.2375786775015944,2.4509166782956737
2020-08-20,2.1875277147433625,2.141065167548507,2.093952220647979,2.2115805861090148,2.422439844636767
2020-08-21,2.2101099015805317,2.163167714326895,2.1155684131908585,2.2344110744563723,2.4474470657131904
2020-08-24,2.2449982058360245,2.197314999635705,2.148964306499119,2.2696829916319516,2.4860819217521373
2020-08-25,2.2558698678497584,2.2079557502392677,2.1593709133102528,2.2806741925599514,2.4981210593877408
2020-08-26,2.226434171857327,2.179145261143665,2.131194382985972,2.250914837578199,2.4655243510827
2020-08-27,2.2470995571743275,2.199371718791718,2.1509757686952526,2.2718074482928032,2.488408930994204
2020-08-28,2.3022170380857765,2.253318518051524,2.2037354986740754,2.327530971207481,2.5494453151259426
2020-08-31,2.2934467274103456,2.2447344866039742,2.1953403540590752,2.3186642269403333,2.539733186732406
2020-09-01,2.311310310942943,2.2622186520440106,2.2124397901735118,2.3367242287738024,2.559515087654488
2020-09-02,2.3213682760312664,2.272062988443449,2.222067507431652,2.346892785805185,2.5706531478590318
2020-09-03,2.3076193145802555,2.2586060515304553,2.208906682922818,2.332992648211827,2.5554277261115357
2020-09-04,2.277445419315286,2.2290730423321414,2.1800235311483984,2.3024869771176792,2.5220135454979045
2020-09-07,2.211020067729059,2.164058548771716,2.1164396453197236,2.2353312482994956,2.4484549719118496
2020-09-08,2.211112342638126,2.1641488637845545,2.116527973000991,2.235424537813545,2.4485571559504233
2020-09-09,2.145303555217029,2.099737838719007,2.053534276678966,2.1688921525665092,2.3756813575312026
2020-09-10,2.1452741950186893,2.0997091021240126,2.0535061724167445,2.1601870196611546,2.37564884442802
2020-09-11,2.1797262906131367,2.1334294437357655,2.0864845166862858,2.163275878069067,2.404145446053661
2020-09-14,2.190595855469846,2.152678857154016,2.1053103574800383,2.177163525080459,2.4195794106521293
2020-09-15,2.207757870621943,2.1636780598330807,2.1245657919963183,2.1942203059160135,2.4385353757168984
2020-09-16,2.2081160710609677,2.164029108488032,2.0913587272110292,2.1945763099359086,2.438931018941086
2020-09-17,2.2083197536635506,2.1642287243898672,2.091551639800216,2.1947787435942803,2.439155992539154
2020-09-18,2.260367682161449,2.215237470615711,2.1408474584955774,2.246507523779211,2.496644504555716
2020-09-21,2.239729015689406,2.1950108731142413,2.121300091484401,2.2259954098093817,2.473848472903241
2020-09-22,2.203599936114048,2.1596031421128594,2.0870813894576905,2.1900878670968407,2.4339428112322072
2020-09-23,2.1977809348644013,2.153900322296638,2.081570076349384,2.1843045468912927,2.4275155482667232
2020-09-24,2.158192762814148,2.1151025626175386,2.044075186385629,2.1449591222219233,2.383789214283679
2020-09-25,2.1500840881699506,2.107155784732411,2.0363952696885375,2.1369001684774385,2.374832937767503
2020-09-28,2.1543719581312173,2.1113580436313892,2.0404564122988225,2.1411617460097103,2.3795690198923407
2020-09-29,2.1485037921154295,2.1056070406664484,2.034898534082781,2.1353295625073136,2.373087452954909
2020-09-30,2.1363917007997797,2.0937367778142164,2.023426887184441,2.12329174030518,2.3597092815801624
2020-10-09,2.1685911108528955,2.1252932985715716,2.053923706671505,2.1552937095053437,2.395274504350546
2020-10-12,2.223174536576048,2.1787869186099154,2.1056209544943245,2.2095424397134527,2.4555635497775365
2020-10-13,2.2266371408199537,2.173451667385349,2.108900468510493,2.2129838119057705,2.4593881009446865
2020-10-14,2.2183669248012943,2.1590392859358407,2.0926632819650073,2.2047643073287846,2.450253397092112
2020-10-15,2.220916469102588,2.1459807710124466,2.080006228952962,2.1984690254207435,2.453069445923097
2020-10-16,2.2289127671384636,2.1309111345924117,2.0653998829664877,2.1830308027948395,2.452053992678522
2020-10-19,2.213641755315821,2.1081905780364285,2.0433778314178026,2.159754527208696,2.4259092931110136
2020-10-20,2.2445653963576464,2.1376411106379227,2.071922957303618,2.1899253864172725,2.459798222067131
2020-10-21,2.226663323259532,2.120591837989296,2.055397835649555,2.172459107907109,2.440179507615988
2020-10-22,2.216179122093808,2.110607072359202,2.0457200347178013,2.1622301262403765,2.4286899696283264
2020-10-23,2.1662830854856296,2.06308793155599,1.999661789368966,2.1135487211776547,2.364513332360625
2020-10-26,2.1577537807841742,2.063217808286693,1.9997876732596829,2.113681774545807,2.350351063378646
2020-10-27,2.1466284968673492,2.0671362758364844,2.011632202977103,2.1262008869128564,2.3382327563145306
2020-10-28,2.1426769494250544,2.063331058922809,2.030743818972422,2.1550210528386753,2.3339285007429735
2020-10-29,2.146532618766497,2.067043948216395,2.034398068711393,2.169391381067949,2.338128320304129
2020-10-30,2.1147284830264317,2.0364175576668155,2.0042553763707542,2.137248558101456,2.3034854037108676
2020-11-02,2.1226230173663025,2.0522286626070865,2.0198167684652164,2.1538425327057125,2.321370070492165
2020-11-03,2.144211030122893,2.070608836334978,2.04609101880865,2.1818602216308545,2.351566996928324
2020-11-04,2.161398180774834,2.0872060208058043,2.0559658271299184,2.2011950571082224,2.3724057108609844
2020-11-05,2.195284818980633,2.1199294661742356,2.0881994853087473,2.222663874259015,2.4051650494095003
2020-11-06,2.1898650185328354,2.1146957058116937,2.0830440610978593,2.217176479385758,2.4078556940232003
2020-11-09,2.227611537913144,2.1597856807858387,2.127459153220483,2.264451570404299,2.459196486311415
2020-11-10,2.2224878947228524,2.1375329415767426,2.113995463072078,2.25012091956485,2.4436333863310358
2020-11-11,2.2299716012225037,2.144730582205553,2.0742874278790078,2.216722876151904,2.4073630804944095
2020-11-12,2.2248242217632965,2.139779962144595,2.0694994097298514,2.2232367952143113,2.42413373753209
2020-11-13,2.1960389093593373,2.1120949728840737,2.042723727207989,2.1944720213179263,2.4005819631900174
2020-11-16,2.2321214290071794,2.1467982324813413,2.076287166684386,2.2305287958533757,2.4400252742733937
2020-11-17,2.2455086846757895,2.1596737581734766,2.0887397988667766,2.2439064996280167,2.454659443257246
2020-11-18,2.261045768129075,2.174616934141401,2.103192169854546,2.25943249727123,2.471643678891494
2020-11-19,2.2690855815004722,2.1823494243683648,2.110670688320718,2.267466574183508,2.4804323350872166
2020-11-20,2.2716321440656007,2.1847986441745437,2.1130394640980676,2.2700113197596874,2.483216089116313
2020-11-23,2.301444897824066,2.213471800680434,2.140770857752469,2.2998028019244905,2.515805656924324
2020-11-24,2.2832222250877154,2.195945692506793,2.123820390339053,2.2815931311836293,2.495885691341948
2020-11-25,2.26662040042877,2.1799784752350866,2.108377612435055,2.2650031520345304,2.4777375425717
2020-11-26,2.2737175448346467,2.1868043301676194,2.114979273822528,2.2720952325817247,2.4854957279017915
2020-11-27,2.302811428734514,2.214786095729555,2.1420419851003674,2.3011683578062483,2.517299469006516
2020-11-30,2.284721000924981,2.1973871773993774,2.125214530010942,2.2830908376345898,2.497524065883707
2020-12-01,2.3292875412625045,2.240250154646524,2.1666696831956322,2.3276255794557916,2.5462416147577613
2020-12-02,2.333329488769339,2.2441375980672498,2.170429444482717,2.3316646430067975,2.5506600365988836
2020-12-03,2.3150627343907164,2.2265690932791204,2.1534379729613042,2.3134109220762022,2.530691883529985
2020-12-04,2.3005632649786145,2.212623868390678,2.139950775592535,2.298921798129808,2.514841907193878
2020-12-07,2.264470572644094,2.1779108249592976,2.1063778736296768,2.2628548581659587,2.475387475921304
2020-12-08,2.2483502551545875,2.16240670916892,2.0913829867514893,2.246746042627802,2.457765682773069
2020-12-09,2.2259805171490603,2.1408920579553894,2.0705749790242276,2.2243922655757995,2.433312386727863
2020-12-10,2.2244037507139276,2.139375563667942,2.0691082936228065,2.2228166241737712,2.4315887574022574
2020-12-11,2.1987719711802334,2.1147235629823156,2.045265981903787,2.197203133081443,2.4035695873544007
2020-12-14,2.2078222714283386,2.123427914064461,2.05368444069173,2.2062469758814727,2.413462849010404
2020-12-15,2.2020611398728756,2.1178870026787115,2.048325519192773,2.200489954930836,2.407165115194912
2020-12-16,2.2039736049683913,2.119726363491874,2.0501044666474004,2.2024010554700704,2.4092557107640338
2020-12-17,2.229835965400126,2.1446001310840512,2.0741612613928644,2.228244962939469,2.4375269384336993
2020-12-18,2.2252853835593776,2.1402234959576973,2.069928375782741,2.223697627968454,2.432552507132704
2020-12-21,2.226875713576748,2.141753035357295,2.071407677832777,2.2252868232750163,2.4342909633772396
2020-12-22,2.1759071624230297,2.092732765175307,2.0239974665021,2.1743546385139654,2.3785751087682523
2020-12-23,2.19088813900457,2.1071410915450777,2.03793255489668,2.189324926071302,2.3949514407263726
2020-12-24,2.18180392980087,2.0984041276825574,2.0294825544872004,2.1802471985099383,2.385021111773044
2020-12-25,2.19772757534793,2.1137190893467594,2.0442944999604795,2.1961594824323587,2.4024279145967955
2020-12-28,2.1967957165574528,2.121308083340072,2.051634235291893,2.204044466394767,2.4110534746842887
2020-12-29,2.181992748361225,2.1048289497773727,2.0438718422318973,2.1957054266304836,2.4019312128126424
2020-12-30,2.2250146946737352,2.146329471785225,2.0441376876348505,2.204810262000914,2.4118911956038303
2020-12-31,2.2685052079714394,2.1882819904168453,2.084092748380846,2.2239083776300466,2.442553263950949
2021-01-04,2.3203174709261765,2.2382619690865795,2.131693062949984,2.2747020567647085,2.442134403491178
2021-01-05,2.3851933814281034,2.3008436136269563,2.191295048498246,2.3383025635498043,2.442049148707331
2021-01-06,2.4008585128770865,2.315954764752757,2.205686722249109,2.3536597322015007,2.466335641914575
2021-01-07,2.4503316894417386,2.3636783762766433,2.251138100608499,2.402160309340791,2.4903404236621505
2021-01-08,2.431708963182215,2.3457142224616208,2.2340292623231943,2.383903689608408,2.4951762084442324
2021-01-11,2.4033625348459595,2.3183702347101716,2.2079871860121085,2.35611452728629,2.466089942509498
2021-01-12,2.463504044529493,2.3763849053639996,2.263239642020447,2.4150737074365223,2.5278011367249
2021-01-13,2.4422835829040577,2.3559148822668092,2.2437442447714315,2.3942704215458175,2.506026824181059
2021-01-14,2.386827743072457,2.3024201778506574,2.1927965487986465,2.339904795072211,2.449123595109589
2021-01-15,2.3745887734192075,2.290614026037846,2.1815525155857802,2.3279064328688635,2.436565190153637
2021-01-18,2.3959816676951937,2.3112503838925824,2.201206328004104,2.348878761534868,2.4585164358147753
2021-01-19,2.34963102151987,2.2665388778694844,2.1586236417324067,2.303439328565682,2.4109560446109954
2021-01-20,2.394879598146019,2.3101872878334806,2.200193848443741,2.3477983577101256,2.457385602412922
2021-01-21,2.445627276910397,2.359140330174015,2.246816121532802,2.3975483814494583,2.5094577881077686
2021-01-22,2.4812158765698005,2.393470377742417,2.279511634954839,2.4324373403341695,2.5459752449689645
2021-01-25,2.513059688883539,2.424188068293668,2.308766784156462,2.4636551311205213,2.57865017608713
2021-01-26,2.4558832710823086,2.369033632275042,2.2562383802986217,2.407602751736858,2.5199814622148082
2021-01-27,2.4607226309053853,2.3737018534053145,2.2606843364633415,2.4123469739740773,2.5249471286154614
2021-01-28,2.381489827977135,2.2972710323126964,2.187892566166143,2.3346718187237987,2.443646361217621
2021-01-29,2.3763843221064684,2.292346077100124,2.1832020996314037,2.329666682637747,2.428653971987205
2021-02-01,2.405409235437284,2.3203445559627887,2.2098675051956373,2.3581209915322403,2.4583886667897197
2021-02-02,2.4660980313595235,2.3788871586731775,2.2656227571761285,2.417616698751903,2.4653091312723054
2021-02-03,2.4725492616116655,2.385110248189211,2.2624633525899065,2.4239411034538825,2.456609541500504
2021-02-04,2.465213376891479,2.3780337890475045,2.258658305387875,2.407082438074486,2.452477976119933
2021-02-05,2.4554371953124052,2.368603331489216,2.2625042304470453,2.411181091972686,2.4566539271626047
2021-02-08,2.497791692319991,2.4191365540264416,2.282997662826116,2.4330212176162402,2.4789059390959207
2021-02-09,2.5310326700469408,2.4748273979423177,2.3133801301447554,2.465400220378019,2.511895582452511
2021-02-10,2.554404591935684,2.4976803122161413,2.3347422169880323,2.4881660827302015,2.535090789705474
2021-02-18,2.596698415822378,2.539034940055297,2.373399043889245,2.5293631814341664,2.5770648308323474
2021-02-19,2.6261825928375027,2.5678643779153223,2.4003477712081995,2.558082801441839,2.6063260785724514
2021-02-22,2.6190565978365017,2.560896626027019,2.3938345659707023,2.5511415912971454,2.5992539630776874
2021-02-23,2.619134864517998,2.560973154682696,2.3939061022206958,2.5512178284378555,2.599331637986364
2021-02-24,2.5855957280043955,2.528178803614264,2.3632511158544625,2.51854839847337,2.566046090215767
2021-02-25,2.6334241243683314,2.5749451006762922,2.4069665775766396,2.565136552127581,2.613512857027643
2021-02-26,2.569592055130809,2.512530515639173,2.348623655974853,2.5029597183680803,2.550163420793949
2021-03-01,2.590656973407826,2.533127656681375,2.367877126687371,2.523478400239318,2.5710690676435335
2021-03-02,2.5611541614685356,2.5042799977128554,2.340911366927942,2.4947406285314764,2.5417893258775544
2021-03-03,2.6259291578688475,2.567616570839797,2.4001161300177443,2.557835938319537,2.606074559820545
2021-03-04,2.587243055300652,2.529789549605179,2.3647567835924193,2.5201530087683244,2.5676809621031547
2021-03-05,2.561802656829505,2.5049140922884643,2.341504095856459,2.4953723076973633,2.542432917978019
2021-03-08,2.5340925245949646,2.4778193039571175,2.316176856870689,2.468380729545797,2.514932301501257
2021-03-09,2.500150873719381,2.4446313769452037,2.285153969790204,2.435319222857657,2.48124728277175
2021-03-10,2.4899314813068574,2.4346389210468105,2.2758133794339184,2.42536483048488,2.471105158981665
2021-03-11,2.5575464401500367,2.5007523911083167,2.337613886452054,2.4912264593787232,2.538208882468071
2021-03-12,2.5854876454442337,2.528073121184996,2.3631523276997095,2.518443118612388,2.5659388248656896
2021-03-15,2.5799530729669917,2.522661451962124,2.3580936928787453,2.513052063662142,2.560446099180687
2021-03-16,2.6027734011004275,2.54497502142451,2.3789516194839733,2.535280635689317,2.5830938832677375
2021-03-17,2.5787045330478837,2.521440637692992,2.356952519366945,2.5118358997508072,2.5592069994470337
2021-03-18,2.589769951017534,2.532260331917036,2.3670663825207785,2.5226143793112645,2.5701887520118634
2021-03-19,2.536675325084344,2.4803447495944577,2.318537553120472,2.470896555189244,2.5174955734875915
2021-03-22,2.570091471098452,2.5130188413468257,2.349080125379573,2.503446183932613,2.5506590606874107
2021-03-23,2.537651795110632,2.48129953567957,2.3194300530013425,2.471847704278109,2.5184646604434637
2021-03-24,2.4924397420995743,2.4370914822501724,2.278105945921803,2.427808049327651,2.4735944548644984
2021-03-25,2.483111099062176,2.427969995337817,2.269579506220205,2.4187213082229606,2.4643363455112586
2021-03-26,2.5142798732218887,2.4584466214057463,2.2980679661580656,2.449081841925927,2.495269453190501
2021-03-29,2.5254384658123685,2.4693574211722638,2.3082669915142726,2.459951079987231,2.5063436758847084
2021-03-30,2.537662976065132,2.481310468344667,2.319440272465628,2.4718585952982113,2.51847575685899
2021-03-31,2.5291169998426972,2.4729542679890812,2.311629195263964,2.4635342256006263,2.509994396592518
2021-04-01,2.542828577043891,2.4863613596193472,2.3241616649651946,2.476890246585107,2.523602300831659
2021-04-02,2.5354789629529004,2.4791749544291095,2.3174440704420016,2.4697312160383835,2.51630825702639
2021-04-06,2.530522073124798,2.4743281395695678,2.312913441275751,2.464902863793382,2.5113888461435256
2021-04-07,2.535818118572718,2.4795065786037096,2.31775406085864,2.4700615769814624,2.516644848297323
2021-04-08,2.5293219840085217,2.4731547001825214,2.311816552109186,2.4637338943024876,2.5101978308771487
2021-04-09,2.5122188506091527,2.456431366806253,2.2961841782415733,2.4470742638872163,2.4932240139286796
2021-04-12,2.4936547391551853,2.438279498524015,2.2792164610407504,2.4289915401786817,2.4748002653515773
2021-04-13,2.47711065348079,2.4221027984025825,2.2640950603873766,2.412876460768486,2.4583812691793714
2021-04-14,2.4875201221198044,2.43228110960762,2.2645149441099575,2.4230160004829884,2.468712032033386
2021-04-15,2.47496391021689,2.420003726704014,2.2555848793729836,2.4011422433693603,2.456250757398522
2021-04-16,2.4937740026698463,2.43839611361838,2.2629780531402037,2.409012513296856,2.4650189526087116
2021-04-19,2.5133062058881968,2.4673640319029637,2.328968548694373,2.479261506356271,2.5369011443106344
2021-04-20,2.517822717223091,2.449901358828422,2.3331537979187402,2.483716838010405,2.541460056689453
2021-04-21,2.5232119244294715,2.4551451855552227,2.3381477354089877,2.4890330441874533,2.546899857815461
2021-04-22,2.5246098922236055,2.456505441452121,2.3394431696927205,2.490412075413733,2.5483109497422385
2021-04-23,2.563790214453875,2.494628826396847,2.375749823449524,2.5290616695159422,2.587859097145672
2021-04-26,2.5281668516998046,2.4599664475803236,2.3427392450892,2.493920853090066,2.551901301981968
2021-04-27,2.543044041508976,2.4645445377050867,2.356525272067266,2.5085965197200295,2.5669181589660433
2021-04-28,2.5702713254994607,2.471042182797124,2.37222855711584,2.5354549888401436,2.594401052912713
2021-04-29,2.579672452115042,2.496364815640106,2.396538572213795,2.5345498547588194,2.60389043737888
2021-04-30,2.571913317257659,2.462993415118866,2.364501648741358,2.500667996700938,2.585674225863638
2021-05-06,2.5317651711699125,2.473431950609386,2.3745227613542754,2.501221137907724,2.5966327010296375
2021-05-07,2.4832540343137075,2.4813842369784527,2.382157046576274,2.45329525508479,2.5945611635535015
2021-05-10,2.4852930820134356,2.4950289205897724,2.395256097794794,2.4553097030540716,2.5966916076801367
2021-05-11,2.499148679973047,2.4767550340769247,2.387262007249687,2.4689981426019294,2.611168256410823
2021-05-12,2.519245501013571,2.496671777358319,2.3917328555714827,2.48885250909836,2.63216587915184
2021-05-13,2.4856984099537462,2.463425285332101,2.35738035328696,2.4458873004231645,2.597115103672855
2021-05-14,2.5329149790005903,2.510218769855748,2.391177116656582,2.4809529503959853,2.6358622731751424
2021-05-17,2.5839860678638145,2.57111670254389,2.4032786877714343,2.493508870387307,2.6492021778294603
2021-05-18,2.5910989259968957,2.555753552274672,2.409894118316115,2.5003726747511235,2.656494554321385
2021-05-19,2.5688487413468852,2.533806884053136,2.389199968593955,2.4789015710626954,2.633682806856877
2021-05-20,2.5629309353072456,2.527969803247098,2.383696015879075,2.4731909745402954,2.627615643862788
2021-05-21,2.553033452584638,2.5182073328245727,2.3744906994938,2.4636400480588185,2.617468362842253
2021-05-24,2.54890439438999,2.5141345994207485,2.37065040109468,2.459655567119565,2.6132350931285777
2021-05-25,2.6029996530940864,2.5674919406658425,2.420962585037883,2.5118567028385637,2.6686956387373297
2021-05-26,2.6172177087699064,2.5815160467836495,2.424449575984284,2.525576919208239,2.6832725377885005
2021-05-27,2.618382118501978,2.582664572715711,2.4433742816091173,2.516593755387353,2.6844663355556224
2021-05-28,2.613226541201425,2.5775793230296746,2.4345015597802333,2.507455148782575,2.668463916307585
2021-05-31,2.5918704393714767,2.5667816680499618,2.4548240487590016,2.5283866324454936,2.6907394528795545
2021-06-01,2.6073406710289073,2.556646244055366,2.4694762845095446,2.543477945008543,2.7067998091510392
2021-06-02,2.5812930811875967,2.5311050965273743,2.444805973454118,2.518068350083666,2.679758612734047
2021-06-03,2.5648800763486768,2.5150112091265657,2.429260814105509,2.5020573560916004,2.6627195204285323
2021-06-04,2.5832502305770175,2.5330241931345476,2.446659637632382,2.5199775621641547,2.681790419184438
2021-06-07,2.580561139139521,2.530387385601114,2.4441127331923287,2.517354335809662,2.678998750159104
2021-06-08,2.541187430488132,2.491779218491758,2.406820928240188,2.478945024483083,2.638123099252661
2021-06-09,2.548570498103507,2.49901873740012,2.4138136126199794,2.4861472554208617,2.6457878000086077
2021-06-10,2.585720534989274,2.5354464675106754,2.448999323515922,2.522387360338918,2.6843549553748707
2021-06-11,2.5666979976311266,2.5167937846336352,2.430982611929628,2.5038307502395343,2.664606787802168
2021-06-15,2.5460962157453375,2.4965925624211325,2.411470159126321,2.4837335767337403,2.643219134130268
2021-06-16,2.470356125553133,2.4223250839646635,2.339734862471567,2.409848621423773,2.5645898763753006
2021-06-17,2.5027047817213584,2.4540447864230672,2.3703730679545743,2.4414049479248576,2.5981724984374535
2021-06-18,2.511106203490578,2.462282859663617,2.3783302605246814,2.4496005900264675,2.6068943992976683
2021-06-21,2.5248301168920015,2.4757399395309916,2.391328515433237,2.4629883576640403,2.621141822577849
2021-06-22,2.5425836895037564,2.4931483300956563,2.408143359391754,2.480307084320993,2.6395726197081233
2021-06-23,2.5559495877729694,2.5062543557056216,2.4208025293896522,2.4933456058462817,2.653448371076647
2021-06-24,2.5572623099244103,2.5075415546494577,2.4220458407287317,2.4946261749246585,2.6548111680860558
2021-06-25,2.604138424568577,2.5535062587529778,2.4664433583642156,2.5403541325597763,2.7034754103856633
2021-06-28,2.6316021631550783,2.580436020899168,2.4924549386218007,2.5671451898843567,2.7319867756976537
2021-06-29,2.614922635939957,2.5640807931067324,2.476657349395258,2.5508742015642576,2.7146709943023506
2021-06-30,2.644005398513235,2.592598100616987,2.5042023469710406,2.5792446274188356,2.7448631425926115
2021-07-01,2.64028204113824,2.5889471363399252,2.500675863900198,2.575612467851077,2.74099775471138
2021-07-02,2.5559933451780177,2.5062972623370827,2.420843973100955,2.493388291482227,2.6534937976436272
2021-07-05,2.5652420694268034,2.5153661639868354,2.4296036666262864,2.5024104827162437,2.663095322028097
2021-07-06,2.546800312172021,2.497282969127372,2.4121370261172825,2.484420427421233,2.64395008888986
2021-07-07,2.6064615449820354,2.5557842108232816,2.4686436426733747,2.5426203517772668,2.705887148123526
2021-07-08,2.5979248730517583,2.5474135170854884,2.460558351359241,2.5342927722554607,2.697024837874463
2021-07-09,2.5819295525337513,2.5317291929849914,2.445408791073066,2.5186892320610603,2.6804193627992148
2021-07-12,2.635146512963968,2.5839114580475258,2.4958118792373156,2.5706027263959736,2.7356663276230577
2021-07-13,2.6367098457079563,2.585444394971548,2.497292550013855,2.5721277677529493,2.7372892949706262
2021-07-14,2.6184311842356256,2.5675211248293492,2.4799803815197063,2.5542968134646458,2.718313379036589
2021-07-15,2.6603786238930205,2.608652981989195,2.5197098302184657,2.595216816287314,2.761860938019054
2021-07-16,2.6043890351611254,2.5537519967331654,2.466680717801677,2.5405986048383755,2.7037355807238246
2021-07-19,2.6165854173317817,2.5657112451022583,2.4782322104247583,2.552496255730201,2.716397203847602
2021-07-20,2.6250425303437894,2.5740039267828494,2.4862421495365234,2.560746225004833,2.725176920338519
2021-07-21,2.664213363753592,2.612413163146339,2.523341806372624,2.598957630201117,2.7658419571616895
2021-07-22,2.6558437655516802,2.6042062947286704,2.5154147546834644,2.590793032198377,2.757153093804733
2021-07-23,2.6063541404423725,2.5556788945460585,2.468541917200177,2.5425155779435817,2.7057756465500296
2021-07-26,2.520601560385998,2.4715935986906956,2.3873235458773547,2.458863373026724,2.6167519643323907
2021-07-27,2.4189093510544057,2.3718785871748778,2.2910083608100162,2.359661955088489,2.5111806226702065
2021-07-28,2.4406647372550974,2.393210984216812,2.311613420547666,2.380884477178311,2.533765885835223
2021-07-29,2.5168702471191766,2.467934833207914,2.3837895275862753,2.455223452434248,2.612878317075345
2021-07-30,2.4833838984197025,2.435099558331519,2.352073785609399,2.4225572993985702,2.578114604271704
2021-08-02,2.54160909275496,2.4921926823949296,2.407220294912741,2.4793563587931073,2.6385608461708356
2021-08-03,2.537694793976119,2.488354489180583,2.403512966556214,2.47553793463213,2.6344972332700536
2021-08-04,2.5845788645121135,2.534326994489824,2.4479180194119348,2.5212736532919657,2.6831697349454764
2021-08-05,2.5648522307272845,2.5149839049065448,2.4292344408346804,2.502030192505089,2.662690612613182
2021-08-06,2.540328194170827,2.4909366882739747,2.406007124454609,2.4781068338136003,2.637231086664685
2021-08-09,2.5497599039316317,2.5001850176552924,2.4149401280453877,2.487307528616118,2.6470225766928905
2021-08-10,2.578409070400343,2.51816405081598,2.4420744561182626,2.515254978623596,2.676764589001256
2021-08-11,2.561705675509741,2.544983217804162,2.426254261231009,2.4989607072293443,2.659424029478509
2021-08-12,2.5312903010554555,2.5451678454128808,2.397447114265555,2.459413148495657,2.627848435739303
2021-08-13,2.5131349559064415,2.5458461511927375,2.380251741685077,2.4600686000238094,2.59856453796987
2021-08-16,2.480510707645332,2.5564542114067104,2.358787666840427,2.470319241378288,2.6093922657474358
2021-08-17,2.4489231314809596,2.5238995476172543,2.2950773797379123,2.438861446438381,2.5761634727077705
2021-08-18,2.4993051402145907,2.5758240557474714,2.2908354124351407,2.4890364548390194,2.629163213251988
2021-08-19,2.4599637896520843,2.5352782274154424,2.2547755662036892,2.449856742783423,2.587777777758621
2021-08-20,2.450589939839775,2.5256173871070686,2.246183599278417,2.4405214065215124,2.577916884546135
2021-08-23,2.4636673755147793,2.5390952025435123,2.2581702319892876,2.453545112033559,2.5916737933153615
2021-08-24,2.476230748798747,2.5520432170158074,2.269685680805627,2.4660568672395926,2.6048899302092043
2021-08-25,2.477920923629882,2.553785138367629,2.2712348763376453,2.467740097791179,2.6066679225873592
2021-08-26,2.459632764627553,2.5349370677036807,2.254472152332211,2.449527077813642,2.587429553444927
2021-08-27,2.4801796826208,2.556113051694948,2.2733052298136145,2.4699895764085067,2.6090440414337412
2021-08-30,2.465131674446822,2.540604332562602,2.2595123921737086,2.4550033947234122,2.5932141738088776
2021-08-31,2.5004345197100486,2.576988012411131,2.2918705891731252,2.4901611941476824,2.6303512726751785
2021-09-01,2.5446438853391884,2.622550895327899,2.3323924041027864,2.534188920464761,2.6768576539581628
2021-09-02,2.588767573903155,2.668025478083975,2.3728356883833586,2.5781313217308375,2.723273906595249
2021-09-03,2.5880782629697197,2.667315063154776,2.372203873615692,2.5774448429114116,2.7225487806714392
2021-09-06,2.6057549992796796,2.685532991762881,2.388406174352631,2.5950489522977063,2.7411439590226956
2021-09-07,2.660775252768799,2.7422377495014376,2.438837129367276,2.649843148686685,2.7990229367152604
2021-09-08,2.6739266822728163,2.755791824167569,2.4508915840023593,2.662940544015506,2.8128576838604893
2021-09-09,2.6953186876816306,2.777838768834747,2.4704992592497717,2.684244657886164,2.8353611680383812
2021-09-10,2.6981538196564387,2.7807607014249,2.4730979098196095,2.687068141392052,2.8383436068662546
2021-09-13,2.7292623831382534,2.812821687043217,2.501611674588648,2.7180488917286283,2.871068498840221
2021-09-14,2.6550855167589176,2.736373816102795,2.4336219803528087,2.6441767896178643,2.7930375752763568
2021-09-15,2.64441872214491,2.7253804460967146,2.423844914541292,2.633553820768104,2.7818165588621486
2021-09-16,2.611082554968603,2.69102365630042,2.393289352895952,2.6003546191054725,2.7467483220948528
2021-09-17,2.605945825470292,2.6857296603026035,2.3885810835256014,2.5952389944567567,2.7413447000976494
2021-09-22,2.618069130192236,2.698224133040438,2.3996931703716227,2.607312489173552,2.7540979034921107
2021-09-23,2.6330859830697873,2.7137007430234417,2.41345745141186,2.622267643567373,2.7698949970639206
2021-09-24,2.5839462917811615,2.66305658722325,2.3684165545846527,2.5733298484062654,2.7182021218852133
2021-09-27,2.536453936791084,2.614110202694534,2.324885587964919,2.526032621271243,2.668242174761712
2021-09-28,2.5801531344412405,2.6591472982908213,2.3649397885750076,2.5695522756937184,2.7142118809259435
2021-09-29,2.5438688973405803,2.621752180238009,2.331682058686032,2.5334171165943333,2.676042399388456
2021-09-30,2.5464898366524555,2.6244533624264323,2.3340843826331477,2.536027287472715,2.678799516601585
2021-10-08,2.566129356637282,2.6446941674431046,2.3520857491492047,2.55558611620924,2.6886616224540343
2021-10-11,2.5654145295160733,2.6545757581532072,2.3608740426971986,2.5651347650986556,2.67550541218234
2021-10-12,2.5312686928344292,2.61283222644156,2.3330813320697903,2.534937453866734,2.639894258587421
2021-10-13,2.5891214842391155,2.672549173204135,2.305780537428272,2.5153359626047083,2.700229714995042
2021-10-14,2.5831885046962832,2.6664250188651613,2.300496834503516,2.491646315444488,2.6940421306126425
2021-10-15,2.6031301393027313,2.687009220651067,2.3182561529595853,2.51088126492679,2.714839530293457
2021-10-18,2.572591520898532,2.655486574895059,2.291059533417013,2.4814248640922196,2.682990393290082
2021-10-19,2.6009791221753513,2.6847888926053103,2.3163405327547477,2.5088064748407586,2.7125962055208763
2021-10-20,2.5966021975757303,2.680270933022842,2.312442597637747,2.504584658263379,2.708031451825025
2021-10-21,2.5910894360790593,2.674580537160892,2.3075331261263154,2.4992672562053673,2.702282118510383
2021-10-22,2.6073448014884884,2.6913596893364677,2.3220095828773823,2.514946569292652,2.7192350583294824
2021-10-25,2.6227389279320223,2.7072498513660634,2.3357190504942107,2.529795163718798,2.7352898004156527
2021-10-26,2.6171554366652057,2.7014864466515456,2.330746589536972,2.5244095383890985,2.729466702069804
2021-10-27,2.589421045618558,2.672858387167955,2.306047316257573,2.4976579896202633,2.700542131597801
2021-10-28,2.5699828405525604,2.652793836626801,2.2887363344451885,2.4789086293070324,2.680269765374399
2021-10-29,2.611384719536238,2.6955297832096403,2.3256073918114204,2.518843322046108,2.7234483433472314
2021-11-01,2.5929076072292827,2.6764572941357394,2.3091523254097086,2.501020995601104,2.7041783137243445
2021-11-02,2.580097197683434,2.663234102544084,2.297743825195597,2.488664557158373,2.690818164836961
2021-11-03,2.567960801241329,2.6507066423710217,2.286935577347411,2.47695824636349,2.6781609533057833
2021-11-04,2.5982747486109474,2.6819973776541657,2.3139321127680086,2.5061979379821113,2.7097757778570903
2021-11-05,2.585626601478963,2.6689416769595793,2.302668117753101,2.4939980117508993,2.6965848546295343
2021-11-08,2.5923251267692575,2.6758560447616464,2.3086335887971803,2.500459156893087,2.7035708369967595
2021-11-09,2.597929420909647,2.6816409226680964,2.313624576062009,2.5058648478909302,2.709415630940022
2021-11-10,2.5831718623974265,2.6664078403116167,2.300482013457444,2.4916302629099736,2.694024774134712
2021-11-11,2.6113722378120956,2.695516899294482,2.3255962760268667,2.5188312826452224,2.7234353259887834
2021-11-12,2.605996775281002,2.6899682264992824,2.320809078145531,2.5136463139969574,2.717829183617072
2021-11-15,2.595033660908377,2.678651854351178,2.3110457140454383,2.503071706885364,2.7063956037800287
2021-11-16,2.605971811832715,2.689942458668964,2.3207868465764228,2.513622235195185,2.7178031489001753
2021-11-17,2.6194978402294526,2.7039043280630763,2.3328326517716413,2.52666893262205,2.7319096263385916
2021-11-18,2.5934401607927353,2.677007007849196,2.3096265988840208,2.5015346767055764,2.7047337210181364
2021-11-19,2.6233671747139087,2.7078983417624074,2.336278544983439,2.5304011468967307,2.7359450074575484
2021-11-22,2.661161835420142,2.7469108368642576,2.3699371406135112,2.5668564527797337,2.7753615688388376
2021-11-23,2.6574589239242647,2.743088608700382,2.366639457862436,2.563284763850201,2.771499752499191
2021-11-24,2.6635375235821037,2.749363075382879,2.3720528449403244,2.569147952081715,2.777839206063487
2021-11-25,2.657255055763256,2.742878171419449,2.3664579000480512,2.5630881203023956,2.771287135644536
2021-11-26,2.6485760969088745,2.7339195557454663,2.3587287245213746,2.554716723552952,2.7622357324035223
2021-11-29,2.6643987625479983,2.7502520655288585,2.372819834074563,2.5699786707428527,2.7787374037964154
2021-11-30,2.6491128110470408,2.734473564097309,2.3592067032572044,2.555234417791053,2.762795478816797
2021-12-01,2.640317356100654,2.725394698548507,2.351373780408022,2.546750653300006,2.753622580230266
2021-12-02,2.643329612193929,2.728504016740244,2.354056389747098,2.549656162047176,2.756764102735776
2021-12-03,2.6680767105955887,2.754048525862416,2.3760952852565294,2.573526280870613,2.7825731854191655
2021-12-06,2.640030276445356,2.7250983684998475,2.3511181173632756,2.546473747079627,2.753323180985957
2021-12-07,2.637429917248813,2.7115245626303284,2.348802328914487,2.5439655385616966,2.7506112313092386
2021-12-08,2.695499058538651,2.7171102442600272,2.390914597266385,2.5999768446172964,2.811172321929962
2021-12-09,2.7327403628078604,2.7399072280197925,2.4109747480681465,2.6253548101127735,2.8500117804200458
2021-12-10,2.7258254876324135,2.724597076564895,2.3975026172713916,2.6106847587494943,2.8314289631843583
2021-12-13,2.7374610340903907,2.7342626611921896,2.4060078251205512,2.6199462362310366,2.8414735369289414
2021-12-14,2.7048004747679686,2.7016402615536776,2.3773018233459275,2.5886877421723575,2.807572007789259
2021-12-15,2.7104642772806886,2.7072974466379733,2.382279849698025,2.5941084067557667,2.8134510120044305
2021-12-16,2.741364636268303,2.738161702510511,2.4094387771119226,2.6236822630480034,2.8455254602802156
2021-12-17,2.724402705769242,2.721219589856575,2.3945306059994698,2.6074484809350125,2.8279190446826603
2021-12-20,2.7056005658292452,2.7024394178109383,2.378005038964439,2.5894534866116494,2.8084024990910303
2021-12-21,2.7408172055421667,2.737614911387122,2.408957629583467,2.6231583326421726,2.8449572293895304
2021-12-22,2.726811400964243,2.7236254707994876,2.3966476551246743,2.6097537747206707,2.830419260601678
2021-12-23,2.742817433195358,2.739612802030275,2.4107156686297473,2.6250726937404028,2.8470334576439593
2021-12-24,2.724470081858613,2.7212868872256077,2.3945898241568186,2.607512964677269,2.827988980792284
2021-12-27,2.729982288170249,2.7267926532295803,2.3994346096548824,2.612788540840602,2.8337106287608043
2021-12-28,2.7312834888962194,2.7280923336690206,2.4005782603186727,2.614033883112924,2.8350612698778956
2021-12-29,2.7059163912481696,2.702754874228278,2.37828262407701,2.589755754153475,2.8087303246048876
2021-12-30,2.717715628899205,2.7145403259800975,2.3886532038826442,2.6010484695160874,2.820977885802592
2021-12-31,2.7363409066046036,2.7331438424320234,2.405023323254635,2.6188741940160276,2.8403108491064617
2022-01-04,2.752629076209958,2.7494129813956345,2.4193393127936043,2.634463138706457,2.857217903607789
2022-01-05,2.7557241653154225,2.752504454285566,2.422059646896795,2.6374253606163505,2.8604305936435894
2022-01-06,2.7511468022438037,2.7479324392769193,2.41803651333194,2.6330444963768214,2.855679309196086
2022-01-07,2.787694119721796,2.7844370558914955,2.4501586625585983,2.6680228963169044,2.893615277659638
2022-01-10,2.8010766954730415,2.797803995815579,2.461920869061919,2.6808309796225367,2.907506337433479
2022-01-11,2.8009377322887143,2.7976651949919495,2.461798731612388,2.6806979819041334,2.907362094207382
2022-01-12,2.7937453347483974,2.7904812008477284,2.455477193315449,2.673814342418287,2.8998964145051414
2022-01-13,2.772547132630157,2.769307766115873,2.4368456805597174,2.653526145010939,2.8778927660150484
2022-01-14,2.7222171938702817,2.719036631448583,2.3926097170204828,2.6053567895455783,2.82565049212677
2022-01-17,2.7351913020797176,2.731995581072907,2.4040129134448787,2.6177739401637825,2.8391175642360227
2022-01-18,2.7749684608419147,2.7717262653154786,2.438973833089424,2.65584352949827,2.88040609495462
2022-01-19,2.7893700999448914,2.7861110779461793,2.4516317142226387,2.669626929405527,2.895354938386507
2022-01-20,2.819209285524918,2.8159154002564546,2.4778579556582994,2.698185166757229,2.926327892935732
2022-01-21,2.790448117374822,2.7871878358506996,2.452579204740213,2.6706586692816257,2.896473916140473
2022-01-24,2.7867929645264637,2.7835369535806853,2.4493666197040636,2.667160426264228,2.8926798821934327
2022-01-25,2.7078029217505484,2.704639200561189,2.379940732482765,2.5915612989366483,2.8106885356743296
2022-01-26,2.729199041131315,2.726010321314577,2.3987461985757075,2.6120389173368737,2.8328976214864396
2022-01-27,2.691737935441234,2.688592984132498,2.365820903090012,2.576185956642442,2.794013144536128
2022-01-28,2.6573045427672466,2.6541998224713175,2.3355567235501593,2.543230734115647,2.758271421511994
2022-02-07,2.736997823475968,2.733799991780091,2.405600700288782,2.6195029105030256,2.840992726175286
2022-02-08,2.782190335421331,2.778939702058651,2.445321279330203,2.662755380621353,2.887902371704821
2022-02-09,2.793875875921553,2.7906115895002284,2.4555919284953114,2.673939279668908,2.9000319157175363
2022-02-10,2.816227893570266,2.8129374916767658,2.475237552195634,2.695331761162393,2.9232332200849207
2022-02-11,2.8239424558032056,2.8206430404309892,2.4820180312120232,2.702715149650725,2.9312409046367387
2022-02-14,2.7623859761519456,2.7591584816486563,2.4279148422046157,2.6438011906319296,2.8673455264825507
2022-02-15,2.745546164814869,2.742338345476092,2.413114004002357,2.6276842853017777,2.8498658700836867
2022-02-16,2.7682013748657495,2.764967085813275,2.4330261094107466,2.649366943635415,2.8733818869443737
2022-02-17,2.760528922688667,2.7573035979146976,2.426282641742701,2.6420238574859933,2.8654179124610706
2022-02-18,2.799527045417516,2.7962561563278308,2.4605588514429058,2.679347853550644,2.9058978069121535
2022-02-21,2.7964066902785376,2.7931394469245125,2.4578163105307094,2.676361450237405,2.902658890835245
2022-02-22,2.7637587639728727,2.760529665542694,2.4291214121605886,2.645115046880399,2.8687704747161167
2022-02-23,2.7586087041416034,2.7553856228972706,2.424594924258272,2.6401860708316924,2.863424733336819
2022-02-24,2.708118747169473,2.7049546569785288,2.380218317595335,2.5918635664784735,2.8110163611881864
2022-02-25,2.707188114935041,2.704025112068767,2.3794003667969603,2.59097288478856,2.8100503686740206
2022-02-28,2.7079334629237035,2.7047695892136887,2.3800554676626264,2.5916862361872686,2.810824036886723
2022-03-01,2.7298938570529496,2.7267043254327246,2.399356885823362,2.6127039059288895,2.833618837616925
2022-03-02,2.728420005097967,2.7252321954851384,2.3980614886313663,2.6112933240670357,2.832088985218925
2022-03-03,2.7532312500087084,2.7500144516313623,2.4198685750749043,2.635039462152871,2.8578429575875437
2022-03-04,2.724988035545649,2.721804235750044,2.395045063741433,2.6080086834458616,2.8285266146350097
2022-03-07,2.6827179614767376,2.679583548853269,2.357893072274998,2.567553195647896,2.784650447860366
2022-03-08,2.6017908561314163,2.598750996474088,2.2867646630299334,2.490100160730451,2.7006484381896056
2022-03-09,2.5584680306660887,2.55547878818618,2.24868738785493,2.4486371144597325,2.655679519702105
2022-03-10,2.575531025299205,2.572521846893664,2.263684386203405,2.4649676221861077,2.6733908394640946
2022-03-11,2.5871576117212283,2.5841348491373384,2.2739032194808337,2.4760950979591887,2.6854591893808903
2022-03-14,2.5261190857570055,2.523167638879443,2.220255270058042,2.417676857708988,2.622101445069428
2022-03-15,2.375268232661707,2.3724930357012033,2.087669516889869,2.2733017890313096,2.4655188666306906
2022-03-16,2.4599599770006138,2.4570858285750767,2.162106740676774,2.3543578530473184,2.553428556426629
2022-03-17,2.493311141239085,2.4903980262461722,2.191419728564219,2.3862773054641235,2.588046930689946
2022-03-18,2.5520925682093916,2.5491107746414787,2.24308386971584,2.442535340348743,2.649061815329042
2022-03-21,2.5347474362020352,2.5317859082011704,2.2278388953334685,2.4259348069516697,2.6310576381080066
2022-03-22,2.568174398541049,2.565173815412428,2.25721850364793,2.4579268035785136,2.6657546904946496
2022-03-23,2.5643297504413365,2.56133365929201,2.2538393675442383,2.4542472000360207,2.661763961239295
2022-03-24,2.556994178711107,2.554006658238595,2.2473919906629343,2.4472265325978797,2.6541496673041056
2022-03-25,2.5365876456429715,2.5336239675928716,2.229456291256046,2.4276960191620414,2.6329677681020813
2022-03-28,2.557642673571299,2.5546543954155325,2.2479619654274123,2.447847188617095,2.6548228023592255
2022-03-29,2.5515367154720843,2.5485555713469608,2.242595319917716,2.4420033494751294,2.6484848424246534
2022-03-30,2.600666517640045,2.597627971628359,2.2857764600291826,2.489024088281552,2.6994813793602743
2022-03-31,2.6124952323301796,2.60944286597913,2.2961729477786563,2.5003450152814013,2.7117595376059382
2022-04-01,2.643707205731133,2.6406183721834435,2.3236057591702903,2.530217108881573,2.7441574403887294
2022-04-06,2.677037314941676,2.6739095394267163,2.3529002413835634,2.562116410128923,2.7787539596177893
2022-04-07,2.6381486783580548,2.635066339238261,2.31872026118905,2.524897200145439,2.738387711344844
2022-04-08,2.66693932354725,2.663823346242968,2.344024920050976,2.5524519092582794,2.768272285188063
2022-04-11,2.6130258190339735,2.609972832760261,2.2966392907677746,2.5008528247516684,2.7123102844692184
2022-04-12,2.629532960929783,2.6159548454205352,2.3111477393181263,2.516651341604431,2.72944463132682
2022-04-13,2.616849412105758,2.573712464990017,2.2907999215125057,2.504512277124707,2.7162791586903166
2022-04-14,2.6481624496407674,2.6137570542059283,2.326442652812393,2.5243431719529097,2.7487819656375416
2022-04-15,2.650242686400086,2.603794081235446,2.317574848809703,2.5147210218185205,2.739937478050059
2022-04-18,2.5841194048792167,2.6178141142916607,2.3300537449807655,2.528261444276323,2.7546905701978055
2022-04-19,2.558383549956944,2.591742685807482,2.3068481899167472,2.5030818919643774,2.7272559567908154
2022-04-20,2.5095491740267266,2.542271551334606,2.2628151160947114,2.455303113016879,2.6751981476112308
2022-04-21,2.4482735737833057,2.4801969696120874,2.2075640152541136,2.395352037506276,2.6098779004682195
2022-04-22,2.440253611002893,2.4720724333685156,2.20033255982066,2.3875054331102237,2.601328560293448
2022-04-25,2.3032561955077435,2.3332886886129423,2.076804467262538,2.2534693344268972,2.4552882930003053
2022-04-26,2.2904602420715596,2.3203258868756027,2.065266587407496,2.240949976515504,2.4416477111445323
2022-04-27,2.393866351921058,2.4250803240571397,2.158506007015499,2.3421208744784443,2.5518793959364223
2022-04-28,2.3993466598210063,2.4306320904902465,2.163447501561692,2.347482720815746,2.557721445055849
2022-04-29,2.4638919371979804,2.496018983142837,2.221646811155929,2.410632796580125,2.62652719242396
2022-05-05,2.4586018463639774,2.4906599140437122,2.2168768318988623,2.405457055603499,2.620887916116371
2022-05-06,2.395912470630419,2.427153122406461,2.1603509552607,2.3441227645743603,2.5540605737502426
2022-05-09,2.379425277914533,2.4104509507826575,2.1454847516869275,2.3279919566909384,2.536485103275569
2022-05-10,2.412199164276796,2.4436521806241758,2.175036372448637,2.360057407347881,2.5714223107205476
2022-05-11,2.463732566142729,2.4958575340251765,2.221503109156931,2.410476870467127,2.6263573016897186
2022-05-12,2.4591467925529034,2.4912119658653906,2.217368200024469,2.4059902223124614,2.6214688328205544
2022-05-13,2.467228447354704,2.499398998541605,2.2246552820381797,2.4138971852038678,2.6300839371505162
2022-05-16,2.447265937433972,2.479176194545587,2.206655447776577,2.3943661820821567,2.6088037526001084
2022-05-17,2.4761892134612804,2.50847660538298,2.2327350428205577,2.422664256654072,2.6396361806919435
2022-05-18,2.4664367330802275,2.498596960989355,2.223941407591544,2.4131225845134883,2.629239963825571
2022-05-19,2.474425849849946,2.5066902490166045,2.231145049734869,2.4209390096618626,2.6377564219227465
2022-05-20,2.5272907711774986,2.56024448375548,2.27881239346705,2.4726612103058376,2.69411082257478
2022-05-23,2.5188338232455894,2.5516772644473553,2.2711869164234404,2.4643870665676935,2.6850956529674095
2022-05-24,2.441785629534024,2.4736244281124793,2.2017139532303838,2.3890043357448545,2.6029617034806813
2022-05-25,2.451491840899036,2.483457200181622,2.2104658685242042,2.3985007390139224,2.613308597230661
2022-05-26,2.454422211914956,2.4864257807321577,2.2131081310864276,2.401367767543249,2.616432394602212
2022-05-27,2.460884451155327,2.4929722820514972,2.2189350153683836,2.407690319931606,2.623321189858422
2022-05-30,2.4924450610969635,2.5249444153843728,2.2473926467183656,2.4385687201799158,2.6569650355846535
2022-05-31,2.5489035426703546,2.582139067324695,2.2983002387505365,2.4938068031782756,2.7171501982765363
2022-06-01,2.550132242096328,2.5833837879414987,2.2994081348073285,2.4950089432107476,2.7184600010340816
2022-06-02,2.565293056352377,2.598742286263481,2.3130783669055686,2.5098420434440536,2.734621542172159
2022-06-06,2.636979185204988,2.6713631409944822,2.377716453164592,2.5799786150456865,2.811039490503576
2022-06-07,2.646510602509401,2.6810188398378036,2.38631075981435,2.5893040025779173,2.821200052480515
2022-06-08,2.6737630529574563,2.708626638957786,2.4108838016430276,2.6159673679006548,2.850251368035939
2022-06-09,2.6231139033980817,2.6573170677579996,2.3652143792517557,2.5664130432148196,2.7962589966244993
2022-06-10,2.6682570400485957,2.7030488323444106,2.4059191293550604,2.610580372190288,2.8443819171851823
2022-06-13,2.651769847332709,2.686346660720607,2.391052925781288,2.594449564306866,2.8268064467105085
2022-06-14,2.6562528008868886,2.6908880681593215,2.3950951239466542,2.598835614969275,2.8315853086543554
2022-06-15,2.678112340465295,2.7130326374591074,2.41480547555117,2.620222641823129,2.8548877409768725
2022-06-16,2.6802252921978273,2.7151731402771255,2.416710685924984,2.6222899202890124,2.8571401632921494
2022-06-17,2.7328999964594347,2.768534677682019,2.4642065143680387,2.6738260155723124,2.913291791132346
2022-06-20,2.7633347270107436,2.7993662511191624,2.4916489606283236,2.7036028732804063,2.945735441026349
2022-06-21,2.7455057328296726,2.781304782085376,2.4755728789339537,2.686159268123029,2.9267296001762806
2022-06-22,2.7092154012483056,2.744541255583215,2.442850543097576,2.6506533832308943,2.8880438358854406
2022-06-23,2.7627178067968656,2.7987412867927337,2.49109269482575,2.7029992883268634,2.945077799474443
2022-06-24,2.810416021333191,2.84706144529777,2.534101312461379,2.7496664649849203,2.9959244521292683
2022-06-27,2.8473232731284353,2.8844499361263596,2.56737991410033,2.7857759348305975,3.0352678579720136
2022-06-28,2.884004320845258,2.9216092733685923,2.60045455161167,2.821664090193309,3.0743701285790603
2022-06-29,2.8162304943489893,2.8529517340743586,2.5393441176506326,2.7553552531720578,3.0021227237559773
2022-06-30,2.879094664143146,2.916635598937431,2.5960276029328573,2.8168605599380334,3.069136397895146
2022-07-01,2.867177822011738,2.904563371365252,2.5852824018464817,2.805201310585438,3.0564329552508385
2022-07-04,2.897160144406203,2.9349366376296806,2.6123169198515463,2.8345355393276006,3.088394334673444
2022-07-05,2.8939881463065142,2.931723279384627,2.6094567865166485,2.83143210669147,3.0850129610273966
2022-07-06,2.85122015247943,2.8883976274549656,2.570893659753251,2.78958857978714,3.0394219604415498
2022-07-07,2.8688846346034667,2.906292439335037,2.5868214039002675,2.806871228956905,3.05825243021111
2022-07-08,2.8470148130214956,2.884137453963144,2.5671017811990424,2.7854741423538254,3.0349390371960605
2022-07-11,2.7877184984642662,2.824067966121251,2.513635366475034,2.7274595685691705,2.9717287233654126
2022-07-12,2.745526296836801,2.7813256142295892,2.4755914211273717,2.6861793876214795,2.9267515215613433
2022-07-13,2.770593821527372,2.8067199980268036,2.4981943549052685,2.710705056233754,2.953473689953769
2022-07-14,2.799861544674096,2.8363693472797866,2.5245845316890194,2.7393401324047306,2.9846733012454183
2022-07-15,2.757803009092971,2.793762404325518,2.486661110598581,2.698190728196974,2.939838588444262
2022-07-18,2.7854564576800476,2.8217764302576795,2.511595725198932,2.725246423739515,2.9693173710084255
2022-07-19,2.7594327066579654,2.7954133517545006,2.488130579427046,2.6997851984492494,2.941575858210546
2022-07-20,2.7752926971564094,2.8114801429797684,2.5024312461015357,2.7153023616299032,2.9584827264407827
2022-07-21,2.752559187275009,2.7884502075508752,2.4819328512767074,2.6930602560918637,2.9342486352530655
2022-07-22,2.7407297421739005,2.776466516591607,2.4712664545123633,2.681486514607687,2.9216383584952776
2022-07-25,2.7134104587026746,2.748791013002928,2.446633150555073,2.654757760914982,2.8925157984383967
2022-07-26,2.739146313624947,2.7748624414871066,2.4698387056190914,2.679937313226928,2.9199504118453867
2022-07-27,2.731928347122576,2.7675503588678922,2.4633303957289834,2.6728753692704816,2.912256005688093
2022-07-28,2.7375731670795584,2.7732687824547138,2.4684202278225293,2.678398171595395,2.918273425888028
2022-07-29,2.694399034111671,2.7295316956768203,2.4294908927391043,2.636157284596649,2.8722494779471766
2022-08-01,2.7310029668017592,2.7666129123782492,2.462495997025123,2.671969991840168,2.911269543360235
2022-08-02,2.6695371494923927,2.704345633321749,2.407073380895399,2.611832810968889,2.8457465234053863
2022-08-03,2.6379045655258038,2.672300587484123,2.37855085186845,2.5808839924759996,2.8120259528314326
2022-08-04,2.654875012409228,2.6894923144969622,2.393852796987572,2.59748760857303,2.830116575855099
2022-08-05,2.703123314136261,2.7383697328597307,2.4373574182971627,2.6446929818146625,2.8815496255603734
2022-08-08,2.7047478706994728,2.7400154722526593,2.4388222515772724,2.646282422192324,2.883281414980391
2022-08-09,2.723414848171061,2.7589258511631773,2.455653927653471,2.6645458969115956,2.9031805522717975
2022-08-10,2.6974733531774957,2.7326461012368553,2.4322629506552613,2.6391651496151356,2.875526725014172
2022-08-11,2.7560190814745074,2.7919552158149274,2.485052575319472,2.696445361706314,2.937936908290002
2022-08-12,2.744025124316365,2.7798048677019453,2.4742378410077754,2.6847106642345264,2.9251512604517065
2022-08-15,2.7589340294850806,2.7949081722573026,2.4876809312366315,2.699297300611802,2.9410442646227555
2022-08-16,2.755798018397868,2.7917312702646244,2.4848532467402173,2.6962290770979616,2.9377012534005695
2022-08-17,2.7779403130743017,2.8141622815473566,2.5048185535042458,2.7178927470555228,2.9613051047677104
2022-08-18,2.760342663973435,2.7963351741359816,2.488951071485841,2.7006754862557245,2.942545879499607
2022-08-19,2.7196979038824467,2.755160441096445,2.4523024261929667,2.6609092975665023,2.8992182619215674
2022-08-22,2.750394825524654,2.786257624372321,2.479981285419346,2.690942678879852,2.931941409475131
2022-08-23,2.741470046430554,2.777216473783321,2.4719339734754517,2.682210816551938,2.922427528357565
2022-08-24,2.6623397469971506,2.6970543828467486,2.40058361319871,2.604790986510893,2.8380740386331555
2022-08-25,2.6679177339309628,2.7027051019648733,2.405613183163644,2.610248400465839,2.8440202143316338
2022-08-26,2.654355771229214,2.688966302855552,2.39338460660374,2.596979591237131,2.829563060882245
2022-08-29,2.6478472629728027,2.6823729292117306,2.387516002386591,2.5906117699772584,2.822624942509642
2022-08-30,2.630486099953923,2.6647853914588198,2.3718617555925063,2.5736258834096515,2.804117813169769
2022-08-31,2.5984268128394015,2.6323080786287476,2.342954476052111,2.542259585323895,2.769942373855747
2022-09-01,2.572865751977728,2.6064137233703906,2.319906529632155,2.5172510487487867,2.742694092221797
2022-09-02,2.564095202937097,2.5975288138629975,2.311998284138904,2.508670082659258,2.7333446214922072
2022-09-05,2.5638895628658043,2.5973204924208546,2.311812862204713,2.508468887674744,2.7331254076415723
2022-09-06,2.5978972896558226,2.63177165091523,2.3424770145715685,2.541741508238771,2.769377898190361
2022-09-07,2.6108320501401288,2.6448750696260155,2.35414005423219,2.554396672764711,2.7831664493953125
2022-09-08,2.588772011492212,2.62252738692014,2.334248916241838,2.532813480800956,2.759650283568426
2022-09-09,2.617155482332377,2.6512809539719084,2.359841778708567,2.5605834185385214,2.7899072753023435
2022-09-13,2.617042380293166,2.6511663771787295,2.3597397966447615,2.5604727612970386,2.789786707684494
2022-09-14,2.580844586743881,2.614496595325533,2.3271009006787704,2.5250574141479354,2.7511995896264403
2022-09-15,2.5189726302937117,2.5518178814208,2.2713120762290187,2.464522873182241,2.685243622316587
2022-09-16,2.4567459447205615,2.4887798130283705,2.215203398942786,2.403641270868259,2.618909511114387
2022-09-19,2.447810883622897,2.4797282463672636,2.2071468159021825,2.394899348791119,2.60938466930429
2022-09-20,2.4698349352583375,2.5020394728207638,2.227005505054051,2.4164473316325843,2.6328624727073153
2022-09-21,2.443723787205956,2.4755878577046744,2.203461554960134,2.3909005984739,2.605027794022916
2022-09-22,2.4267687633278787,2.4584117547999957,2.1881735164860765,2.3743120720007083,2.586953612038047
2022-09-23,2.400498244220245,2.431798690566245,2.164485864393161,2.3486094127290253,2.5589490426194055
2022-09-26,2.4008426913396606,2.4321476289818347,2.1647964461329314,2.3489464143280867,2.5593162258192197
2022-09-27,2.4462891470953316,2.4781866676954065,2.2057746935891682,2.393410505905714,2.60776248680959
2022-09-28,2.383301593258399,2.4143778099670485,2.148979955146429,2.33178448214903,2.5406172843600405
2022-09-29,2.396375160790828,2.427621845651281,2.160768154612629,2.344575453289517,2.5545538049141707
2022-09-30,2.3627427271309185,2.3935508737888163,2.130442397275672,2.3116700135722277,2.5187013796427906
2022-10-10,2.29601252399646,2.325950565813458,2.0702729796306545,2.2463822410973857,2.447566485111681
2022-10-11,2.3124637296998705,2.342616281184887,2.0851067343659437,2.2624778398585175,2.465103593162494
2022-10-12,2.3653337920292055,2.396175723959816,2.1327787136464798,2.3142050703771053,2.521463474160793
2022-10-13,2.357246996225623,2.387983483247548,2.125486996084414,2.306293077611086,2.512842889484565
2022-10-14,2.4348401361261143,2.466588371404103,2.1954513274030774,2.382208975142888,2.595557755675477
2022-10-17,2.440813980197165,2.472640109298353,2.2008378345913293,2.388053689443024,2.6019259180364287
2022-10-18,2.4415337204466896,2.4733692343458538,2.2014868113609984,2.3887578718888243,2.602693166513652
2022-10-19,2.40672399737863,2.438105622227121,2.1700995134507974,2.3547005908851917,2.5655857419473858
2022-10-20,2.391588888131492,2.4227731640854064,2.1564524590943313,2.3398926400249502,2.5494516025406377
2022-10-21,2.3793841499002744,2.410409286494228,2.1454476673000884,2.3279517176940354,2.536441260505441
2022-10-24,2.323763651617401,2.3540635444306384,2.0952956696497465,2.273533504257571,2.4771493942548966
2022-10-25,2.316951824255833,2.3471628966596563,2.0891535680796656,2.26686892039554,2.469887935452607
2022-10-26,2.357668558371773,2.3884105422039426,2.1258671110495064,2.3067055273293415,2.513292277878368
2022-10-27,2.338240712636402,2.3687293739574957,2.1083493738168007,2.2876976311673674,2.4925820493396116
2022-10-28,2.272631247890489,2.3022644178418163,2.049190505713125,2.223506371358128,2.422641870294464
2022-10-31,2.2590281571744817,2.2884839544440663,2.0369248447663826,2.2101973231325167,2.4081408740749484
2022-11-01,2.344389350768052,2.3749581850775674,2.113893489649115,2.2937133612043406,2.499136543473603
2022-11-02,2.3817078827058817,2.412763318790443,2.147542935156448,2.330225221019046,2.5389183770176187
2022-11-03,2.374546467223116,2.4055085245678174,2.141085616298242,2.3232186056833406,2.531284254669249
2022-11-04,2.4578923881180184,2.4899412050683187,2.2162371262259017,2.4047629329069258,2.6201316283316793
2022-11-07,2.4681795326844322,2.5003624852115154,2.2255128584838126,2.4148277120072463,2.6310978012097035
2022-11-08,2.4471322713876313,2.4790407856081935,2.2065349235193517,2.394235405342223,2.608661263597195
2022-11-09,2.4195199508148137,2.451068423964461,2.1816373933058393,2.3672199487965857,2.5792263238031587
2022-11-10,2.383795129429502,2.414877781428193,2.149424967788488,2.332267350111865,2.541143397601566
2022-11-11,2.437688251113518,2.4694736233777834,2.198019421191625,2.384995525678411,2.5985938675067755
2022-11-14,2.4225120138521223,2.4540995009476405,2.1843352824483206,2.370147335821267,2.582415885329901
2022-11-15,2.480625897999419,2.512971140497213,2.23673552105073,2.4270050384449657,2.644365719519397
2022-11-16,2.455877115419351,2.4878996549353194,2.214419991270829,2.4027912220586876,2.6179833325954553
2022-11-17,2.4429886239510856,2.474843108549016,2.2027986715454007,2.3901813264042633,2.604244104506897
2022-11-18,2.4355907223863333,2.4673487446679263,2.1961281174628753,2.3829433368363664,2.596357886230297
2022-11-21,2.424357633491973,2.455969185890872,2.185999444307685,2.3719530608072805,2.5843833296393512
2022-11-22,2.3933368287374805,2.4245438963436223,2.1580285455349557,2.3416027973933216,2.551314920271038
2022-11-23,2.390463008741166,2.421632604189676,2.1554372740046346,2.3387910974847363,2.548251406708412
2022-11-24,2.3882009679569465,2.419341068326104,2.153397632728532,2.3365779526550803,2.545840054351425
2022-11-25,2.371168829052135,2.402086844880622,2.138040061029153,2.3199139780626963,2.527683667172568
2022-11-28,2.345859677277794,2.3764476833888892,2.1152192564785812,2.295151905343617,2.5007039225056453
2022-11-29,2.397537027193632,2.42879886179939,2.161815788540809,2.345712204952023,2.5557923631702613
2022-11-30,2.3987965726302996,2.430074830632515,2.1629514978877293,2.3469445242321725,2.5571350480054016
2022-12-01,2.437662546104606,2.4694475831975153,2.1979962434498503,2.3849703763053465,2.5985664657754466
2022-12-02,2.424943707695157,2.4565629020009796,2.1865278968201296,2.3725264665131465,2.585008089113662
2022-12-05,2.4382691843149193,2.470062131451837,2.198543238155714,2.3855639015096637,2.5992131466348205
2022-12-06,2.4585093083318963,2.4905661693947483,2.216793392028475,2.405366517860469,2.6207892698835864
2022-12-07,2.462308508649028,2.4944149080383378,2.220219062262656,2.4090835951993683,2.624839245774071
2022-12-08,2.459511803679448,2.4915817364251946,2.2176973239576565,2.4063473434099754,2.6218579374054323
2022-12-09,2.4826206066909573,2.514991858485999,2.2385341138123835,2.428956629794753,2.6464920938705587
2022-12-12,2.4594244066491484,2.4914931998122842,2.2176185196356255,2.4062618355415566,2.6217647715189125
2022-12-13,2.439086603598308,2.470890209184356,2.1992802903441246,2.3863636515731077,2.6000845216910955
2022-12-14,2.4388706815234507,2.470671471670106,2.199085597313224,2.386152396839368,2.5998543471479287
2022-12-15,2.449718195284137,2.481660427743142,2.2088666043418055,2.3967654322724896,2.611417877768934
2022-12-16,2.431832650083461,2.463541670312767,2.192739531615533,2.3792664984943714,2.592351753109941
2022-12-19,2.3965602368549925,2.4278093349492122,2.1609350343534013,2.3447565287755814,2.5547510973797447
2022-12-20,2.361493463697817,2.392285321027801,2.1293159590254613,2.3104477540413058,2.5173696555001843
2022-12-21,2.3563730259226303,2.3870981171184438,2.1246989528641027,2.3054379989269034,2.511911230619369
2022-12-22,2.344733797887468,2.375307123493158,2.1142040713888854,2.294050362803403,2.499503726673419
2022-12-23,2.335557109706034,2.366010779137533,2.1059296175756064,2.2850720366194586,2.4897213085888246
2022-12-26,2.370207461718842,2.401112942138605,2.1371732134868098,2.318973391510093,2.526658842420849
2022-12-27,2.4001795021097427,2.4314757923309265,2.164198460395165,2.3482975605030303,2.5586092611509232
2022-12-28,2.382931441130073,2.4140028313711936,2.148646195664885,2.331422331176906,2.540222699428899
2022-12-29,2.379034561779078,2.4100551400425863,2.1451324500119635,2.3276096862203626,2.5360685969593626
2022-12-30,2.378926600741649,2.4099457712854613,2.145035103496513,2.3275040588534925,2.535953509687779
2023-01-03,2.391295851029901,2.4224763060303545,2.156188232838109,2.339605937172019,2.5491392228034844
2023-01-04,2.3750502853977835,2.4060189121010684,2.1415399000370106,2.323711533395401,2.5318213286033067
2023-01-05,2.4348452771278977,2.4665935794401586,2.1954559629514323,2.382214005017503,2.595563236021745
2023-01-06,2.455666334346276,2.487686125457123,2.2142299337882827,2.4025849971995608,2.6177586383985547
2023-01-09,2.4799678497712825,2.5123045118823555,2.236142170861318,2.4263612144945204,2.6436642351973645
2023-01-10,2.4974575378347206,2.530022250536606,2.2519123063642725,2.443472847927449,2.662308373193885
2023-01-11,2.4795257236180035,2.5118566207817485,2.235743513702807,2.425928645277815,2.643192925418499
2023-01-12,2.486975035200579,2.519403065023374,2.2424604232688803,2.43321693359184,2.6511339471577577
2023-01-13,2.5140321275809066,2.546812958773321,2.2668573142600765,2.4596891636792892,2.679977009555079
2023-01-16,2.5634422957107432,2.596867393284197,2.3114095694978474,2.508031288583427,2.732648617516442
2023-01-17,2.570110175022406,2.6036222160456783,2.3174218757139937,2.5145550359562976,2.7397566266232865
2023-01-18,2.568202863361167,2.601690034669803,2.315702087274371,2.512688952474929,2.7377234181586454
2023-01-19,2.5910854622942545,2.6248710031442504,2.336334913001488,2.5350769243767415,2.7621164393880733
2023-01-20,2.611906519512633,2.645963549161215,2.3551088838383385,2.555447916558799,2.784311841764883
2023-01-30,2.6367015711087425,2.6710819070475904,2.377466133553433,2.579707001816593,2.8107435518052175
2023-01-31,2.6114746753629188,2.645526074132715,2.354719497776537,2.5550254070913194,2.783851492678549
2023-02-01,2.644994006983617,2.679482469202001,2.384943273049689,2.5878201895671253,2.8195833503320795
2023-02-02,2.6433283224061466,2.6777950655206437,2.383441355382741,2.586190510192561,2.817807718141935
2023-02-03,2.619720842221753,2.6538797639626432,2.362154917337601,2.5630933259703363,2.792641968089019
2023-02-06,2.585409796326578,2.6191213313411073,2.3312172676178133,2.5295239428041505,2.7560661371105426
2023-02-07,2.582911269460373,2.616590225819072,2.3289643911173914,2.527079423742304,2.7534026888253256
2023-02-08,2.5676990451865005,2.601179647136554,2.3152478035356037,2.51219602476287,2.7371863442245896
2023-02-09,2.6121738516053137,2.646234367036001,2.3553499323527873,2.5557094700386678,2.7845968197707087
2023-02-10,2.5906433361409755,2.6244231120436434,2.3359362558429773,2.534644355160036,2.7616451296092075
2023-02-13,2.6212528607528833,2.655431758706608,2.3635363107473246,2.564592228604967,2.7942751112762507
2023-02-14,2.618214528699535,2.652353809398947,2.360796701669651,2.561619572708771,2.7910362266331163
2023-02-15,2.605408293259786,2.6393805915895,2.3492495507178988,2.549090155048152,2.7773846840848115
2023-02-16,2.5703415201026103,2.603856577668089,2.3176304753899584,2.5147813803138765,2.7400032422052507
2023-02-17,2.5314087136051335,2.564416120634392,2.2825254676992253,2.476690139870735,2.698500579933749
2023-02-20,2.5826645013748215,2.6163402400885,2.328741884796361,2.526837989760887,2.7531396322045625
2023-02-21,2.587569017075151,2.610823471657673,2.3331641979268194,2.53163649014155,2.758367882542211
2023-02-22,2.5661310396428942,2.5926012582615936,2.3045786254422462,2.5106619130059498,2.7355148386134958
2023-02-23,2.5688711935928685,2.5927712334642834,2.3047297174074015,2.5032894648299027,2.7384358631732093
2023-02-24,2.540513427761615,2.5730453932751765,2.2871953011434876,2.484244403201256,2.6973734480779386
2023-02-27,2.5150207833516594,2.5607679536347185,2.276281812275736,2.4723906827841335,2.684502769704715
2023-02-28,2.530867114492806,2.5769025228746814,2.2906239265066257,2.4879684154728756,2.7014169519332114
2023-03-01,2.570654161482801,2.6174132795158096,2.3266341782019584,2.5270810641335624,2.7438851647408504
2023-03-02,2.582485403858309,2.6294597272141504,2.3373423369632174,2.538711764606735,2.7565136897758493
2023-03-03,2.6024238723768027,2.649760868089285,2.355388141416887,2.5583122721335214,2.7777957699542233
2023-03-06,2.5759790766474655,2.622835052647769,2.331453624475116,2.5323157209311846,2.7495689147927824
2023-03-07,2.5562460710935246,2.6027431120220994,2.313593779363176,2.5129171937309946,2.7285061432980844
2023-03-08,2.549238927906583,2.5956085118476477,2.3072517909796084,2.5060288230093652,2.721026803398557
2023-03-09,2.540065862634979,2.5862685923767557,2.298949481201975,2.4970112430115328,2.711235584458614
2023-03-10,2.49740661461967,2.5428333905816523,2.2603396728753813,2.455075077701968,2.665701619010423
2023-03-13,2.519571222993354,2.575703979778789,2.2895585344446334,2.4868112365184176,2.700160495932985
2023-03-14,2.500352285316401,2.554491946150777,2.2707030320238495,2.4663312729862428,2.6779235091944393
2023-03-15,2.494576101861579,2.5816618285500015,2.294854501530972,2.4925634679029423,2.706406224486835
2023-03-16,2.449742416100424,2.558257550641141,2.2740503001749808,2.469966918864977,2.6818710655006037
2023-03-17,2.4514857732886064,2.584839057338746,2.297678759033489,2.4956310441131238,2.698898027219681
2023-03-20,2.450120493562921,2.5652483256440854,2.2802644415111093,2.476716428112071,2.6973949588362522
2023-03-21,2.488043763481761,2.5576960571715777,2.2826819129535934,2.4793421723578235,2.7391455737021
2023-03-22,2.494817651351507,2.564659578694176,2.2859258961870057,2.4928369829285413,2.746603105296803
2023-03-23,2.520411395132236,2.5909698142764572,2.3093766688946022,2.5007364503334175,2.774779856453843
2023-03-24,2.527316559898682,2.598068287766547,2.315703662351822,2.5075877117030334,2.7823819138546444
2023-03-27,2.532473116401078,2.6033692010496416,2.3204284589867954,2.512704014870306,2.788058887518209
2023-03-28,2.5096519406786633,2.5799091510207957,2.2995181064658237,2.490060986800076,2.7629345213859775
2023-03-29,2.5201593434905707,2.5907107064988715,2.3091457216049083,2.500486366268214,2.774502366906132
2023-03-30,2.5417937760668137,2.6129507907415883,2.328968697303575,2.521951915198115,2.79832021975123
2023-03-31,2.549848926448356,2.62123144346691,2.33634938777002,2.5299441851152187,2.807188323213458
2023-04-03,2.579617275544162,2.651833151615444,2.3636252249631604,2.5594801552325994,2.839960995004443
2023-04-04,2.567035697764386,2.6388993550509907,2.3520971060859748,2.54699679231123,2.8261096417479252
2023-04-06,2.5731584522264974,2.6451935148148276,2.3577072006647724,2.5530717510617795,2.8328503253443778
2023-04-07,2.5907390542326283,2.6632662823013846,2.3738157741208727,2.5705151146096696,2.852205221297141
2023-04-10,2.571415095038315,2.6434013526865314,2.3561098152443947,2.5513420029441276,2.8309310226393847
2023-04-11,2.5721187392046296,2.6335481964513603,2.356754543094788,2.5520401542928184,2.8317056809600745
2023-04-12,2.5658489546182133,2.654640862607615,2.3510097292636694,2.5458193131709,2.824803128460791
2023-04-13,2.5409431017761945,2.6447670493199764,2.32818925020086,2.5211078814780556,2.7973836925277094
2023-04-14,2.5596264297146094,2.6578811852345177,2.345308218049368,2.5396453628112075,2.8179526052517034
2023-04-17,2.574959571249228,2.7108617702878672,2.3593575115057046,2.5548588101110403,2.834833219404054
2023-04-18,2.5688683232423246,2.7149764035784987,2.353776285338119,2.548815111868641,2.8281272220010654
2023-04-19,2.5422873771984076,2.6868836280005968,2.329420969079224,2.5224416631591366,2.798863636782162
2023-04-20,2.5166726291142063,2.6598120042809197,2.305950950764153,2.49702687003291,2.7706637614961465
2023-04-21,2.4577555578750214,2.5975439398826454,2.2519670217983676,2.4385697197917726,2.7058005797189635
2023-04-24,2.4088417861644156,2.5458481270600144,2.2071488133922816,2.390037780888369,2.6519502643665165
2023-04-25,2.3711180571285597,2.5059788066823674,2.1725837023681995,2.3526085324630275,2.6104193287259387
2023-04-26,2.3896806103220105,2.5255971317846755,2.18959200797373,2.37102618184827,2.630855277708322
2023-04-27,2.395593321749401,2.5318461371779426,2.1950096464777826,2.3768927372111506,2.6373647200150163
2023-04-28,2.413520494762821,2.5507929439387,2.211435772457211,2.394679966348694,2.6571011640958804
2023-05-04,2.3872913708020613,2.523072000830912,2.1874028201235127,2.368655593313535,2.6282249080373217
2023-05-05,2.3681932078700725,2.5028876024158926,2.1699037515273845,2.349706515289737,2.6071992937660546
2023-05-08,2.379913609207493,2.5152746184352286,2.180642800498118,2.3613354243216635,2.6201025577345636
2023-05-09,2.3632204390230576,2.497632000189051,2.1653473539578125,2.3447725650866746,2.6017246562310286
2023-05-10,2.365373380128946,2.4999073929166173,2.158650748609046,2.3469086998102813,2.6040948794510506
2023-05-11,2.367657598131535,2.5023215291031815,2.1518045028629187,2.339778386304576,2.6066096284771714
2023-05-12,2.3319082736220547,2.4645389103488635,2.1275843919625688,2.3134424938370484,2.5569833515164797
2023-05-15,2.3670100984684015,2.5116839377163624,2.1488406850842154,2.3365556600902155,2.5825296884008506
2023-05-16,2.3491629028093857,2.490200722933494,2.1326384812273047,2.318938090118379,2.563057480540846
2023-05-17,2.335577040131855,2.4757991993010537,2.120304839523649,2.3055270259421285,2.548234606008134
2023-05-18,2.3441798924681327,2.4849185452099603,2.1281147593545473,2.31401919221225,2.5576207601178025
2023-05-19,2.3211358561390436,2.4604910030172173,2.1071947122265073,2.29127164519042,2.532478531954531
2023-05-22,2.326565619131581,2.4662467552952756,2.1121240091637192,2.2966315477364088,2.538402682484468
2023-05-23,2.289435509891472,2.426887447874856,2.0784162149179766,2.259979162112502,2.4978918247115356
2023-05-24,2.2430075997464196,2.377672123016271,2.0281225358714425,2.214148603000914,2.4472365882182108
2023-05-25,2.2376771151208343,2.3720216095281073,2.0196352462854046,2.200051154680061,2.4414207554898053
2023-05-26,2.2509575059000504,2.3860993214993345,2.01324568051809,2.1930908030174825,2.446086703101425
2023-05-29,2.2525605918752145,2.3973882055383666,1.9897943216781393,2.1675445123248718,2.4175933813060935
2023-05-30,2.256977509806073,2.3912737670831827,1.993695996176859,2.1717947270613602,2.422333902646088
2023-05-31,2.2317543102338546,2.3645497190158484,1.9714151396865245,2.147523500789696,2.395262737252755
2023-06-01,2.2487464533325676,2.3825529405198003,1.9864251109933628,2.1638743268935983,2.41349980170191
2023-06-02,2.2850743042203674,2.421042396646445,2.0185152361940077,2.1988310930380575,2.452489195452382
2023-06-05,2.2608488084631193,2.3953754184655813,1.9971156991198544,2.1755199152715763,2.426488830173495
2023-06-06,2.224235157003323,2.3565831558610415,1.9647731126281163,2.140288135232403,2.3871926968069057
2023-06-07,2.200155159719092,2.3310703337052887,1.9435021013021565,2.117116964539595,2.361348489878042
2023-06-08,2.201345129373405,2.332331109767798,1.9445532583141645,2.1182620223921313,2.362625642097876
2023-06-09,2.2140346747700583,2.345775717386345,1.9557625396387206,2.1304726393174303,2.3762448810534833
2023-06-12,2.229457512909808,2.3621162560480364,1.9693862689471908,2.1453133891267218,2.3927976661559582
2023-06-13,2.240707662698406,2.3740358201324576,1.9793240634056941,2.1561389360731895,2.4048720528631207
2023-06-14,2.242100290940135,2.375511313515656,1.9805542384241137,2.1574790037783407,2.406366711356201
2023-06-15,2.299967112208414,2.4368213669309498,2.031670764562632,2.21316181707897,2.468473117994058
2023-06-16,2.321745115794563,2.4598952205465654,2.0509083149439653,2.2341178758561737,2.4918466767421954
2023-06-19,2.306005298838599,2.443218841973027,2.037004583112646,2.218972110636382,2.474953689520027
2023-06-20,2.3024925499900575,2.4394970750810785,2.033901604334841,2.2155919398577155,2.471183580783749
2023-06-21,2.251817510388023,2.3858067337640936,1.9891379223212966,2.1668294761986155,2.4167958583041886
2023-06-26,2.2328871197737685,2.3657499337827796,1.9724158044403144,2.1486135558632897,2.3964785415493655
2023-06-27,2.247062828144805,2.380769135086382,1.9849378844785575,2.1622542450411015,2.4116928265087827
2023-06-28,2.241476726055778,2.374850644836612,1.9800034137890006,2.1568789734626015,2.405697461284672
2023-06-29,2.229072981231121,2.3617088436959595,1.9690465937555377,2.1449433704320158,2.392384961945182
2023-06-30,2.2552886882442738,2.389484456077439,1.992204179456761,2.170169644956232,2.4205213503690315
2023-07-03,2.2793946673986873,2.4150248060948196,2.0134981418091846,2.1933658169121966,2.4463934427175427
2023-07-04,2.2868722496369283,2.4229473246710236,2.020103447225252,2.2005611804484397,2.454418866491957
2023-07-05,2.269583913218146,2.404630285544526,2.004831834216735,2.1839253399445613,2.435863908258826
2023-07-06,2.2493752145909602,2.3832191147711708,1.98698052583377,2.164479357461969,2.4141746288573684
2023-07-07,2.2286157003159266,2.3612243533313273,1.9686426556897885,2.1445033482004736,2.3918941785593946
2023-07-10,2.2537817397737463,2.3878878401030827,1.9908730199219047,2.1687195716931953,2.4189039960295045
2023-07-11,2.2689083845934266,2.4039145611422277,2.0042351075286957,2.18327530710251,2.435138887348003
2023-07-12,2.2561980537006274,2.3904479312343785,1.9930074653829688,2.1710446891666857,2.4214973400566775
2023-07-13,2.2956853000024995,2.4322847753348467,2.027888435401521,2.2090416089108915,2.4638776008362275
2023-07-14,2.281987658042803,2.417772086685178,2.015788654250198,2.1958609429751466,2.4491764075983156
2023-07-17,2.261794548537727,2.3963774326287997,1.9979511164831114,2.1764299612504483,2.427503859448647
2023-07-18,2.2595237330838622,2.3939714975226143,1.9959451967702404,2.1742448508506302,2.425066673771497
2023-07-19,2.2477435531435614,2.381490365061006,1.9855392013718909,2.162909278135784,2.4124234245035354
2023-07-20,2.236555759843399,2.3696368678444895,1.9756564893768986,2.15214373422089,2.4004159628035255
2023-07-21,2.2328455487814782,2.3657058892041776,1.9723790827979746,2.14857355384224,2.3964339248779307
2023-07-24,2.2100022885178867,2.3415033932618616,1.9522005403316558,2.1265924432756482,2.3719170639242653
2023-07-25,2.2697657863094163,2.404822980575914,2.0049924914019766,2.1841003487866515,2.436059106196355
2023-07-26,2.2690642758145154,2.4040797283119897,2.0043728136874743,2.1834253146814446,2.435306199865886
2023-07-27,2.2565098361428055,2.3907782655739016,1.9932828777005258,2.1713447043245555,2.421831965092443
2023-07-28,2.291512611651348,2.427863800757578,2.0242025005515547,2.205026406048068,2.459399202440917
2023-07-31,2.3108898904327244,2.4483940799588737,2.0413193760877015,2.223672348109674,2.4801961484136688
2023-08-01,2.304446386627708,2.441567170275418,2.0356275215248636,2.2174720348470323,2.4732805643412066
2023-08-02,2.2945680795846943,2.431101077284894,2.0269015412636096,2.207966554595192,2.462678527791407
2023-08-03,2.313592004931602,2.4512569775680646,2.043706282839859,2.2262724794778785,2.483096232056959
2023-08-04,2.3195210677070244,2.4575388355913086,2.048943707078728,2.231977767730035,2.4894596848204102
2023-08-07,2.3008920667868753,2.437801358804866,2.0324878211047173,2.2140518620473166,2.4694658389334925
2023-08-08,2.295030556873925,2.4315910732218513,2.0273100695346518,2.208411577079365,2.4631748882611233
2023-08-09,2.28821811051233,2.424373267903294,2.021292310396038,2.20185624587991,2.4558633312296725
2023-08-10,2.2977326713728026,2.434453970831042,2.0296969762868096,2.2110117084475696,2.466074971904414
2023-08-11,2.2473018613504743,2.38102239141335,1.9851490339220181,2.1624842566621347,2.4119493723695364
2023-08-14,2.2236323776151106,2.3559445094713003,1.9642406488141742,2.139708105927188,2.3865457550710953
2023-08-15,2.2012256127705685,2.332204481604315,1.9444476835924347,2.118147016581614,2.3624973691675
2023-08-16,2.180019210328413,2.30973624094449,1.9257150557932887,2.0977409855938385,2.3397372896515973
2023-08-17,2.1963877885427703,2.3270787937693984,1.9401742024650142,2.1134917813820016,2.357305104029224
2023-08-18,2.162824408642284,2.291518302119849,1.9105260664800383,2.081195149637321,2.3212827189291954
2023-08-21,2.131417523966864,2.258242622985327,1.8827828656914962,2.0509736227345727,2.28757482365987
2023-08-22,2.133168702017098,2.2600980008589757,1.8843297648751063,2.0526587078712746,2.2894543009440795
2023-08-23,2.087476985115879,2.2116875034020183,1.8439680897371762,2.00869148648546,2.2404150019528193
2023-08-24,2.117101513496847,2.243074771228939,1.8701368501103526,2.037197926735719,2.2722099574343586
2023-08-25,2.09692399311388,2.2216966338895365,1.8523130829591434,2.017781945768914,2.250554140536478
2023-08-28,2.113999278197174,2.2397879445506943,1.8673964975506636,2.034212775914915,2.268880438328504
2023-08-29,2.16107323059205,2.2896629242461994,1.9089791672964285,2.079510064500619,2.3194032416449866
2023-08-30,2.168462474471674,2.297491848092872,1.9155064392225214,2.0866204237421324,2.3273338549926006
2023-08-31,2.153855467055624,2.282015684286264,1.9026033721449915,2.072564713595934,2.3116566720670426
2023-09-01,2.1644612664637197,2.2932525574023392,1.911971981147211,2.082770229216137,2.3230395003669586
2023-09-04,2.2003110509401793,2.3312355008750503,1.9436398074609353,2.117266972118529,2.361515802395925
2023-09-05,2.18937268359376,2.3196462711301518,1.933977425319989,2.1067414403299316,2.349776040724527
2023-09-06,2.1820873671948617,2.3119274587299863,1.927541957499748,2.099731086141041,2.341956969055501
2023-09-07,2.139612205822115,2.2669249105424316,1.8900216194379444,2.0588590211339164,2.2963698850165426
2023-09-08,2.1273955304627648,2.2539813100054924,1.8792300467950154,2.0471034271980524,2.2832581606985105
2023-09-11,2.145811480047425,2.273493058326595,1.8954977343520292,2.064824322522893,2.3030233461443226
2023-09-12,2.1405787313928673,2.2679489469949496,1.8908753976223698,2.059789068123312,2.297407222627412
2023-09-13,2.123035772646306,2.249362134824509,1.8753788645545146,2.042908215240507,2.27857898728174
2023-09-14,2.111104897858952,2.236721340765465,1.8648397532026793,2.031427635199357,2.265774002579825
2023-09-15,2.1048068925269523,2.2300485871071194,1.8592764243880346,2.025367329010388,2.2590145768573864
2023-09-18,2.1176939001369854,2.2437024064740307,1.87066013351371,2.0377679555356716,2.272845745002311
2023-09-19,2.1044379499703747,2.2296576914720183,1.8589505198122591,2.0250123110735756,2.2586186038983986
2023-09-20,2.087185988169846,2.2113791913517975,1.84371103824079,2.008411472338115,2.240102685252773
2023-09-21,2.066010763971908,2.188943984125925,1.8250059516733994,1.9880354428661267,2.217376068240447
2023-09-22,2.103616922872638,2.2287878110446098,1.8582252673760264,2.0242222711578517,2.2577374246375523
2023-09-25,2.095110458575209,2.2197751891479833,1.850711101312022,2.016036857600638,2.248607738245116
2023-09-26,2.076985505936581,2.200571752877101,1.8347004652513943,1.9985959764231422,2.2291548694993506
2023-09-27,2.093712633959443,2.2182941901924598,1.84947633608831,2.0146917896428556,2.2471075026681064
2023-09-28,2.0879706406493277,2.2122105327729287,1.844404159239975,2.009166510485421,2.240944824926114
2023-10-09,2.0835277408482877,2.2075032684347393,1.8404795337147923,2.004891294485777,2.2361764181664725
2023-10-10,2.0705731803757828,2.193777876627598,1.8290361519203127,1.9924256646762881,2.2222727479304654
2023-10-11,2.0805294330293407,2.204326553203002,1.8378309852609556,2.002006148717596,2.2329584407392056
2023-10-12,2.1024217568442887,2.227521529409776,1.8571695201587266,2.0230722130526853,2.2564546953337903
2023-10-13,2.078326170437948,2.2019921905370463,1.8358847382168886,1.9998860416019832,2.2305937571531382
2023-10-16,2.045744905230323,2.1674722520569913,1.8071041510322163,1.9685344576045924,2.195625440915767
2023-10-17,2.0508373517859013,2.172867712935852,1.8116025522189756,1.9734347051831322,2.201090983166585
2023-10-18,2.0272614027831914,2.1478889312956593,1.7907767908063987,1.9507485589955467,2.175787753378873
2023-10-19,1.9959376600923522,2.1147013413183435,1.7631070333025385,1.9206070361348972,2.142169091452418
2023-10-20,1.9857787488513783,2.1039379474222497,1.7541331819554835,1.9108315422409738,2.131265892370431
2023-10-23,1.9502979069314963,2.0663458995846398,1.7227912602175346,1.8766898172753943,2.0931855633004517
2023-10-24,1.9676537962127512,2.0847345111513675,1.7381225458948562,1.8933906610634783,2.1118130236246655
2023-10-25,1.9699142189185432,2.087129435112902,1.7401192851971419,1.895565770958034,2.1142390551339565
2023-10-26,1.9700077536511964,2.0872285354147584,1.7402019088924086,1.8956557755053947,2.1143394426446855
2023-10-27,2.0195811619575346,2.1397516953987656,1.7839924673839194,1.9433581856066882,2.167544823331212
2023-10-30,2.0542773513979347,2.176512401815245,1.814641268122684,1.976744872424962,2.2047830127278507
2023-10-31,2.041281219933139,2.1627429654295005,1.8031611646858636,1.964239240594424,2.1908347258204084
2023-11-01,2.029838804305198,2.150619695169041,1.7930535326315338,1.9532286843006035,2.178553987007858
2023-11-02,2.0088142749543128,2.1283441495406032,1.7744815620176289,1.9329976621549187,2.155989105429484
2023-11-03,2.0364485920793762,2.157622783166908,1.798892273763735,1.9595890056474425,2.1856480377660614
2023-11-06,2.079090037421285,2.2028015096688747,1.8365594983949023,2.0006210787387646,2.2314135884907613
2023-11-07,2.0731921528900803,2.1965526850795825,1.8313496153877886,1.994945792002395,2.2250835982308863
2023-11-08,2.069201337630199,2.1923244055337,1.8278243377230632,1.991105597981662,2.220800397773103
2023-11-09,2.0717839355262417,2.1950606749794077,1.8301056697534908,1.99359072353935,2.223572208486017
2023-11-10,2.057327622957245,2.179744172770235,1.8173357186294465,1.9796800207194551,2.208056760994412
2023-11-13,2.0570158405150667,2.1794138384307127,1.81706030631189,1.9793800055615853,2.207722135958648
2023-11-14,2.0561012786846775,2.178444857701448,1.8162524301803904,1.9784999610985008,2.2067405691870725
2023-11-15,2.0744392826587936,2.19787402243767,1.832451264658015,1.9961458526338742,2.2264220983739436
2023-11-16,2.043619588249476,2.165220472975915,1.8052267570675382,1.9664893542784476,2.193344413588641
2023-11-17,2.0453447844295285,2.167048322987937,1.806750705224685,1.9681494381519935,2.1951960054532034
2023-11-20,2.047366173929651,2.169189990622505,1.8085362950835107,1.9700945364255158,2.197365491101742
2023-11-21,2.043588410005258,2.165187439541963,1.8051992158357824,1.9664593527626604,2.1933109510850644
2023-11-22,2.0108096825842536,2.130458289313544,1.776244200849991,1.9349177591652853,2.158130705658376
2023-11-23,2.022595058898591,2.1429449273474783,1.7866547864536335,1.946258332132763,2.1707795320102674
2023-11-24,2.0024227348896595,2.1215722955804015,1.768835609507717,1.9268473514185889,2.140532775027531
2023-11-27,1.9836219418438703,2.1100931772820104,1.7592650314726226,1.9164218246826146,2.1263231084273078
2023-11-28,1.9823570670415012,2.1103935833303717,1.7665818187090447,1.924392227376688,2.1249672389116454
2023-11-29,1.964792555581329,2.091694614866935,1.7458868230648437,1.9094864742831916,2.106139141773698
2023-11-30,1.970297635687095,2.0975552571922185,1.750778559237841,1.8995476521373238,2.1120402556884557
2023-12-01,1.9711420833534494,2.098454246060653,1.7515289234680333,1.9003617771471308,2.1129454526662417
2023-12-04,1.9655148278406365,2.0924635372607874,1.7465286239596038,1.8949365866562469,2.1069133740823576
2023-12-05,1.9352045467099996,2.06019557511081,1.7195953376546214,1.8657146953467922,2.0744225804328917
2023-12-06,1.932200469054373,2.0569974700299114,1.7169259568187039,1.8628184889289259,2.0712023903331938
2023-12-07,1.934830833700209,2.059797724717971,1.7192632615697705,1.8653544017254309,2.074021982621446
2023-12-08,1.9343421320720209,2.0592774588196434,1.7188290082280424,1.8648832485282663,2.0734981239449404
2023-12-11,1.9475981637366226,2.0733896713117907,1.7306081301224203,1.8776632790013634,2.0877077905451626
2023-12-12,1.9606134379814557,2.087245576339321,1.7421733183852117,1.8902111972376223,2.1016593797091656
2023-12-13,1.9381583168450776,2.0633401234080573,1.722220015940655,1.8685624007002446,2.0775888439041257
2023-12-14,1.9341229350182008,2.059044104262304,1.7186342328321198,1.8646719224618904,2.073263157920919
2023-12-15,1.9263324561217907,2.050750453765428,1.7117117236786876,1.8571611862012032,2.0649122343130895
2023-12-18,1.923482894422135,2.04771684452003,1.7091796435316986,1.8544139473383225,2.061857676000816
2023-12-19,1.9215999557958807,2.0457122906176486,1.707506490950334,1.8525986217845403,2.059839279335455
2023-12-20,1.9077474206733431,2.030965047690777,1.695197324535905,1.8392435072619622,2.0449901969977327
2023-12-21,1.9166446650218267,2.0404369474279846,1.703103289786781,1.8478212669397585,2.054527506431767
2023-12-22,1.922041943297845,2.046182825216872,1.7078992347814559,1.8530247382790352,2.0603130632855304
2023-12-25,1.922426436490611,2.046592152063351,1.7082408899841395,1.8533954249856286,2.0607252168030756
2023-12-26,1.9154911854435297,2.0392089668885487,1.7020783241787314,1.8467092068199797,2.0532910458791314
2023-12-27,1.9264115107969388,2.0508346144254523,1.7117819705427908,1.8572374021595686,2.0649969761578184
2023-12-28,1.9476520646514968,2.073447053579989,1.7306560257115817,1.877715244427522,2.0877655690756596
2023-12-29,1.9582094571780897,2.0846863271776934,1.7400371751086223,1.887893539230981,2.0990824572490006
2024-01-02,1.9546088760645273,2.0808531916620705,1.736837749752654,1.8844222487636337,2.0952228514118025
2024-01-03,1.965579508938485,2.0925323959826256,1.7465860986665973,1.8949989451676368,2.1069827083189536
2024-01-04,1.9634342525265125,2.0902485817083476,1.7446798542179818,1.892930721206553,2.104683122805174
2024-01-05,1.964505084035336,2.091388576103213,1.7456313799226506,1.8939631010062228,2.105830989611047
2024-01-08,1.9453091715516533,2.0709528376556516,1.728574164102708,1.8754564805705254,2.0852541289500577
2024-01-09,1.951037042105564,2.0770506600228202,1.7336638687109052,1.8809786731902376,2.09139406079087
2024-01-10,1.9400053215280828,2.065306422464974,1.723861238129246,1.8703430826365892,2.0795687215491556
2024-01-11,1.940400594903823,2.0657272257650923,1.7242124724497612,1.8707241624284134,2.0799924307728
2024-01-12,1.9447378218539921,2.0703445856127534,1.728066470857599,1.8749056470532517,2.0846416765267897
2024-01-15,1.9531930787005116,2.079345950750738,1.7355796922773532,1.8830572902365532,2.093705202010749
2024-01-16,1.964523051006961,2.091407703525946,1.745647345119038,1.8939804228149422,2.105850249121213
2024-01-17,1.9366454978342897,2.0617295944139693,1.7208757464048645,1.8671039044060804,2.075967193148178
2024-01-18,1.940918043686611,2.066278095539793,1.7246722701057091,1.8712230305195294,2.0805471046655715
2024-01-19,1.934744592236411,2.059705913088855,1.7191866286271127,1.8652712570435788,2.073929536972651
2024-01-22,1.8960257683854789,2.018486317099998,1.6847816304129828,1.8279427592534931,2.0324252925656574
2024-01-23,1.9089727681381388,2.0322695379211444,1.6962861509295035,1.8404248546166189,2.046303695591031
2024-01-24,1.9527546845928727,2.078879241636062,1.735190141485509,1.8826346381038026,2.0932352699627073
2024-01-25,2.0052865162287685,2.134804000221779,1.781869182682016,1.933280142437284,2.149546225785059
2024-01-26,2.0217586358141673,2.1523400213830706,1.7965060747296793,1.9491607766711356,2.1672033447049346
2024-01-29,2.022549182565648,2.153181627983307,1.7972085433707103,1.9499229362547847,2.1680507631522237
2024-01-30,1.9967845452560251,2.125752903784689,1.7743144517516556,1.925083462551312,2.140432625574669
2024-01-31,1.9866296128938226,2.114942084456197,1.7652909227536855,1.9152931762631655,2.129547150429039
2024-02-01,1.971526576546215,2.0988635729071325,1.7518705786707165,1.900732463853724,2.1133576061837864
2024-02-02,1.9602576919432897,2.086866853369216,1.741857207496748,1.8898682254249808,2.1012780414078858
2024-02-05,1.9618531590235506,2.088565368507875,1.7432749169359194,1.8914064020392543,2.102988285910596
2024-02-06,2.0152689656633753,2.1454311962920385,1.7907394457946704,1.9429041393617255,2.1602468096330982
2024-02-07,2.0470812856218257,2.1792982109824655,1.8190074225176114,1.9735741338801132,2.194347698332413
2024-02-08,2.0499128803498565,2.1823126928051306,1.8215235374682133,1.9763040509342744,2.1973829971345205
2024-02-19,2.0770394141086213,2.211191275646883,1.8456277909734073,2.0024565177386697,2.2264610055826317
2024-02-20,2.0912872226068995,2.2263593218738733,1.858288191708352,2.0161927120530727,2.2417337971439992
2024-02-21,2.1108855952549725,2.247223514590646,1.875703027927365,2.035087341004082,2.2627420708326995
2024-02-22,2.129909024811059,2.2674756297799736,1.8926069778619916,2.053427672076074,2.2831340401960984
2024-02-23,2.1303546057073484,2.267949989863743,1.893002914732391,2.0538572529323127,2.283611676048207
2024-02-26,2.0966198197850696,2.2320363409409225,1.8630266619960336,2.02133382488096,2.2474500197611667
2024-02-27,2.112545743433082,2.2489908884511425,1.8771782120735303,2.0366878761297453,2.2645216495720066
2024-02-28,2.097550508915222,2.233027141438474,1.863853659168884,2.0222310945726196,2.248447662387748
2024-02-29,2.1218957554665043,2.2589447992412124,1.88548650027336,2.0457021453872675,2.274544298662215
2024-03-01,2.1274403629098444,2.2648475218965074,1.890413359878409,2.0510476555580426,2.2804877834993373
2024-03-04,2.131536832440245,2.2692085742795514,1.8940534246546603,2.0549970279460426,2.2848789518171073
2024-03-05,2.1453462468308837,2.2747742717462978,1.9063242745977602,2.0683105701276947,2.2996818113304323
2024-03-06,2.138457709910026,2.274275733425608,1.8926024054297466,2.061669388664716,2.2922977151329187
2024-03-07,2.145587004250652,2.2449554484400416,1.8682027070660019,2.060268511635075,2.2999398887666516
2024-03-08,2.1561767373261693,2.2637877335040972,1.8838745218280073,2.077551511146967,2.302046278282057
2024-03-11,2.145143349413721,2.3252014228840667,1.9349816477312385,2.1339128480727445,2.364497873447251
2024-03-12,2.1610972648641837,2.3424944708829925,1.9493725431530007,2.1497832397489525,2.382083178021925
2024-03-13,2.153215168257847,2.3339507704121716,1.9422626629284112,2.141942408401896,2.373395087005032
2024-03-14,2.140337052723059,2.3199916974328585,1.9306462284257997,2.1291317138596595,2.359200102411421
2024-03-15,2.1479949321392815,2.3282923604723433,1.9375538582282459,2.13674950186424,2.3676410486072648
2024-03-18,2.1813228052442666,2.364417693535325,1.9676165684120137,2.169902893052341,2.4043769082899265
2024-03-19,2.166880918537397,2.348763590265667,1.9545895668626565,2.155536614172833,2.388458246995663
2024-03-20,2.1691575853908684,2.351231354953081,1.9566431865336538,2.1578013619579783,2.390967717486319
2024-03-21,2.1603153792781433,2.3416469557378203,1.9486672596296284,2.1490054475803175,2.381221339671599
2024-03-22,2.1262286172220013,2.304699034445701,1.9179200095555282,2.1150971404638352,2.3436489898253856
2024-03-25,2.1022316287210168,2.278687797563713,1.896274028477894,2.0912257837587926,2.3171981569263984
2024-03-26,2.112447883768034,2.2897615800120343,1.905489387456082,2.1013885534916295,2.3284590889008836
2024-03-27,2.0650115751619906,2.238343583961894,1.8627004584020423,2.0542005889077033,2.276172116632186
2024-03-28,2.083063933545578,2.2579112130489674,1.8789842103387393,2.0638698037570604,2.2960704432500156
2024-03-29,2.0977932781884916,2.273876902769057,1.8922705073011012,2.082268641725414,2.303056733051442
2024-04-01,2.1381546490759757,2.3269338435484648,1.936423330227546,2.103609882544315,2.3266608383886456
2024-04-02,2.1396249080879035,2.314957183274458,1.9341933896757053,2.1050563875427857,2.328260719887778
2024-04-03,2.144089475087539,2.319787600702741,1.9266580575374574,2.1094488234527766,2.3331188966351446
2024-04-08,2.139377474254189,2.3146894733928907,1.9224238991787785,2.1048129513357265,2.327991471537924
2024-04-09,2.1282286077466654,2.3026270093089294,1.9124056356040962,2.093844209774152,2.315859687194501
2024-04-10,2.124692814122858,2.2988014738998634,1.9092284056637177,2.0903655416558786,2.312012167296587
2024-04-11,2.132273613028263,2.307003483894554,1.9160404382133729,2.0978238625504324,2.3202613123921147
2024-04-12,2.1181662985089336,2.291740140791852,1.9033637418792466,2.0839444706870576,2.3049102543004376
2024-04-15,2.1659210284158763,2.343408147934376,1.9462756801307879,2.130927658649581,2.356875185822265
2024-04-16,2.1501533970123448,2.326348432727822,1.9321070391086337,2.1154147745562253,2.3397174322815673
2024-04-17,2.186174742804584,2.3653215596893493,1.9644754719190818,2.1508541470187583,2.3789145290103173
2024-04-18,2.1938236756642,2.373597286897805,1.9713487289807725,2.158379501071778,2.387237814955805
2024-04-19,2.194652041107506,2.3744935330230525,1.972093090153417,2.1591944831562824,2.388139211605316
2024-04-22,2.1706402012444066,2.3485140349509384,1.950516283174944,2.135570586888575,2.362010415219481
2024-04-23,2.1414035628925774,2.316881590539058,1.924244522826155,2.1068063057848385,2.330196186286728
2024-04-24,2.148410602183571,2.3244628239967806,1.930540980537615,2.1137001369238915,2.3378209873825946
2024-04-25,2.1607177459126867,2.3377784807147464,1.9416000608169042,2.125808442179383,2.3512131661753344
2024-04-26,2.173602235253803,2.3517187938230357,1.953177938277127,2.1384847652513472,2.3652335911177333
2024-04-29,2.1862464627563845,2.3653991567564696,1.9645399187738557,2.1509247082381955,2.378992572010274
2024-04-30,2.1855615372166812,2.364658104765464,1.96392445131076,2.150250848592566,2.378247261360678
2024-05-06,2.2061917813523455,2.386978901122822,1.9824625890866192,2.1705477833637907,2.4006963302985076
2024-05-07,2.207812652263057,2.3887325948397575,1.9839190880045212,2.1721424669230807,2.402460102097552
2024-05-08,2.197040315502491,2.377077515358182,1.9742391704174047,2.1615441717635537,2.3907380435039065
2024-05-09,2.217961025442951,2.399712579837381,1.9930383179551006,2.182126879473501,2.413503186591565
2024-05-10,2.2347291501741116,2.417854774130273,2.008105992601358,2.1986240925780107,2.431749639981673
2024-05-13,2.2424354589951694,2.426192578992426,2.0150308071468688,2.2062058956065806,2.440135360327127
2024-05-14,2.231806562138206,2.414692693645092,2.0054797832693008,2.195748722885929,2.4285693877333974
2024-05-15,2.218204873279076,2.3999764098655922,1.9932574372613336,2.1823667876195887,2.4137685327914213
2024-05-16,2.228019748683093,2.4105955685011025,2.0020769893372115,2.1920230904996236,2.424448717335631
2024-05-17,2.2541796011026434,2.4388990987334913,2.025583979616178,2.2177602952894873,2.4529149015701988
2024-05-20,2.2654934234993096,2.4511400360718305,2.0357504709568413,2.228891327655768,2.465226184813524
2024-05-21,2.261803431979129,2.4471476669684544,2.0324346802786977,2.2252609529157037,2.461210872465701
2024-05-22,2.260239937029859,2.4454560509052166,2.0310297388446155,2.223722718331964,2.459509535066623
2024-05-23,2.234560608287378,2.417672421022539,2.0079545424926377,2.198458273712333,2.4315662389317723
2024-05-24,2.222762676216052,2.4049077034811326,1.9973530348822468,2.186850953114848,2.418728165438732
2024-05-27,2.2518200146883776,2.43634615522521,2.0234636780940995,2.21543883116999,2.45034728687159
2024-05-28,2.2401332485423446,2.4237017131378416,2.0129620631086094,2.203940880462634,2.4376301800284845
2024-05-29,2.2389570413328017,2.4224291212370566,2.0119051346903087,2.202783676463857,2.436350274829178
2024-05-30,2.218516855069411,2.4003139571075685,1.9935377810796016,2.1826737289241422,2.4141080198412364
2024-05-31,2.2117285616314115,2.392969394704565,1.9874378862752038,2.175995109504374,2.406721249895241
2024-06-03,2.207116968730583,2.3879799032886835,1.9832939535132088,2.1714580230945364,2.4017030849979615
2024-06-04,2.2229276321051956,2.4050861767355105,1.997501262648228,2.1870132439195547,2.4189076643386347
2024-06-05,2.199295907986644,2.379517943119138,1.9762660240000598,2.1637633221148667,2.393192495852576
2024-06-06,2.203455665191123,2.384018573012156,1.9800039415769755,2.1678558728422472,2.3977189898501217
2024-06-07,2.2081246340533927,2.389070142081734,1.9841994318227898,2.172449408227635,2.4027995891473677
2024-06-11,2.17661088723187,2.3549739907887624,1.9558814838349134,2.141444808406755,2.3685074949659586
2024-06-12,2.1831194728578445,2.362015924629994,1.9617300359056913,2.147848239070717,2.375589897212119
2024-06-13,2.164386221447326,2.341747570697986,1.944896517438615,2.129417648553617,2.3552050656231702
2024-06-14,2.1725515379599125,2.350581996789713,1.952233791854682,2.1374510433865876,2.364090261168353
2024-06-17,2.1514909741134396,2.3277956180296284,1.933308972950176,2.1167307412987375,2.3411729342307774
2024-06-18,2.1621629029414837,2.339342061617235,1.9428986649406086,2.127230250751052,2.352785732624482
2024-06-19,2.1615604553463523,2.3386902462534187,1.9423573113605035,2.126637536507776,2.3521301714248373
2024-06-20,2.1524412634748082,2.3288237791689825,1.9341628937759372,2.117665677456286,2.342207003980217
2024-06-21,2.151957153800149,2.3282999989659157,1.93372787750621,2.117189389225082,2.341680213730503
2024-06-24,2.1411561290588623,2.3166138806574916,1.9240221811771836,2.1065628695777803,2.3299269379368748
2024-06-25,2.142038284466019,2.3175683245830796,1.9248148774909086,2.1074307725768624,2.3308868668363543
2024-06-26,2.145032592453726,2.3208080021353816,1.9275055336777402,2.1103767034883822,2.334145162084588
2024-06-27,2.132363262968014,2.3071004802284554,1.9161209967818404,2.097912064074731,2.3203588661420618
2024-06-28,2.148263576282378,2.3243037500091837,1.9304088644853277,2.1135554864240462,2.337660999232682
2024-07-01,2.1788485497280727,2.3573950192829387,1.9578922257038756,2.1436463184532095,2.3709424365646394
2024-07-02,2.1794474113256146,2.358042954793399,1.958430356941242,2.1442355046355135,2.3715940956142862
2024-07-03,2.1656449066014405,2.343109399225961,1.9460275597399066,2.130655997954748,2.3565747202724285
2024-07-04,2.1577485399081096,2.3345659621359376,1.9389319610292437,2.1228872076946685,2.3479821859770866
2024-07-05,2.1420956604274606,2.317630402236777,1.9248664349747286,2.107487221552413,2.3309493012363207
2024-07-08,2.1336864960787496,2.3085321461168387,1.9173100412524289,2.099213918573355,2.3217987594912817
2024-07-09,2.1514622861327193,2.3277645792027806,1.9332831942082664,2.116702516810963,2.341141717030795
2024-07-10,2.131796675348783,2.3064874633981995,1.9156118666291229,2.097354630441174,2.3197423264423964
2024-07-11,2.1392770663216667,2.314580837498921,1.9223336735820944,2.1047141656285158,2.327882211337984
2024-07-12,2.1425941140924802,2.3181697018532677,1.925314340615411,2.1079776220275046,2.3314917000860267
2024-07-15,2.1522906515760254,2.328660825328028,1.9340275553809112,2.1175174988954675,2.3420431136803064
2024-07-16,2.144842534581453,2.320602369907511,1.9273347495125885,2.110189716256873,2.3339383481347
2024-07-17,2.1374374495579613,2.312590472727267,1.9206806117571307,2.102904270349941,2.3258804083890685
2024-07-18,2.1487978899232982,2.3248818481592344,1.9308889935533973,2.114081167508856,2.3382424195823663
2024-07-19,2.1433292435984437,2.3189650717912573,1.9259749208768484,2.1087008745267397,2.3322916408355923
2024-07-22,2.121321976388193,2.2951544117451754,1.9061994034893204,2.087049164342313,2.308344146298575
2024-07-23,2.1004801583947144,2.27260470403981,1.8874711474918764,2.0665440739737475,2.28566485051087
2024-07-24,2.0954203157951277,2.2671302309544226,1.8829244218875416,2.0615659799424253,2.2801589168638547
2024-07-25,2.082406730540769,2.2530502431253154,1.8712305400887246,2.0487626466754736,2.2659980145215317
2024-07-26,2.0814958871528915,2.2520647603728787,1.8704120650330895,2.047866519188616,2.265006868422069
2024-07-29,2.086971705472926,2.2579892964475676,1.8753325823951155,2.053253868292676,2.270965451468838
2024-07-30,2.0696764390960256,2.239276763711336,1.8597912233662663,2.0362380302253,2.2521453820290414
2024-07-31,2.0998633668092226,2.2719373692625693,1.8869169045408158,2.065937247486584,2.284993680711233
2024-08-01,2.0977548002262627,2.269656015489212,1.8850221670104483,2.063862747635119,2.2826992165124773
2024-08-02,2.0808037896180083,2.251315948675161,1.869790152884516,2.0471856034210427,2.264253753472477
2024-08-05,2.0552033528225087,2.223617675566316,1.8467858480727897,2.021998776142792,2.236396304637579
2024-08-06,2.0459945110112128,2.2136542121479788,1.8385108719197554,2.012938715567005,2.2263755834430117
2024-08-07,2.0493832787338278,2.2173206735694464,1.8415559858078463,2.0162727331854313,2.2300631151910126
2024-08-08,2.0540128016226062,2.2223295642521075,1.8457160302835345,2.020827459900128,2.235100790838281
2024-08-09,2.050075376268711,2.218069485267164,1.8421778979564194,2.0169536489530038,2.230816230140604
2024-08-12,2.0488848250688076,2.216781373952955,1.8411080801671638,2.0157823327103395,2.2295207163413058
2024-08-13,2.0549272310080733,2.2233189268579,1.846537727681908,2.021727115447957,2.2360958390877412
2024-08-14,2.045044221649844,2.2126260510086246,1.837656951093994,2.0120037794094556,2.2253415136935715
2024-08-15,2.067492566563674,2.236913933017501,1.857828816638385,2.0340894410934234,2.2497689726803287
2024-08-16,2.0723802812789374,2.2422021731417976,1.862220869791261,2.0388981881980954,2.255087603127445
2024-08-19,2.092802537554378,2.264297938004505,1.8805721116882748,2.058990495432951,2.2773103473653973
2024-08-20,2.078092775439917,2.248382779537986,1.8673540617740432,2.0445183893263006,2.261303728074075
2024-08-21,2.0704008106092195,2.2400604940892572,1.8604421365994874,2.0369506985416184,2.2529336163286127
2024-08-22,2.0725918551367517,2.2424310844898043,1.862410988012846,2.0391063437954373,2.2553178299773204
2024-08-23,2.0849886488056186,2.255843737541671,1.8735506268606028,2.0513028505752255,2.268807562520007
2024-08-26,2.086046518094689,2.256988294281706,1.8745012179685254,2.05234362856193,2.2699586967693826
2024-08-27,2.082586030420273,2.2532442357931175,1.8713916572256604,2.0489390497240665,2.2661931220214244
2024-08-28,2.0694863812237525,2.239071131483465,1.8596204392011142,2.0360510429937895,2.251938568079152
2024-08-29,2.0394070334382572,2.2065269215329133,1.8325914283087261,2.006457667561661,2.2192073338968967
2024-08-30,2.042949999057245,2.2103602166486915,1.8357751029345821,2.0099433918018788,2.2230626580948067
2024-09-02,2.0322493822484806,2.198782734234237,1.82615963220224,1.9994156578617894,2.2114186425011195
2024-09-03,2.020820807928932,2.1864176415885037,1.8158900258939374,1.9881717275444084,2.1989824904578614
2024-09-04,2.0067852133614035,2.1712318955529217,1.803277776414585,1.9743628969004707,2.1837094753661415
2024-09-05,2.0066883914264713,2.171127139512308,1.8031907731606394,1.9663705686972128,2.1836041173161984
2024-09-06,1.9955861428876192,2.1591151135219757,1.7932144000415606,1.939013622651879,2.162836968679057
2024-09-09,1.9569590104305716,2.1258259717270627,1.7655666993433383,1.9189618011636096,2.1404705343757904
2024-09-10,1.9563888747613412,2.1177206942362443,1.7658986006454263,1.9184027355087323,2.1398469349063687
2024-09-11,1.9697300494213397,2.132162036664316,1.7369850477150959,1.9314848718328632,2.1544391624908417
2024-09-12,1.9539626307467257,2.11509437222772,1.7230807208318693,1.916023600555198,2.1371931727198286
2024-09-13,1.9297001906005744,2.0888311521424794,1.7016851515418907,1.8922322510198601,2.110655550854429
2024-09-18,1.9300422720021129,2.0892014429739683,1.7019868123099477,1.8925676904127866,2.1110297105360822
2024-09-19,1.9518277894074954,2.112783483149723,1.721198134186772,1.9139302102697129,2.1348581391509933
2024-09-20,1.9487173825898034,2.1094165794782214,1.71845525572166,1.9108801965303264,2.131456057601147
2024-09-23,1.9448024509944193,2.1051788066289583,1.7150029158205615,1.9070412790335016,2.1271740079111168
2024-09-24,2.0411807184574866,2.2095048197821825,1.7999930440654013,2.0015482220702205,2.2325900337753968
2024-09-25,2.063770760640561,2.2339577291356987,1.8199138273782116,2.023699645684585,2.257298430530492
2024-09-26,2.1623852268951667,2.3407043471688422,1.906875923236462,2.120399368456545,2.3651603520915048
2024-09-27,2.311152627519767,2.5017397154408494,2.038064839478201,2.266278233335887,2.527878240312666
2024-09-30,2.555531779874358,2.7662713711140405,2.253567940391911,2.5059124085381677,2.795173759555884
2024-10-08,2.759114557675107,2.9866424165133547,2.4330952015595466,2.705542330213666,3.017847272320467
2024-10-09,2.5477082515243588,2.757802682653134,2.246668846900233,2.4982407853851276,2.7866165890588164
2024-10-10,2.5360838187128216,2.7452196516201273,2.23641796709681,2.4868420578662387,2.773902088765603
2024-10-11,2.4380774971720625,2.6391313283985203,2.1499921570484393,2.3907386717928145,2.666705339971974
2024-10-14,2.483295590582827,2.6880782905312737,2.1898672415371774,2.4350787900652016,2.7161637067801263
2024-10-15,2.4126114372797574,2.611565233165448,2.1275351887597407,2.365767072541624,2.638851230337795
2024-10-16,2.379188817381299,2.5753864474814456,2.098061814458454,2.3329934014845892,2.602294443663683
2024-10-17,2.354653979082071,2.548828366178538,2.0764260338161336,2.308934942803032,2.5754588798295592
2024-10-18,2.478474776757443,2.6828599327023266,2.1856160592317795,2.4303515793611825,2.7108908268220144
2024-10-21,2.5062593883712863,2.7129357769043803,2.210117617170643,2.457596712275541,2.741280907631843
2024-10-22,2.524453051060515,2.7326297633495003,2.226161500982867,2.4754371185067394,2.761180659589396
2024-10-23,2.5407589312005134,2.7502802929838106,2.240540664260257,2.491426396236233,2.779015604414863
2024-10-24,2.505429524230517,2.7120374787761383,2.209385810492578,2.4567829611556635,2.7403732239596845
2024-10-25,2.5570077977735886,2.7678691074795396,2.2548695507429715,2.5073597674002386,2.796788189293388
2024-10-28,2.565255760455126,2.7767972308609976,2.26214292703946,2.5154475838741317,2.8058095949510253
2024-10-29,2.5233507887666686,2.7314366040035916,2.2251894829524606,2.4743562582406433,2.759975033948514
2024-10-30,2.503453053910517,2.7098980206386463,2.2076428816104703,2.454844866885422,2.738211412465689
2024-10-31,2.5144186632820538,2.7217678989591554,2.2173127851198573,2.4655975629808973,2.7502053089275704
2024-11-01,2.503193325438978,2.709616873896219,2.207413842879167,2.4545901814204223,2.737927328262952
2024-11-04,2.5465426408228202,2.7565409509310235,2.245640965764631,2.497097806712934,2.7853416745879995
2024-11-05,2.6254177432405044,2.8419204165397254,2.31519611804388,2.574441434144916,2.8716131967410257
2024-11-06,2.614471138391275,2.8300711099320766,2.3055429734660513,2.5637073735712703,2.859640086928125
2024-11-07,2.683653934432037,2.904959001981923,2.366551070650348,2.631546884870337,2.9353104181009786
2024-11-08,2.663331765244347,2.8829609836964263,2.348630186503546,2.611619300194263,2.9130825614575837
2024-11-11,2.71020325209588,2.933697684848043,2.3899632980378933,2.6575807088657943,2.9643493667270593
2024-11-12,2.6851742962166516,2.906604739010762,2.3678917851750456,2.6330377266166765,2.9369733500194366
2024-11-13,2.6935932995989584,2.915718007807964,2.375315991855563,2.6412932627870327,2.9461818355179004
2024-11-14,2.622807788843581,2.8390952346402156,2.3128945581098135,2.5718821558136993,2.8687584969476716
2024-11-15,2.5561779336328185,2.766970809351297,2.254137744064906,2.5065460162803612,2.7958805056212293
2024-11-18,2.5253716029720525,2.7336240628044233,2.226971516008205,2.4763378353951526,2.7621853476234643
2024-11-19,2.5729525919897402,2.7851287745694995,2.2689302943207457,2.5229949702149765,2.8142281877882214
2024-11-20,2.581460283142816,2.794338044693384,2.276432709348537,2.531337472153869,2.823533677648595
2024-11-21,2.5832340385582007,2.796258071227031,2.2779968762940186,2.5330767875245987,2.8254737648867962
2024-11-22,2.492569797468979,2.6981172864071974,2.198045600137837,2.4441729247178734,2.7263075914827226
2024-11-25,2.4840557714751337,2.688901159045693,2.190537598799526,2.435824210938371,2.7169951727393555
2024-11-26,2.4645444619059047,2.667780867175578,2.1733317623992296,2.4166917418603444,2.6956542131191386
2024-11-27,2.5124802020066688,2.7196695842473835,2.2156033741008665,2.463696739754314,2.7480850707315354
2024-11-28,2.4830865408374407,2.6878520016898073,2.1896828932900307,2.434873799325079,2.715935053641338
2024-11-29,2.5254222816982055,2.7336789207053847,2.2270162064923613,2.4763875301200304,2.7622407786874126
2024-12-02,2.5525544047128177,2.7630484694325608,2.250942374447708,2.5029928434515845,2.7919171845489026
2024-12-03,2.5449399261082033,2.75480606981312,2.244227629203177,2.4955262110386665,2.783588667190623
2024-12-04,2.5257073495328206,2.7339874963982926,2.2272675904657424,2.476667062947469,2.7625525784221234
2024-12-05,2.519980653477436,2.727788553589661,2.222217565756045,2.4710515590362556,2.7562888681959294
2024-12-06,2.5547525944597402,2.765427930886759,2.252880824198001,2.505148352143167,2.7943215069476732
2024-12-09,2.546270242669741,2.756246089713355,2.245400754412288,2.496830697566713,2.7850437326192736
2024-12-10,2.565464810200509,2.777023519702462,2.2623272752866055,2.5156525746142524,2.8060382480898123
2024-12-11,2.567827705807432,2.779581269334785,2.2644109691104077,2.517969591161689,2.8086227214464166
2024-12-12,2.59409195563666,2.808011376507998,2.2875718125245728,2.5437238823297075,2.8373498703377864
2024-12-13,2.52653721367359,2.734885794526535,2.2279993971438072,2.477480814067346,2.763460262094282
2024-12-16,2.496662104605901,2.702547061909826,2.2016543567334836,2.4481857737517703,2.730783649896573
2024-12-17,2.5020403844189776,2.7083688566493485,2.2063971343646043,2.453459626429447,2.73666627155812
2024-12-18,2.5090720576728227,2.7159803904077338,2.212597939041334,2.460354769506268,2.74435733168099
2024-12-19,2.5099526005397457,2.716933546436937,2.2133744362035555,2.4612182153510234,2.7453204464170975
2024-12-20,2.5019643663297466,2.7082865697979064,2.2063300986383694,2.45338508434213,2.736583124962197
2024-12-23,2.4913788474043628,2.6968281257346067,2.1969953737601564,2.4430050986832397,2.7250049614799297
2024-12-24,2.5224132323328208,2.7304217328358056,2.2243627089955624,2.4734369058303987,2.7589495592654627
2024-12-25,2.511979749585899,2.71912786247539,2.2151620555698197,2.4632060043461426,2.7475376889750414
2024-12-26,2.514957124747437,2.7223507641568685,2.2177876215140206,2.4661255694327244,2.7507942639820224
2024-12-27,2.5112575777382067,2.718346137386691,2.2145252161705877,2.462497854516631,2.7467477963137736
2024-12-30,2.518004183157437,2.725649095452169,2.220474636873937,2.469113464766014,2.7541270567019334
2024-12-31,2.4673951402520578,2.670866624104653,2.175845602133039,2.4194870701347306,2.698772210466247
2025-01-02,2.3956277291774497,2.5931809791057785,2.1125582902567546,2.349113127866886,2.6202748950320136
2025-01-03,2.3674250180728373,2.5626525572207943,2.087688035823599,2.3214580134722844,2.589427507944609
2025-01-06,2.3587526210597614,2.5532649989187854,2.0800403767222986,2.3129540036775382,2.579941867126402
2025-01-07,2.3802974145159133,2.5765864640649743,2.099039418799379,2.334080473591294,2.6035069981875574
2025-01-08,2.3650937966697607,2.5601290937765726,2.085632273552395,2.3191720561278966,2.5868776790029724
2025-01-09,2.3661327105559145,2.56125368074628,2.0865484284776055,2.3201907979878955,2.5880140158139193
2025-01-10,2.338297420215917,2.531122978643265,2.0620021800545856,2.292895970348659,2.557568503940142
2025-01-13,2.3477046587582238,2.5413059765092134,2.0702978511761567,2.302120553654136,2.5678578951856035
2025-01-14,2.421188811681293,2.620849932903153,2.135099053203246,2.374177904727222,2.648232937911096
2025-01-15,2.3986494482243725,2.5964518814505984,2.1152229603745925,2.3520761758377358,2.6235799722199493
2025-01-16,2.4038566873366793,2.6020885307743757,2.1198149076216843,2.357182308818949,2.6292755140406694
2025-01-17,2.4201308932728316,2.6197047742205855,2.1341661393464766,2.373140527345394,2.6470758144511684
2025-01-20,2.440028628128984,2.641243357585531,2.1517127406884673,2.3926519187006154,2.668839435933994
2025-01-21,2.4389517051982144,2.6400776271901023,2.150763067900139,2.391595905796958,2.6676615258250855
2025-01-22,2.415316414288217,2.6144932736292583,2.129920543351598,2.368419528481985,2.64180986337605
2025-01-23,2.402735420520526,2.6008747997156063,2.118826130659719,2.356082813031024,2.6280491017508063
2025-01-24,2.4254901685636003,2.625505997247247,2.1388921580460383,2.378395744501242,2.652937649463735
2025-01-27,2.4011327058059106,2.599139918597704,2.117412794098266,2.3545112173567575,2.6262960943534317
2025-02-05,2.4015698098189873,2.5996130679934955,2.117798249524117,2.35493983435883,2.6267741872799886
2025-02-06,2.4523942373105205,2.654628685420097,2.1626172188226804,2.4047774315708446,2.6823646155374563
2025-02-07,2.4922213812266705,2.697740138338088,2.197738353059259,2.4438312734843355,2.7259265029180746
2025-02-10,2.4939888018012857,2.699653307634115,2.199296933694221,2.4455643770144557,2.727859661273283
2025-02-11,2.4722729676443644,2.676146697072182,2.1801470612331117,2.4242701874042365,2.7041074503713007
2025-02-12,2.5046503388159,2.711194038548857,2.2086986942986684,2.456018904760663,2.7395209713514728
2025-02-13,2.490941743391286,2.696354976338815,2.1966099183343046,2.442576481681167,2.7245268685533723
2025-02-14,2.5119797495858993,2.7191278624753905,2.215162055569819,2.4632060043461426,2.7475376889750414
2025-02-17,2.5133607448735917,2.7206227402765872,2.2163798712630864,2.4645601855990678,2.7490481854676414
2025-02-18,2.4853924228774407,2.690348036183549,2.1917163103191553,2.437134909307027,2.718457167050999
2025-02-19,2.520113685133591,2.7279325555796854,2.222334878276955,2.4711820076890603,2.7564343747387947
2025-02-20,2.5161797490158992,2.7236742110175616,2.218865779444298,2.4673244546704063,2.7521315383997833
2025-02-21,2.5563679788558953,2.7671765264799024,2.2543053333804925,2.506732371498653,2.7960883721110354
2025-02-24,2.5474992017789733,2.7575763938116684,2.246484498653085,2.4980357946450047,2.7863879359200276
2025-02-25,2.5240412864105144,2.7321840429041893,2.225798390799093,2.4750333488671052,2.7607302821948125
2025-02-26,2.5503688846474346,2.760682722453604,2.2490150973184533,2.500849758441221,2.7895267199161182
2025-02-27,2.5479236361105118,2.7580358287322193,2.2468587814578966,2.4984519879658578,2.7868521710805974
2025-02-28,2.491112784092056,2.69654012175456,2.196760748718333,2.4427442013776304,2.7247139483941996
2025-03-03,2.50210373282667,2.70843742902555,2.2064529974697984,2.4535217448355446,2.7367355603880554
2025-03-04,2.4952431002735938,2.7010110406829093,2.200403023177097,2.4467943214551866,2.7292315801060116
2025-03-05,2.4934186661320554,2.699036156248301,2.198794165747459,2.4450053113595787,2.7272360618038616
2025-03-06,2.539339926868205,2.7487442717568933,2.2392893307038704,2.490034943939648,2.777463534624301
2025-03-07,2.5342340452082053,2.743217338235038,2.2347867644250914,2.48502820040819,2.7718788549314777
2025-03-10,2.533568886927436,2.7424973282849208,2.2342002018205362,2.4843759571441666,2.771151322217152
2025-03-11,2.5431028222851273,2.7528174709032722,2.242607599152499,2.4937247772618383,2.7815792911224855
2025-03-12,2.5353173029797436,2.7443899258680866,2.2357420235239394,2.4860904251524567,2.7730636939233793
2025-03-13,2.5218557663451295,2.7298182959252313,2.223871113669839,2.4728902638567405,2.758339817562028
2025-03-14,2.5871679746758924,2.800516415789156,2.281465975126675,2.5369343405432514,2.8297766012258068
2025-03-17,2.57887566810897,2.791540291744357,2.2741534946565487,2.52880304118509,2.8207066933872142
2025-03-18,2.587465712192046,2.800838705957304,2.281728531721095,2.5372262970519093,2.830102258726505
2025-03-19,2.584602364164354,2.797739234552988,2.2792035193662463,2.534418545096303,2.826970403613408
2025-03-20,2.5640394710274332,2.7754806412379254,2.2610703554197005,2.5041978908351497,2.804479249416257
2025-03-21,2.5155082558943613,2.722947343829824,2.2182736305292234,2.486069662883462,2.7403914884952543
2025-03-24,2.5161849942640564,2.7346183622593485,2.2277815310335427,2.500207835573519,2.75597597861681
2025-03-25,2.5254733785124555,2.71891268235887,2.2238822862908783,2.509437240855962,2.7661495405477114
2025-03-26,2.5090900768498274,2.7012744973562355,2.2118820645208705,2.4931579691478625,2.7482049196491825
2025-03-27,2.5131443153722444,2.7056392713545265,2.215456068322393,2.497186464248238,2.7526455247735413
2025-03-28,2.503329808567501,2.695073019795687,2.2068041144631736,2.4874342771588758,2.7418957011089438
2025-03-31,2.4933141372559207,2.684290195481208,2.197974824537467,2.4774822029080448,2.7309255420755814
2025-04-01,2.4933760340272553,2.6843568332521746,2.1980293894810017,2.477543706650035,2.7309933375736635
2025-04-02,2.5004864256343184,2.692011847191925,2.2042975373695493,2.4846089490111893,2.738781345415812
2025-04-03,2.4954998669936743,2.6866433417684545,2.1999016491060357,2.479654053797083,2.733319570601596
2025-04-07,2.3329937624028783,2.5116900389572,2.0566448001646784,2.3181798231850075,2.5553267276064338
2025-04-08,2.386081849466927,2.568844422142832,2.1034444701725876,2.370930813893449,2.613474078867476
2025-04-09,2.3927009354515216,2.575970498775538,2.1092795088218286,2.377507870302554,2.6207239599436
2025-04-10,2.416546666608178,2.6016427000402933,2.1303006533185678,2.4012021869043783,2.6468421755796174
2025-04-11,2.4094556177421573,2.59400851040397,2.124049556974875,2.394156164462596,2.63907535383062
2025-04-14,2.4222334324745454,2.6077650452478194,2.135313807505818,2.406852843199752,2.6530708869658843
2025-04-15,2.437022892275307,2.6236873076480722,2.1483514187016377,2.421548393551597,2.6692697737888067
2025-04-16,2.448218470790454,2.6357404144715963,2.158220852863475,2.4326728828841215,2.681532284504354
2025-04-17,2.4483577385259565,2.63589034945627,2.1583436239864278,2.4328112663035997,2.6816848243750377
2025-04-18,2.4557544027004417,2.643853563086739,2.164864134738823,2.440160963471459,2.689786386395814
2025-04-21,2.45046996584775,2.638164363390494,2.160205652684549,2.434910081499024,2.6839983457470793
2025-04-22,2.4584546493499135,2.6467606358451423,2.1672445304005237,2.4428440642157927,2.6927439649996323
2025-04-23,2.452972916538593,2.6408590282539426,2.162412122588733,2.437397139065763,2.6867398262007622
2025-04-24,2.466307802212991,2.6552153030364876,2.1741674576114876,2.450647351480832,2.7013455188187616
2025-04-25,2.461750652423481,2.6503090971490963,2.170150113643746,2.4461191384767846,2.6963540752724886
2025-04-28,2.464648195031582,2.6534285778024547,2.1727044350629634,2.448998282398713,2.699527752026443
2025-04-29,2.45985119525315,2.648264150552569,2.168475651939025,2.4442317423944524,2.694273600925103
2025-04-30,2.4391583308863503,2.625986310746408,2.150233909253584,2.4236702726502672,2.671608718472628
2025-05-06,2.454129612452908,2.6421043215988744,2.163431804971037,2.4385464902442098,2.688006754571166
2025-05-07,2.4757470598415185,2.665377563108844,2.1824886115005278,2.4600266721343775,2.7116843322762385
2025-05-08,2.486014186786646,2.676431103367874,2.1915395715093444,2.4702286053370446,2.7229299105205587
2025-05-09,2.495871247621682,2.6870431683942524,2.200229038767244,2.4800230762490254,2.722791438215727
2025-05-12,2.5003791740037884,2.702707209432011,2.213055210806867,2.4944802996006574,2.7698060121157653
2025-05-13,2.4962459941207182,2.7120027120174086,2.229584978388907,2.513112089439892,2.765227463946628
2025-05-14,2.519948515490977,2.7377539009583987,2.2528807989692488,2.539370343285944,2.7914840361002504
2025-05-15,2.4885376460813355,2.7036281123837123,2.239860239318283,2.524694012853471,2.756688507549557
2025-05-16,2.484586144434884,2.6993350726724987,2.2258847931554606,2.5089413669361647,2.7413019693880174
2025-05-19,2.4629247261449665,2.6865475947806416,2.2256801746172057,2.5087107279037,2.741049970181402
2025-05-20,2.4737254220433154,2.6896400496325836,2.2354404788919733,2.5197122097522437,2.7530703323369465
2025-05-21,2.485609206593944,2.702561088719522,2.246179541841394,2.5318169149727408,2.7662960906974665
2025-05-22,2.4877602885862777,2.7048999239940716,2.2481234179548175,2.5340079857811513,2.768690083160311
2025-05-23,2.466453255378005,2.6817331451166955,2.228868813505014,2.512304852826268,2.7449769578178227
2025-05-26,2.457501735227452,2.672000307798747,2.220779560625996,2.5031869230761825,2.735014589182969
2025-05-27,2.4570262328923045,2.6714833021064783,2.2203498616956603,2.5027025811080077,2.734485390849077
2025-05-28,2.4594829949572325,2.6741544981832,2.222569972835728,2.5052050146102443,2.7372195822408516
2025-05-29,2.465000331576165,2.6801534055014296,2.22755584455121,2.5108249190346226,2.743359962908708
2025-05-30,2.4644455788518265,2.6795502321937827,2.2270545291324852,2.5102598534050853,2.742742564852501
2025-06-03,2.475729324741436,2.691818859335716,2.2372513529555302,2.5217533651895523,2.7553005253154907
2025-06-04,2.48369964959724,2.7004848595108872,2.244453925502109,2.529871859132293,2.764170897388345
2025-06-05,2.4760991598909947,2.6922209748741466,2.23758556323468,2.5221300756092435,2.7557121240196287
2025-06-06,2.476133124343505,2.6922579038521657,2.2376162560154182,2.5221646714641133,2.755749923900621
2025-06-09,2.4840996753712528,2.7009198008075574,2.2448154182530264,2.5302793214229795,2.7646160959866983
2025-06-10,2.4812013754236877,2.68697745390452,2.2421963009633616,2.527327141807438,2.7613905061420243
2025-06-11,2.495647589224833,2.7113495216000825,2.2462299598492197,2.542041912078655,2.7774680555240723
2025-06-12,2.494353166201376,2.7086327528775476,2.2439792403274748,2.5305605319072955,2.7760274600595887
2025-06-13,2.479684296544884,2.6844255550516904,2.2239246761455953,2.5079447751786996,2.7486633030118712
2025-06-16,2.47969613126967,2.6815582529698596,2.2215492465711946,2.505265976632227,2.745727386984643
2025-06-17,2.4768060425385863,2.678432893700664,2.2189600283350974,2.502346086216572,2.7425272385149637
2025-06-18,2.48313639744268,2.6852785774210357,2.2246313664439796,2.508741717746276,2.7495367380299722
2025-06-19,2.4650203137223787,2.665687735946926,2.2084012438768856,2.490438826677501,2.7294770917739335
2025-06-20,2.459498653371478,2.6597165793615134,2.203454411788196,2.4848602287044717,2.72336304664723
2025-06-23,2.4616927344953052,2.662089271834228,2.205420079761012,2.4870769345016774,2.7257925171597615
2025-06-24,2.4935367396882535,2.696525569837017,2.233948988949567,2.5192493050448155,2.761052868646776
2025-06-25,2.5222851681898804,2.7276142926592684,2.2597045841100085,2.548294178284946,2.7928855381720012
2025-06-26,2.507649122505861,2.711786785167562,2.2465922128593157,2.5335072103084166,2.7766792817017
2025-06-27,2.5132171833639116,2.717808119539407,2.2515806149655573,2.5391326872560094,2.7828447053588796
2025-06-30,2.537617221481156,2.744194466947456,2.2734405056239817,2.563784330879925,2.80986247259945
2025-07-01,2.540480795636725,2.747291153195833,2.276005969564334,2.566677433310115,2.8130332619088567
2025-07-02,2.532360706885401,2.738510040570226,2.2687312164927316,2.5584736127615426,2.8040420190754696
2025-07-03,2.5569728616067615,2.765125772144821,2.2907811415171078,2.5833395602691755,2.831294659598218
2025-07-04,2.551192684144594,2.7588750536064293,2.285602705044914,2.577499779437865,2.82489436265886
2025-07-07,2.53338151804271,2.7396139518717306,2.269645756878876,2.5595049502019345,2.805172346745952
2025-07-08,2.5644035713947075,2.7731613862291518,2.2974382828993667,2.5908468931956654,2.839522564264526
2025-07-09,2.55620393891684,2.76429425454109,2.290092266940532,2.5825627086906984,2.830443243950322
2025-07-10,2.561075992167634,2.769562922116454,2.2944571187834932,2.587485001019842,2.8358379896503543
2025-07-11,2.5742669934861113,2.7838277499735624,2.3062748809161375,2.600812023788544,2.850444171885816
2025-07-14,2.5733456119869813,2.782831362500126,2.305449419139033,2.5998811412936447,2.8494239410663535
2025-07-15,2.5834808084774097,2.7937916247079246,2.3145294986871807,2.610120848737537,2.8606464800804345
2025-07-16,2.5802460302646377,2.7902935161680915,2.3116314746064117,2.6068527145108407,2.857064662527216
2025-07-17,2.605308932769745,2.8173966890965976,2.334085222658436,2.6321740577713744,2.8848164087745936
2025-07-18,2.6218540278908105,2.8352886540872224,2.3489079032026976,2.648889760701364,2.9031365247844994
2025-07-21,2.6471224183561555,2.8626140429270706,2.371545747046738,2.6744187108492494,2.931115804523987
2025-07-22,2.6789796808368607,2.897064677440268,2.4000865333831647,2.7066044753851193,2.9663908355911377
2025-07-23,2.6760763348180197,2.893924981660663,2.3974854379991957,2.7036711909767313,2.9631760075413225
2025-07-24,2.703956410971546,2.924074663051115,2.422463079974021,2.731838757692892,2.9940471645676303
2025-07-25,2.69502099902315,2.914411855035345,2.4144578823082905,2.7228112065912793,2.9841531275558704
2025-07-28,2.693549440082094,2.912820502379929,2.413139518894498,2.721324473397987,2.9825236941607587
2025-07-29,2.715284763360128,2.9363252111957374,2.4326121028306495,2.7432839244826974,3.006590865793964
2025-07-30,2.7026704540590916,2.922684021541427,2.4213109966304374,2.7305395403978534,2.992623245294425
2025-07-31,2.6474472219062086,2.8629652874320946,2.3718367371696027,2.674746863671192,2.9314754542373227
2025-08-01,2.6366823042473104,2.8513240409798613,2.362192493097535,2.663870941572513,2.919555635166775
2025-08-04,2.653141226997954,2.8691228186528264,2.3769379721806287,2.680499583549743,2.9377803339057964
2025-08-05,2.66663051729097,2.8837102179941407,2.389022970140393,2.694127971154923,2.9527168066943212
2025-08-06,2.683851734087656,2.9023333450156326,2.404451385226127,2.711526767714264,2.9717855812911704
2025-08-07,2.679914319623749,2.898075401424114,2.4009238723081414,2.7075487518727517,2.9674257459907363
2025-08-08,2.675592443814881,2.8934016990307296,2.397051922101868,2.7031823102420014,2.962640202866354
2025-08-11,2.7022197062753457,2.9221965801875163,2.420907173602789,2.730084144644954,2.9921241395697966
2025-08-12,2.7141844084762767,2.935135280831778,2.4316262995572733,2.7421722230859125,3.0053724606426653
2025-08-13,2.7548047381645335,2.979062348725427,2.468017880637095,2.7832114168178745,3.050350694179806
2025-08-14,2.742362773604342,2.9656075337064363,2.4568711773592193,2.7706411546385517,3.036573908222037
2025-08-15,2.77585068247919,3.0018215589999597,2.486872852883902,2.804474380280502,3.0736545276459326
2025-08-18,2.807363255478206,3.0358994442425193,2.5151048333756565,2.8363119010053306,3.108547889629543
2025-08-19,2.7981759550624226,3.0259642425289757,2.506873969900358,2.827029864041803,3.0983749405951966
2025-08-20,2.8331287942344483,3.0637624522227105,2.5381880702648973,2.8623431258806793,3.137077653624136
2025-08-21,2.8384051947618394,3.0694683833655536,2.542915175117955,2.8676739349881597,3.1429201265183204
2025-08-22,2.903266475114253,3.139609760542341,2.601024121081737,2.933204044431249,3.2147399723343977
2025-08-25,2.9753065767872253,3.217514358105686,2.6655645426182093,3.005987000938913,3.294508810794196
2025-08-26,2.980748693411582,3.2233994956286436,2.670440111819667,3.0114852349555483,3.3005347784400825
2025-08-27,2.9481755373919842,3.188174689553351,2.641257959498152,2.9785761948121303,3.26446705004558
2025-08-28,3.013016931812762,3.2582945619645245,2.6993490897401253,3.044086213266121,3.3362648764914526
2025-08-29,3.061969466856459,3.311232126650327,2.743205458257502,3.093543531430374,3.390469226144159
2025-09-01,3.111790354248257,3.365108732767929,2.7878397799604944,3.1438781561185967,3.4456350882957825
2025-09-02,3.0616512919502847,3.310888050400507,2.7429204067085733,3.093222075604797,3.390116916220891
2025-09-03,3.0611408863716303,3.310336094749755,2.7424631365155014,3.0927064068846013,3.3895517523856498
2025-09-04,2.9670141432950565,3.208546870844759,2.65813538662427,2.997609058484819,3.2853267334190375
2025-09-05,3.0815769954494527,3.3324358255454665,2.7607717599601966,3.1133532466815397,3.4121803251655134
2025-09-08,3.1044922173378833,3.357216483787689,2.781301410056956,3.13650476311943,3.4375539794308354
2025-09-09,3.0693140042739837,3.3191745534169983,2.7497853981785925,3.100963803404103,3.3986017135395814
2025-09-10,3.073828110755332,3.3240561352113147,2.7538295670290096,3.1055244579294725,3.4036001105759377
2025-09-11,3.1644814444395024,3.422089193389112,2.835045504177776,3.1971125802333753,3.5039790795468804
2025-09-12,3.149832141467726,3.4062473493869967,2.8219212557792113,3.1823122182641135,3.487758143496443
2025-09-15,3.1757037385260265,3.4342250494504616,2.845099509851428,3.208450595081321,3.5164053441321252
2025-09-16,3.182411926131202,3.441479323717494,2.8511093466746624,3.2152279554038974,3.5238332116810134
2025-09-17,3.2175105954685583,3.47943523502573,2.8825540956657942,3.2506885511628303,3.5626974000914506
2025-09-18,3.191420253162263,3.4512209825405145,2.8591798686536896,3.224329173465539,3.5338079863835223
2025-09-19,3.1966635104702608,3.4568910724073345,2.863877280637067,3.2296264975911884,3.539613760327366
2025-09-22,3.216973675314389,3.478854606354159,2.8820730711769778,3.2501460944571696,3.5621028770959366
2025-09-23,3.223058770394973,3.4854350646319605,2.887524682050228,3.2562939371213244,3.568840804378426
2025-09-24,3.286229746558336,3.553748536731581,2.9441192916603294,3.3201163124910376,3.6387890037271453
2025-09-25,3.3166419646735,3.5866364916101814,2.971365468878708,3.35084213181908,3.672463960559457
2025-09-26,3.272369252208117,3.5387597150988106,2.931701733560149,3.3061128930893515,3.6234415026948086
2025-09-29,3.3424340180052567,3.614528172611191,2.9944724600636925,3.3769001446798934,3.701023083714322
2025-09-30,3.3729058939153282,3.6474806417866326,3.021772084447495,3.4076862369752314,3.7347640986572457
2025-10-09,3.431927339010667,3.7113067861281874,3.0746491467736585,3.467316292619714,3.8001175894233516
2025-10-10,3.325332116798386,3.5960340741833816,2.9791509393088065,3.359621894055144,3.682086425338697
2025-10-13,3.305293726353282,3.5743644386999454,2.961198630300272,3.3393768740401764,3.659898239962918
2025-10-14,3.217378022590986,3.479291869921638,2.8824353241870746,3.2505546112355064,3.5625506042900885
2025-10-15,3.273615437257299,3.540107347077271,2.932818185460117,3.3073719284061927,3.624821383227605
2025-10-16,3.2683721799493015,3.5344372572104503,2.9281207734767394,3.302074604280543,3.619015609283761
2025-10-17,3.171938668802963,3.4301534804942615,2.8417263998557787,3.2046467011453292,3.5122363433734596
2025-10-20,3.1979693533143507,3.458303218682636,2.8650471797024593,3.2309458058753253,3.5410596989707757
2025-10-21,3.262625145706527,3.528222379948082,2.922972029874225,3.2962683084310633,3.612652011294743
2025-10-22,3.238980772991447,3.502653213633355,2.901789136644505,3.2723801223928928,3.5864709801219328
2025-10-23,3.250309125380029,3.5149037617779775,2.911938159501133,3.2838252891826976,3.5990146813482666
2025-10-24,3.3156277821600684,3.585539748563881,2.9704568670664986,3.3498174913750534,3.6566556087883244
2025-10-27,3.349966623306904,3.6372228685888817,3.013273985145074,3.398102835175224,3.680699004075752
2025-10-28,3.3292149737352865,3.608052112802188,3.0011117857241416,3.3843873866172838,3.6578986049972135
2025-10-29,3.348262564491717,3.6286950273074723,3.050177851366911,3.453533874098111,3.678826708530982
2025-10-30,3.350714515786904,3.6313523408546238,3.0524115135690697,3.3971037772573167,3.6815207337870683
2025-10-31,3.33279823074389,3.611935484144261,3.0360902559722143,3.378939448632099,3.6618356264621896
2025-11-03,3.359499885678538,3.640873526073761,3.0604147511119404,3.4060107769742007,3.6911734574845525
2025-11-04,3.3620701743914467,3.643659088344231,3.0627562155439336,3.408616650274992,3.693997503264582
2025-11-05,3.3650286098344813,3.646865306427184,3.065451271289782,3.411616044037413,3.6972480163631425
2025-11-06,3.3998671456116494,3.6846217305720375,3.097188247752888,3.446936904983675,3.735526058611784
2025-11-07,3.405310666826832,3.690521171844671,3.1021471503252482,3.4524557895065286,3.7415070027131345
2025-11-10,3.439103099831344,3.7271438772753926,3.132931155076623,3.4867160648183995,3.7786356635301255
2025-11-11,3.430445534350849,3.717761200677439,3.125044343941973,3.4779386389120526,3.7691233619984996
2025-11-12,3.4449111002931083,3.733438324615846,3.1382220885168715,3.4926044746527833,3.7850170708452184
2025-11-13,3.4679774297553565,3.7584365657650136,3.1592348991560995,3.515990147939623,3.810360671372071
2025-11-14,3.442657955859694,3.7309964689238693,3.136169534060834,3.4903201363633243,3.7825414800693555
2025-11-17,3.4134948826364417,3.699390853549352,3.109602752540562,3.4607533124108882,3.750499222148991
2025-11-18,3.3809142247893966,3.6640814150454077,3.0799226426226873,3.427721588784105,3.71470197149717
2025-11-19,3.3991997225757014,3.683898407772523,3.0965802431766245,3.446260241750873,3.734792742856749
2025-11-20,3.3947691696562137,3.6790967755714927,3.0925441276916428,3.4417683496522726,3.7299247744403456
2025-11-21,3.3288173600117448,3.6076211970918397,3.032463788960602,3.374903464385387,3.6574617360367685
2025-11-24,3.3139920483196126,3.5915541970345455,3.018958325607008,3.3598729023631453,3.6411727647972647
2025-11-25,3.3433917963783073,3.6234163098556986,3.045740711586947,3.3896796778165745,3.673475063765514
2025-11-26,3.336921106377303,3.6164036696646638,3.039846085659628,3.3831194037794083,3.6663655415163436
2025-11-27,3.3431456545494465,3.6231495525111965,3.045516482948892,3.3894301282555404,3.673204621075713
2025-11-28,3.3443479627134955,3.6244525595401087,3.046611753604005,3.3906490818805883,3.674525629598968
2025-12-01,3.3712531580066245,3.653611189273716,3.0711216685790452,3.417926768513545,3.704087095922512
2025-12-02,3.3689148106324502,3.65107699450095,3.068991496517527,3.4155560476837277,3.70151789036941
2025-12-03,3.360659592372208,3.642130363562278,3.061471212964313,3.4071865393290697,3.692447658619188
2025-12-04,3.355547415926645,3.6365900187149354,3.0568141566354874,3.402003586907607,3.6868307719848765
2025-12-05,3.3840051981402786,3.6674312716984767,3.0827384368659487,3.4308553553870818,3.7180981075825446
2025-12-08,3.384734156633442,3.668221283834116,3.0834024986017257,3.431594406010142,3.7188990340100294
2025-12-09,3.347055522830961,3.6128773427683094,3.0490782686226052,3.3933941270519554,3.67750049918677
2025-12-10,3.339122182346921,3.625403955910694,3.029683802306001,3.3853509527386487,3.6687839232616715
2025-12-11,3.3245714134639024,3.5928696588635836,3.002495485091766,3.35711633951973,3.652796599637714
2025-12-12,3.3375790624198345,3.631794491576484,3.0350242561230543,3.393487041582683,3.6524201018069444
2025-12-15,3.334369770585218,3.5908267231160442,3.0007882410387605,3.3552074550819846,3.611219670064968
2025-12-16,3.282839436071752,3.5353330271695427,2.954413173933452,3.3033550888424403,3.555410815497709
2025-12-17,3.3603881001037426,3.618846204863433,3.0242036096518694,3.3813883825662243,3.639398279458682
2025-12-18,3.318936999106405,3.5742069682446043,2.9868994157534554,3.339678238624026,3.5945055286342393
2025-12-19,3.339905585376394,3.5967883149771906,3.0057702343606985,3.360777865185014,3.6172151188721413
2025-12-22,3.3928198735876536,3.6537724088889787,3.0533907997964915,3.4140228339503156,3.6745228356411936
2025-12-23,3.4007387891364935,3.662300393344009,3.060517480487508,3.421991237670869,3.6830992520446255
2025-12-24,3.415179164549084,3.6778514238208286,3.0735131923358314,3.4365218562201134,3.6987385996038245
2025-12-25,3.4230305701614463,3.6863067059360892,3.0805791170107266,3.4444223281101425,3.707241900777901
2025-12-26,3.4478742267852582,3.7130611669714786,3.102937330943327,3.4694212417432517,3.7341483051808244
2025-12-29,3.4174204944401456,3.680265141501196,3.0755302920710554,3.438777192993536,3.7011660252184364
2025-12-30,3.439151942992333,3.7036680246731843,3.095087653660468,3.4606444492394535,3.7247018175480586
2025-12-31,3.4195065514773075,3.682511643800091,3.0774076529691996,3.4408762865567497,3.703425285805529
2026-01-05,3.5012070766026797,3.770496015389841,3.1509345836790708,3.523087387857806,3.7919093363718823
2026-01-06,3.5535137753856394,3.8268257882436982,3.198008344969773,3.5757209701483843,3.8485590160767322
2026-01-07,3.5591441040878835,3.8328891633805227,3.2030753967142807,3.5813864848141486,3.8546568262050034
2026-01-08,3.5328557348234484,3.804578872274054,3.1794170040366874,3.55493383000781,3.8261857558938672
2026-01-09,3.560629322690394,3.834488614855464,3.204412029068947,3.5828809850856933,3.8562653612508306
2026-01-12,3.5857632720410604,3.8615556959518655,3.2270314938708684,3.6081720055900592,3.8834861611399845
2026-01-13,3.5604943028174385,3.8343432101759247,3.2042905170367044,3.5827451214246437,3.8561191307921194
2026-01-14,3.570114468765518,3.8447032935931613,3.212948249333975,3.5924254072744213,3.866538050975317
2026-01-15,3.602168186605154,3.8792223645159956,3.241795205788319,3.6246794404075744,3.901253161873437
2026-01-16,3.60667109936822,3.88407161057866,3.245847632063603,3.629210493503576,3.906129947671467
2026-01-19,3.614468497031399,3.8924687308221038,3.2528649519256008,3.6370566199291843,3.914574756662058
2026-01-20,3.586289849545587,3.862122774202073,3.227505390796614,3.6087018738681524,3.88405645992896
2026-01-21,3.615764687811772,3.8938646157456893,3.254031467435128,3.6383609110752593,3.9159785690656888
2026-01-22,3.6157714388054196,3.8938718859796664,3.25403754303674,3.638367704258312,3.9159858805886243
2026-01-23,3.634167896495607,3.9136832735670133,3.2705935574297658,3.6568791280763073,3.935909780588072
2026-01-26,3.6249325371854506,3.903737593486466,3.2622821344243857,3.647586053660521,3.9259076172122023
2026-01-27,3.6340126236417087,3.9135160581855426,3.2704538185926872,3.656722884866101,3.9357416155605542
2026-01-28,3.6609558392899784,3.942531561987781,3.294701544626656,3.6838344784285297,3.9649219035964416
2026-01-29,3.65916007497967,3.9405976797498967,3.2930854345978324,3.682027491736571,3.962977038495578
2026-01-30,3.6126794837147393,3.890542118818197,3.251254917498389,3.6352564264202782,3.91263720308413
2026-02-02,3.510361423989063,3.7803544526626647,3.159173099465105,3.5322989440769623,3.801823761472525
2026-02-03,3.5847438720002462,3.8604578906213374,3.2261140780274378,3.6071462349491346,3.882382121176712
2026-02-04,3.6044365204708053,3.8816651631322694,3.2438366079299903,3.626961949913205,3.9037098335797897
2026-02-05,3.5551812708166395,3.8286215360360196,3.1995090185679658,3.5773988863623454,3.85036496224182
2026-02-06,3.5408894172643,3.8132304507066936,3.1866469699551083,3.563017717840255,3.8348864681872032
2026-02-09,3.5913030564165003,3.8830537778218783,3.244997047837905,3.6282594478762284,3.905106334460485
2026-02-10,3.5918120767185266,3.8641978734647258,3.2422083466979417,3.625141376855142,3.901750345433055
2026-02-11,3.607509293270535,3.8810854916151167,3.2268613527233216,3.6224716559155197,3.8988769169193738
2026-02-12,3.598380862520864,3.8712648044695985,3.2186961123864304,3.6309456083188385,3.923692225762722
2026-02-13,3.5394799418578318,3.807897120551362,3.1660101484495087,3.5715116441615398,3.84751086539478
2026-02-24,3.5836241215745046,3.855388983083005,3.2054964354955673,3.6160553213316105,3.8954967881557065
2026-02-25,3.6080183135725608,3.8816331135749036,3.227316663522777,3.6406702766928887,3.9220139376541674
2026-02-26,3.5969362144255905,3.8697106011932503,3.217403896974645,3.62948788639959,3.9099673947778797
2026-02-27,3.6194009770883473,3.8938789836851933,3.2374982802572534,3.6521559514123405,3.9343872021657704
2026-03-02,3.6512171698711855,3.928107963895513,3.2659573733698473,3.6842600754258674,3.9689722681749906
2026-03-03,3.631278117468959,3.9066568294135617,3.2481221989112004,3.664140577929656,3.947297976464504
2026-03-04,3.593072507942592,3.865553889746103,3.2139478711921154,3.6255892140182424,3.9057674408529444
2026-03-05,3.614499838751695,3.8886061665295273,3.2331142877025023,3.647210458592338,3.9290595316286194
2026-03-06,3.629295362197257,3.9045237114940097,3.246348654939991,3.662139879053908,3.9451426676121852
2026-03-09,3.598710513764082,3.871619454881651,3.2189909803327446,3.6312782428507475,3.9118961063669966
2026-03-10,3.604993278634806,3.8783786744995963,3.2246108164860163,3.637617865694193,3.918725642485837
2026-03-11,3.646093032164122,3.9225952361669885,3.261373911322002,3.6790895651283972,3.9634021912632518
2026-03-12,3.664243241790657,3.942121870618831,3.2776089935425654,3.697404031120573,3.983131962273236
2026-03-13,3.644721101254852,3.9211192645991817,3.2601467403101387,3.6777052184735406,3.9619108650891537
2026-03-16,3.6116541728727496,3.885544699001956,3.230568883518884,3.644339039912476,3.92596621550072
2026-03-17,3.5952249366483042,3.8678695483189194,3.215873185429812,3.6277611218442387,3.9081071893381045
2026-03-18,3.588021087421533,3.8601193937261207,3.2094294535441934,3.6204920789851647,3.9002764094981375
2026-03-19,3.5366779062904894,3.8048825920489153,3.1635037709058444,3.5686842506403127,3.84446497660104
2026-03-20,3.509147179669472,3.7752640671952804,3.1388779610953277,3.540904375541605,3.8145383287469548
