Indexcd,Trddt,Clsidx
W008_signal_binary,2010-03-05,1000.0
W008_signal_binary,2010-03-08,1008.5698679142221
W008_signal_binary,2010-03-09,1014.8444376519468
W008_signal_binary,2010-03-10,1005.5755085175091
W008_signal_binary,2010-03-11,1003.3792675989371
W008_signal_binary,2010-03-12,988.7329472144385
W008_signal_binary,2010-03-15,973.7111995442712
W008_signal_binary,2010-03-16,982.0946665724347
W008_signal_binary,2010-03-17,1003.1682514145701
W008_signal_binary,2010-03-18,1000.1052543750901
W008_signal_binary,2010-03-19,1007.4582381171517
W008_signal_binary,2010-03-22,1011.2179083258594
W008_signal_binary,2010-03-23,1002.8749584142522
W008_signal_binary,2010-03-24,1004.098285131106
W008_signal_binary,2010-03-25,990.0000279816071
W008_signal_binary,2010-03-26,1005.4486126934574
W008_signal_binary,2010-03-29,1029.3444960181225
W008_signal_binary,2010-03-30,1032.3294049950393
W008_signal_binary,2010-03-31,1024.4114607089332
W008_signal_binary,2010-04-01,1036.8250222199908
W008_signal_binary,2010-04-02,1040.5004123748488
W008_signal_binary,2010-04-06,1041.4455466331622
W008_signal_binary,2010-04-07,1036.256573617234
W008_signal_binary,2010-04-08,1022.9579397025581
W008_signal_binary,2010-04-09,1033.706142699733
W008_signal_binary,2010-04-12,1023.3711055715127
W008_signal_binary,2010-04-13,1032.0962905698425
W008_signal_binary,2010-04-14,1037.564557745983
W008_signal_binary,2010-04-15,1032.8762734645989
W008_signal_binary,2010-04-16,1021.3778159515805
W008_signal_binary,2010-04-19,966.4043978781548
W008_signal_binary,2010-04-20,963.3096270376707
W008_signal_binary,2010-04-21,985.003774934832
W008_signal_binary,2010-04-22,975.3616207985808
W008_signal_binary,2010-04-23,973.2313449354832
W008_signal_binary,2010-04-26,968.2830663558472
W008_signal_binary,2010-04-27,946.8964385964032
W008_signal_binary,2010-04-28,944.4222993065852
W008_signal_binary,2010-04-29,930.2176645816523
W008_signal_binary,2010-04-30,927.5869695853601
W008_signal_binary,2010-05-04,910.3043378456368
W008_signal_binary,2010-05-05,919.5131681514681
W008_signal_binary,2010-05-06,876.0605726919858
W008_signal_binary,2010-05-07,858.2439741676804
W008_signal_binary,2010-05-10,862.0264718616055
W008_signal_binary,2010-05-11,842.9266756717337
W008_signal_binary,2010-05-12,843.2174219837575
W008_signal_binary,2010-05-13,866.5134702346654
W008_signal_binary,2010-05-14,861.2632627925428
W008_signal_binary,2010-05-17,811.1961887345194
W008_signal_binary,2010-05-18,830.1701812316887
W008_signal_binary,2010-05-19,826.9048764966522
W008_signal_binary,2010-05-20,814.2518206483849
W008_signal_binary,2010-05-21,830.3239413005474
W008_signal_binary,2010-05-24,865.1365555775948
W008_signal_binary,2010-05-25,848.8290880925258
W008_signal_binary,2010-05-26,849.551007713488
W008_signal_binary,2010-05-27,862.8051734503459
W008_signal_binary,2010-05-28,860.9854575098921
W008_signal_binary,2010-05-31,834.8073901587688
W008_signal_binary,2010-06-01,823.0140864962818
W008_signal_binary,2010-06-02,830.7330353676589
W008_signal_binary,2010-06-03,823.0112958423153
W008_signal_binary,2010-06-04,828.3135383786916
W008_signal_binary,2010-06-07,815.4095544375322
W008_signal_binary,2010-06-08,818.4876457625967
W008_signal_binary,2010-06-09,845.118856565037
W008_signal_binary,2010-06-10,835.8176068946469
W008_signal_binary,2010-06-11,836.8194516686253
W008_signal_binary,2010-06-17,830.8586147961521
W008_signal_binary,2010-06-18,813.2886574229819
W008_signal_binary,2010-06-21,839.8221953365941
W008_signal_binary,2010-06-22,841.7226306877899
W008_signal_binary,2010-06-23,834.1990275940692
W008_signal_binary,2010-06-24,833.8474051942885
W008_signal_binary,2010-06-25,824.811267650717
W008_signal_binary,2010-06-28,817.471847718786
W008_signal_binary,2010-06-29,776.2259820937137
W008_signal_binary,2010-06-30,765.057784919726
W008_signal_binary,2010-07-01,753.5351746919911
W008_signal_binary,2010-07-02,754.4114400374763
W008_signal_binary,2010-07-05,749.4105881294839
W008_signal_binary,2010-07-06,768.0884351273601
W008_signal_binary,2010-07-07,775.916219503431
W008_signal_binary,2010-07-08,774.6660065264326
W008_signal_binary,2010-07-09,798.9753932287333
W008_signal_binary,2010-07-12,809.3454633682982
W008_signal_binary,2010-07-13,796.4470607350719
W008_signal_binary,2010-07-14,800.705222033988
W008_signal_binary,2010-07-15,785.6983011597466
W008_signal_binary,2010-07-16,788.3068296198334
W008_signal_binary,2010-07-19,808.5441420130618
W008_signal_binary,2010-07-20,824.9890586910091
W008_signal_binary,2010-07-21,826.6782694608372
W008_signal_binary,2010-07-22,836.5816337573583
W008_signal_binary,2010-07-23,840.055256482019
W008_signal_binary,2010-07-26,843.9468108810116
W008_signal_binary,2010-07-27,838.3834081907521
W008_signal_binary,2010-07-28,858.643121854258
W008_signal_binary,2010-07-29,862.183099992237
W008_signal_binary,2010-07-30,858.0986208558106
W008_signal_binary,2010-08-02,874.9481945426617
W008_signal_binary,2010-08-03,860.4215717912792
W008_signal_binary,2010-08-04,864.609426998885
W008_signal_binary,2010-08-05,859.8190223115392
W008_signal_binary,2010-08-06,873.4213723315553
W008_signal_binary,2010-08-09,883.4493224966425
W008_signal_binary,2010-08-10,854.0934390198909
W008_signal_binary,2010-08-11,862.1092556281986
W008_signal_binary,2010-08-12,852.2776111759681
W008_signal_binary,2010-08-13,867.2677335271505
W008_signal_binary,2010-08-16,886.9664665186549
W008_signal_binary,2010-08-17,895.5848326067028
W008_signal_binary,2010-08-18,894.9631978493239
W008_signal_binary,2010-08-19,898.9901914311165
W008_signal_binary,2010-08-20,880.1421165286569
W008_signal_binary,2010-08-23,881.3281302104983
W008_signal_binary,2010-08-24,887.7516893700811
W008_signal_binary,2010-08-25,865.7763554030876
W008_signal_binary,2010-08-26,868.8436321664708
W008_signal_binary,2010-08-27,873.7948984796298
W008_signal_binary,2010-08-30,893.5917843275624
W008_signal_binary,2010-08-31,895.083162451625
W008_signal_binary,2010-09-01,890.2436813360653
W008_signal_binary,2010-09-02,903.3716258833448
W008_signal_binary,2010-09-03,903.3743523515789
W008_signal_binary,2010-09-06,914.1657136222188
W008_signal_binary,2010-09-07,917.0694022915546
W008_signal_binary,2010-09-08,917.5901577242712
W008_signal_binary,2010-09-09,899.5981938473246
W008_signal_binary,2010-09-10,905.5691592800437
W008_signal_binary,2010-09-13,917.7591987547867
W008_signal_binary,2010-09-14,918.4571746227207
W008_signal_binary,2010-09-15,901.307689430117
W008_signal_binary,2010-09-16,879.9321784746296
W008_signal_binary,2010-09-17,881.5816917562713
W008_signal_binary,2010-09-20,875.8670143375595
W008_signal_binary,2010-09-21,877.8300714661244
W008_signal_binary,2010-09-27,895.5357561784887
W008_signal_binary,2010-09-28,888.648697419106
W008_signal_binary,2010-09-29,882.334196988888
W008_signal_binary,2010-09-30,902.387370850828
W008_signal_binary,2010-10-08,933.3164264986658
W008_signal_binary,2010-10-11,952.7997684996749
W008_signal_binary,2010-10-12,962.9367773941266
W008_signal_binary,2010-10-13,979.949939175025
W008_signal_binary,2010-10-14,969.6547951229941
W008_signal_binary,2010-10-15,988.4674259384103
W008_signal_binary,2010-10-18,980.1462448878813
W008_signal_binary,2010-10-19,1003.9147430599382
W008_signal_binary,2010-10-20,1011.2013652145781
W008_signal_binary,2010-10-21,1003.419345486088
W008_signal_binary,2010-10-22,1005.6498409406547
W008_signal_binary,2010-10-25,1030.6353239984755
W008_signal_binary,2010-10-26,1027.2398779647206
W008_signal_binary,2010-10-27,1012.3636760059737
W008_signal_binary,2010-10-28,1010.5025329542387
W008_signal_binary,2010-10-29,1008.6664499810867
W008_signal_binary,2010-11-01,1037.2495774384995
W008_signal_binary,2010-11-02,1033.2435782243494
W008_signal_binary,2010-11-03,1021.0721249668413
W008_signal_binary,2010-11-04,1038.7464427362595
W008_signal_binary,2010-11-05,1049.7844782053558
W008_signal_binary,2010-11-08,1063.5981757643635
W008_signal_binary,2010-11-09,1060.3621468292774
W008_signal_binary,2010-11-10,1052.7055192990067
W008_signal_binary,2010-11-11,1052.9074345819784
W008_signal_binary,2010-11-12,985.4488846431639
W008_signal_binary,2010-11-15,998.5545326098855
W008_signal_binary,2010-11-16,953.3201248167755
W008_signal_binary,2010-11-17,928.5464656980873
W008_signal_binary,2010-11-18,945.2569745167895
W008_signal_binary,2010-11-19,958.9360618871497
W008_signal_binary,2010-11-22,959.8164125209042
W008_signal_binary,2010-11-23,944.5004652565902
W008_signal_binary,2010-11-24,969.7991041110038
W008_signal_binary,2010-11-25,983.8254857680745
W008_signal_binary,2010-11-26,978.9202904937592
W008_signal_binary,2010-11-29,980.5329205537565
W008_signal_binary,2010-11-30,962.435926791985
W008_signal_binary,2010-12-01,961.5286541205008
W008_signal_binary,2010-12-02,965.2869705875393
W008_signal_binary,2010-12-03,963.2058970710488
W008_signal_binary,2010-12-06,959.988713562373
W008_signal_binary,2010-12-07,972.6339946839205
W008_signal_binary,2010-12-08,964.7350688140845
W008_signal_binary,2010-12-09,943.6335756417004
W008_signal_binary,2010-12-10,954.3404700467236
W008_signal_binary,2010-12-13,983.9439427340844
W008_signal_binary,2010-12-14,988.9029820838588
W008_signal_binary,2010-12-15,985.963095563797
W008_signal_binary,2010-12-16,983.6128016700115
W008_signal_binary,2010-12-17,982.3555425080438
W008_signal_binary,2010-12-20,968.86490940179
W008_signal_binary,2010-12-21,989.2610451856611
W008_signal_binary,2010-12-22,977.4718848639119
W008_signal_binary,2010-12-23,967.8122577265664
W008_signal_binary,2010-12-24,958.8741412003717
W008_signal_binary,2010-12-27,939.1672095823758
W008_signal_binary,2010-12-28,921.9290288241754
W008_signal_binary,2010-12-29,929.1037518790879
W008_signal_binary,2010-12-30,929.5318122789869
W008_signal_binary,2010-12-31,949.6506510742441
W008_signal_binary,2011-01-04,966.6249958626953
W008_signal_binary,2011-01-05,968.210703884963
W008_signal_binary,2011-01-06,962.6593797051396
W008_signal_binary,2011-01-07,962.1855518411004
W008_signal_binary,2011-01-10,938.3218575976692
W008_signal_binary,2011-01-11,939.2964353634771
W008_signal_binary,2011-01-12,945.1600551809629
W008_signal_binary,2011-01-13,945.6015765997266
W008_signal_binary,2011-01-14,928.4145477132126
W008_signal_binary,2011-01-17,888.3734009981232
W008_signal_binary,2011-01-18,891.5986611181175
W008_signal_binary,2011-01-19,913.9654900637884
W008_signal_binary,2011-01-20,881.8286536260813
W008_signal_binary,2011-01-21,891.1409864767162
W008_signal_binary,2011-01-24,875.0200702842901
W008_signal_binary,2011-01-25,867.17229628614
W008_signal_binary,2011-01-26,880.8002317848144
W008_signal_binary,2011-01-27,896.339631962283
W008_signal_binary,2011-01-28,903.3474383832724
W008_signal_binary,2011-01-31,916.3884734594436
W008_signal_binary,2011-02-01,917.0130647347678
W008_signal_binary,2011-02-09,904.0958710321526
W008_signal_binary,2011-02-10,928.6595382565506
W008_signal_binary,2011-02-11,937.4468913714602
W008_signal_binary,2011-02-14,959.9375616906865
W008_signal_binary,2011-02-15,956.8738337970693
W008_signal_binary,2011-02-16,969.0345182394855
W008_signal_binary,2011-02-17,969.4060423601527
W008_signal_binary,2011-02-18,959.1029785210723
W008_signal_binary,2011-02-21,973.2208951064234
W008_signal_binary,2011-02-22,944.5946923886436
W008_signal_binary,2011-02-23,950.1729386061963
W008_signal_binary,2011-02-24,954.9865989522312
W008_signal_binary,2011-02-25,956.2519347255178
W008_signal_binary,2011-02-28,970.5959964277969
W008_signal_binary,2011-03-01,976.9038298678191
W008_signal_binary,2011-03-02,974.9842885777059
W008_signal_binary,2011-03-03,961.340199856394
W008_signal_binary,2011-03-04,974.082400313767
W008_signal_binary,2011-03-07,991.1859708833202
W008_signal_binary,2011-03-08,993.323580679043
W008_signal_binary,2011-03-09,994.5539178032809
W008_signal_binary,2011-03-10,982.7782185003967
W008_signal_binary,2011-03-11,975.078515709759
W008_signal_binary,2011-03-14,982.9262897079091
W008_signal_binary,2011-03-15,967.6507255001893
W008_signal_binary,2011-03-16,977.2080488941626
W008_signal_binary,2011-03-17,963.768567659595
W008_signal_binary,2011-03-18,970.7575286541736
W008_signal_binary,2011-03-21,967.2953546021599
W008_signal_binary,2011-03-22,968.4530022245283
W008_signal_binary,2011-03-23,982.000171610014
W008_signal_binary,2011-03-24,979.2325861314212
W008_signal_binary,2011-03-25,990.714835223054
W008_signal_binary,2011-03-28,985.3654263262018
W008_signal_binary,2011-03-29,972.1924732651562
W008_signal_binary,2011-03-30,969.1206687602202
W008_signal_binary,2011-03-31,958.0476346420756
W008_signal_binary,2011-04-01,974.4243101929321
W008_signal_binary,2011-04-06,976.4461552264177
W008_signal_binary,2011-04-07,981.087514530984
W008_signal_binary,2011-04-08,989.4118085969459
W008_signal_binary,2011-04-11,980.7806033008675
W008_signal_binary,2011-04-12,977.4503472337279
W008_signal_binary,2011-04-13,991.2640447927357
W008_signal_binary,2011-04-14,984.810832348974
W008_signal_binary,2011-04-15,985.4784988846656
W008_signal_binary,2011-04-18,986.0573244860328
W008_signal_binary,2011-04-19,971.7823231347292
W008_signal_binary,2011-04-20,971.7763970090866
W008_signal_binary,2011-04-21,978.0003028930391
W008_signal_binary,2011-04-22,971.1477890834157
W008_signal_binary,2011-04-25,957.9928586686785
W008_signal_binary,2011-04-26,950.7378759674423
W008_signal_binary,2011-04-27,946.0555308674756
W008_signal_binary,2011-04-28,934.8294758801192
W008_signal_binary,2011-04-29,941.0211660020116
W008_signal_binary,2011-05-03,948.1700605547417
W008_signal_binary,2011-05-04,924.0856397496079
W008_signal_binary,2011-05-05,924.3822043465678
W008_signal_binary,2011-05-06,921.1007050257361
W008_signal_binary,2011-05-09,923.3430227100664
W008_signal_binary,2011-05-10,931.5431543707191
W008_signal_binary,2011-05-11,927.8879354358323
W008_signal_binary,2011-05-12,917.0139002139729
W008_signal_binary,2011-05-13,924.502759060779
W008_signal_binary,2011-05-16,916.6425916942021
W008_signal_binary,2011-05-17,918.9114314156586
W008_signal_binary,2011-05-18,925.9175365088818
W008_signal_binary,2011-05-19,920.9288086591926
W008_signal_binary,2011-05-20,920.9595063758487
W008_signal_binary,2011-05-23,890.9968021652072
W008_signal_binary,2011-05-24,890.4769912069515
W008_signal_binary,2011-05-25,879.1029672161142
W008_signal_binary,2011-05-26,874.1185518251651
W008_signal_binary,2011-05-27,865.0165709814459
W008_signal_binary,2011-05-30,859.1971912303584
W008_signal_binary,2011-05-31,874.7786189174823
W008_signal_binary,2011-06-01,877.5252234562814
W008_signal_binary,2011-06-02,861.9794033165487
W008_signal_binary,2011-06-03,872.9756663688341
W008_signal_binary,2011-06-07,877.1008982184809
W008_signal_binary,2011-06-08,877.1429483808195
W008_signal_binary,2011-06-09,858.8372169051688
W008_signal_binary,2011-06-10,862.3668057961796
W008_signal_binary,2011-06-13,860.093964464847
W008_signal_binary,2011-06-14,874.5091263674517
W008_signal_binary,2011-06-15,864.9230838111843
W008_signal_binary,2011-06-16,850.1629848124121
W008_signal_binary,2011-06-17,844.6199258949387
W008_signal_binary,2011-06-20,839.1784763546306
W008_signal_binary,2011-06-21,851.9037138791152
W008_signal_binary,2011-06-22,851.7860609160817
W008_signal_binary,2011-06-23,868.5302167005578
W008_signal_binary,2011-06-24,886.2904662566888
W008_signal_binary,2011-06-27,893.4352098300075
W008_signal_binary,2011-06-28,895.3898533749533
W008_signal_binary,2011-06-29,883.8678847905859
W008_signal_binary,2011-06-30,895.7936169526371
W008_signal_binary,2011-07-01,899.4060977039668
W008_signal_binary,2011-07-04,922.1238152933809
W008_signal_binary,2011-07-05,924.4207220035157
W008_signal_binary,2011-07-06,922.9981907231992
W008_signal_binary,2011-07-07,922.7495151422416
W008_signal_binary,2011-07-08,923.6452820198846
W008_signal_binary,2011-07-11,930.0974774698909
W008_signal_binary,2011-07-12,916.021904801497
W008_signal_binary,2011-07-13,930.8675695915663
W008_signal_binary,2011-07-14,933.8971333896836
W008_signal_binary,2011-07-15,936.9133275329109
W008_signal_binary,2011-07-18,936.6646519519534
W008_signal_binary,2011-07-19,927.926245515724
W008_signal_binary,2011-07-20,927.2684584951267
W008_signal_binary,2011-07-21,917.915047933948
W008_signal_binary,2011-07-22,921.0809822119454
W008_signal_binary,2011-07-25,888.7611784803956
W008_signal_binary,2011-07-26,891.1757381535643
W008_signal_binary,2011-07-27,901.4302634543417
W008_signal_binary,2011-07-28,897.1198867177437
W008_signal_binary,2011-07-29,890.7746485068587
W008_signal_binary,2011-08-01,893.0448159072134
W008_signal_binary,2011-08-02,889.8147072857429
W008_signal_binary,2011-08-03,891.6008931790725
W008_signal_binary,2011-08-04,895.6492246798225
W008_signal_binary,2011-08-05,880.1404250072001
W008_signal_binary,2011-08-08,848.6709313266665
W008_signal_binary,2011-08-09,850.1950719841484
W008_signal_binary,2011-08-10,861.4523214016898
W008_signal_binary,2011-08-11,876.0813977825377
W008_signal_binary,2011-08-12,880.0976421115515
W008_signal_binary,2011-08-15,891.6436760747209
W008_signal_binary,2011-08-16,887.1274066528143
W008_signal_binary,2011-08-17,881.6351524239235
W008_signal_binary,2011-08-18,864.5995381628411
W008_signal_binary,2011-08-19,857.7275355492825
W008_signal_binary,2011-08-22,846.6788527480279
W008_signal_binary,2011-08-23,858.3478875361872
W008_signal_binary,2011-08-24,856.0081979304038
W008_signal_binary,2011-08-25,878.8943731714342
W008_signal_binary,2011-08-26,880.0120763202542
W008_signal_binary,2011-08-29,868.0114740908181
W008_signal_binary,2011-08-30,863.3401166721849
W008_signal_binary,2011-08-31,864.530015957412
W008_signal_binary,2011-09-01,858.1580384367466
W008_signal_binary,2011-09-02,848.3874946429945
W008_signal_binary,2011-09-05,829.6512602798795
W008_signal_binary,2011-09-06,820.2390232371846
W008_signal_binary,2011-09-07,838.2960791318775
W008_signal_binary,2011-09-08,830.9293992873819
W008_signal_binary,2011-09-09,827.036155783358
W008_signal_binary,2011-09-13,814.5355284610287
W008_signal_binary,2011-09-14,818.3004232781065
W008_signal_binary,2011-09-15,817.8003981852135
W008_signal_binary,2011-09-16,819.4421918057288
W008_signal_binary,2011-09-19,803.1766696663213
W008_signal_binary,2011-09-20,805.4949678242807
W008_signal_binary,2011-09-21,831.073791560196
W008_signal_binary,2011-09-22,805.1954875547406
W008_signal_binary,2011-09-23,799.5508192601017
W008_signal_binary,2011-09-26,783.5740816663223
W008_signal_binary,2011-09-27,790.8926307532132
W008_signal_binary,2011-09-28,780.7450626915577
W008_signal_binary,2011-09-29,769.3541167251141
W008_signal_binary,2011-09-30,768.3915015730203
W008_signal_binary,2011-10-10,759.3455930743166
W008_signal_binary,2011-10-11,751.158016419563
W008_signal_binary,2011-10-12,776.4159684381133
W008_signal_binary,2011-10-13,783.7452132489167
W008_signal_binary,2011-10-14,780.3466469758299
W008_signal_binary,2011-10-17,784.4136959934261
W008_signal_binary,2011-10-18,762.8912255511952
W008_signal_binary,2011-10-19,757.1449478793909
W008_signal_binary,2011-10-20,734.0047491954467
W008_signal_binary,2011-10-21,726.9856803780959
W008_signal_binary,2011-10-24,744.0614036038489
W008_signal_binary,2011-10-25,762.3056346670048
W008_signal_binary,2011-10-26,771.7900678461068
W008_signal_binary,2011-10-27,772.2713754221537
W008_signal_binary,2011-10-28,790.1706693891427
W008_signal_binary,2011-10-31,788.1545254317017
W008_signal_binary,2011-11-01,786.8977778720237
W008_signal_binary,2011-11-02,799.2914479552314
W008_signal_binary,2011-11-03,802.2809027886784
W008_signal_binary,2011-11-04,807.134087513818
W008_signal_binary,2011-11-07,799.9519089068069
W008_signal_binary,2011-11-08,794.5184811594328
W008_signal_binary,2011-11-09,803.7756302054019
W008_signal_binary,2011-11-10,790.7669559972452
W008_signal_binary,2011-11-11,788.3978531507031
W008_signal_binary,2011-11-14,806.158102706834
W008_signal_binary,2011-11-15,805.7516651981722
W008_signal_binary,2011-11-16,784.6570237124274
W008_signal_binary,2011-11-17,782.4028998979413
W008_signal_binary,2011-11-18,763.450077125605
W008_signal_binary,2011-11-21,763.2174451305157
W008_signal_binary,2011-11-22,762.5462884550282
W008_signal_binary,2011-11-23,758.2225420635401
W008_signal_binary,2011-11-24,758.5995663314435
W008_signal_binary,2011-11-25,753.8078820187985
W008_signal_binary,2011-11-28,754.3292985595162
W008_signal_binary,2011-11-29,765.2335890879567
W008_signal_binary,2011-11-30,739.8045054868116
W008_signal_binary,2011-12-01,756.5860963049804
W008_signal_binary,2011-12-02,745.812828394464
W008_signal_binary,2011-12-05,728.3039283502686
W008_signal_binary,2011-12-06,727.6648588465175
W008_signal_binary,2011-12-07,730.4403992017213
W008_signal_binary,2011-12-08,729.512545152342
W008_signal_binary,2011-12-09,723.6085055528334
W008_signal_binary,2011-12-12,714.7631418774823
W008_signal_binary,2011-12-13,695.8210148290583
W008_signal_binary,2011-12-14,687.1387609433676
W008_signal_binary,2011-12-15,672.2824004293866
W008_signal_binary,2011-12-16,690.2538905327825
W008_signal_binary,2011-12-19,690.152281155617
W008_signal_binary,2011-12-20,689.0800348334237
W008_signal_binary,2011-12-21,676.0820563491791
W008_signal_binary,2011-12-22,676.2184268290591
W008_signal_binary,2011-12-23,683.0075375822984
W008_signal_binary,2011-12-26,675.8948811807163
W008_signal_binary,2011-12-27,662.704379666053
W008_signal_binary,2011-12-28,661.6294594128816
W008_signal_binary,2011-12-29,663.9397357779068
W008_signal_binary,2011-12-30,675.6060966350882
W008_signal_binary,2012-01-04,660.468973368413
W008_signal_binary,2012-01-05,648.7330903058026
W008_signal_binary,2012-01-06,651.6022182452376
W008_signal_binary,2012-01-09,675.3574210541308
W008_signal_binary,2012-01-10,700.0939565319636
W008_signal_binary,2012-01-11,696.5296065382383
W008_signal_binary,2012-01-12,697.2194807305723
W008_signal_binary,2012-01-13,681.7240507128399
W008_signal_binary,2012-01-16,663.4958632355523
W008_signal_binary,2012-01-17,696.6499334322502
W008_signal_binary,2012-01-18,683.0235811681667
W008_signal_binary,2012-01-19,696.4574104018316
W008_signal_binary,2012-01-20,708.8617762089517
W008_signal_binary,2012-01-30,699.8265634341598
W008_signal_binary,2012-01-31,700.3560017678114
W008_signal_binary,2012-02-01,691.7619876043963
W008_signal_binary,2012-02-02,707.6692029927464
W008_signal_binary,2012-02-03,714.4877269867442
W008_signal_binary,2012-02-06,715.9717586795556
W008_signal_binary,2012-02-07,702.8053225436946
W008_signal_binary,2012-02-08,721.1565108459718
W008_signal_binary,2012-02-09,725.4909529613722
W008_signal_binary,2012-02-10,727.3867700248014
W008_signal_binary,2012-02-13,728.9349760610856
W008_signal_binary,2012-02-14,727.2691170617677
W008_signal_binary,2012-02-15,735.1171044823104
W008_signal_binary,2012-02-16,730.9591418114605
W008_signal_binary,2012-02-17,729.8521343865528
W008_signal_binary,2012-02-20,731.4538190423978
W008_signal_binary,2012-02-21,739.5478081129198
W008_signal_binary,2012-02-22,752.0190221944907
W008_signal_binary,2012-02-23,755.7545037708103
W008_signal_binary,2012-02-24,768.7952651507037
W008_signal_binary,2012-02-27,770.5974946299013
W008_signal_binary,2012-02-28,770.9664971048708
W008_signal_binary,2012-02-29,763.2522062332303
W008_signal_binary,2012-03-01,765.1426754347032
W008_signal_binary,2012-03-02,779.5952723710005
W008_signal_binary,2012-03-05,776.7020790527629
W008_signal_binary,2012-03-06,766.9983835334617
W008_signal_binary,2012-03-07,760.7761461475664
W008_signal_binary,2012-03-08,771.405021785269
W008_signal_binary,2012-03-09,782.8895553359438
W008_signal_binary,2012-03-12,781.3573928855279
W008_signal_binary,2012-03-13,788.3229830833175
W008_signal_binary,2012-03-14,761.3483673768665
W008_signal_binary,2012-03-15,754.9951073730472
W008_signal_binary,2012-03-16,769.9824905049524
W008_signal_binary,2012-03-19,773.3168824345662
W008_signal_binary,2012-03-20,758.8188286716423
W008_signal_binary,2012-03-21,758.7653500520813
W008_signal_binary,2012-03-22,757.8989964151971
W008_signal_binary,2012-03-23,746.4679414840831
W008_signal_binary,2012-03-26,747.6551668383321
W008_signal_binary,2012-03-27,742.8875479044897
W008_signal_binary,2012-03-28,718.3301658021853
W008_signal_binary,2012-03-29,709.0382556535019
W008_signal_binary,2012-03-30,710.4046343832796
W008_signal_binary,2012-04-05,731.550080557607
W008_signal_binary,2012-04-06,734.3710777394374
W008_signal_binary,2012-04-09,727.7557724997706
W008_signal_binary,2012-04-10,734.4379260138885
W008_signal_binary,2012-04-11,735.3764757871799
W008_signal_binary,2012-04-12,749.7301372772898
W008_signal_binary,2012-04-13,753.1875300318935
W008_signal_binary,2012-04-16,752.0457615042712
W008_signal_binary,2012-04-17,742.3340441920359
W008_signal_binary,2012-04-18,759.7493566519998
W008_signal_binary,2012-04-19,758.8081329477304
W008_signal_binary,2012-04-20,765.0143267477574
W008_signal_binary,2012-04-23,758.936481634676
W008_signal_binary,2012-04-24,758.1022151695282
W008_signal_binary,2012-04-25,766.0384423123462
W008_signal_binary,2012-04-26,767.222993735617
W008_signal_binary,2012-04-27,765.8993979014881
W008_signal_binary,2012-05-02,783.4804940820904
W008_signal_binary,2012-05-03,786.6785155318244
W008_signal_binary,2012-05-04,794.7644828094124
W008_signal_binary,2012-05-07,798.358246043896
W008_signal_binary,2012-05-08,795.8955556131226
W008_signal_binary,2012-05-09,780.0846017399818
W008_signal_binary,2012-05-10,780.1674936003009
W008_signal_binary,2012-05-11,775.4533532860193
W008_signal_binary,2012-05-14,769.3434210012016
W008_signal_binary,2012-05-15,771.6884584689413
W008_signal_binary,2012-05-16,759.2092225944363
W008_signal_binary,2012-05-17,769.8086849913803
W008_signal_binary,2012-05-18,758.6824581917625
W008_signal_binary,2012-05-21,763.1880318897572
W008_signal_binary,2012-05-22,776.7822969821044
W008_signal_binary,2012-05-23,775.0709811561599
W008_signal_binary,2012-05-24,767.7470842073128
W008_signal_binary,2012-05-25,759.8001613405828
W008_signal_binary,2012-05-28,774.8276534371586
W008_signal_binary,2012-05-29,785.3602675596514
W008_signal_binary,2012-05-30,783.5419944945855
W008_signal_binary,2012-05-31,782.6408797549865
W008_signal_binary,2012-06-01,783.1783398815725
W008_signal_binary,2012-06-04,762.0275458452887
W008_signal_binary,2012-06-05,761.3349977219767
W008_signal_binary,2012-06-06,760.3723825698829
W008_signal_binary,2012-06-07,756.1529194865383
W008_signal_binary,2012-06-08,751.885325645589
W008_signal_binary,2012-06-11,764.565106343447
W008_signal_binary,2012-06-12,761.476716063813
W008_signal_binary,2012-06-13,774.7206961980369
W008_signal_binary,2012-06-14,770.4744938049118
W008_signal_binary,2012-06-15,772.3863544542093
W008_signal_binary,2012-06-18,777.9802180602657
W008_signal_binary,2012-06-19,770.7044518690233
W008_signal_binary,2012-06-20,768.1963046116233
W008_signal_binary,2012-06-21,757.112860707654
W008_signal_binary,2012-06-25,738.8793253684105
W008_signal_binary,2012-06-26,738.7830638532012
W008_signal_binary,2012-06-27,737.7749918744806
W008_signal_binary,2012-06-28,730.9618157424388
W008_signal_binary,2012-06-29,742.1522168855296
W008_signal_binary,2012-07-02,746.510724379732
W008_signal_binary,2012-07-03,748.9092404670324
W008_signal_binary,2012-07-04,746.2513530748623
W008_signal_binary,2012-07-05,735.5903902654231
W008_signal_binary,2012-07-06,752.3612853596801
W008_signal_binary,2012-07-09,736.3845477659006
W008_signal_binary,2012-07-10,732.0447577885444
W008_signal_binary,2012-07-11,739.3445893585891
W008_signal_binary,2012-07-12,746.5642029992925
W008_signal_binary,2012-07-13,745.9705903221682
W008_signal_binary,2012-07-16,726.3011540477179
W008_signal_binary,2012-07-17,729.028563645317
W008_signal_binary,2012-07-18,726.9669628612493
W008_signal_binary,2012-07-19,731.0206422239557
W008_signal_binary,2012-07-20,722.9186313604994
W008_signal_binary,2012-07-23,713.7390263128935
W008_signal_binary,2012-07-24,718.3515572500099
W008_signal_binary,2012-07-25,714.308573611216
W008_signal_binary,2012-07-26,709.233452614899
W008_signal_binary,2012-07-27,708.5248609057189
W008_signal_binary,2012-07-30,703.1502596398618
W008_signal_binary,2012-07-31,700.0752390151176
W008_signal_binary,2012-08-01,709.1666043404481
W008_signal_binary,2012-08-02,702.0726654557122
W008_signal_binary,2012-08-03,709.6719772952972
W008_signal_binary,2012-08-06,722.2260832371874
W008_signal_binary,2012-08-07,725.0203411092375
W008_signal_binary,2012-08-08,723.7662674805373
W008_signal_binary,2012-08-09,734.2373811905356
W008_signal_binary,2012-08-10,729.3387396387695
W008_signal_binary,2012-08-13,715.3273413138485
W008_signal_binary,2012-08-14,716.8354383854619
W008_signal_binary,2012-08-15,709.4928239197685
W008_signal_binary,2012-08-16,704.6102259538706
W008_signal_binary,2012-08-17,701.449639537829
W008_signal_binary,2012-08-20,699.278407583662
W008_signal_binary,2012-08-21,705.4097313163039
W008_signal_binary,2012-08-22,697.5109392071787
W008_signal_binary,2012-08-23,699.901433501545
W008_signal_binary,2012-08-24,690.302021290387
W008_signal_binary,2012-08-27,675.103397611217
W008_signal_binary,2012-08-28,677.1569766023506
W008_signal_binary,2012-08-29,669.9854937192517
W008_signal_binary,2012-08-30,663.8621917795438
W008_signal_binary,2012-08-31,663.8381264007414
W008_signal_binary,2012-09-03,675.9216204904969
W008_signal_binary,2012-09-04,669.1218140133453
W008_signal_binary,2012-09-05,668.3249825818899
W008_signal_binary,2012-09-06,674.6541772069066
W008_signal_binary,2012-09-07,703.9898739669657
W008_signal_binary,2012-09-10,707.5542239606909
W008_signal_binary,2012-09-11,703.2679126028954
W008_signal_binary,2012-09-12,707.1317428661611
W008_signal_binary,2012-09-13,697.671375065861
W008_signal_binary,2012-09-14,702.3667978632964
W008_signal_binary,2012-09-17,684.3953077599007
W008_signal_binary,2012-09-18,678.8014441538443
W008_signal_binary,2012-09-19,682.3657941475693
W008_signal_binary,2012-09-20,665.8997271848092
W008_signal_binary,2012-09-21,665.9344882875235
W008_signal_binary,2012-09-24,671.1967844523032
W008_signal_binary,2012-09-25,669.0603136008506
W008_signal_binary,2012-09-26,659.8165342097718
W008_signal_binary,2012-09-27,677.9324165859819
W008_signal_binary,2012-09-28,691.8422055337376
W008_signal_binary,2012-10-08,684.2027847294818
W008_signal_binary,2012-10-09,700.789178586254
W008_signal_binary,2012-10-10,703.2625647409395
W008_signal_binary,2012-10-11,696.2488437855448
W008_signal_binary,2012-10-12,695.072314155208
W008_signal_binary,2012-10-15,692.3529263505429
W008_signal_binary,2012-10-16,695.5375781453865
W008_signal_binary,2012-10-17,696.8638479104936
W008_signal_binary,2012-10-18,709.097082135019
W008_signal_binary,2012-10-19,709.2521701317454
W008_signal_binary,2012-10-22,712.0330583489053
W008_signal_binary,2012-10-23,701.5592707079292
W008_signal_binary,2012-10-24,699.9976950167548
W008_signal_binary,2012-10-25,693.1337141961301
W008_signal_binary,2012-10-26,679.4966662081343
W008_signal_binary,2012-10-29,677.0607150871415
W008_signal_binary,2012-10-30,678.9351407027464
W008_signal_binary,2012-10-31,684.20545866046
W008_signal_binary,2012-11-01,698.1687262277762
W008_signal_binary,2012-11-02,700.3346103199874
W008_signal_binary,2012-11-05,697.3291119006724
W008_signal_binary,2012-11-06,693.7005875634743
W008_signal_binary,2012-11-07,693.056170197767
W008_signal_binary,2012-11-08,679.956582336357
W008_signal_binary,2012-11-09,678.0340259631474
W008_signal_binary,2012-11-12,680.3336066042606
W008_signal_binary,2012-11-13,667.9292407971403
W008_signal_binary,2012-11-14,670.8197601843999
W008_signal_binary,2012-11-15,661.8567435460153
W008_signal_binary,2012-11-16,656.1906838035521
W008_signal_binary,2012-11-19,654.1290830194845
W008_signal_binary,2012-11-20,652.1209608549776
W008_signal_binary,2012-11-21,659.9796439994323
W008_signal_binary,2012-11-22,653.5862750309427
W008_signal_binary,2012-11-23,657.6292586697365
W008_signal_binary,2012-11-26,651.1503239099495
W008_signal_binary,2012-11-27,640.8236024727654
W008_signal_binary,2012-11-28,632.6440476109458
W008_signal_binary,2012-11-29,629.5235701595752
W008_signal_binary,2012-11-30,638.0721274963639
W008_signal_binary,2012-12-03,625.0073007376683
W008_signal_binary,2012-12-04,632.4943074761757
W008_signal_binary,2012-12-05,657.4714967420324
W008_signal_binary,2012-12-06,655.8885296030337
W008_signal_binary,2012-12-07,670.263582540968
W008_signal_binary,2012-12-10,678.9592060815487
W008_signal_binary,2012-12-11,674.6595250688631
W008_signal_binary,2012-12-12,678.8682924282955
W008_signal_binary,2012-12-13,670.204756059451
W008_signal_binary,2012-12-14,703.6609804566671
W008_signal_binary,2012-12-17,707.7012901644832
W008_signal_binary,2012-12-18,707.9071828497921
W008_signal_binary,2012-12-19,710.476830519687
W008_signal_binary,2012-12-20,714.4502919530519
W008_signal_binary,2012-12-21,711.9314489717398
W008_signal_binary,2012-12-24,713.1694790145716
W008_signal_binary,2012-12-25,732.8576328058681
W008_signal_binary,2012-12-26,738.1814293831426
W008_signal_binary,2012-12-27,733.8576829916544
W008_signal_binary,2012-12-28,743.6068353375824
W008_signal_binary,2012-12-31,755.6849815653817
W008_signal_binary,2013-01-04,754.6020395192761
W008_signal_binary,2013-01-07,759.6210079650541
W008_signal_binary,2013-01-08,760.3964479486851
W008_signal_binary,2013-01-09,761.9259364681233
W008_signal_binary,2013-01-10,763.4126420919125
W008_signal_binary,2013-01-11,747.3931216024846
W008_signal_binary,2013-01-14,776.4534034718055
W008_signal_binary,2013-01-15,785.1811141841227
W008_signal_binary,2013-01-16,779.3813578927576
W008_signal_binary,2013-01-17,772.2553318362852
W008_signal_binary,2013-01-18,788.1705690175696
W008_signal_binary,2013-01-21,792.5451200976403
W008_signal_binary,2013-01-22,783.0098822299556
W008_signal_binary,2013-01-23,786.175816507953
W008_signal_binary,2013-01-24,775.3838310805901
W008_signal_binary,2013-01-25,772.3489194205166
W008_signal_binary,2013-01-28,795.986469266376
W008_signal_binary,2013-01-29,803.1739957353429
W008_signal_binary,2013-01-30,806.0457976057562
W008_signal_binary,2013-01-31,802.1445323087983
W008_signal_binary,2013-02-01,819.9636083464461
W008_signal_binary,2013-02-04,819.3245388426948
W008_signal_binary,2013-02-05,831.9882759546845
W008_signal_binary,2013-02-06,835.1221230609455
W008_signal_binary,2013-02-07,831.480229068857
W008_signal_binary,2013-02-08,836.9778311597041
W008_signal_binary,2013-02-18,829.5037776613542
W008_signal_binary,2013-02-19,811.8486541986102
W008_signal_binary,2013-02-20,816.665391161286
W008_signal_binary,2013-02-21,788.3447523698679
W008_signal_binary,2013-02-22,780.299836815091
W008_signal_binary,2013-02-25,785.3626565921606
W008_signal_binary,2013-02-26,774.9269860591675
W008_signal_binary,2013-02-27,782.3882412798737
W008_signal_binary,2013-02-28,806.2906691229069
W008_signal_binary,2013-03-01,804.9423742778285
W008_signal_binary,2013-03-04,764.0002357734278
W008_signal_binary,2013-03-05,786.8966124763018
W008_signal_binary,2013-03-06,797.3071767451479
W008_signal_binary,2013-03-07,789.1408375913206
W008_signal_binary,2013-03-08,784.8768098727849
W008_signal_binary,2013-03-11,780.0583265375974
W008_signal_binary,2013-03-12,765.9698733449618
W008_signal_binary,2013-03-13,759.1817524382403
W008_signal_binary,2013-03-14,761.3309280189759
W008_signal_binary,2013-03-15,762.4715224303739
W008_signal_binary,2013-03-18,750.9203637501299
W008_signal_binary,2013-03-19,756.5626097157714
W008_signal_binary,2013-03-20,783.5408358631383
W008_signal_binary,2013-03-21,785.9049322964427
W008_signal_binary,2013-03-22,786.5421031754689
W008_signal_binary,2013-03-25,785.2769935015705
W008_signal_binary,2013-03-26,772.3127848057167
W008_signal_binary,2013-03-27,774.4797561745776
W008_signal_binary,2013-03-28,743.7347922036942
W008_signal_binary,2013-03-29,745.0526630343486
W008_signal_binary,2013-04-01,744.58812252414
W008_signal_binary,2013-04-02,741.3363070628245
W008_signal_binary,2013-04-03,739.3818256020703
W008_signal_binary,2013-04-08,739.0744723488492
W008_signal_binary,2013-04-09,746.0486641090532
W008_signal_binary,2013-04-10,744.9186338272822
W008_signal_binary,2013-04-11,744.2067281783111
W008_signal_binary,2013-04-12,740.3694593002972
W008_signal_binary,2013-04-15,733.1494853146263
W008_signal_binary,2013-04-16,740.359876126717
W008_signal_binary,2013-04-17,741.9855395053075
W008_signal_binary,2013-04-18,743.6024500685867
W008_signal_binary,2013-04-19,763.6323043770637
W008_signal_binary,2013-04-22,764.0695574057588
W008_signal_binary,2013-04-23,739.5545867011482
W008_signal_binary,2013-04-24,754.2798024698901
W008_signal_binary,2013-04-25,742.7593633905046
W008_signal_binary,2013-04-26,733.8126951327182
W008_signal_binary,2013-05-02,734.9385562245672
W008_signal_binary,2013-05-03,748.9908736198084
W008_signal_binary,2013-05-06,761.0716249635095
W008_signal_binary,2013-05-07,764.3313855666538
W008_signal_binary,2013-05-08,770.1937180890955
W008_signal_binary,2013-05-09,765.9573384458125
W008_signal_binary,2013-05-10,769.4082336064104
W008_signal_binary,2013-05-13,765.8892631239797
W008_signal_binary,2013-05-14,752.077827636762
W008_signal_binary,2013-05-15,759.0974406303601
W008_signal_binary,2013-05-16,771.9898592728362
W008_signal_binary,2013-05-17,782.9238032718164
W008_signal_binary,2013-05-20,793.5906825466839
W008_signal_binary,2013-05-21,797.6123630980329
W008_signal_binary,2013-05-22,797.015394891192
W008_signal_binary,2013-05-23,787.2046937024518
W008_signal_binary,2013-05-24,793.7791988225283
W008_signal_binary,2013-05-27,795.6695981441912
W008_signal_binary,2013-05-28,806.4595366546793
W008_signal_binary,2013-05-29,807.1821823787499
W008_signal_binary,2013-05-30,803.1762115170544
W008_signal_binary,2013-05-31,794.8972050695506
W008_signal_binary,2013-06-03,792.5643161559751
W008_signal_binary,2013-06-04,779.8551772261256
W008_signal_binary,2013-06-05,779.2713004273296
W008_signal_binary,2013-06-06,769.2328087386105
W008_signal_binary,2013-06-07,756.6964763949521
W008_signal_binary,2013-06-13,734.519631167135
W008_signal_binary,2013-06-14,744.3172409478306
W008_signal_binary,2013-06-17,742.3430566146812
W008_signal_binary,2013-06-18,747.9802169187534
W008_signal_binary,2013-06-19,743.2594551778143
W008_signal_binary,2013-06-20,718.2286829962405
W008_signal_binary,2013-06-21,718.9879846628363
W008_signal_binary,2013-06-24,672.660109874053
W008_signal_binary,2013-06-25,671.8405877304513
W008_signal_binary,2013-06-26,680.2714545112742
W008_signal_binary,2013-06-27,675.7444456093976
W008_signal_binary,2013-06-28,683.6568926316482
W008_signal_binary,2013-07-01,691.6269418492958
W008_signal_binary,2013-07-02,695.4810523776719
W008_signal_binary,2013-07-03,694.2242772053753
W008_signal_binary,2013-07-04,698.2276297854617
W008_signal_binary,2013-07-05,698.1019522682321
W008_signal_binary,2013-07-08,678.7973619654346
W008_signal_binary,2013-07-09,679.2895989079174
W008_signal_binary,2013-07-10,697.9841295958292
W008_signal_binary,2013-07-11,729.0317129147728
W008_signal_binary,2013-07-12,715.2621699332985
W008_signal_binary,2013-07-15,726.4081947426037
W008_signal_binary,2013-07-16,731.0399349088384
W008_signal_binary,2013-07-17,718.7523393180304
W008_signal_binary,2013-07-18,708.3734710201478
W008_signal_binary,2013-07-19,689.2757249644575
W008_signal_binary,2013-07-22,696.3162842109272
W008_signal_binary,2013-07-23,716.7703001400545
W008_signal_binary,2013-07-24,714.9872503643585
W008_signal_binary,2013-07-25,706.6846793823743
W008_signal_binary,2013-07-26,704.7838069342756
W008_signal_binary,2013-07-29,689.6684672058002
W008_signal_binary,2013-07-30,690.3439838609097
W008_signal_binary,2013-07-31,691.6400332573404
W008_signal_binary,2013-08-01,710.4183489567386
W008_signal_binary,2013-08-02,711.9081511922318
W008_signal_binary,2013-08-05,721.3732392085907
W008_signal_binary,2013-08-06,726.5810013287947
W008_signal_binary,2013-08-07,722.9782458348778
W008_signal_binary,2013-08-08,723.2217460245101
W008_signal_binary,2013-08-09,725.2692422427102
W008_signal_binary,2013-08-12,743.2620734594228
W008_signal_binary,2013-08-13,748.1242224072455
W008_signal_binary,2013-08-14,744.8958811834086
W008_signal_binary,2013-08-15,735.5826535003689
W008_signal_binary,2013-08-16,727.7513732079959
W008_signal_binary,2013-08-19,741.3323999136257
W008_signal_binary,2013-08-20,736.8839394600178
W008_signal_binary,2013-08-21,735.3129704946471
W008_signal_binary,2013-08-22,735.95444948884
W008_signal_binary,2013-08-23,731.181322115722
W008_signal_binary,2013-08-26,745.3985912523273
W008_signal_binary,2013-08-27,748.095421309547
W008_signal_binary,2013-08-28,741.8953304595506
W008_signal_binary,2013-08-29,738.5229837472212
W008_signal_binary,2013-08-30,732.1396131845983
W008_signal_binary,2013-09-02,735.9937237129744
W008_signal_binary,2013-09-03,748.5012549589347
W008_signal_binary,2013-09-04,748.1373138152903
W008_signal_binary,2013-09-05,748.2577547693021
W008_signal_binary,2013-09-06,752.3736934585735
W008_signal_binary,2013-09-09,773.0581181692883
W008_signal_binary,2013-09-10,777.4332667378458
W008_signal_binary,2013-09-11,774.6631247955755
W008_signal_binary,2013-09-12,778.4151223412025
W008_signal_binary,2013-09-13,778.2213695021403
W008_signal_binary,2013-09-16,777.1164546631628
W008_signal_binary,2013-09-17,763.6061215609745
W008_signal_binary,2013-09-18,766.2741505204958
W008_signal_binary,2013-09-23,779.0513647721779
W008_signal_binary,2013-09-24,771.6913751694159
W008_signal_binary,2013-09-25,767.5335439744014
W008_signal_binary,2013-09-26,755.0181578836143
W008_signal_binary,2013-09-27,757.8668482741534
W008_signal_binary,2013-09-30,765.1509077102556
W008_signal_binary,2013-10-08,774.3410761576746
W008_signal_binary,2013-10-09,780.6799359329455
W008_signal_binary,2013-10-10,773.2021236577808
W008_signal_binary,2013-10-11,782.6619751109217
W008_signal_binary,2013-10-14,783.29036269707
W008_signal_binary,2013-10-15,781.777133932166
W008_signal_binary,2013-10-16,764.9388417250561
W008_signal_binary,2013-10-17,761.965246782052
W008_signal_binary,2013-10-18,764.3539997844111
W008_signal_binary,2013-10-21,777.0203666980478
W008_signal_binary,2013-10-22,768.5936002807452
W008_signal_binary,2013-10-23,763.0053956030372
W008_signal_binary,2013-10-24,758.8148120870735
W008_signal_binary,2013-10-25,753.6643615089656
W008_signal_binary,2013-10-28,754.2571535188408
W008_signal_binary,2013-10-29,758.8900510729422
W008_signal_binary,2013-10-30,771.0422872753835
W008_signal_binary,2013-10-31,761.4550165002868
W008_signal_binary,2013-11-01,765.9693556524131
W008_signal_binary,2013-11-04,764.5420948901752
W008_signal_binary,2013-11-05,764.4554560579627
W008_signal_binary,2013-11-06,753.9835572065907
W008_signal_binary,2013-11-07,752.1025825598714
W008_signal_binary,2013-11-08,744.1842492895004
W008_signal_binary,2013-11-11,745.109916812613
W008_signal_binary,2013-11-12,753.0145702673717
W008_signal_binary,2013-11-13,734.0908253367407
W008_signal_binary,2013-11-14,735.9809198605352
W008_signal_binary,2013-11-15,749.7040548891457
W008_signal_binary,2013-11-18,776.7057309389605
W008_signal_binary,2013-11-19,772.4125488059027
W008_signal_binary,2013-11-20,777.0226466673167
W008_signal_binary,2013-11-21,772.8069834893968
W008_signal_binary,2013-11-22,770.004901258102
W008_signal_binary,2013-11-25,767.6337332186012
W008_signal_binary,2013-11-26,767.2894578590196
W008_signal_binary,2013-11-27,773.1808984494717
W008_signal_binary,2013-11-28,780.0367660406052
W008_signal_binary,2013-11-29,780.0230862249927
W008_signal_binary,2013-12-02,776.7900898019041
W008_signal_binary,2013-12-03,783.4316402817749
W008_signal_binary,2013-12-04,795.3513196188036
W008_signal_binary,2013-12-05,793.1374694588466
W008_signal_binary,2013-12-06,789.0380847136327
W008_signal_binary,2013-12-09,788.8556871721329
W008_signal_binary,2013-12-10,791.9564453776336
W008_signal_binary,2013-12-11,778.4521873988232
W008_signal_binary,2013-12-12,776.4252947189037
W008_signal_binary,2013-12-13,776.028580066141
W008_signal_binary,2013-12-16,764.8612905878
W008_signal_binary,2013-12-17,760.4723497454548
W008_signal_binary,2013-12-18,761.0400620933739
W008_signal_binary,2013-12-19,752.5904959833838
W008_signal_binary,2013-12-20,734.5969785144031
W008_signal_binary,2013-12-23,735.7916824112285
W008_signal_binary,2013-12-24,737.9416934316606
W008_signal_binary,2013-12-25,741.6443635241117
W008_signal_binary,2013-12-26,728.1173058526138
W008_signal_binary,2013-12-27,740.4154600882551
W008_signal_binary,2013-12-30,739.7770686930047
W008_signal_binary,2013-12-31,749.8226132911203
W008_signal_binary,2014-01-02,745.6730692219943
W008_signal_binary,2014-01-03,733.0579992579966
W008_signal_binary,2014-01-06,717.5656080768356
W008_signal_binary,2014-01-07,716.5441818444353
W008_signal_binary,2014-01-08,716.9568562820791
W008_signal_binary,2014-01-09,711.890764566915
W008_signal_binary,2014-01-10,707.7594602519388
W008_signal_binary,2014-01-13,705.1215358079942
W008_signal_binary,2014-01-14,711.9614436142461
W008_signal_binary,2014-01-15,708.9587240873018
W008_signal_binary,2014-01-16,710.189907492427
W008_signal_binary,2014-01-17,701.5739036258179
W008_signal_binary,2014-01-20,698.7558616096424
W008_signal_binary,2014-01-21,706.1908413950383
W008_signal_binary,2014-01-22,722.5405010212496
W008_signal_binary,2014-01-23,717.1574935777289
W008_signal_binary,2014-01-24,720.4885286793739
W008_signal_binary,2014-01-27,711.4324907438961
W008_signal_binary,2014-01-28,715.2993186236972
W008_signal_binary,2014-01-29,719.204905981067
W008_signal_binary,2014-01-30,712.6226347021837
W008_signal_binary,2014-02-07,714.5720084269658
W008_signal_binary,2014-02-10,729.3006099030952
W008_signal_binary,2014-02-11,738.0055325711855
W008_signal_binary,2014-02-12,740.6594168000114
W008_signal_binary,2014-02-13,740.0233053740301
W008_signal_binary,2014-02-14,743.7487751591685
W008_signal_binary,2014-02-17,747.3009672798821
W008_signal_binary,2014-02-18,738.5094057795792
W008_signal_binary,2014-02-19,749.332419898339
W008_signal_binary,2014-02-20,742.9348261302246
W008_signal_binary,2014-02-21,735.668564070716
W008_signal_binary,2014-02-24,719.0019887161483
W008_signal_binary,2014-02-25,703.3864791944748
W008_signal_binary,2014-02-26,705.2104546094753
W008_signal_binary,2014-02-27,706.3869187521507
W008_signal_binary,2014-02-28,710.5387427905456
W008_signal_binary,2014-03-03,714.7088065830908
W008_signal_binary,2014-03-04,715.6367540754723
W008_signal_binary,2014-03-05,709.0613227043951
W008_signal_binary,2014-03-06,714.3599712849718
W008_signal_binary,2014-03-07,710.5592625139644
W008_signal_binary,2014-03-10,687.6227716703323
W008_signal_binary,2014-03-11,689.5858252107265
W008_signal_binary,2014-03-12,692.921420250909
W008_signal_binary,2014-03-13,700.144362894311
W008_signal_binary,2014-03-14,694.9437529922907
W008_signal_binary,2014-03-17,702.1986152054556
W008_signal_binary,2014-03-18,700.7873142280991
W008_signal_binary,2014-03-19,698.5027850208106
W008_signal_binary,2014-03-20,690.5935716275145
W008_signal_binary,2014-03-21,715.3882374251784
W008_signal_binary,2014-03-24,722.6864190544495
W008_signal_binary,2014-03-25,721.3070376468553
W008_signal_binary,2014-03-26,720.2445719676175
W008_signal_binary,2014-03-27,718.3795571057793
W008_signal_binary,2014-03-28,719.3394241679232
W008_signal_binary,2014-03-31,716.5282220595537
W008_signal_binary,2014-04-01,721.3435171551553
W008_signal_binary,2014-04-02,728.7328975551762
W008_signal_binary,2014-04-03,721.3252774010052
W008_signal_binary,2014-04-04,727.3170366392819
W008_signal_binary,2014-04-08,744.2321286441436
W008_signal_binary,2014-04-09,744.4099662471061
W008_signal_binary,2014-04-10,757.3556317550727
W008_signal_binary,2014-04-11,755.8326122835471
W008_signal_binary,2014-04-14,754.0382764690403
W008_signal_binary,2014-04-15,740.0164654662236
W008_signal_binary,2014-04-16,742.0547579924867
W008_signal_binary,2014-04-17,739.3119549621794
W008_signal_binary,2014-04-18,739.416833548542
W008_signal_binary,2014-04-21,726.8108834616193
W008_signal_binary,2014-04-22,732.2805297373524
W008_signal_binary,2014-04-23,731.7606967440772
W008_signal_binary,2014-04-24,730.782589927783
W008_signal_binary,2014-04-25,724.87518955245
W008_signal_binary,2014-04-28,715.050801973403
W008_signal_binary,2014-04-29,722.2441050163118
W008_signal_binary,2014-04-30,721.5646741742239
W008_signal_binary,2014-05-05,720.6070870813485
W008_signal_binary,2014-05-06,720.3084111071423
W008_signal_binary,2014-05-07,714.2505327600716
W008_signal_binary,2014-05-08,714.6381275357593
W008_signal_binary,2014-05-09,712.9942696929901
W008_signal_binary,2014-05-12,726.8884024167568
W008_signal_binary,2014-05-13,725.5614603023439
W008_signal_binary,2014-05-14,725.2126250042252
W008_signal_binary,2014-05-15,717.5838478309854
W008_signal_binary,2014-05-16,718.4137566448105
W008_signal_binary,2014-05-19,709.3440388937202
W008_signal_binary,2014-05-20,710.6048618993393
W008_signal_binary,2014-05-21,716.3047850712162
W008_signal_binary,2014-05-22,715.6299141676659
W008_signal_binary,2014-05-23,721.5487143893426
W008_signal_binary,2014-05-26,723.5892868848746
W008_signal_binary,2014-05-27,721.3685968171114
W008_signal_binary,2014-05-28,727.9668278808759
W008_signal_binary,2014-05-29,723.7306449795373
W008_signal_binary,2014-05-30,723.347610142387
W008_signal_binary,2014-06-03,722.0571475362741
W008_signal_binary,2014-06-04,715.6549938296221
W008_signal_binary,2014-06-05,723.4000494355681
W008_signal_binary,2014-06-06,717.5724479846413
W008_signal_binary,2014-06-09,717.4789692446225
W008_signal_binary,2014-06-10,726.4324085630067
W008_signal_binary,2014-06-11,725.8213767989814
W008_signal_binary,2014-06-12,722.2564929653917
W008_signal_binary,2014-06-13,730.4401527864379
W008_signal_binary,2014-06-16,735.5106374822676
W008_signal_binary,2014-06-17,727.0133056643323
W008_signal_binary,2014-06-18,722.9494111282279
W008_signal_binary,2014-06-19,710.20516299062
W008_signal_binary,2014-06-20,714.7156299527655
W008_signal_binary,2014-06-23,716.0693147837958
W008_signal_binary,2014-06-24,719.4113093264
W008_signal_binary,2014-06-25,715.0778836399426
W008_signal_binary,2014-06-26,721.8490315070281
W008_signal_binary,2014-06-27,722.8704234821516
W008_signal_binary,2014-06-30,728.1843854647276
W008_signal_binary,2014-07-01,728.5602577115731
W008_signal_binary,2014-07-02,729.564667893525
W008_signal_binary,2014-07-03,733.7056457123097
W008_signal_binary,2014-07-04,732.7888529996194
W008_signal_binary,2014-07-07,731.7647005397087
W008_signal_binary,2014-07-08,733.3024094170411
W008_signal_binary,2014-07-09,723.2515186974359
W008_signal_binary,2014-07-10,723.0531908469923
W008_signal_binary,2014-07-11,724.5281117577622
W008_signal_binary,2014-07-14,733.079005631484
W008_signal_binary,2014-07-15,733.9384263167394
W008_signal_binary,2014-07-16,734.9916155915087
W008_signal_binary,2014-07-17,730.446032444561
W008_signal_binary,2014-07-18,733.3024094170413
W008_signal_binary,2014-07-21,732.1010441620555
W008_signal_binary,2014-07-22,740.6040657960151
W008_signal_binary,2014-07-23,743.7522354679984
W008_signal_binary,2014-07-24,758.5538760763895
W008_signal_binary,2014-07-25,765.5249860379574
W008_signal_binary,2014-07-28,787.6260033948575
W008_signal_binary,2014-07-29,790.3387636480512
W008_signal_binary,2014-07-30,784.7263134435448
W008_signal_binary,2014-07-31,794.5993929868902
W008_signal_binary,2014-08-01,787.2817791946624
W008_signal_binary,2014-08-04,803.0591016420175
W008_signal_binary,2014-08-05,799.7741541421418
W008_signal_binary,2014-08-06,796.2361676606658
W008_signal_binary,2014-08-07,784.2065576975548
W008_signal_binary,2014-08-08,785.0659783828102
W008_signal_binary,2014-08-11,797.0363179538347
W008_signal_binary,2014-08-12,794.0317650011381
W008_signal_binary,2014-08-13,794.9025838387178
W008_signal_binary,2014-08-14,788.3212906866421
W008_signal_binary,2014-08-15,795.796198980946
W008_signal_binary,2014-08-18,799.7399596851684
W008_signal_binary,2014-08-19,799.6168596400655
W008_signal_binary,2014-08-20,796.3615473362336
W008_signal_binary,2014-08-21,791.4375455321174
W008_signal_binary,2014-08-22,795.481609976794
W008_signal_binary,2014-08-25,788.7680982577564
W008_signal_binary,2014-08-26,782.5105126316922
W008_signal_binary,2014-08-27,782.5971385893573
W008_signal_binary,2014-08-28,775.9497361538009
W008_signal_binary,2014-08-29,784.8174986621393
W008_signal_binary,2014-09-01,790.5826841077918
W008_signal_binary,2014-09-02,801.5294696000904
W008_signal_binary,2014-09-03,808.7399407604694
W008_signal_binary,2014-09-04,815.3371913257989
W008_signal_binary,2014-09-05,821.3896102100248
W008_signal_binary,2014-09-09,820.0993393669091
W008_signal_binary,2014-09-10,815.7224488743616
W008_signal_binary,2014-09-11,813.3949461697309
W008_signal_binary,2014-09-12,818.9823204391237
W008_signal_binary,2014-09-15,819.2171223770049
W008_signal_binary,2014-09-16,806.9025586057853
W008_signal_binary,2014-09-17,811.0993582916083
W008_signal_binary,2014-09-18,813.7186536957422
W008_signal_binary,2014-09-19,818.435209127555
W008_signal_binary,2014-09-22,802.765029312049
W008_signal_binary,2014-09-23,809.4329484217892
W008_signal_binary,2014-09-24,822.4382402238642
W008_signal_binary,2014-09-25,820.3364209352555
W008_signal_binary,2014-09-26,820.5757821340667
W008_signal_binary,2014-09-29,823.6487240007092
W008_signal_binary,2014-09-30,825.0643745193927
W008_signal_binary,2014-10-08,833.7520462210065
W008_signal_binary,2014-10-09,835.7148080512583
W008_signal_binary,2014-10-10,831.7961232821491
W008_signal_binary,2014-10-13,827.9982589276781
W008_signal_binary,2014-10-14,825.6183247223554
W008_signal_binary,2014-10-15,831.1441489691966
W008_signal_binary,2014-10-16,826.5940065613191
W008_signal_binary,2014-10-17,821.8660529771818
W008_signal_binary,2014-10-20,826.8310881296653
W008_signal_binary,2014-10-21,819.8212244501948
W008_signal_binary,2014-10-22,816.3083139038325
W008_signal_binary,2014-10-23,808.6761111074527
W008_signal_binary,2014-10-24,807.9147145321865
W008_signal_binary,2014-10-27,801.3220232277869
W008_signal_binary,2014-10-28,818.3668202136088
W008_signal_binary,2014-10-29,832.6897384243774
W008_signal_binary,2014-10-30,842.1410863317221
W008_signal_binary,2014-10-31,857.6015401444604
W008_signal_binary,2014-11-03,861.0779766033849
W008_signal_binary,2014-11-04,861.1942377570931
W008_signal_binary,2014-11-05,856.4047341504044
W008_signal_binary,2014-11-06,857.9206884095419
W008_signal_binary,2014-11-07,855.1144633072889
W008_signal_binary,2014-11-10,878.2071199164068
W008_signal_binary,2014-11-11,876.7823508758639
W008_signal_binary,2014-11-12,888.2922050929851
W008_signal_binary,2014-11-13,885.189628030299
W008_signal_binary,2014-11-14,883.8560442083509
W008_signal_binary,2014-11-17,878.5353867033479
W008_signal_binary,2014-11-18,869.0019720992677
W008_signal_binary,2014-11-19,866.5126156316314
W008_signal_binary,2014-11-20,867.7869290614927
W008_signal_binary,2014-11-21,882.0574157715699
W008_signal_binary,2014-11-24,902.1136046014831
W008_signal_binary,2014-11-25,914.6333351145408
W008_signal_binary,2014-11-26,926.0178096560943
W008_signal_binary,2014-11-27,934.4889164635457
W008_signal_binary,2014-11-28,963.1187954718292
W008_signal_binary,2014-12-01,963.9827754180143
W008_signal_binary,2014-12-02,1001.1658279304845
W008_signal_binary,2014-12-03,1010.1270552878827
W008_signal_binary,2014-12-04,1058.7150990160899
W008_signal_binary,2014-12-05,1059.1573473262745
W008_signal_binary,2014-12-08,1100.2636438687834
W008_signal_binary,2014-12-09,1043.5236415982065
W008_signal_binary,2014-12-10,1085.309268019246
W008_signal_binary,2014-12-11,1082.601067026982
W008_signal_binary,2014-12-12,1081.0759942459852
W008_signal_binary,2014-12-15,1084.02811569799
W008_signal_binary,2014-12-16,1113.3565181951944
W008_signal_binary,2014-12-17,1138.189039906896
W008_signal_binary,2014-12-18,1135.6685085105703
W008_signal_binary,2014-12-19,1144.1825924462669
W008_signal_binary,2014-12-22,1146.1642339715722
W008_signal_binary,2014-12-23,1127.2979494959382
W008_signal_binary,2014-12-24,1114.1148184617732
W008_signal_binary,2014-12-25,1141.2205598337605
W008_signal_binary,2014-12-26,1161.039880136091
W008_signal_binary,2014-12-29,1161.5275539872098
W008_signal_binary,2014-12-30,1158.0883377430453
W008_signal_binary,2014-12-31,1182.9469545069364
W008_signal_binary,2015-01-05,1215.6338521750606
W008_signal_binary,2015-01-06,1221.1735721309067
W008_signal_binary,2015-01-07,1212.981926396428
W008_signal_binary,2015-01-08,1194.8487464028678
W008_signal_binary,2015-01-09,1192.748242691186
W008_signal_binary,2015-01-12,1186.2969232489354
W008_signal_binary,2015-01-13,1195.521290079901
W008_signal_binary,2015-01-14,1191.871704723489
W008_signal_binary,2015-01-15,1213.5269736417958
W008_signal_binary,2015-01-16,1225.4765766996015
W008_signal_binary,2015-01-19,1155.1463575823748
W008_signal_binary,2015-01-20,1189.1177817995244
W008_signal_binary,2015-01-21,1225.3490802679366
W008_signal_binary,2015-01-22,1233.5757875211234
W008_signal_binary,2015-01-23,1227.9563822954867
W008_signal_binary,2015-01-26,1243.3834505269565
W008_signal_binary,2015-01-27,1233.4610407326247
W008_signal_binary,2015-01-28,1218.7224532321466
W008_signal_binary,2015-01-29,1204.519350744661
W008_signal_binary,2015-01-30,1195.2694846273623
W008_signal_binary,2015-02-02,1179.574673889396
W008_signal_binary,2015-02-03,1202.7312132905588
W008_signal_binary,2015-02-04,1191.4955902500776
W008_signal_binary,2015-02-05,1184.1741076617127
W008_signal_binary,2015-02-06,1165.3938832774522
W008_signal_binary,2015-02-09,1168.3422382597064
W008_signal_binary,2015-02-10,1189.6118304722263
W008_signal_binary,2015-02-11,1200.2705321594233
W008_signal_binary,2015-02-12,1204.9432763799473
W008_signal_binary,2015-02-13,1220.4213431840828
W008_signal_binary,2015-02-16,1234.7583169248167
W008_signal_binary,2015-02-17,1243.061522037002
W008_signal_binary,2015-02-25,1231.6824655108978
W008_signal_binary,2015-02-26,1251.109734285858
W008_signal_binary,2015-02-27,1256.0789077100028
W008_signal_binary,2015-03-02,1270.0461417989075
W008_signal_binary,2015-03-03,1244.5149813579835
W008_signal_binary,2015-03-04,1259.1706961778796
W008_signal_binary,2015-03-05,1249.1781633461321
W008_signal_binary,2015-03-06,1238.8605146136388
W008_signal_binary,2015-03-09,1269.0867311506274
W008_signal_binary,2015-03-10,1272.0669602407982
W008_signal_binary,2015-03-11,1273.354674200615
W008_signal_binary,2015-03-12,1291.4081689243847
W008_signal_binary,2015-03-13,1304.4064301326355
W008_signal_binary,2015-03-16,1338.240795685745
W008_signal_binary,2015-03-17,1349.820659091722
W008_signal_binary,2015-03-18,1378.991842656683
W008_signal_binary,2015-03-19,1377.2228296673306
W008_signal_binary,2015-03-20,1389.7812281863369
W008_signal_binary,2015-03-23,1423.3765379300742
W008_signal_binary,2015-03-24,1428.2915253707617
W008_signal_binary,2015-03-25,1425.9806525468327
W008_signal_binary,2015-03-26,1415.105206925805
W008_signal_binary,2015-03-27,1431.8454884034247
W008_signal_binary,2015-03-30,1468.0576624070873
W008_signal_binary,2015-03-31,1463.630348817519
W008_signal_binary,2015-04-01,1492.1991117428627
W008_signal_binary,2015-04-02,1505.7551698396476
W008_signal_binary,2015-04-03,1521.4850420963216
W008_signal_binary,2015-04-07,1557.4868469877374
W008_signal_binary,2015-04-08,1555.3863432760554
W008_signal_binary,2015-04-09,1544.960322576647
W008_signal_binary,2015-04-10,1581.1756839911016
W008_signal_binary,2015-04-13,1609.6201378955716
W008_signal_binary,2015-04-14,1605.106764214629
W008_signal_binary,2015-04-15,1566.6825271215782
W008_signal_binary,2015-04-16,1605.9068043233274
W008_signal_binary,2015-04-17,1615.0036747226277
W008_signal_binary,2015-04-20,1580.107901375907
W008_signal_binary,2015-04-21,1630.2681850037245
W008_signal_binary,2015-04-22,1665.8715635461867
W008_signal_binary,2015-04-23,1668.8517926363572
W008_signal_binary,2015-04-24,1654.2088274596274
W008_signal_binary,2015-04-27,1675.3732351160238
W008_signal_binary,2015-04-28,1646.8459085309714
W008_signal_binary,2015-04-29,1668.791231831316
W008_signal_binary,2015-04-30,1670.2925023141718
W008_signal_binary,2015-05-04,1679.609304058095
W008_signal_binary,2015-05-05,1611.3285900798835
W008_signal_binary,2015-05-06,1601.2308726920119
W008_signal_binary,2015-05-07,1582.7247656358322
W008_signal_binary,2015-05-08,1628.1740561136269
W008_signal_binary,2015-05-11,1684.6390382872805
W008_signal_binary,2015-05-12,1702.5363498822603
W008_signal_binary,2015-05-13,1706.6034860523748
W008_signal_binary,2015-05-14,1700.5059692079944
W008_signal_binary,2015-05-15,1678.4873354594424
W008_signal_binary,2015-05-18,1688.5978024904803
W008_signal_binary,2015-05-19,1736.4918370454518
W008_signal_binary,2015-05-20,1759.234013043703
W008_signal_binary,2015-05-21,1812.9960708660583
W008_signal_binary,2015-05-22,1848.057589573944
W008_signal_binary,2015-05-25,1889.908293267993
W008_signal_binary,2015-05-26,1932.5335377844074
W008_signal_binary,2015-05-27,1927.1595631897255
W008_signal_binary,2015-05-28,1812.1418447739027
W008_signal_binary,2015-05-29,1823.744020055421
W008_signal_binary,2015-06-01,1911.187447712888
W008_signal_binary,2015-06-02,1961.2329845522072
W008_signal_binary,2015-06-03,1964.0410934596293
W008_signal_binary,2015-06-04,1967.7926759613733
W008_signal_binary,2015-06-05,1983.9815353720417
W008_signal_binary,2015-06-08,1990.9332783085777
W008_signal_binary,2015-06-09,1976.134130003058
W008_signal_binary,2015-06-10,2003.6701718319146
W008_signal_binary,2015-06-11,2016.8373658121218
W008_signal_binary,2015-06-12,2039.974780748535
W008_signal_binary,2015-06-15,1990.4201051711254
W008_signal_binary,2015-06-16,1930.3692858568927
W008_signal_binary,2015-06-17,1960.056829970097
W008_signal_binary,2015-06-18,1879.373900601669
W008_signal_binary,2015-06-19,1764.1713123599316
W008_signal_binary,2015-06-23,1802.840980083938
W008_signal_binary,2015-06-24,1836.4809135787586
W008_signal_binary,2015-06-25,1768.8918677423299
W008_signal_binary,2015-06-26,1631.3582794944612
W008_signal_binary,2015-06-29,1570.0707447930772
W008_signal_binary,2015-06-30,1669.3171546119345
W008_signal_binary,2015-07-01,1600.7623233056436
W008_signal_binary,2015-07-02,1542.0980276857674
W008_signal_binary,2015-07-03,1468.0544749962962
W008_signal_binary,2015-07-06,1485.7127307819037
W008_signal_binary,2015-07-07,1435.0902725893004
W008_signal_binary,2015-07-08,1369.5347948379292
W008_signal_binary,2015-07-09,1438.4848650823822
W008_signal_binary,2015-07-10,1498.6376815419476
W008_signal_binary,2015-07-13,1548.874463028765
W008_signal_binary,2015-07-14,1541.7314754447307
W008_signal_binary,2015-07-15,1487.4498696633407
W008_signal_binary,2015-07-16,1499.9222080909733
W008_signal_binary,2015-07-17,1561.7802893240582
W008_signal_binary,2015-07-20,1572.1521240400093
W008_signal_binary,2015-07-21,1575.6805877863392
W008_signal_binary,2015-07-22,1578.1285192743078
W008_signal_binary,2015-07-23,1613.690461476479
W008_signal_binary,2015-07-24,1586.5018474239089
W008_signal_binary,2015-07-27,1462.7187493311144
W008_signal_binary,2015-07-28,1455.8881280046603
W008_signal_binary,2015-07-29,1501.1015500838746
W008_signal_binary,2015-07-30,1453.8959962598935
W008_signal_binary,2015-07-31,1458.4858677998357
W008_signal_binary,2015-08-03,1456.92722392273
W008_signal_binary,2015-08-04,1505.3694931338614
W008_signal_binary,2015-08-05,1475.3759575846614
W008_signal_binary,2015-08-06,1464.666257324798
W008_signal_binary,2015-08-07,1496.7252350669714
W008_signal_binary,2015-08-10,1554.809421922772
W008_signal_binary,2015-08-11,1548.8139022237237
W008_signal_binary,2015-08-12,1522.1193368438562
W008_signal_binary,2015-08-13,1545.263126601853
W008_signal_binary,2015-08-14,1547.4273785293667
W008_signal_binary,2015-08-17,1555.37359363289
W008_signal_binary,2015-08-18,1462.658188526074
W008_signal_binary,2015-08-19,1491.982367809033
W008_signal_binary,2015-08-20,1449.5738672264492
W008_signal_binary,2015-08-21,1380.977599579867
W008_signal_binary,2015-08-24,1267.6077725433145
W008_signal_binary,2015-08-25,1188.2348690102444
W008_signal_binary,2015-08-26,1182.4529058342353
W008_signal_binary,2015-08-27,1239.6478050791711
W008_signal_binary,2015-08-28,1286.1043173671196
W008_signal_binary,2015-08-31,1274.868694326638
W008_signal_binary,2015-09-01,1251.205356609607
W008_signal_binary,2015-09-02,1249.047479503676
W008_signal_binary,2015-09-07,1220.9090170352022
W008_signal_binary,2015-09-08,1258.9539522440498
W008_signal_binary,2015-09-09,1284.7687922454286
W008_signal_binary,2015-09-10,1272.8574381171218
W008_signal_binary,2015-09-11,1275.6464225597947
W008_signal_binary,2015-09-14,1235.6316674817226
W008_signal_binary,2015-09-15,1188.06912364908
W008_signal_binary,2015-09-16,1245.3086466450989
W008_signal_binary,2015-09-17,1220.8643932841192
W008_signal_binary,2015-09-18,1228.4153694494812
W008_signal_binary,2015-09-21,1254.4533282062737
W008_signal_binary,2015-09-22,1262.4760411687964
W008_signal_binary,2015-09-23,1242.3411671980955
W008_signal_binary,2015-09-24,1252.320950386676
W008_signal_binary,2015-09-25,1227.369898709828
W008_signal_binary,2015-09-28,1241.70368503977
W008_signal_binary,2015-09-29,1223.500382008794
W008_signal_binary,2015-09-30,1230.6306199496612
W008_signal_binary,2015-10-08,1266.9607281526141
W008_signal_binary,2015-10-09,1280.73353018323
W008_signal_binary,2015-10-12,1322.0136873455779
W008_signal_binary,2015-10-13,1326.7469923711426
W008_signal_binary,2015-10-14,1308.8560555977463
W008_signal_binary,2015-10-15,1342.0210648846144
W008_signal_binary,2015-10-16,1358.7007855571928
W008_signal_binary,2015-10-19,1356.0392975461853
W008_signal_binary,2015-10-20,1371.326119702823
W008_signal_binary,2015-10-21,1321.7873811793725
W008_signal_binary,2015-10-22,1348.517008077948
W008_signal_binary,2015-10-23,1374.8896449678612
W008_signal_binary,2015-10-26,1382.1282548756435
W008_signal_binary,2015-10-27,1381.2580917295297
W008_signal_binary,2015-10-28,1353.7666736517556
W008_signal_binary,2015-10-29,1359.838691209803
W008_signal_binary,2015-10-30,1361.2411519581185
W008_signal_binary,2015-11-02,1338.4129158684932
W008_signal_binary,2015-11-03,1334.9577625703707
W008_signal_binary,2015-11-04,1396.7775948739563
W008_signal_binary,2015-11-05,1410.8914498592762
W008_signal_binary,2015-11-06,1443.9480871792289
W008_signal_binary,2015-11-09,1468.0194134775886
W008_signal_binary,2015-11-10,1470.7797112231365
W008_signal_binary,2015-11-11,1477.839826126588
W008_signal_binary,2015-11-12,1467.9907267804642
W008_signal_binary,2015-11-13,1446.1505880362429
W008_signal_binary,2015-11-16,1465.2941772507481
W008_signal_binary,2015-11-17,1454.0936157289746
W008_signal_binary,2015-11-18,1438.7016090162126
W008_signal_binary,2015-11-19,1468.491150274749
W008_signal_binary,2015-11-20,1476.8804154783084
W008_signal_binary,2015-11-23,1467.0217538998095
W008_signal_binary,2015-11-24,1472.4212277808238
W008_signal_binary,2015-11-25,1491.9345566471582
W008_signal_binary,2015-11-26,1480.6989336066767
W008_signal_binary,2015-11-27,1400.6375493426153
W008_signal_binary,2015-11-30,1412.137727478802
W008_signal_binary,2015-12-01,1421.757333247929
W008_signal_binary,2015-12-02,1454.2051751066815
W008_signal_binary,2015-12-03,1471.672186244792
W008_signal_binary,2015-12-04,1451.1643852114705
W008_signal_binary,2015-12-07,1461.7306519857104
W008_signal_binary,2015-12-08,1436.358862084368
W008_signal_binary,2015-12-09,1437.573265595977
W008_signal_binary,2015-12-10,1437.4298321103543
W008_signal_binary,2015-12-11,1426.5065753274514
W008_signal_binary,2015-12-14,1454.217924749848
W008_signal_binary,2015-12-15,1459.9680138179417
W008_signal_binary,2015-12-16,1460.2389437352297
W008_signal_binary,2015-12-17,1493.4517641839723
W008_signal_binary,2015-12-18,1501.1334241917907
W008_signal_binary,2015-12-21,1540.144144870501
W008_signal_binary,2015-12-22,1547.3540680811589
W008_signal_binary,2015-12-23,1537.2977870335787
W008_signal_binary,2015-12-24,1527.3052542018315
W008_signal_binary,2015-12-25,1533.7183247145829
W008_signal_binary,2015-12-28,1496.9897901626769
W008_signal_binary,2015-12-29,1510.7753418364591
W008_signal_binary,2015-12-30,1518.8490533716476
W008_signal_binary,2015-12-31,1500.712685967296
W008_signal_binary,2016-01-04,1385.7140920162228
W008_signal_binary,2016-01-05,1376.4451014341744
W008_signal_binary,2016-01-06,1400.5355521972833
W008_signal_binary,2016-01-07,1293.1963063784872
W008_signal_binary,2016-01-08,1312.6331373858227
W008_signal_binary,2016-01-11,1236.6612011674174
W008_signal_binary,2016-01-12,1248.744675478472
W008_signal_binary,2016-01-13,1217.084124085251
W008_signal_binary,2016-01-14,1253.3186099644554
W008_signal_binary,2016-01-15,1214.9198721577372
W008_signal_binary,2016-01-18,1226.6431690493373
W008_signal_binary,2016-01-19,1264.318364606356
W008_signal_binary,2016-01-20,1243.4471987427894
W008_signal_binary,2016-01-21,1202.6100916804776
W008_signal_binary,2016-01-22,1217.5271741852873
W008_signal_binary,2016-01-25,1224.8199700765274
W008_signal_binary,2016-01-26,1146.6710322874421
W008_signal_binary,2016-01-27,1138.4443250342556
W008_signal_binary,2016-01-28,1104.5525860868963
W008_signal_binary,2016-01-29,1143.7067402512298
W008_signal_binary,2016-02-01,1132.5667395344972
W008_signal_binary,2016-02-02,1164.4408474507568
W008_signal_binary,2016-02-03,1165.1006414846233
W008_signal_binary,2016-02-04,1184.0115497113406
W008_signal_binary,2016-02-05,1175.4310398602831
W008_signal_binary,2016-02-15,1172.4539981809046
W008_signal_binary,2016-02-16,1214.0018978497492
W008_signal_binary,2016-02-17,1224.0868655944537
W008_signal_binary,2016-02-18,1219.2005648508912
W008_signal_binary,2016-02-19,1222.1361701899787
W008_signal_binary,2016-02-22,1247.2816539251162
W008_signal_binary,2016-02-23,1237.0373156408302
W008_signal_binary,2016-02-24,1239.3641255187174
W008_signal_binary,2016-02-25,1157.7695966638842
W008_signal_binary,2016-02-26,1163.3730648355627
W008_signal_binary,2016-02-29,1120.0242780694496
W008_signal_binary,2016-03-01,1142.6357702252442
W008_signal_binary,2016-03-02,1191.3840308723718
W008_signal_binary,2016-03-03,1194.389759248875
W008_signal_binary,2016-03-04,1183.0362020091031
W008_signal_binary,2016-03-07,1195.6583487439423
W008_signal_binary,2016-03-08,1198.5620799751136
W008_signal_binary,2016-03-09,1181.095068837003
W008_signal_binary,2016-03-10,1164.0105469938878
W008_signal_binary,2016-03-11,1161.597677024627
W008_signal_binary,2016-03-14,1190.255687452136
W008_signal_binary,2016-03-15,1189.0763454592343
W008_signal_binary,2016-03-16,1184.894462500621
W008_signal_binary,2016-03-17,1212.8990537158468
W008_signal_binary,2016-03-18,1243.3356393650834
W008_signal_binary,2016-03-21,1274.2407744006887
W008_signal_binary,2016-03-22,1268.5958698887193
W008_signal_binary,2016-03-23,1276.8385141958636
W008_signal_binary,2016-03-24,1256.4454599510411
W008_signal_binary,2016-03-25,1262.8999668040838
W008_signal_binary,2016-03-28,1253.5130420227451
W008_signal_binary,2016-03-29,1235.685853465181
W008_signal_binary,2016-03-30,1273.855097694902
W008_signal_binary,2016-03-31,1275.3404311237996
W008_signal_binary,2016-04-01,1268.9273606110482
W008_signal_binary,2016-04-05,1294.8983837412165
W008_signal_binary,2016-04-06,1298.3630992717144
W008_signal_binary,2016-04-07,1278.5310293262175
W008_signal_binary,2016-04-08,1267.340030036819
W008_signal_binary,2016-04-11,1289.6200314702842
W008_signal_binary,2016-04-12,1281.8618736034668
W008_signal_binary,2016-04-13,1296.7789561082764
W008_signal_binary,2016-04-14,1305.2319695276683
W008_signal_binary,2016-04-15,1302.1879922216656
W008_signal_binary,2016-04-18,1281.4793843084715
W008_signal_binary,2016-04-19,1284.558423133182
W008_signal_binary,2016-04-20,1243.0073360535462
W008_signal_binary,2016-04-21,1232.0043940008534
W008_signal_binary,2016-04-22,1241.8216192390614
W008_signal_binary,2016-04-25,1235.7113527515144
W008_signal_binary,2016-04-26,1247.1414078502848
W008_signal_binary,2016-04-27,1243.4248868672494
W008_signal_binary,2016-04-28,1241.78018289877
W008_signal_binary,2016-04-29,1241.3913187821918
W008_signal_binary,2016-05-03,1272.4239502494625
W008_signal_binary,2016-05-04,1269.8995209024945
W008_signal_binary,2016-05-05,1274.3236470812712
W008_signal_binary,2016-05-06,1233.1805485829632
W008_signal_binary,2016-05-09,1201.0291359278322
W008_signal_binary,2016-05-10,1201.1470701271223
W008_signal_binary,2016-05-11,1200.5787234827865
W008_signal_binary,2016-05-12,1201.5222957876988
W008_signal_binary,2016-05-13,1196.1695428798175
W008_signal_binary,2016-05-16,1205.187195470763
W008_signal_binary,2016-05-17,1198.3562672937553
W008_signal_binary,2016-05-18,1190.2744286277966
W008_signal_binary,2016-05-19,1187.3932677315388
W008_signal_binary,2016-05-20,1192.3897113111252
W008_signal_binary,2016-05-23,1196.0367504203125
W008_signal_binary,2016-05-24,1185.4788288519405
W008_signal_binary,2016-05-25,1183.6443715453681
W008_signal_binary,2016-05-26,1185.6780535544503
W008_signal_binary,2016-05-27,1184.2798960621535
W008_signal_binary,2016-05-30,1183.4557563852852
W008_signal_binary,2016-05-31,1221.6001147955365
W008_signal_binary,2016-06-01,1220.2131773837268
W008_signal_binary,2016-06-02,1221.5453592827448
W008_signal_binary,2016-06-03,1229.014228482883
W008_signal_binary,2016-06-06,1225.920080432507
W008_signal_binary,2016-06-07,1223.8205854516993
W008_signal_binary,2016-06-08,1218.4007139799794
W008_signal_binary,2016-06-13,1173.050365492211
W008_signal_binary,2016-06-14,1176.9636102701616
W008_signal_binary,2016-06-15,1198.0137071260629
W008_signal_binary,2016-06-16,1189.9665483101774
W008_signal_binary,2016-06-17,1197.3001835399316
W008_signal_binary,2016-06-20,1199.4221526517554
W008_signal_binary,2016-06-21,1191.3380640984315
W008_signal_binary,2016-06-22,1207.6113498134212
W008_signal_binary,2016-06-23,1200.0558957314618
W008_signal_binary,2016-06-24,1186.4443309512376
W008_signal_binary,2016-06-27,1209.713521980251
W008_signal_binary,2016-06-28,1218.6817594155068
W008_signal_binary,2016-06-29,1220.4407828903984
W008_signal_binary,2016-06-30,1223.965012699496
W008_signal_binary,2016-07-01,1221.5846118635268
W008_signal_binary,2016-07-04,1241.969499022463
W008_signal_binary,2016-07-05,1240.3866870380264
W008_signal_binary,2016-07-06,1245.8863403980122
W008_signal_binary,2016-07-07,1243.6777654739797
W008_signal_binary,2016-07-08,1238.5846705104632
W008_signal_binary,2016-07-11,1239.5370428410456
W008_signal_binary,2016-07-12,1263.872260832117
W008_signal_binary,2016-07-13,1267.9372597940212
W008_signal_binary,2016-07-14,1264.6956441376474
W008_signal_binary,2016-07-15,1266.080007588782
W008_signal_binary,2016-07-18,1264.0022373116806
W008_signal_binary,2016-07-19,1256.717790337833
W008_signal_binary,2016-07-20,1252.6186044019948
W008_signal_binary,2016-07-21,1259.7682903319264
W008_signal_binary,2016-07-22,1248.421410434218
W008_signal_binary,2016-07-25,1250.1757542059213
W008_signal_binary,2016-07-26,1265.0435726510302
W008_signal_binary,2016-07-27,1249.5999570182814
W008_signal_binary,2016-07-28,1253.4418718702807
W008_signal_binary,2016-07-29,1249.2005742881308
W008_signal_binary,2016-08-01,1242.4404702851557
W008_signal_binary,2016-08-02,1247.7402546122435
W008_signal_binary,2016-08-03,1249.4186421591946
W008_signal_binary,2016-08-04,1251.7806357289185
W008_signal_binary,2016-08-05,1254.5101594184125
W008_signal_binary,2016-08-08,1265.8398879105318
W008_signal_binary,2016-08-09,1274.4351923115607
W008_signal_binary,2016-08-10,1269.7969622000594
W008_signal_binary,2016-08-11,1266.7930160211363
W008_signal_binary,2016-08-12,1293.0861207895048
W008_signal_binary,2016-08-15,1329.6627183090466
W008_signal_binary,2016-08-16,1321.871079769916
W008_signal_binary,2016-08-17,1319.6144448345265
W008_signal_binary,2016-08-18,1317.5905789749909
W008_signal_binary,2016-08-19,1314.9247605062574
W008_signal_binary,2016-08-22,1305.5796946608973
W008_signal_binary,2016-08-23,1308.0372460617612
W008_signal_binary,2016-08-24,1302.4189356308725
W008_signal_binary,2016-08-25,1294.4704842406393
W008_signal_binary,2016-08-26,1293.4536509092752
W008_signal_binary,2016-08-29,1293.1645272150556
W008_signal_binary,2016-08-30,1296.1170191772105
W008_signal_binary,2016-08-31,1301.6170687145705
W008_signal_binary,2016-09-01,1289.6880310525587
W008_signal_binary,2016-09-02,1293.077303609959
W008_signal_binary,2016-09-05,1298.4453616357268
W008_signal_binary,2016-09-06,1309.017471901773
W008_signal_binary,2016-09-07,1307.6655233715146
W008_signal_binary,2016-09-08,1307.6040992843257
W008_signal_binary,2016-09-09,1300.0689332973523
W008_signal_binary,2016-09-12,1279.788711841975
W008_signal_binary,2016-09-13,1279.4785121400803
W008_signal_binary,2016-09-14,1268.8340215821452
W008_signal_binary,2016-09-19,1279.3759264118944
W008_signal_binary,2016-09-20,1278.0789497055466
W008_signal_binary,2016-09-21,1280.3627034163476
W008_signal_binary,2016-09-22,1291.8718451118477
W008_signal_binary,2016-09-23,1286.2564977523496
W008_signal_binary,2016-09-26,1268.020663308673
W008_signal_binary,2016-09-27,1275.9881548644287
W008_signal_binary,2016-09-28,1272.4855850020886
W008_signal_binary,2016-09-29,1277.563578547281
W008_signal_binary,2016-09-30,1280.5947425634345
W008_signal_binary,2016-10-10,1295.6333218119903
W008_signal_binary,2016-10-11,1299.558447173762
W008_signal_binary,2016-10-12,1295.5738498932544
W008_signal_binary,2016-10-13,1293.5486275234812
W008_signal_binary,2016-10-14,1293.128957431851
W008_signal_binary,2016-10-17,1281.79524711973
W008_signal_binary,2016-10-18,1297.6419125824696
W008_signal_binary,2016-10-19,1293.12378308506
W008_signal_binary,2016-10-20,1293.6254618110218
W008_signal_binary,2016-10-21,1298.6504378495367
W008_signal_binary,2016-10-24,1313.0796444065104
W008_signal_binary,2016-10-25,1314.7157960248487
W008_signal_binary,2016-10-26,1307.923582036556
W008_signal_binary,2016-10-27,1303.6681313140832
W008_signal_binary,2016-10-28,1302.3766881969384
W008_signal_binary,2016-10-31,1301.1265129989501
W008_signal_binary,2016-11-01,1310.3802369887185
W008_signal_binary,2016-11-02,1298.6868507193815
W008_signal_binary,2016-11-03,1309.7903484972405
W008_signal_binary,2016-11-04,1306.535037933159
W008_signal_binary,2016-11-07,1309.7587906767087
W008_signal_binary,2016-11-08,1313.6209824048626
W008_signal_binary,2016-11-09,1307.4162293833917
W008_signal_binary,2016-11-10,1323.0082202507267
W008_signal_binary,2016-11-11,1332.8396951086918
W008_signal_binary,2016-11-14,1337.454419480295
W008_signal_binary,2016-11-15,1336.7528648546274
W008_signal_binary,2016-11-16,1336.7674300025653
W008_signal_binary,2016-11-17,1340.6854547978137
W008_signal_binary,2016-11-18,1335.143416007509
W008_signal_binary,2016-11-21,1345.5283664871076
W008_signal_binary,2016-11-22,1356.1487868583656
W008_signal_binary,2016-11-23,1361.333979524196
W008_signal_binary,2016-11-24,1367.7353620428266
W008_signal_binary,2016-11-25,1381.1620009167536
W008_signal_binary,2016-11-28,1388.2697931103637
W008_signal_binary,2016-11-29,1395.3217522368793
W008_signal_binary,2016-11-30,1382.264097110708
W008_signal_binary,2016-12-01,1394.3847277195528
W008_signal_binary,2016-12-02,1381.1328706208785
W008_signal_binary,2016-12-05,1360.2173181823043
W008_signal_binary,2016-12-06,1356.5201981307782
W008_signal_binary,2016-12-07,1362.224881073054
W008_signal_binary,2016-12-08,1362.8875953042204
W008_signal_binary,2016-12-09,1375.6563749962934
W008_signal_binary,2016-12-12,1348.2374840035245
W008_signal_binary,2016-12-13,1343.5596439908581
W008_signal_binary,2016-12-14,1335.9299339961462
W008_signal_binary,2016-12-15,1317.3059648331073
W008_signal_binary,2016-12-16,1318.1555984628085
W008_signal_binary,2016-12-19,1313.5797144857063
W008_signal_binary,2016-12-20,1303.8768984345245
W008_signal_binary,2016-12-21,1314.2278635689352
W008_signal_binary,2016-12-22,1314.0312340717758
W008_signal_binary,2016-12-23,1304.1366435727473
W008_signal_binary,2016-12-26,1309.6811098877083
W008_signal_binary,2016-12-27,1308.5304632006282
W008_signal_binary,2016-12-28,1303.6462835921773
W008_signal_binary,2016-12-29,1300.9201734031662
W008_signal_binary,2016-12-30,1305.1683415516695
W008_signal_binary,2017-01-03,1318.3934958791247
W008_signal_binary,2017-01-04,1327.6277996716428
W008_signal_binary,2017-01-05,1329.210545747542
W008_signal_binary,2017-01-06,1323.5956812175489
W008_signal_binary,2017-01-09,1329.5528267240788
W008_signal_binary,2017-01-10,1327.4603004703588
W008_signal_binary,2017-01-11,1318.4517564708756
W008_signal_binary,2017-01-12,1311.2517183403263
W008_signal_binary,2017-01-13,1313.8006192294285
W008_signal_binary,2017-01-16,1317.478319083704
W008_signal_binary,2017-01-17,1317.1190454345738
W008_signal_binary,2017-01-18,1324.918682155226
W008_signal_binary,2017-01-19,1320.7627599436614
W008_signal_binary,2017-01-20,1330.2835116456215
W008_signal_binary,2017-01-23,1334.2573695079643
W008_signal_binary,2017-01-24,1338.4278568674665
W008_signal_binary,2017-01-25,1342.3143238421828
W008_signal_binary,2017-01-26,1347.6087551175465
W008_signal_binary,2017-02-03,1336.1192809193367
W008_signal_binary,2017-02-06,1339.8188284955193
W008_signal_binary,2017-02-07,1338.291915486714
W008_signal_binary,2017-02-08,1343.5013833991077
W008_signal_binary,2017-02-09,1348.6817210156255
W008_signal_binary,2017-02-10,1357.889322036924
W008_signal_binary,2017-02-13,1367.0386624664725
W008_signal_binary,2017-02-14,1366.681816341998
W008_signal_binary,2017-02-15,1363.819764772235
W008_signal_binary,2017-02-16,1371.9374072228607
W008_signal_binary,2017-02-17,1360.8824599381267
W008_signal_binary,2017-02-20,1382.963224211719
W008_signal_binary,2017-02-21,1386.5875185235564
W008_signal_binary,2017-02-22,1390.7871361789341
W008_signal_binary,2017-02-23,1383.2278243992541
W008_signal_binary,2017-02-24,1381.200841311254
W008_signal_binary,2017-02-27,1369.3132530694136
W008_signal_binary,2017-02-28,1373.1196117304726
W008_signal_binary,2017-03-01,1374.6076843447768
W008_signal_binary,2017-03-02,1364.6426956307162
W008_signal_binary,2017-03-03,1361.8728899978921
W008_signal_binary,2017-03-06,1367.7960501592331
W008_signal_binary,2017-03-07,1368.9685445682208
W008_signal_binary,2017-03-08,1367.7766299619832
W008_signal_binary,2017-03-09,1357.9475826286744
W008_signal_binary,2017-03-10,1359.253590893757
W008_signal_binary,2017-03-13,1370.182306896364
W008_signal_binary,2017-03-14,1370.2454225374277
W008_signal_binary,2017-03-15,1372.517585615713
W008_signal_binary,2017-03-16,1379.4481685094142
W008_signal_binary,2017-03-17,1364.4242184116501
W008_signal_binary,2017-03-20,1365.1282005619735
W008_signal_binary,2017-03-21,1371.580561098386
W008_signal_binary,2017-03-22,1362.5016188838702
W008_signal_binary,2017-03-23,1367.34695809782
W008_signal_binary,2017-03-24,1377.2585412694427
W008_signal_binary,2017-03-27,1374.4159098969299
W008_signal_binary,2017-03-28,1370.4299144113054
W008_signal_binary,2017-03-29,1369.361803562539
W008_signal_binary,2017-03-30,1360.8314819203445
W008_signal_binary,2017-03-31,1368.8811536805938
W008_signal_binary,2017-04-05,1388.1896847967053
W008_signal_binary,2017-04-06,1394.302191881238
W008_signal_binary,2017-04-07,1395.4455559943494
W008_signal_binary,2017-04-10,1394.5206691003038
W008_signal_binary,2017-04-11,1400.0117298728262
W008_signal_binary,2017-04-12,1396.4262759554895
W008_signal_binary,2017-04-13,1398.6328958680551
W008_signal_binary,2017-04-14,1385.6577765801974
W008_signal_binary,2017-04-17,1382.2155466175818
W008_signal_binary,2017-04-18,1372.9982354976576
W008_signal_binary,2017-04-19,1363.5284618134797
W008_signal_binary,2017-04-20,1365.7423643000138
W008_signal_binary,2017-04-21,1370.2162922415519
W008_signal_binary,2017-04-24,1353.6484364623889
W008_signal_binary,2017-04-25,1357.0057030620346
W008_signal_binary,2017-04-26,1359.9430078961425
W008_signal_binary,2017-04-27,1359.9454354207987
W008_signal_binary,2017-04-28,1359.9357253221735
W008_signal_binary,2017-05-02,1355.5783185641371
W008_signal_binary,2017-05-03,1347.980166389957
W008_signal_binary,2017-05-04,1344.5743492971856
W008_signal_binary,2017-05-05,1336.2746424973382
W008_signal_binary,2017-05-08,1327.6690675907985
W008_signal_binary,2017-05-09,1326.8922597007866
W008_signal_binary,2017-05-10,1319.1023330787596
W008_signal_binary,2017-05-11,1327.1617149376345
W008_signal_binary,2017-05-12,1340.5786437129364
W008_signal_binary,2017-05-15,1343.5256586456692
W008_signal_binary,2017-05-16,1352.7017018464367
W008_signal_binary,2017-05-17,1346.543071793435
W008_signal_binary,2017-05-18,1340.4791152020284
W008_signal_binary,2017-05-19,1342.9236325309098
W008_signal_binary,2017-05-22,1344.1738077288983
W008_signal_binary,2017-05-23,1348.5773374554035
W008_signal_binary,2017-05-24,1349.5240720713557
W008_signal_binary,2017-05-25,1378.5694045838372
W008_signal_binary,2017-05-26,1377.6979232322299
W008_signal_binary,2017-05-31,1382.5214147242732
W008_signal_binary,2017-06-01,1381.7785921794493
W008_signal_binary,2017-06-02,1378.984511300062
W008_signal_binary,2017-06-05,1371.8403062366076
W008_signal_binary,2017-06-06,1381.2566743783475
W008_signal_binary,2017-06-07,1397.193373746876
W008_signal_binary,2017-06-08,1407.517636110067
W008_signal_binary,2017-06-09,1412.9188784703072
W008_signal_binary,2017-06-12,1413.60344042338
W008_signal_binary,2017-06-13,1416.8636060367744
W008_signal_binary,2017-06-14,1397.2200765180949
W008_signal_binary,2017-06-15,1393.2170883598767
W008_signal_binary,2017-06-16,1387.7478753092607
W008_signal_binary,2017-06-19,1403.4976552792546
W008_signal_binary,2017-06-20,1402.0168652389193
W008_signal_binary,2017-06-21,1415.0842304637154
W008_signal_binary,2017-06-22,1417.48747987344
W008_signal_binary,2017-06-23,1428.9720990223368
W008_signal_binary,2017-06-26,1445.2510793674023
W008_signal_binary,2017-06-27,1449.4846823679673
W008_signal_binary,2017-06-28,1441.8306971266927
W008_signal_binary,2017-06-29,1450.3221783743866
W008_signal_binary,2017-06-30,1449.897361559536
W008_signal_binary,2017-07-03,1446.081292799852
W008_signal_binary,2017-07-04,1433.3149406324353
W008_signal_binary,2017-07-05,1449.6910219637514
W008_signal_binary,2017-07-06,1452.589486403359
W008_signal_binary,2017-07-07,1449.880368886942
W008_signal_binary,2017-07-10,1452.0214456337872
W008_signal_binary,2017-07-11,1458.9496010028317
W008_signal_binary,2017-07-12,1455.3398718389324
W008_signal_binary,2017-07-13,1468.6694097266072
W008_signal_binary,2017-07-14,1476.2869820980384
W008_signal_binary,2017-07-17,1465.3849688666505
W008_signal_binary,2017-07-18,1468.300425978852
W008_signal_binary,2017-07-19,1490.0510468991888
W008_signal_binary,2017-07-20,1496.3990238753813
W008_signal_binary,2017-07-21,1488.8664148669209
W008_signal_binary,2017-07-24,1498.0740158882197
W008_signal_binary,2017-07-25,1490.6457904399797
W008_signal_binary,2017-07-26,1485.2809609495841
W008_signal_binary,2017-07-27,1481.2002920023644
W008_signal_binary,2017-07-28,1485.055201156549
W008_signal_binary,2017-07-31,1491.9372335571243
W008_signal_binary,2017-08-01,1506.1042674512191
W008_signal_binary,2017-08-02,1501.2977686317697
W008_signal_binary,2017-08-03,1488.4367430027578
W008_signal_binary,2017-08-04,1479.9476892797202
W008_signal_binary,2017-08-07,1488.764458831357
W008_signal_binary,2017-08-08,1486.4947232777279
W008_signal_binary,2017-08-09,1483.7613305147477
W008_signal_binary,2017-08-10,1474.495468901698
W008_signal_binary,2017-08-11,1444.270359406261
W008_signal_binary,2017-08-14,1456.6871480231719
W008_signal_binary,2017-08-15,1463.0958131157713
W008_signal_binary,2017-08-16,1458.4665235962307
W008_signal_binary,2017-08-17,1466.1617767566627
W008_signal_binary,2017-08-18,1470.7910662762033
W008_signal_binary,2017-08-21,1477.6658161028097
W008_signal_binary,2017-08-22,1485.4775904467435
W008_signal_binary,2017-08-23,1486.4874407037587
W008_signal_binary,2017-08-24,1480.860438550484
W008_signal_binary,2017-08-25,1507.6578832312434
W008_signal_binary,2017-08-28,1522.363827599034
W008_signal_binary,2017-08-29,1523.13820796439
W008_signal_binary,2017-08-30,1522.7619416426653
W008_signal_binary,2017-08-31,1514.0398455526235
W008_signal_binary,2017-09-01,1516.149364478938
W008_signal_binary,2017-09-04,1517.931167576653
W008_signal_binary,2017-09-05,1523.2523016232353
W008_signal_binary,2017-09-06,1519.205618021204
W008_signal_binary,2017-09-07,1511.22391695133
W008_signal_binary,2017-09-08,1509.9251912602163
W008_signal_binary,2017-09-11,1510.0465674930308
W008_signal_binary,2017-09-12,1515.972155179029
W008_signal_binary,2017-09-13,1518.0039933163418
W008_signal_binary,2017-09-14,1513.8189408089017
W008_signal_binary,2017-09-15,1510.1630886765329
W008_signal_binary,2017-09-18,1512.6828592697593
W008_signal_binary,2017-09-19,1511.0709828979843
W008_signal_binary,2017-09-20,1514.2801704935969
W008_signal_binary,2017-09-21,1512.8964814395126
W008_signal_binary,2017-09-22,1512.527497691757
W008_signal_binary,2017-09-25,1503.009173514453
W008_signal_binary,2017-09-26,1503.8054016017156
W008_signal_binary,2017-09-27,1503.060151532235
W008_signal_binary,2017-09-28,1497.4695622488048
W008_signal_binary,2017-09-29,1502.1328371135335
W008_signal_binary,2017-10-09,1519.3512695005813
W008_signal_binary,2017-10-10,1521.2932892256117
W008_signal_binary,2017-10-11,1525.2622920386418
W008_signal_binary,2017-10-12,1528.7943404135406
W008_signal_binary,2017-10-13,1530.2945506511262
W008_signal_binary,2017-10-16,1526.9251464281992
W008_signal_binary,2017-10-17,1528.0490903440602
W008_signal_binary,2017-10-18,1537.2979592845163
W008_signal_binary,2017-10-19,1533.739208138399
W008_signal_binary,2017-10-20,1531.8530214804632
W008_signal_binary,2017-10-23,1532.7366404553516
W008_signal_binary,2017-10-24,1542.8958311419153
W008_signal_binary,2017-10-25,1548.7704408101315
W008_signal_binary,2017-10-26,1551.049886462386
W008_signal_binary,2017-10-27,1563.534645769673
W008_signal_binary,2017-10-30,1557.009459493572
W008_signal_binary,2017-10-31,1553.2929192447957
W008_signal_binary,2017-11-01,1548.6733398238803
W008_signal_binary,2017-11-02,1547.1270066178251
W008_signal_binary,2017-11-03,1538.829727342634
W008_signal_binary,2017-11-06,1542.8885485679466
W008_signal_binary,2017-11-07,1559.682164140144
W008_signal_binary,2017-11-08,1558.3955760723122
W008_signal_binary,2017-11-09,1568.3872675575922
W008_signal_binary,2017-11-10,1579.4519249409511
W008_signal_binary,2017-11-13,1587.9264135160508
W008_signal_binary,2017-11-14,1581.8260440548
W008_signal_binary,2017-11-15,1574.3371304901525
W008_signal_binary,2017-11-16,1584.0836419851478
W008_signal_binary,2017-11-17,1596.5999591129662
W008_signal_binary,2017-11-20,1604.7952823525936
W008_signal_binary,2017-11-21,1631.3985250608496
W008_signal_binary,2017-11-22,1640.2371423343932
W008_signal_binary,2017-11-23,1597.5466937289186
W008_signal_binary,2017-11-24,1601.6759131692643
W008_signal_binary,2017-11-27,1585.399360348856
W008_signal_binary,2017-11-28,1582.7509309488462
W008_signal_binary,2017-11-29,1587.375365419074
W008_signal_binary,2017-11-30,1570.3122946100282
W008_signal_binary,2017-12-01,1562.0465731553686
W008_signal_binary,2017-12-04,1566.782673759786
W008_signal_binary,2017-12-05,1575.990274781085
W008_signal_binary,2017-12-06,1563.8817817955223
W008_signal_binary,2017-12-07,1546.3113583333125
W008_signal_binary,2017-12-08,1558.252352117591
W008_signal_binary,2017-12-11,1579.437359793013
W008_signal_binary,2017-12-12,1556.9075034580078
W008_signal_binary,2017-12-13,1570.7152637029715
W008_signal_binary,2017-12-14,1563.6608770517998
W008_signal_binary,2017-12-15,1546.4982777318467
W008_signal_binary,2017-12-18,1550.9867708213226
W008_signal_binary,2017-12-19,1573.5384748782342
W008_signal_binary,2017-12-20,1569.1810681201978
W008_signal_binary,2017-12-21,1581.894014745176
W008_signal_binary,2017-12-22,1578.3886691414968
W008_signal_binary,2017-12-25,1577.2720077996046
W008_signal_binary,2017-12-26,1584.947840762786
W008_signal_binary,2017-12-27,1562.218927405965
W008_signal_binary,2017-12-28,1568.0886820248684
W008_signal_binary,2017-12-29,1574.2715873244326
W008_signal_binary,2018-01-02,1605.8706757753287
W008_signal_binary,2018-01-03,1608.8492485285935
W008_signal_binary,2018-01-04,1615.1850878815042
W008_signal_binary,2018-01-05,1625.7569577596369
W008_signal_binary,2018-01-08,1636.9308537525287
W008_signal_binary,2018-01-09,1642.3806466058945
W008_signal_binary,2018-01-10,1652.5689675883332
W008_signal_binary,2018-01-11,1650.2191237210468
W008_signal_binary,2018-01-12,1662.0120385012926
W008_signal_binary,2018-01-15,1670.093268082074
W008_signal_binary,2018-01-16,1687.639416297721
W008_signal_binary,2018-01-17,1685.6804039000967
W008_signal_binary,2018-01-18,1702.0613402807257
W008_signal_binary,2018-01-19,1704.2048445522275
W008_signal_binary,2018-01-22,1719.8575235359704
W008_signal_binary,2018-01-23,1740.7706484498885
W008_signal_binary,2018-01-24,1740.5764464773854
W008_signal_binary,2018-01-25,1731.279027043804
W008_signal_binary,2018-01-26,1742.2514384902238
W008_signal_binary,2018-01-29,1720.8503811203923
W008_signal_binary,2018-01-30,1699.444468701248
W008_signal_binary,2018-01-31,1708.5671063595767
W008_signal_binary,2018-02-01,1701.4059086235281
W008_signal_binary,2018-02-02,1711.8782499907525
W008_signal_binary,2018-02-05,1730.3420025264766
W008_signal_binary,2018-02-06,1679.6747079004413
W008_signal_binary,2018-02-07,1635.8190474599492
W008_signal_binary,2018-02-08,1608.1209911317073
W008_signal_binary,2018-02-09,1534.846159381665
W008_signal_binary,2018-02-12,1547.418309576579
W008_signal_binary,2018-02-13,1570.307439560715
W008_signal_binary,2018-02-14,1584.1103447563667
W008_signal_binary,2018-02-22,1614.867082151531
W008_signal_binary,2018-02-23,1625.5773209350718
W008_signal_binary,2018-02-26,1638.9262790199982
W008_signal_binary,2018-02-27,1608.130701230333
W008_signal_binary,2018-02-28,1592.7459718229861
W008_signal_binary,2018-03-01,1599.23685165698
W008_signal_binary,2018-03-02,1586.3792253111446
W008_signal_binary,2018-03-05,1585.773363155127
W008_signal_binary,2018-03-06,1602.9429654704684
W008_signal_binary,2018-03-07,1588.1156355681212
W008_signal_binary,2018-03-08,1601.6797010967944
W008_signal_binary,2018-03-09,1626.492475958809
W008_signal_binary,2018-03-12,1646.0146242051092
W008_signal_binary,2018-03-13,1633.7062811732526
W008_signal_binary,2018-03-14,1618.7054881031772
W008_signal_binary,2018-03-15,1623.7849421668757
W008_signal_binary,2018-03-16,1604.9377918993448
W008_signal_binary,2018-03-19,1607.3021702942515
W008_signal_binary,2018-03-20,1609.655235873871
W008_signal_binary,2018-03-21,1599.2436748717398
W008_signal_binary,2018-03-22,1583.7300341753369
W008_signal_binary,2018-03-23,1519.2884673642461
W008_signal_binary,2018-03-26,1533.5350727485459
W008_signal_binary,2018-03-27,1563.5705973345566
W008_signal_binary,2018-03-28,1539.6854733260457
W008_signal_binary,2018-03-29,1556.6999475171415
W008_signal_binary,2018-03-30,1572.289006982122
W008_signal_binary,2018-04-02,1567.7110877294647
W008_signal_binary,2018-04-03,1557.1750857591803
W008_signal_binary,2018-04-04,1548.5283239417636
W008_signal_binary,2018-04-09,1544.2332250712723
W008_signal_binary,2018-04-10,1564.1136124683153
W008_signal_binary,2018-04-11,1570.8862178865797
W008_signal_binary,2018-04-12,1559.1849959417725
W008_signal_binary,2018-04-13,1550.2403299884747
W008_signal_binary,2018-04-16,1533.4634249183978
W008_signal_binary,2018-04-17,1504.9815269650846
W008_signal_binary,2018-04-18,1519.4996399162637
W008_signal_binary,2018-04-19,1536.5782200606507
W008_signal_binary,2018-04-20,1506.2259366466144
W008_signal_binary,2018-04-23,1504.8721697506471
W008_signal_binary,2018-04-24,1540.5188507188273
W008_signal_binary,2018-04-25,1540.473599457681
W008_signal_binary,2018-04-26,1502.5002494788828
W008_signal_binary,2018-04-27,1504.4056046151563
W008_signal_binary,2018-05-02,1504.136812142945
W008_signal_binary,2018-05-03,1517.4676262286553
W008_signal_binary,2018-05-04,1510.62695186124
W008_signal_binary,2018-05-07,1531.5801613705225
W008_signal_binary,2018-05-08,1547.9726721095499
W008_signal_binary,2018-05-09,1545.7575594916332
W008_signal_binary,2018-05-10,1551.519327284382
W008_signal_binary,2018-05-11,1546.2154319322083
W008_signal_binary,2018-05-14,1557.4345442193767
W008_signal_binary,2018-05-15,1560.9811993942083
W008_signal_binary,2018-05-16,1546.853978362848
W008_signal_binary,2018-05-17,1539.4809945765091
W008_signal_binary,2018-05-18,1556.8702473736953
W008_signal_binary,2018-05-21,1563.0502878283746
W008_signal_binary,2018-05-22,1554.4026861669213
W008_signal_binary,2018-05-23,1532.2391850569293
W008_signal_binary,2018-05-24,1522.4803146072702
W008_signal_binary,2018-05-25,1518.7703103455306
W008_signal_binary,2018-05-28,1521.6784190897229
W008_signal_binary,2018-05-29,1513.369890532912
W008_signal_binary,2018-05-30,1478.2820116678809
W008_signal_binary,2018-05-31,1507.0265009913253
W008_signal_binary,2018-06-01,1497.8220274426865
W008_signal_binary,2018-06-04,1515.359779409789
W008_signal_binary,2018-06-05,1524.8043266164586
W008_signal_binary,2018-06-06,1519.5598309322518
W008_signal_binary,2018-06-07,1518.438662199385
W008_signal_binary,2018-06-08,1495.8370885381403
W008_signal_binary,2018-06-11,1499.3441439343276
W008_signal_binary,2018-06-12,1515.7087524590922
W008_signal_binary,2018-06-13,1506.5141788551146
W008_signal_binary,2018-06-14,1504.7123889267982
W008_signal_binary,2018-06-15,1502.997223514266
W008_signal_binary,2018-06-19,1454.437994951671
W008_signal_binary,2018-06-20,1455.2869152063586
W008_signal_binary,2018-06-21,1444.2559018677505
W008_signal_binary,2018-06-22,1447.6367329695088
W008_signal_binary,2018-06-25,1424.827260470382
W008_signal_binary,2018-06-26,1407.237533793809
W008_signal_binary,2018-06-27,1383.9528639509497
W008_signal_binary,2018-06-28,1369.4667699256252
W008_signal_binary,2018-06-29,1400.6491206218604
W008_signal_binary,2018-07-02,1353.4412345055027
W008_signal_binary,2018-07-03,1358.6956301343707
W008_signal_binary,2018-07-04,1344.3266257681037
W008_signal_binary,2018-07-05,1332.442846503899
W008_signal_binary,2018-07-06,1339.7947221406864
W008_signal_binary,2018-07-09,1376.654448120824
W008_signal_binary,2018-07-10,1381.0650922561538
W008_signal_binary,2018-07-11,1354.834184650486
W008_signal_binary,2018-07-12,1392.002443909589
W008_signal_binary,2018-07-13,1400.0942104968728
W008_signal_binary,2018-07-16,1396.573335696231
W008_signal_binary,2018-07-17,1390.8977791994093
W008_signal_binary,2018-07-18,1379.2461037227845
W008_signal_binary,2018-07-19,1373.2699847429817
W008_signal_binary,2018-07-20,1393.8838869848764
W008_signal_binary,2018-07-23,1405.3560056534861
W008_signal_binary,2018-07-24,1426.5515158169949
W008_signal_binary,2018-07-25,1421.9415899416533
W008_signal_binary,2018-07-26,1404.208403445738
W008_signal_binary,2018-07-27,1393.7807072191708
W008_signal_binary,2018-07-30,1382.5113764694377
W008_signal_binary,2018-07-31,1382.6693561651036
W008_signal_binary,2018-08-01,1354.3263023165123
W008_signal_binary,2018-08-02,1325.1205631055273
W008_signal_binary,2018-08-03,1311.376825627183
W008_signal_binary,2018-08-06,1300.6640902252173
W008_signal_binary,2018-08-07,1338.849924289438
W008_signal_binary,2018-08-08,1322.1039373235826
W008_signal_binary,2018-08-09,1348.3095260266243
W008_signal_binary,2018-08-10,1346.953362251739
W008_signal_binary,2018-08-13,1338.0352676048776
W008_signal_binary,2018-08-14,1331.834292605932
W008_signal_binary,2018-08-15,1302.7486529180621
W008_signal_binary,2018-08-16,1295.4694558366105
W008_signal_binary,2018-08-17,1280.4677925953424
W008_signal_binary,2018-08-20,1294.9063843046351
W008_signal_binary,2018-08-21,1313.0708323212536
W008_signal_binary,2018-08-22,1308.5806363598842
W008_signal_binary,2018-08-23,1310.6436346110793
W008_signal_binary,2018-08-24,1315.653773221124
W008_signal_binary,2018-08-27,1341.3513995208518
W008_signal_binary,2018-08-28,1339.9976317950388
W008_signal_binary,2018-08-29,1332.946059375449
W008_signal_binary,2018-08-30,1320.750169597769
W008_signal_binary,2018-08-31,1318.4044375560504
W008_signal_binary,2018-09-03,1314.314381789744
W008_signal_binary,2018-09-04,1330.4853169782632
W008_signal_binary,2018-09-05,1302.468315176611
W008_signal_binary,2018-09-06,1290.7803878022453
W008_signal_binary,2018-09-07,1300.7791005806848
W008_signal_binary,2018-09-10,1288.6431120298107
W008_signal_binary,2018-09-11,1279.1188169676739
W008_signal_binary,2018-09-12,1273.7804196347329
W008_signal_binary,2018-09-13,1289.7596708974722
W008_signal_binary,2018-09-14,1292.009560976302
W008_signal_binary,2018-09-17,1276.4520143502755
W008_signal_binary,2018-09-18,1302.408413949805
W008_signal_binary,2018-09-19,1317.6976030797414
W008_signal_binary,2018-09-20,1317.7527122084025
W008_signal_binary,2018-09-21,1357.3018981947253
W008_signal_binary,2018-09-25,1346.1195371746012
W008_signal_binary,2018-09-26,1357.280333753075
W008_signal_binary,2018-09-27,1352.2414425541635
W008_signal_binary,2018-09-28,1365.2064640840306
W008_signal_binary,2018-10-08,1314.8510967819254
W008_signal_binary,2018-10-09,1314.836720487492
W008_signal_binary,2018-10-10,1318.6296661688411
W008_signal_binary,2018-10-11,1256.7277383876315
W008_signal_binary,2018-10-12,1275.2851384520968
W008_signal_binary,2018-10-15,1253.7470533417704
W008_signal_binary,2018-10-16,1243.9424205381818
W008_signal_binary,2018-10-17,1254.1304211933277
W008_signal_binary,2018-10-18,1222.9027136348802
W008_signal_binary,2018-10-19,1257.8874261385936
W008_signal_binary,2018-10-22,1302.8876237642523
W008_signal_binary,2018-10-23,1272.06245244994
W008_signal_binary,2018-10-24,1279.5357295062431
W008_signal_binary,2018-10-25,1285.0274739798074
W008_signal_binary,2018-10-26,1284.342203945148
W008_signal_binary,2018-10-29,1247.6203558640634
W008_signal_binary,2018-10-30,1260.8106060067212
W008_signal_binary,2018-10-31,1276.852154545339
W008_signal_binary,2018-11-01,1280.5468622147266
W008_signal_binary,2018-11-02,1317.2159972162224
W008_signal_binary,2018-11-05,1308.635745488546
W008_signal_binary,2018-11-06,1304.0303264737688
W008_signal_binary,2018-11-07,1295.7459888625551
W008_signal_binary,2018-11-08,1289.5115357863526
W008_signal_binary,2018-11-09,1274.237823037792
W008_signal_binary,2018-11-12,1300.8030663103955
W008_signal_binary,2018-11-13,1322.8239110865961
W008_signal_binary,2018-11-14,1311.5534338265534
W008_signal_binary,2018-11-15,1328.2657204730242
W008_signal_binary,2018-11-16,1340.1895587336487
W008_signal_binary,2018-11-19,1349.4741624261321
W008_signal_binary,2018-11-20,1307.7407285139454
W008_signal_binary,2018-11-21,1311.4975542672933
W008_signal_binary,2018-11-22,1309.0130630940266
W008_signal_binary,2018-11-23,1267.902901188975
W008_signal_binary,2018-11-26,1262.8952329937233
W008_signal_binary,2018-11-27,1265.0874310877819
W008_signal_binary,2018-11-28,1287.701458877669
W008_signal_binary,2018-11-29,1261.7733433808812
W008_signal_binary,2018-11-30,1276.7060809862926
W008_signal_binary,2018-12-03,1319.9224724326955
W008_signal_binary,2018-12-04,1323.3827066791998
W008_signal_binary,2018-12-05,1318.8865513725618
W008_signal_binary,2018-12-06,1285.840239711537
W008_signal_binary,2018-12-07,1285.182580283319
W008_signal_binary,2018-12-10,1268.0232571627664
W008_signal_binary,2018-12-11,1276.4954580321573
W008_signal_binary,2018-12-12,1278.9670539225176
W008_signal_binary,2018-12-13,1298.357260985848
W008_signal_binary,2018-12-14,1269.622272243138
W008_signal_binary,2018-12-17,1262.9640078358898
W008_signal_binary,2018-12-18,1251.2378972464937
W008_signal_binary,2018-12-19,1231.1771354720397
W008_signal_binary,2018-12-20,1234.9167675148458
W008_signal_binary,2018-12-21,1219.3650563299357
W008_signal_binary,2018-12-24,1226.0233207371846
W008_signal_binary,2018-12-25,1214.7356497666
W008_signal_binary,2018-12-26,1207.7249142932478
W008_signal_binary,2018-12-27,1198.0534521135778
W008_signal_binary,2018-12-28,1204.6128526852115
W008_signal_binary,2019-01-02,1193.4713282542316
W008_signal_binary,2019-01-03,1186.5594566164934
W008_signal_binary,2019-01-04,1220.1516685872155
W008_signal_binary,2019-01-07,1236.2836675029057
W008_signal_binary,2019-01-08,1234.1258568299304
W008_signal_binary,2019-01-09,1246.324794459221
W008_signal_binary,2019-01-10,1245.9723233931177
W008_signal_binary,2019-01-11,1253.9931893607907
W008_signal_binary,2019-01-14,1244.3518161745683
W008_signal_binary,2019-01-15,1270.6409995927304
W008_signal_binary,2019-01-16,1269.8028062038256
W008_signal_binary,2019-01-17,1259.3748207603228
W008_signal_binary,2019-01-18,1280.3167602000358
W008_signal_binary,2019-01-21,1287.0996790087113
W008_signal_binary,2019-01-22,1266.6692524576117
W008_signal_binary,2019-01-23,1266.1405458584568
W008_signal_binary,2019-01-24,1274.2000976748486
W008_signal_binary,2019-01-25,1280.1663152327963
W008_signal_binary,2019-01-28,1277.5571696581032
W008_signal_binary,2019-01-29,1273.7874486218495
W008_signal_binary,2019-01-30,1260.0840613201651
W008_signal_binary,2019-01-31,1263.243405632191
W008_signal_binary,2019-02-01,1295.765309121696
W008_signal_binary,2019-02-11,1336.2436021643432
W008_signal_binary,2019-02-12,1349.4096860116013
W008_signal_binary,2019-02-13,1378.8281247483408
W008_signal_binary,2019-02-14,1387.562529703492
W008_signal_binary,2019-02-15,1368.9374427592645
W008_signal_binary,2019-02-18,1421.5072127403175
W008_signal_binary,2019-02-19,1420.4583963972775
W008_signal_binary,2019-02-20,1425.7411639611953
W008_signal_binary,2019-02-21,1427.2155246401408
W008_signal_binary,2019-02-22,1466.7696557411748
W008_signal_binary,2019-02-25,1548.4784666626654
W008_signal_binary,2019-02-26,1540.517778681888
W008_signal_binary,2019-02-27,1524.5147325952598
W008_signal_binary,2019-02-28,1523.4788115351262
W008_signal_binary,2019-03-01,1551.4701722969103
W008_signal_binary,2019-03-04,1579.7108418615476
W008_signal_binary,2019-03-05,1606.3997790498024
W008_signal_binary,2019-03-06,1625.8286719618513
W008_signal_binary,2019-03-07,1620.7006477928082
W008_signal_binary,2019-03-08,1562.9899583598065
W008_signal_binary,2019-03-11,1612.7700488054786
W008_signal_binary,2019-03-12,1630.3721099724787
W008_signal_binary,2019-03-13,1593.934338907116
W008_signal_binary,2019-03-14,1570.0823639582313
W008_signal_binary,2019-03-15,1592.6147216230456
W008_signal_binary,2019-03-18,1642.5366601806863
W008_signal_binary,2019-03-19,1635.2250347728555
W008_signal_binary,2019-03-20,1627.6769958450775
W008_signal_binary,2019-03-21,1634.8897574172938
W008_signal_binary,2019-03-22,1632.529920645454
W008_signal_binary,2019-03-25,1597.3773794430788
W008_signal_binary,2019-03-26,1568.4575583120466
W008_signal_binary,2019-03-27,1583.7900496875507
W008_signal_binary,2019-03-28,1575.197492844368
W008_signal_binary,2019-03-29,1640.0177815863372
W008_signal_binary,2019-04-01,1695.2439798460728
W008_signal_binary,2019-04-02,1692.316750626359
W008_signal_binary,2019-04-03,1708.6980583449033
W008_signal_binary,2019-04-04,1724.4002144970523
W008_signal_binary,2019-04-08,1717.6989658134496
W008_signal_binary,2019-04-09,1728.548197165222
W008_signal_binary,2019-04-10,1736.6765238237806
W008_signal_binary,2019-04-11,1692.9572163440355
W008_signal_binary,2019-04-12,1688.2676317938037
W008_signal_binary,2019-04-15,1673.248925635684
W008_signal_binary,2019-04-16,1712.4978683746049
W008_signal_binary,2019-04-17,1722.2424038240772
W008_signal_binary,2019-04-18,1714.8276161529964
W008_signal_binary,2019-04-19,1736.9258326266342
W008_signal_binary,2019-04-22,1704.1202329131927
W008_signal_binary,2019-04-23,1693.094766028368
W008_signal_binary,2019-04-24,1707.2709803699474
W008_signal_binary,2019-04-25,1657.12122514763
W008_signal_binary,2019-04-26,1632.6760671850586
W008_signal_binary,2019-04-29,1611.7040387518978
W008_signal_binary,2019-04-30,1619.9828103776958
W008_signal_binary,2019-05-06,1502.8248667469863
W008_signal_binary,2019-05-07,1524.4459577530936
W008_signal_binary,2019-05-08,1507.2006660798324
W008_signal_binary,2019-05-09,1484.4318948950706
W008_signal_binary,2019-05-10,1543.7802852571633
W008_signal_binary,2019-05-13,1514.9464326788398
W008_signal_binary,2019-05-14,1503.6716569911614
W008_signal_binary,2019-05-15,1539.649496299535
W008_signal_binary,2019-05-16,1545.8220383839828
W008_signal_binary,2019-05-17,1498.1438790520253
W008_signal_binary,2019-05-20,1481.3370269975758
W008_signal_binary,2019-05-21,1508.2408855676013
W008_signal_binary,2019-05-22,1499.579553882252
W008_signal_binary,2019-05-23,1464.272269285002
W008_signal_binary,2019-05-24,1462.7033431980778
W008_signal_binary,2019-05-27,1492.2077504875253
W008_signal_binary,2019-05-28,1504.8709183014405
W008_signal_binary,2019-05-29,1503.0011022800377
W008_signal_binary,2019-05-30,1493.892734120606
W008_signal_binary,2019-05-31,1487.165694871191
W008_signal_binary,2019-06-03,1479.7681009106518
W008_signal_binary,2019-06-04,1464.293761423179
W008_signal_binary,2019-06-05,1465.2738029240527
W008_signal_binary,2019-06-06,1440.7168858429604
W008_signal_binary,2019-06-10,1457.932088522774
W008_signal_binary,2019-06-11,1513.3259254602904
W008_signal_binary,2019-06-12,1500.6584592187398
W008_signal_binary,2019-06-13,1500.9249617321352
W008_signal_binary,2019-06-14,1481.637916932055
W008_signal_binary,2019-06-17,1477.8295100470823
W008_signal_binary,2019-06-18,1481.096315049993
W008_signal_binary,2019-06-19,1501.3462076404055
W008_signal_binary,2019-06-20,1541.2786003733556
W008_signal_binary,2019-06-21,1551.801151224837
W008_signal_binary,2019-06-24,1554.517757490416
W008_signal_binary,2019-06-25,1540.4361085568157
W008_signal_binary,2019-06-26,1540.9691135836063
W008_signal_binary,2019-06-27,1559.3921744289696
W008_signal_binary,2019-06-28,1550.4987276513082
W008_signal_binary,2019-07-01,1606.6232972868447
W008_signal_binary,2019-07-02,1605.7292243386796
W008_signal_binary,2019-07-03,1579.199328972935
W008_signal_binary,2019-07-04,1570.5036098665023
W008_signal_binary,2019-07-05,1582.5778930943663
W008_signal_binary,2019-07-08,1541.9835425055633
W008_signal_binary,2019-07-09,1543.947923934945
W008_signal_binary,2019-07-10,1539.0778054240266
W008_signal_binary,2019-07-11,1537.7323975741438
W008_signal_binary,2019-07-12,1545.8091431010769
W008_signal_binary,2019-07-15,1556.7271492950163
W008_signal_binary,2019-07-16,1550.5202197894855
W008_signal_binary,2019-07-17,1551.4357848758275
W008_signal_binary,2019-07-18,1529.7330237446477
W008_signal_binary,2019-07-19,1541.6568620052722
W008_signal_binary,2019-07-22,1526.2255067941535
W008_signal_binary,2019-07-23,1535.6992413025953
W008_signal_binary,2019-07-24,1549.5186861504353
W008_signal_binary,2019-07-25,1560.767671272301
W008_signal_binary,2019-07-26,1564.2322039464404
W008_signal_binary,2019-07-29,1564.318172499149
W008_signal_binary,2019-07-30,1570.4090444585233
W008_signal_binary,2019-07-31,1559.8607030412295
W008_signal_binary,2019-08-01,1549.4026286042792
W008_signal_binary,2019-08-02,1529.4149400996275
W008_signal_binary,2019-08-05,1502.081238766061
W008_signal_binary,2019-08-06,1479.7036244961214
W008_signal_binary,2019-08-07,1476.1316311310966
W008_signal_binary,2019-08-08,1494.735225937147
W008_signal_binary,2019-08-09,1476.3121650917838
W008_signal_binary,2019-08-12,1508.4601053770082
W008_signal_binary,2019-08-13,1495.4100790759062
W008_signal_binary,2019-08-14,1505.9068393615753
W008_signal_binary,2019-08-15,1512.1567531434596
W008_signal_binary,2019-08-16,1521.475744257027
W008_signal_binary,2019-08-19,1562.740649556954
W008_signal_binary,2019-08-20,1563.196282886307
W008_signal_binary,2019-08-21,1563.3252357153694
W008_signal_binary,2019-08-22,1570.6153689850228
W008_signal_binary,2019-08-23,1578.275167031322
W008_signal_binary,2019-08-26,1557.5008662693901
W008_signal_binary,2019-08-27,1584.370337418332
W008_signal_binary,2019-08-28,1580.1277893421836
W008_signal_binary,2019-08-29,1578.4685962749156
W008_signal_binary,2019-08-30,1576.8695811945436
W008_signal_binary,2019-09-02,1605.011386923567
W008_signal_binary,2019-09-03,1612.9419859108964
W008_signal_binary,2019-09-04,1625.6954207051551
W008_signal_binary,2019-09-05,1644.1012878399765
W008_signal_binary,2019-09-06,1649.0186890548848
W008_signal_binary,2019-09-09,1673.8034228006532
W008_signal_binary,2019-09-10,1666.88725273528
W008_signal_binary,2019-09-11,1649.5259035158629
W008_signal_binary,2019-09-12,1664.7552326281173
W008_signal_binary,2019-09-16,1663.4528090545882
W008_signal_binary,2019-09-17,1632.693260895601
W008_signal_binary,2019-09-18,1642.1798906869485
W008_signal_binary,2019-09-19,1654.6582261125411
W008_signal_binary,2019-09-20,1658.380664444805
W008_signal_binary,2019-09-23,1640.138137560129
W008_signal_binary,2019-09-24,1647.9010978696779
W008_signal_binary,2019-09-25,1626.6582684954865
W008_signal_binary,2019-09-26,1601.7789693417385
W008_signal_binary,2019-09-27,1614.7860113664865
W008_signal_binary,2019-09-30,1597.8759970487874
W008_signal_binary,2019-10-08,1601.5898385257808
W008_signal_binary,2019-10-09,1600.4335614918557
W008_signal_binary,2019-10-10,1621.534542754079
W008_signal_binary,2019-10-11,1631.2747797759157
W008_signal_binary,2019-10-14,1647.1660667440228
W008_signal_binary,2019-10-15,1636.5747410503748
W008_signal_binary,2019-10-16,1627.59102729237
W008_signal_binary,2019-10-17,1627.1783782393709
W008_signal_binary,2019-10-18,1609.1378774535592
W008_signal_binary,2019-10-21,1608.5275007293312
W008_signal_binary,2019-10-22,1621.5732286027976
W008_signal_binary,2019-10-23,1610.9303217775241
W008_signal_binary,2019-10-24,1606.7608469711777
W008_signal_binary,2019-10-25,1622.548971676035
W008_signal_binary,2019-10-28,1640.8817655410548
W008_signal_binary,2019-10-29,1633.204773784214
W008_signal_binary,2019-10-30,1624.057719776064
W008_signal_binary,2019-10-31,1621.2379512472355
W008_signal_binary,2019-11-01,1648.6920085545928
W008_signal_binary,2019-11-04,1661.3379826579664
W008_signal_binary,2019-11-05,1673.3219989054871
W008_signal_binary,2019-11-06,1662.7048826460266
W008_signal_binary,2019-11-07,1670.5409162253773
W008_signal_binary,2019-11-08,1665.1163005494907
W008_signal_binary,2019-11-11,1632.3665803953088
W008_signal_binary,2019-11-12,1630.2818429921354
W008_signal_binary,2019-11-13,1633.7076898175567
W008_signal_binary,2019-11-14,1639.7383837900356
W008_signal_binary,2019-11-15,1624.5864263752187
W008_signal_binary,2019-11-18,1634.4900036472013
W008_signal_binary,2019-11-19,1662.6962857907552
W008_signal_binary,2019-11-20,1648.889736225821
W008_signal_binary,2019-11-21,1642.1970843974893
W008_signal_binary,2019-11-22,1622.836966327607
W008_signal_binary,2019-11-25,1625.91464051456
W008_signal_binary,2019-11-26,1635.1347677925125
W008_signal_binary,2019-11-27,1629.9766546300216
W008_signal_binary,2019-11-28,1625.4547087575716
W008_signal_binary,2019-11-29,1610.8959343564404
W008_signal_binary,2019-12-02,1617.012596881628
W008_signal_binary,2019-12-03,1623.7783219797614
W008_signal_binary,2019-12-04,1627.4276870422239
W008_signal_binary,2019-12-05,1646.1817268155135
W008_signal_binary,2019-12-06,1663.7451021337947
W008_signal_binary,2019-12-09,1663.5301807520243
W008_signal_binary,2019-12-10,1668.0693203350163
W008_signal_binary,2019-12-11,1659.7776534263123
W008_signal_binary,2019-12-12,1653.3729962495527
W008_signal_binary,2019-12-13,1684.4721201917368
W008_signal_binary,2019-12-16,1698.6913188096705
W008_signal_binary,2019-12-17,1722.6077701730867
W008_signal_binary,2019-12-18,1715.7474796669737
W008_signal_binary,2019-12-19,1712.2442611441154
W008_signal_binary,2019-12-20,1702.5470083986327
W008_signal_binary,2019-12-23,1682.679675867772
W008_signal_binary,2019-12-24,1702.5212178328202
W008_signal_binary,2019-12-25,1707.2408913764993
W008_signal_binary,2019-12-26,1718.3996095180212
W008_signal_binary,2019-12-27,1717.0799922339506
W008_signal_binary,2019-12-30,1740.8631923406692
W008_signal_binary,2019-12-31,1750.8441413100888
W008_signal_binary,2020-01-02,1774.6058492786303
W008_signal_binary,2020-01-03,1767.311417581341
W008_signal_binary,2020-01-06,1768.4204119112765
W008_signal_binary,2020-01-07,1791.971496925683
W008_signal_binary,2020-01-08,1776.6089165567314
W008_signal_binary,2020-01-09,1809.5649612374125
W008_signal_binary,2020-01-10,1809.3500398556416
W008_signal_binary,2020-01-13,1831.9253817968101
W008_signal_binary,2020-01-14,1824.3644475861256
W008_signal_binary,2020-01-15,1822.1120715051716
W008_signal_binary,2020-01-16,1819.1289627261972
W008_signal_binary,2020-01-17,1817.5600366392732
W008_signal_binary,2020-01-20,1835.7423855370532
W008_signal_binary,2020-01-21,1805.2665336020034
W008_signal_binary,2020-01-22,1821.4544120769535
W008_signal_binary,2020-01-23,1759.2604626202206
W008_signal_binary,2020-02-03,1619.4326116403636
W008_signal_binary,2020-02-04,1676.13746900668
W008_signal_binary,2020-02-05,1711.2298322221595
W008_signal_binary,2020-02-06,1754.4247315303855
W008_signal_binary,2020-02-07,1755.9506733409553
W008_signal_binary,2020-02-10,1772.5340071583637
W008_signal_binary,2020-02-11,1786.42222684837
W008_signal_binary,2020-02-12,1809.4446052636213
W008_signal_binary,2020-02-13,1794.795563882147
W008_signal_binary,2020-02-14,1801.9696396056447
W008_signal_binary,2020-02-17,1844.7604867161415
W008_signal_binary,2020-02-18,1842.6198697537077
W008_signal_binary,2020-02-19,1834.1605641672231
W008_signal_binary,2020-02-20,1874.617365071693
W008_signal_binary,2020-02-21,1887.577124392451
W008_signal_binary,2020-02-24,1890.5258457503417
W008_signal_binary,2020-02-25,1894.1580171022624
W008_signal_binary,2020-02-26,1848.010098008511
W008_signal_binary,2020-02-27,1858.0899108135452
W008_signal_binary,2020-02-28,1778.4443451570505
W008_signal_binary,2020-03-02,1837.7110653940706
W008_signal_binary,2020-03-03,1855.029430337134
W008_signal_binary,2020-03-04,1861.1675850004979
W008_signal_binary,2020-03-05,1902.5571447018515
W008_signal_binary,2020-03-06,1879.7195986749234
W008_signal_binary,2020-03-09,1802.2662311124873
W008_signal_binary,2020-03-10,1848.1648414033855
W008_signal_binary,2020-03-11,1820.2035696350492
W008_signal_binary,2020-03-12,1774.7133099695152
W008_signal_binary,2020-03-13,1751.9316435018472
W008_signal_binary,2020-03-16,1661.7119458622462
W008_signal_binary,2020-03-17,1652.9775409070953
W008_signal_binary,2020-03-18,1626.6711637783917
W008_signal_binary,2020-03-19,1613.1998915690199
W008_signal_binary,2020-03-20,1643.632759227716
W008_signal_binary,2020-03-23,1577.2263506882819
W008_signal_binary,2020-03-24,1618.3365125933335
W008_signal_binary,2020-03-25,1670.0380001920341
W008_signal_binary,2020-03-26,1657.774586148212
W008_signal_binary,2020-03-27,1656.8590210618697
W008_signal_binary,2020-03-30,1630.9738898414364
W008_signal_binary,2020-03-31,1651.417211675442
W008_signal_binary,2020-04-01,1648.4212076135618
W008_signal_binary,2020-04-02,1683.3975132828848
W008_signal_binary,2020-04-03,1674.211773426016
W008_signal_binary,2020-04-07,1724.903130530395
W008_signal_binary,2020-04-08,1718.2964472547717
W008_signal_binary,2020-04-09,1727.9937000002544
W008_signal_binary,2020-04-10,1708.2811108642684
W008_signal_binary,2020-04-13,1703.2218615373918
W008_signal_binary,2020-04-14,1742.7416052173426
W008_signal_binary,2020-04-15,1730.2761650746563
W008_signal_binary,2020-04-16,1735.7179744610842
W008_signal_binary,2020-04-17,1751.501800738306
W008_signal_binary,2020-04-20,1761.4526607142782
W008_signal_binary,2020-04-21,1738.7440675164123
W008_signal_binary,2020-04-22,1762.6734141627342
W008_signal_binary,2020-04-23,1757.549688421327
W008_signal_binary,2020-04-24,1743.652871876049
W008_signal_binary,2020-04-27,1752.9804598448864
W008_signal_binary,2020-04-28,1764.869910684428
W008_signal_binary,2020-04-29,1759.2733579031258
W008_signal_binary,2020-04-30,1784.603991958591
W008_signal_binary,2020-05-06,1809.2597728752974
W008_signal_binary,2020-05-07,1811.01782977818
W008_signal_binary,2020-05-08,1832.7076956264539
W008_signal_binary,2020-05-11,1828.1126764842013
W008_signal_binary,2020-05-12,1838.8415518621823
W008_signal_binary,2020-05-13,1849.046019068644
W008_signal_binary,2020-05-14,1828.9551683007412
W008_signal_binary,2020-05-15,1822.6407781043258
W008_signal_binary,2020-05-18,1828.4737444055754
W008_signal_binary,2020-05-19,1848.6677574367277
W008_signal_binary,2020-05-20,1833.7178261207753
W008_signal_binary,2020-05-21,1823.9303063949483
W008_signal_binary,2020-05-22,1781.2555168306076
W008_signal_binary,2020-05-25,1787.303404513628
W008_signal_binary,2020-05-26,1818.922638199697
W008_signal_binary,2020-05-27,1798.7716094448997
W008_signal_binary,2020-05-28,1795.092155388989
W008_signal_binary,2020-05-29,1815.9008435720048
W008_signal_binary,2020-06-01,1871.4580207596664
W008_signal_binary,2020-06-02,1866.7770330647065
W008_signal_binary,2020-06-03,1866.8887921832268
W008_signal_binary,2020-06-04,1875.1761606642958
W008_signal_binary,2020-06-05,1884.8777118374144
W008_signal_binary,2020-06-08,1891.162013040382
W008_signal_binary,2020-06-09,1906.1119443563348
W008_signal_binary,2020-06-10,1912.009387072116
W008_signal_binary,2020-06-11,1896.638209847893
W008_signal_binary,2020-06-12,1902.1788830699352
W008_signal_binary,2020-06-15,1883.979340461613
W008_signal_binary,2020-06-16,1917.8380549457304
W008_signal_binary,2020-06-17,1920.5288706454965
W008_signal_binary,2020-06-18,1932.8051799722248
W008_signal_binary,2020-06-19,1964.7424973033142
W008_signal_binary,2020-06-22,1965.7655230805415
W008_signal_binary,2020-06-23,1988.1732263439292
W008_signal_binary,2020-06-24,1995.4848517517592
W008_signal_binary,2020-06-29,1991.057471287288
W008_signal_binary,2020-06-30,2027.8133259976707
W008_signal_binary,2020-07-01,2057.9367068666174
W008_signal_binary,2020-07-02,2080.5163472354216
W008_signal_binary,2020-07-03,2098.866334810982
W008_signal_binary,2020-07-06,2179.109381908799
W008_signal_binary,2020-07-07,2218.465785338604
W008_signal_binary,2020-07-08,2244.892518441099
W008_signal_binary,2020-07-09,2300.067135569209
W008_signal_binary,2020-07-10,2287.881093222825
W008_signal_binary,2020-07-13,2360.554609254686
W008_signal_binary,2020-07-14,2336.4103412265936
W008_signal_binary,2020-07-15,2313.9037741275915
W008_signal_binary,2020-07-16,2177.0418382161665
W008_signal_binary,2020-07-17,2208.1667527241634
W008_signal_binary,2020-07-20,2254.7574098643627
W008_signal_binary,2020-07-21,2277.878652115228
W008_signal_binary,2020-07-22,2300.875239964666
W008_signal_binary,2020-07-23,2311.6428011913663
W008_signal_binary,2020-07-24,2190.203623635789
W008_signal_binary,2020-07-27,2204.4013301155446
W008_signal_binary,2020-07-28,2237.9032751059226
W008_signal_binary,2020-07-29,2296.0996868617262
W008_signal_binary,2020-07-30,2288.6419149142916
W008_signal_binary,2020-07-31,2314.42818229911
W008_signal_binary,2020-08-03,2349.511948659319
W008_signal_binary,2020-08-04,2336.3501632396965
W008_signal_binary,2020-08-05,2346.894206229355
W008_signal_binary,2020-08-06,2322.457645122055
W008_signal_binary,2020-08-07,2291.6895001077964
W008_signal_binary,2020-08-10,2291.177987219183
W008_signal_binary,2020-08-11,2268.3404411922547
W008_signal_binary,2020-08-12,2234.6192763924705
W008_signal_binary,2020-08-13,2230.0027651120413
W008_signal_binary,2020-08-14,2264.6523902810736
W008_signal_binary,2020-08-17,2300.492679905113
W008_signal_binary,2020-08-18,2310.013697117545
W008_signal_binary,2020-08-19,2268.1813993697438
W008_signal_binary,2020-08-20,2241.827739537051
W008_signal_binary,2020-08-21,2264.9704739260933
W008_signal_binary,2020-08-24,2300.7247949974258
W008_signal_binary,2020-08-25,2311.8663194284063
W008_signal_binary,2020-08-26,2281.6999542831054
W008_signal_binary,2020-08-27,2302.878307242766
W008_signal_binary,2020-08-28,2359.3639447996766
W008_signal_binary,2020-08-31,2350.3759326140357
W008_signal_binary,2020-09-01,2368.6829359132435
W008_signal_binary,2020-09-02,2378.9905653829546
W008_signal_binary,2020-09-03,2364.900319594083
W008_signal_binary,2020-09-04,2333.977431184951
W008_signal_binary,2020-09-07,2265.903232722978
W008_signal_binary,2020-09-08,2265.9977981309567
W008_signal_binary,2020-09-09,2198.5554685313887
W008_signal_binary,2020-09-10,2196.7663464882507
W008_signal_binary,2020-09-11,2223.679928952066
W008_signal_binary,2020-09-14,2239.5492199027876
W008_signal_binary,2020-09-15,2256.4653534629692
W008_signal_binary,2020-09-16,2250.0285046212384
W008_signal_binary,2020-09-17,2250.236053340128
W008_signal_binary,2020-09-18,2303.2719078685946
W008_signal_binary,2020-09-21,2282.2414971632575
W008_signal_binary,2020-09-22,2245.426648543808
W008_signal_binary,2020-09-23,2239.497196350726
W008_signal_binary,2020-09-24,2199.1575979363543
W008_signal_binary,2020-09-25,2190.8950118688663
W008_signal_binary,2020-09-28,2195.2642702440944
W008_signal_binary,2020-09-29,2189.2847200843844
W008_signal_binary,2020-09-30,2176.9427281628755
W008_signal_binary,2020-10-09,2209.7533178782464
W008_signal_binary,2020-10-12,2265.372796114261
W008_signal_binary,2020-10-13,2267.1312899274985
W008_signal_binary,2020-10-14,2255.721182793476
W008_signal_binary,2020-10-15,2250.3185941288257
W008_signal_binary,2020-10-16,2242.586679138603
W008_signal_binary,2020-10-19,2220.397735368491
W008_signal_binary,2020-10-20,2251.415754600252
W008_signal_binary,2020-10-21,2233.4590448164763
W008_signal_binary,2020-10-22,2222.942846127317
W008_signal_binary,2020-10-23,2170.969112764491
W008_signal_binary,2020-10-26,2166.4470082106313
W008_signal_binary,2020-10-27,2167.468617574658
W008_signal_binary,2020-10-28,2174.7417684487345
W008_signal_binary,2020-10-29,2180.7825842308807
W008_signal_binary,2020-10-30,2148.470983315957
W008_signal_binary,2020-11-02,2163.4236459995773
W008_signal_binary,2020-11-03,2188.658541151127
W008_signal_binary,2020-11-04,2205.6564466714035
W008_signal_binary,2020-11-05,2236.693283997316
W008_signal_binary,2020-11-06,2232.92078761588
W008_signal_binary,2020-11-09,2278.717645390361
W008_signal_binary,2020-11-10,2264.3756648842154
W008_signal_binary,2020-11-11,2245.1753118631395
W008_signal_binary,2020-11-12,2246.878202440222
W008_signal_binary,2020-11-13,2219.391561610762
W008_signal_binary,2020-11-16,2255.8577823533797
W008_signal_binary,2020-11-17,2269.3873979432537
W008_signal_binary,2020-11-18,2285.0897025614927
W008_signal_binary,2020-11-19,2293.2150112148847
W008_signal_binary,2020-11-20,2295.7886538967477
W008_signal_binary,2020-11-23,2325.918436132355
W008_signal_binary,2020-11-24,2307.501983705814
W008_signal_binary,2020-11-25,2290.7236154363036
W008_signal_binary,2020-11-26,2297.896230793347
W008_signal_binary,2020-11-27,2327.2994987166303
W008_signal_binary,2020-11-30,2309.016697507922
W008_signal_binary,2020-12-01,2354.0571579176794
W008_signal_binary,2020-12-02,2358.1420874473474
W008_signal_binary,2020-12-03,2339.681084614862
W008_signal_binary,2020-12-04,2325.0274280134677
W008_signal_binary,2020-12-07,2288.5509264079396
W008_signal_binary,2020-12-08,2272.2591856495146
W008_signal_binary,2020-12-09,2249.6515681098986
W008_signal_binary,2020-12-10,2248.058034358812
W008_signal_binary,2020-12-11,2222.1536867793125
W008_signal_binary,2020-12-14,2231.300227815122
W008_signal_binary,2020-12-15,2225.4778324536237
W008_signal_binary,2020-12-16,2227.4106346807484
W008_signal_binary,2020-12-17,2253.548015152879
W008_signal_binary,2020-12-18,2248.949042477699
W008_signal_binary,2020-12-21,2250.5562840460007
W008_signal_binary,2020-12-22,2199.045733911399
W008_signal_binary,2020-12-23,2214.186018023878
W008_signal_binary,2020-12-24,2205.0052074450346
W008_signal_binary,2020-12-25,2221.098184853862
W008_signal_binary,2020-12-28,2227.283864129034
W008_signal_binary,2020-12-29,2215.8267564448097
W008_signal_binary,2020-12-30,2236.884003488489
W008_signal_binary,2020-12-31,2272.3990720882857
W008_signal_binary,2021-01-04,2312.9038781304757
W008_signal_binary,2021-01-05,2363.7103893522135
W008_signal_binary,2021-01-06,2380.9067816407555
W008_signal_binary,2021-01-07,2424.531281480711
W008_signal_binary,2021-01-08,2410.9227381645787
W008_signal_binary,2021-01-11,2382.818614827303
W008_signal_binary,2021-01-12,2442.44603545984
W008_signal_binary,2021-01-13,2421.406966137926
W008_signal_binary,2021-01-14,2366.4251622961306
W008_signal_binary,2021-01-15,2354.2908112387117
W008_signal_binary,2021-01-18,2375.5008392585255
W008_signal_binary,2021-01-19,2329.5463979645015
W008_signal_binary,2021-01-20,2374.4081901893423
W008_signal_binary,2021-01-21,2424.722078279799
W008_signal_binary,2021-01-22,2460.0064669288463
W008_signal_binary,2021-01-25,2491.5780786387318
W008_signal_binary,2021-01-26,2434.8904043113766
W008_signal_binary,2021-01-27,2439.6883973328554
W008_signal_binary,2021-01-28,2361.1328756481166
W008_signal_binary,2021-01-29,2354.093366803791
W008_signal_binary,2021-02-01,2382.8604907318036
W008_signal_binary,2021-02-02,2431.80729449472
W008_signal_binary,2021-02-03,2433.254945211338
W008_signal_binary,2021-02-04,2425.305213087173
W008_signal_binary,2021-02-05,2423.8684345521897
W008_signal_binary,2021-02-08,2455.7976975374613
W008_signal_binary,2021-02-09,2493.243984598275
W008_signal_binary,2021-02-10,2516.266960297964
W008_signal_binary,2021-02-18,2557.929331249976
W008_signal_binary,2021-02-19,2586.9733052190786
W008_signal_binary,2021-02-22,2579.9537023586413
W008_signal_binary,2021-02-23,2580.0308005072125
W008_signal_binary,2021-02-24,2546.9924081740114
W008_signal_binary,2021-02-25,2594.10671963217
W008_signal_binary,2021-02-26,2531.2276724612925
W008_signal_binary,2021-03-01,2551.978088448318
W008_signal_binary,2021-03-02,2522.9157577771753
W008_signal_binary,2021-03-03,2586.723654071322
W008_signal_binary,2021-03-04,2548.615140634426
W008_signal_binary,2021-03-05,2523.5545710081983
W008_signal_binary,2021-03-08,2496.2581550733894
W008_signal_binary,2021-03-09,2462.8232579761057
W008_signal_binary,2021-03-10,2452.7564425768796
W008_signal_binary,2021-03-11,2519.361900262058
W008_signal_binary,2021-03-12,2546.8859393021744
W008_signal_binary,2021-03-15,2541.4339987960284
W008_signal_binary,2021-03-16,2563.9136161153074
W008_signal_binary,2021-03-17,2540.204099759289
W008_signal_binary,2021-03-18,2551.1043094311713
W008_signal_binary,2021-03-19,2498.802393976258
W008_signal_binary,2021-03-22,2531.719632075988
W008_signal_binary,2021-03-23,2499.7642851632
W008_signal_binary,2021-03-24,2455.2272546715835
W008_signal_binary,2021-03-25,2446.0378896299126
W008_signal_binary,2021-03-26,2476.7413094635103
W008_signal_binary,2021-03-29,2487.733302645599
W008_signal_binary,2021-03-30,2499.775299184425
W008_signal_binary,2021-03-31,2491.3569156284716
W008_signal_binary,2021-04-01,2504.863776990161
W008_signal_binary,2021-04-02,2497.6238937052326
W008_signal_binary,2021-04-06,2492.7410109623543
W008_signal_binary,2021-04-07,2497.957985682377
W008_signal_binary,2021-04-08,2491.558839350921
W008_signal_binary,2021-04-09,2474.7110582177893
W008_signal_binary,2021-04-12,2456.424111644651
W008_signal_binary,2021-04-13,2440.1270315727447
W008_signal_binary,2021-04-14,2448.5370984039014
W008_signal_binary,2021-04-15,2434.729416922756
W008_signal_binary,2021-04-16,2447.1452385023
W008_signal_binary,2021-04-19,2499.1778405009777
W008_signal_binary,2021-04-20,2499.2292059654055
W008_signal_binary,2021-04-21,2504.578615181174
W008_signal_binary,2021-04-22,2505.9662593215653
W008_signal_binary,2021-04-23,2544.8572443568514
W008_signal_binary,2021-04-26,2509.4969515130933
W008_signal_binary,2021-04-27,2522.257406520461
W008_signal_binary,2021-04-28,2543.2977120270375
W008_signal_binary,2021-04-29,2557.007933663622
W008_signal_binary,2021-04-30,2531.6091119794814
W008_signal_binary,2021-05-06,2529.951168564433
W008_signal_binary,2021-05-07,2513.137917931678
W008_signal_binary,2021-05-10,2519.814328807095
W008_signal_binary,2021-05-11,2523.0083460003584
W008_signal_binary,2021-05-12,2540.3111433605886
W008_signal_binary,2021-05-13,2503.9842662566866
W008_signal_binary,2021-05-14,2544.864636600799
W008_signal_binary,2021-05-17,2575.27180719138
W008_signal_binary,2021-05-18,2577.810628200196
W008_signal_binary,2021-05-19,2555.6745523079385
W008_signal_binary,2021-05-20,2549.7870953870333
W008_signal_binary,2021-05-21,2539.940371319966
W008_signal_binary,2021-05-24,2535.832488756383
W008_signal_binary,2021-05-25,2589.6503231213937
W008_signal_binary,2021-05-26,2601.821241174921
W008_signal_binary,2021-05-27,2604.548011651644
W008_signal_binary,2021-05-28,2595.574960048005
W008_signal_binary,2021-05-31,2601.936703382661
W008_signal_binary,2021-06-01,2612.305581795428
W008_signal_binary,2021-06-02,2586.20839200706
W008_signal_binary,2021-06-03,2569.7641334446257
W008_signal_binary,2021-06-04,2588.1692682098505
W008_signal_binary,2021-06-07,2585.4750561913816
W008_signal_binary,2021-06-08,2546.0263719327877
W008_signal_binary,2021-06-09,2553.423498421366
W008_signal_binary,2021-06-10,2590.644276587765
W008_signal_binary,2021-06-11,2571.5855164216096
W008_signal_binary,2021-06-15,2550.9445045227153
W008_signal_binary,2021-06-16,2475.060189682987
W008_signal_binary,2021-06-17,2507.470444319367
W008_signal_binary,2021-06-18,2515.887864116715
W008_signal_binary,2021-06-21,2529.6379106606787
W008_signal_binary,2021-06-22,2547.425289711608
W008_signal_binary,2021-06-23,2560.816639389208
W008_signal_binary,2021-06-24,2562.131861232543
W008_signal_binary,2021-06-25,2609.097237601837
W008_signal_binary,2021-06-28,2636.613272772713
W008_signal_binary,2021-06-29,2619.901984320876
W008_signal_binary,2021-06-30,2649.040126431866
W008_signal_binary,2021-07-01,2645.309679021678
W008_signal_binary,2021-07-02,2560.8604801173187
W008_signal_binary,2021-07-05,2570.126815831729
W008_signal_binary,2021-07-06,2551.649941693232
W008_signal_binary,2021-07-07,2611.4247817124674
W008_signal_binary,2021-07-08,2602.8718542100482
W008_signal_binary,2021-07-09,2586.8460753250406
W008_signal_binary,2021-07-12,2640.1643717497195
W008_signal_binary,2021-07-13,2641.73068139951
W008_signal_binary,2021-07-14,2623.4172136112466
W008_signal_binary,2021-07-15,2665.444529786925
W008_signal_binary,2021-07-16,2609.3483254082926
W008_signal_binary,2021-07-19,2621.5679319891015
W008_signal_binary,2021-07-20,2630.041149076773
W008_signal_binary,2021-07-21,2669.2865717777604
W008_signal_binary,2021-07-22,2660.9010361463115
W008_signal_binary,2021-07-23,2611.3171726525584
W008_signal_binary,2021-07-26,2525.4013021168425
W008_signal_binary,2021-07-27,2423.515449986443
W008_signal_binary,2021-07-28,2445.3122628991773
W008_signal_binary,2021-07-29,2521.66288366518
W008_signal_binary,2021-07-30,2488.1127700979087
W008_signal_binary,2021-08-02,2546.4488371309503
W008_signal_binary,2021-08-03,2542.5270847253673
W008_signal_binary,2021-08-04,2589.500432136136
W008_signal_binary,2021-08-05,2569.7362347994654
W008_signal_binary,2021-08-06,2545.165499453513
W008_signal_binary,2021-08-09,2554.615169121843
W008_signal_binary,2021-08-10,2581.2683569261512
W008_signal_binary,2021-08-11,2573.2919351391492
W008_signal_binary,2021-08-12,2546.9004989126443
W008_signal_binary,2021-08-13,2534.0656254253436
W008_signal_binary,2021-08-16,2529.5234204616286
W008_signal_binary,2021-08-17,2490.484215410261
W008_signal_binary,2021-08-18,2531.2874684910753
W008_signal_binary,2021-08-19,2491.44268680754
W008_signal_binary,2021-08-20,2481.9488846384384
W008_signal_binary,2021-08-23,2495.193665562346
W008_signal_binary,2021-08-24,2507.9178059019896
W008_signal_binary,2021-08-25,2509.629609035097
W008_signal_binary,2021-08-26,2491.1074258252497
W008_signal_binary,2021-08-27,2511.917272208374
W008_signal_binary,2021-08-30,2496.676702378125
W008_signal_binary,2021-08-31,2532.431300077713
W008_signal_binary,2021-09-01,2577.206390324346
W008_signal_binary,2021-09-02,2621.8947071402677
W008_signal_binary,2021-09-03,2621.1965754477337
W008_signal_binary,2021-09-06,2639.0995119020554
W008_signal_binary,2021-09-07,2694.823831405616
W008_signal_binary,2021-09-08,2708.1435530196827
W008_signal_binary,2021-09-09,2729.8093009693616
W008_signal_binary,2021-09-10,2732.6807126765107
W008_signal_binary,2021-09-13,2764.1873565181327
W008_signal_binary,2021-09-14,2689.0612867570676
W008_signal_binary,2021-09-15,2678.2579946336073
W008_signal_binary,2021-09-16,2644.4952415935104
W008_signal_binary,2021-09-17,2639.292779997729
W008_signal_binary,2021-09-22,2651.571220443269
W008_signal_binary,2021-09-23,2666.780236298714
W008_signal_binary,2021-09-24,2617.0117295393757
W008_signal_binary,2021-09-27,2568.91163919779
W008_signal_binary,2021-09-28,2613.170033107009
W008_signal_binary,2021-09-29,2576.421485201101
W008_signal_binary,2021-09-30,2579.0759633314724
W008_signal_binary,2021-10-08,2596.77743205101
W008_signal_binary,2021-10-11,2599.686528359224
W008_signal_binary,2021-10-12,2565.320648499968
W008_signal_binary,2021-10-13,2591.882780630843
W008_signal_binary,2021-10-14,2582.3088514473147
W008_signal_binary,2021-10-15,2602.243695328409
W008_signal_binary,2021-10-18,2571.715476240732
W008_signal_binary,2021-10-19,2600.0934106869477
W008_signal_binary,2021-10-20,2595.717976561575
W008_signal_binary,2021-10-21,2590.207092325721
W008_signal_binary,2021-10-22,2606.4569222951427
W008_signal_binary,2021-10-25,2621.845806576397
W008_signal_binary,2021-10-26,2616.2642166560067
W008_signal_binary,2021-10-27,2588.5392700022667
W008_signal_binary,2021-10-28,2569.1076842287475
W008_signal_binary,2021-10-29,2610.495464629493
W008_signal_binary,2021-11-01,2592.0246443340748
W008_signal_binary,2021-11-02,2579.2185971173226
W008_signal_binary,2021-11-03,2567.086333482615
W008_signal_binary,2021-11-04,2597.3899580429447
W008_signal_binary,2021-11-05,2584.7461179848333
W008_signal_binary,2021-11-08,2591.442362226135
W008_signal_binary,2021-11-09,2597.0447479360946
W008_signal_binary,2021-11-10,2582.29221481566
W008_signal_binary,2021-11-11,2610.4829871557527
W008_signal_binary,2021-11-12,2605.1093551310555
W008_signal_binary,2021-11-15,2594.149974028054
W008_signal_binary,2021-11-16,2605.0844001835717
W008_signal_binary,2021-11-17,2618.605822561506
W008_signal_binary,2021-11-18,2592.557016547049
W008_signal_binary,2021-11-19,2622.4738394213896
W008_signal_binary,2021-11-22,2660.255629910825
W008_signal_binary,2021-11-23,2656.553979367496
W008_signal_binary,2021-11-24,2662.630509079635
W008_signal_binary,2021-11-25,2656.3501806297177
W008_signal_binary,2021-11-26,2647.6741772214214
W008_signal_binary,2021-11-29,2663.491454767802
W008_signal_binary,2021-11-30,2648.210708592308
W008_signal_binary,2021-12-01,2639.4182487624234
W008_signal_binary,2021-12-02,2642.429479092053
W008_signal_binary,2021-12-03,2667.1681503636473
W008_signal_binary,2021-12-06,2639.1312668663686
W008_signal_binary,2021-12-07,2634.32380780723
W008_signal_binary,2021-12-08,2679.4053324594506
W008_signal_binary,2021-12-09,2708.666797381004
W008_signal_binary,2021-12-10,2694.6864993837557
W008_signal_binary,2021-12-13,2704.6445210028073
W008_signal_binary,2021-12-14,2672.3754944397942
W008_signal_binary,2021-12-15,2677.971399639285
W008_signal_binary,2021-12-16,2708.5013270399286
W008_signal_binary,2021-12-17,2691.742735111639
W008_signal_binary,2021-12-20,2673.1659940590525
W008_signal_binary,2021-12-21,2707.960458879383
W008_signal_binary,2021-12-22,2694.1225550180393
W008_signal_binary,2021-12-23,2709.9367079275307
W008_signal_binary,2021-12-24,2691.8093035006295
W008_signal_binary,2021-12-27,2697.2554298248924
W008_signal_binary,2021-12-28,2698.541031837266
W008_signal_binary,2021-12-29,2673.4780333824447
W008_signal_binary,2021-12-30,2685.135822504358
W008_signal_binary,2021-12-31,2703.5378215358446
W008_signal_binary,2022-01-04,2719.6307295742326
W008_signal_binary,2022-01-05,2722.6887149434715
W008_signal_binary,2022-01-06,2718.1662250164477
W008_signal_binary,2022-01-07,2754.275415519335
W008_signal_binary,2022-01-10,2767.497561782519
W008_signal_binary,2022-01-11,2767.3602644802277
W008_signal_binary,2022-01-12,2760.2540889555203
W008_signal_binary,2022-01-13,2739.3100095694695
W008_signal_binary,2022-01-14,2689.583422993768
W008_signal_binary,2022-01-17,2702.4019983986996
W008_signal_binary,2022-01-18,2741.7023110488058
W008_signal_binary,2022-01-19,2755.9313041954674
W008_signal_binary,2022-01-20,2785.4127794695146
W008_signal_binary,2022-01-21,2756.996398419311
W008_signal_binary,2022-01-24,2753.3850633165907
W008_signal_binary,2022-01-25,2675.3419482741715
W008_signal_binary,2022-01-26,2696.4815723028805
W008_signal_binary,2022-01-27,2659.4695480243136
W008_signal_binary,2022-01-28,2625.448940725995
W008_signal_binary,2022-02-07,2704.1868633285003
W008_signal_binary,2022-02-08,2748.8376102436955
W008_signal_binary,2022-02-09,2760.3830652091883
W008_signal_binary,2022-02-10,2782.467128256697
W008_signal_binary,2022-02-11,2790.089208796078
W008_signal_binary,2022-02-14,2729.27066440488
W008_signal_binary,2022-02-15,2712.6327276816355
W008_signal_binary,2022-02-16,2735.0163484795994
W008_signal_binary,2022-02-17,2727.435873183337
W008_signal_binary,2022-02-18,2765.966488835744
W008_signal_binary,2022-02-21,2762.8835403206335
W008_signal_binary,2022-02-22,2730.6269953305564
W008_signal_binary,2022-02-23,2725.5386740971157
W008_signal_binary,2022-02-24,2675.653987597563
W008_signal_binary,2022-02-25,2674.7345117246355
W008_signal_binary,2022-02-28,2675.4709245278395
W008_signal_binary,2022-03-01,2697.1680588143417
W008_signal_binary,2022-03-02,2695.711875305181
W008_signal_binary,2022-03-03,2720.2256845508327
W008_signal_binary,2022-03-04,2692.3210479909903
W008_signal_binary,2022-03-07,2650.557704948246
W008_signal_binary,2022-03-08,2570.600748722358
W008_signal_binary,2022-03-09,2527.7972746016408
W008_signal_binary,2022-03-10,2544.655719113415
W008_signal_binary,2022-03-11,2556.1429267385424
W008_signal_binary,2022-03-14,2495.836126837707
W008_signal_binary,2022-03-15,2346.7936644128968
W008_signal_binary,2022-03-16,2430.470129373615
W008_signal_binary,2022-03-17,2463.4214819237773
W008_signal_binary,2022-03-18,2521.4982407934403
W008_signal_binary,2022-03-21,2504.361041152769
W008_signal_binary,2022-03-22,2537.387283140547
W008_signal_binary,2022-03-23,2533.5887244437913
W008_signal_binary,2022-03-24,2526.3410910924804
W008_signal_binary,2022-03-25,2506.1791902770647
W008_signal_binary,2022-03-28,2526.981811836511
W008_signal_binary,2022-03-29,2520.9490515842713
W008_signal_binary,2022-03-30,2569.489888731084
W008_signal_binary,2022-03-31,2581.176801523181
W008_signal_binary,2022-04-01,2612.0146077229047
W008_signal_binary,2022-04-06,2644.945157651508
W008_signal_binary,2022-04-07,2606.522715631211
W008_signal_binary,2022-04-08,2634.9682203515977
W008_signal_binary,2022-04-11,2581.7010275864786
W008_signal_binary,2022-04-12,2595.880119626502
W008_signal_binary,2022-04-13,2575.4868802634546
W008_signal_binary,2022-04-14,2607.793432789484
W008_signal_binary,2022-04-15,2600.652802531021
W008_signal_binary,2022-04-18,2598.35536340638
W008_signal_binary,2022-04-19,2572.477729213907
W008_signal_binary,2022-04-20,2523.3743238614697
W008_signal_binary,2022-04-21,2461.761155275756
W008_signal_binary,2022-04-22,2453.697010381577
W008_signal_binary,2022-04-25,2315.944873753327
W008_signal_binary,2022-04-26,2303.0784271881917
W008_signal_binary,2022-04-27,2407.054203086594
W008_signal_binary,2022-04-28,2412.5647020976157
W008_signal_binary,2022-04-29,2477.465560524803
W008_signal_binary,2022-05-05,2472.1463264888353
W008_signal_binary,2022-05-06,2409.11159389934
W008_signal_binary,2022-05-09,2392.5335729534227
W008_signal_binary,2022-05-10,2425.488011222902
W008_signal_binary,2022-05-11,2477.30531149165
W008_signal_binary,2022-05-12,2472.694274795748
W008_signal_binary,2022-05-13,2480.820451573728
W008_signal_binary,2022-05-16,2460.747967840334
W008_signal_binary,2022-05-17,2489.8305826958776
W008_signal_binary,2022-05-18,2480.0243757316102
W008_signal_binary,2022-05-19,2488.057504683888
W008_signal_binary,2022-05-20,2541.2136597780145
W008_signal_binary,2022-05-23,2532.7101223735767
W008_signal_binary,2022-05-24,2455.2374688293116
W008_signal_binary,2022-05-25,2464.997151880728
W008_signal_binary,2022-05-26,2467.943666361293
W008_signal_binary,2022-05-27,2474.441506189487
W008_signal_binary,2022-05-30,2506.1759840775394
W008_signal_binary,2022-05-31,2562.9454964030965
W008_signal_binary,2022-06-01,2564.1809647554737
W008_signal_binary,2022-06-02,2579.425300199661
W008_signal_binary,2022-06-06,2651.506349176858
W008_signal_binary,2022-06-07,2661.0902752241695
W008_signal_binary,2022-06-08,2688.492859893426
W008_signal_binary,2022-06-09,2637.564683292498
W008_signal_binary,2022-06-10,2682.956514264153
W008_signal_binary,2022-06-13,2666.3784933182365
W008_signal_binary,2022-06-14,2670.8861435411363
W008_signal_binary,2022-06-15,2692.866107701423
W008_signal_binary,2022-06-16,2694.99069972162
W008_signal_binary,2022-06-17,2747.955589840693
W008_signal_binary,2022-06-20,2778.55798584937
W008_signal_binary,2022-06-21,2760.630771430773
W008_signal_binary,2022-06-22,2724.140515784615
W008_signal_binary,2022-06-23,2777.9376670113566
W008_signal_binary,2022-06-24,2825.898651837118
W008_signal_binary,2022-06-27,2863.0092263212905
W008_signal_binary,2022-06-28,2899.892350564857
W008_signal_binary,2022-06-29,2831.7451568853976
W008_signal_binary,2022-06-30,2894.955646478997
W008_signal_binary,2022-07-01,2882.9731542580316
W008_signal_binary,2022-07-04,2913.1206497854982
W008_signal_binary,2022-07-05,2909.931177093378
W008_signal_binary,2022-07-06,2866.927573648076
W008_signal_binary,2022-07-07,2884.689369709869
W008_signal_binary,2022-07-08,2862.699066902283
W008_signal_binary,2022-07-11,2803.076087921862
W008_signal_binary,2022-07-12,2760.6514487253726
W008_signal_binary,2022-07-13,2785.857070843331
W008_signal_binary,2022-07-14,2815.286030383433
W008_signal_binary,2022-07-15,2772.995793601846
W008_signal_binary,2022-07-18,2800.8015855158123
W008_signal_binary,2022-07-19,2774.634469198933
W008_signal_binary,2022-07-20,2790.581832659536
W008_signal_binary,2022-07-21,2767.723083478729
W008_signal_binary,2022-07-22,2755.828469759816
W008_signal_binary,2022-07-25,2728.3586838831075
W008_signal_binary,2022-07-26,2754.23631807558
W008_signal_binary,2022-07-27,2746.9785876708197
W008_signal_binary,2022-07-28,2752.6545050386458
W008_signal_binary,2022-07-29,2709.2425250249844
W008_signal_binary,2022-08-01,2746.0481094137995
W008_signal_binary,2022-08-02,2684.243675853031
W008_signal_binary,2022-08-03,2652.4368274338767
W008_signal_binary,2022-08-04,2669.500764802905
W008_signal_binary,2022-08-05,2718.014867259229
W008_signal_binary,2022-08-08,2719.648373532665
W008_signal_binary,2022-08-09,2738.41818770623
W008_signal_binary,2022-08-10,2712.3337805677525
W008_signal_binary,2022-08-11,2771.202038295256
W008_signal_binary,2022-08-12,2759.142006219539
W008_signal_binary,2022-08-15,2774.13304480487
W008_signal_binary,2022-08-16,2770.9797573783017
W008_signal_binary,2022-08-17,2793.244034339344
W008_signal_binary,2022-08-18,2775.5494394850025
W008_signal_binary,2022-08-19,2734.680766707198
W008_signal_binary,2022-08-22,2765.546798222031
W008_signal_binary,2022-08-23,2756.572852365433
W008_signal_binary,2022-08-24,2677.0066227428715
W008_signal_binary,2022-08-25,2682.6153389032447
W008_signal_binary,2022-08-26,2668.978663114243
W008_signal_binary,2022-08-29,2662.434299373199
W008_signal_binary,2022-08-30,2644.9774934067623
W008_signal_binary,2022-08-31,2612.7415911246476
W008_signal_binary,2022-09-01,2587.039713936279
W008_signal_binary,2022-09-02,2578.2208477891836
W008_signal_binary,2022-09-05,2578.014074843179
W008_signal_binary,2022-09-06,2612.209150788686
W008_signal_binary,2022-09-07,2625.2151690923743
W008_signal_binary,2022-09-08,2603.033601309733
W008_signal_binary,2022-09-09,2631.5734371820145
W008_signal_binary,2022-09-13,2631.4597120617113
W008_signal_binary,2022-09-14,2595.0625042412557
W008_signal_binary,2022-09-15,2532.849694112129
W008_signal_binary,2022-09-16,2470.280200651143
W008_signal_binary,2022-09-19,2461.295916147245
W008_signal_binary,2022-09-20,2483.441298664335
W008_signal_binary,2022-09-21,2457.1863038454035
W008_signal_binary,2022-09-22,2440.137874447326
W008_signal_binary,2022-09-23,2413.7226305952413
W008_signal_binary,2022-09-26,2414.068975279799
W008_signal_binary,2022-09-27,2459.7657963468105
W008_signal_binary,2022-09-28,2396.431242985608
W008_signal_binary,2022-09-29,2409.5768330278497
W008_signal_binary,2022-09-30,2375.7591177088007
W008_signal_binary,2022-10-10,2308.661296730315
W008_signal_binary,2022-10-11,2325.203132410681
W008_signal_binary,2022-10-12,2378.3644568284576
W008_signal_binary,2022-10-13,2370.2331107268274
W008_signal_binary,2022-10-14,2448.253712578006
W008_signal_binary,2022-10-17,2454.260466659439
W008_signal_binary,2022-10-18,2454.9841719704555
W008_signal_binary,2022-10-19,2419.98268153553
W008_signal_binary,2022-10-20,2404.764192709593
W008_signal_binary,2022-10-21,2392.492218364221
W008_signal_binary,2022-10-24,2336.565305793633
W008_signal_binary,2022-10-25,2329.715951957232
W008_signal_binary,2022-10-26,2370.6569952661384
W008_signal_binary,2022-10-27,2351.1221211923557
W008_signal_binary,2022-10-28,2285.1512127695946
W008_signal_binary,2022-10-31,2271.4731823913926
W008_signal_binary,2022-11-01,2357.304632277893
W008_signal_binary,2022-11-02,2394.8287526540735
W008_signal_binary,2022-11-03,2387.6278848094635
W008_signal_binary,2022-11-04,2471.4329598251193
W008_signal_binary,2022-11-07,2481.776776448999
W008_signal_binary,2022-11-08,2460.6135654254304
W008_signal_binary,2022-11-09,2432.8491281006654
W008_signal_binary,2022-11-10,2396.9274980560203
W008_signal_binary,2022-11-11,2451.1175178801705
W008_signal_binary,2022-11-14,2435.8576744650327
W008_signal_binary,2022-11-15,2494.2917090059264
W008_signal_binary,2022-11-16,2469.406584954275
W008_signal_binary,2022-11-17,2456.4470905634385
W008_signal_binary,2022-11-18,2449.008433830924
W008_signal_binary,2022-11-21,2437.7134616554226
W008_signal_binary,2022-11-22,2406.521762750633
W008_signal_binary,2022-11-23,2403.632110830219
W008_signal_binary,2022-11-24,2401.3576084241686
W008_signal_binary,2022-11-25,2384.23163917134
W008_signal_binary,2022-11-28,2358.7830588418256
W008_signal_binary,2022-11-29,2410.745100172777
W008_signal_binary,2022-11-30,2412.0115844670545
W008_signal_binary,2022-12-01,2451.091671261919
W008_signal_binary,2022-12-02,2438.3027645515367
W008_signal_binary,2022-12-05,2451.7016514526326
W008_signal_binary,2022-12-06,2472.053278663134
W008_signal_binary,2022-12-07,2475.8734088405686
W008_signal_binary,2022-12-08,2473.061296774906
W008_signal_binary,2022-12-09,2496.297406582171
W008_signal_binary,2022-12-12,2472.9734182728544
W008_signal_binary,2022-12-13,2452.5235739130017
W008_signal_binary,2022-12-14,2452.306462319697
W008_signal_binary,2022-12-15,2463.213735221439
W008_signal_binary,2022-12-16,2445.2296582426907
W008_signal_binary,2022-12-19,2409.762928679255
W008_signal_binary,2022-12-20,2374.5029720618245
W008_signal_binary,2022-12-21,2369.35432570631
W008_signal_binary,2022-12-22,2357.6509769624513
W008_signal_binary,2022-12-23,2348.423734246997
W008_signal_binary,2022-12-26,2383.2649756487685
W008_signal_binary,2022-12-27,2413.402132528935
W008_signal_binary,2022-12-28,2396.059051682801
W008_signal_binary,2022-12-29,2392.140704356015
W008_signal_binary,2022-12-30,2392.032148559362
W008_signal_binary,2023-01-03,2404.4695412615374
W008_signal_binary,2023-01-04,2388.134478527176
W008_signal_binary,2023-01-05,2448.258881901657
W008_signal_binary,2023-01-06,2469.1946426846207
W008_signal_binary,2023-01-09,2493.6300355787116
W008_signal_binary,2023-01-10,2511.2160746364007
W008_signal_binary,2023-01-11,2493.185473744802
W008_signal_binary,2023-01-12,2500.6758237138183
W008_signal_binary,2023-01-13,2527.88197408437
W008_signal_binary,2023-01-16,2577.5643436856208
W008_signal_binary,2023-01-17,2584.2689564598177
W008_signal_binary,2023-01-18,2582.351137385625
W008_signal_binary,2023-01-19,2605.3597969522857
W008_signal_binary,2023-01-20,2626.295557735249
W008_signal_binary,2023-01-30,2651.2272056997513
W008_signal_binary,2023-01-31,2625.8613345486397
W008_signal_binary,2023-02-01,2659.565324747385
W008_signal_binary,2023-02-02,2657.890463884748
W008_signal_binary,2023-02-03,2634.1529296834224
W008_signal_binary,2023-02-06,2599.6528636425587
W008_signal_binary,2023-02-07,2597.140572348603
W008_signal_binary,2023-02-08,2581.844543667915
W008_signal_binary,2023-02-09,2626.5643625650555
W008_signal_binary,2023-02-10,2604.9152351183757
W008_signal_binary,2023-02-13,2635.6933881311575
W008_signal_binary,2023-02-14,2632.6383178539395
W008_signal_binary,2023-02-15,2619.7615326415043
W008_signal_binary,2023-02-16,2584.501576024073
W008_signal_binary,2023-02-17,2545.354288021757
W008_signal_binary,2023-02-20,2596.8924448133976
W008_signal_binary,2023-02-21,2599.69799477348
W008_signal_binary,2023-02-22,2576.974010440805
W008_signal_binary,2023-02-23,2576.6921331693106
W008_signal_binary,2023-02-24,2551.200047911462
W008_signal_binary,2023-02-27,2536.315857447623
W008_signal_binary,2023-02-28,2552.296361951485
W008_signal_binary,2023-03-01,2592.420292087464
W008_signal_binary,2023-03-02,2604.351711441509
W008_signal_binary,2023-03-03,2624.459002089535
W008_signal_binary,2023-03-06,2597.790294141166
W008_signal_binary,2023-03-07,2577.8902061447307
W008_signal_binary,2023-03-08,2570.823732381138
W008_signal_binary,2023-03-09,2561.5729973320354
W008_signal_binary,2023-03-10,2518.552546795707
W008_signal_binary,2023-03-13,2549.0575850248556
W008_signal_binary,2023-03-14,2528.3753845036945
W008_signal_binary,2023-03-15,2548.704104559191
W008_signal_binary,2023-03-16,2521.0935083868026
W008_signal_binary,2023-03-17,2540.2835961619767
W008_signal_binary,2023-03-20,2528.363746491871
W008_signal_binary,2023-03-21,2544.0096774428707
W008_signal_binary,2023-03-22,2551.701116403732
W008_signal_binary,2023-03-23,2574.294845011991
W008_signal_binary,2023-03-24,2581.3476341306855
W008_signal_binary,2023-03-27,2586.6144317843414
W008_signal_binary,2023-03-28,2563.3053659973875
W008_signal_binary,2023-03-29,2574.0374048008143
W008_signal_binary,2023-03-30,2596.134356260145
W008_signal_binary,2023-03-31,2604.3617163423323
W008_signal_binary,2023-04-03,2634.766477949843
W008_signal_binary,2023-04-04,2621.9159207419416
W008_signal_binary,2023-04-06,2628.1695725384416
W008_signal_binary,2023-04-07,2646.1260272680133
W008_signal_binary,2023-04-10,2626.388944411137
W008_signal_binary,2023-04-11,2624.9631421979784
W008_signal_binary,2023-04-12,2624.1429124664965
W008_signal_binary,2023-04-13,2601.8938670758375
W008_signal_binary,2023-04-14,2619.7413633799
W008_signal_binary,2023-04-17,2642.9486658196615
W008_signal_binary,2023-04-18,2638.8311124461275
W008_signal_binary,2023-04-19,2611.52623785045
W008_signal_binary,2023-04-20,2585.2138754881994
W008_signal_binary,2023-04-21,2524.692205602086
W008_signal_binary,2023-04-24,2474.446273784872
W008_signal_binary,2023-04-25,2435.695143975439
W008_signal_binary,2023-04-26,2454.7632458513226
W008_signal_binary,2023-04-27,2460.8369891928337
W008_signal_binary,2023-04-28,2479.2524063934748
W008_signal_binary,2023-05-04,2452.308935708881
W008_signal_binary,2023-05-05,2432.6906368340337
W008_signal_binary,2023-05-08,2444.7302417525543
W008_signal_binary,2023-05-09,2427.5824352848226
W008_signal_binary,2023-05-10,2428.0362293878097
W008_signal_binary,2023-05-11,2426.664871952112
W008_signal_binary,2023-05-12,2391.4425993562477
W008_signal_binary,2023-05-15,2422.295077481483
W008_signal_binary,2023-05-16,2403.5149737188713
W008_signal_binary,2023-05-17,2389.6147778928253
W008_signal_binary,2023-05-18,2398.416672551645
W008_signal_binary,2023-05-19,2374.8394713683433
W008_signal_binary,2023-05-22,2380.394861605734
W008_signal_binary,2023-05-23,2342.405681107569
W008_signal_binary,2023-05-24,2293.252085124916
W008_signal_binary,2023-05-25,2285.2670835456183
W008_signal_binary,2023-05-26,2289.053448225644
W008_signal_binary,2023-05-29,2275.955363413483
W008_signal_binary,2023-05-30,2278.2252378135086
W008_signal_binary,2023-05-31,2252.7645809863293
W008_signal_binary,2023-06-01,2269.9166921987057
W008_signal_binary,2023-06-02,2306.5865421943413
W008_signal_binary,2023-06-05,2282.132981805319
W008_signal_binary,2023-06-06,2245.174640642503
W008_signal_binary,2023-06-07,2220.8679484840463
W008_signal_binary,2023-06-08,2222.069120798308
W008_signal_binary,2023-06-09,2234.878128621129
W008_signal_binary,2023-06-12,2250.4461610609865
W008_signal_binary,2023-06-13,2261.802222460007
W008_signal_binary,2023-06-14,2263.2079612382686
W008_signal_binary,2023-06-15,2321.619554651428
W008_signal_binary,2023-06-16,2343.602581590594
W008_signal_binary,2023-06-19,2327.7145862198627
W008_signal_binary,2023-06-20,2324.1687675105154
W008_signal_binary,2023-06-21,2273.01666092241
W008_signal_binary,2023-06-26,2253.9080550671542
W008_signal_binary,2023-06-27,2268.217216959314
W008_signal_binary,2023-06-28,2262.57852596442
W008_signal_binary,2023-06-29,2250.05800930878
W008_signal_binary,2023-06-30,2276.520517280169
W008_signal_binary,2023-07-03,2300.85343590837
W008_signal_binary,2023-07-04,2308.401413900606
W008_signal_binary,2023-07-05,2290.95032093315
W008_signal_binary,2023-07-06,2270.5513727665043
W008_signal_binary,2023-07-07,2249.5964234412913
W008_signal_binary,2023-07-10,2274.999382035035
W008_signal_binary,2023-07-11,2290.2684327198144
W008_signal_binary,2023-07-12,2277.4384437211984
W008_signal_binary,2023-07-13,2317.2974324376664
W008_signal_binary,2023-07-14,2303.470837588791
W008_signal_binary,2023-07-17,2283.087625303991
W008_signal_binary,2023-07-18,2280.795431848392
W008_signal_binary,2023-07-19,2268.9043504665997
W008_signal_binary,2023-07-20,2257.6112325949643
W008_signal_binary,2023-07-21,2253.866092715565
W008_signal_binary,2023-07-24,2230.8077805169073
W008_signal_binary,2023-07-25,2291.1339062213565
W008_signal_binary,2023-07-26,2290.425791538277
W008_signal_binary,2023-07-27,2277.753161358123
W008_signal_binary,2023-07-28,2313.0854613968295
W008_signal_binary,2023-07-31,2332.6451625316777
W008_signal_binary,2023-08-01,2326.140998035242
W008_signal_binary,2023-08-02,2316.169694238689
W008_signal_binary,2023-08-03,2335.3727153850214
W008_signal_binary,2023-08-04,2341.3575957805333
W008_signal_binary,2023-08-07,2322.5532169743033
W008_signal_binary,2023-08-08,2316.636525400126
W008_signal_binary,2023-08-09,2309.759945033328
W008_signal_binary,2023-08-10,2319.36407825347
W008_signal_binary,2023-08-11,2268.4585004809564
W008_signal_binary,2023-08-14,2244.56618654445
W008_signal_binary,2023-08-15,2221.9484790374863
W008_signal_binary,2023-08-16,2200.5424344326825
W008_signal_binary,2023-08-17,2217.0651103712116
W008_signal_binary,2023-08-18,2183.185756756305
W008_signal_binary,2023-08-21,2151.4832001301256
W008_signal_binary,2023-08-22,2153.2508641908503
W008_signal_binary,2023-08-23,2107.1289944995874
W008_signal_binary,2023-08-24,2137.032415301349
W008_signal_binary,2023-08-25,2116.664938898395
W008_signal_binary,2023-08-28,2133.9009748139515
W008_signal_binary,2023-08-29,2181.4180926955796
W008_signal_binary,2023-08-30,2188.8769006906864
W008_signal_binary,2023-08-31,2174.1323794007817
W008_signal_binary,2023-09-01,2184.8380243501574
W008_signal_binary,2023-09-04,2221.0253073025083
W008_signal_binary,2023-09-05,2209.9839635404132
W008_signal_binary,2023-09-06,2202.6300614242805
W008_signal_binary,2023-09-07,2159.7550286872874
W008_signal_binary,2023-09-08,2147.423342613801
W008_signal_binary,2023-09-11,2166.012664368133
W008_signal_binary,2023-09-12,2160.7306533617525
W008_signal_binary,2023-09-13,2143.0225409908094
W008_signal_binary,2023-09-14,2130.9793460845035
W008_signal_binary,2023-09-15,2124.622049818632
W008_signal_binary,2023-09-18,2137.630378811505
W008_signal_binary,2023-09-19,2124.249633948272
W008_signal_binary,2023-09-20,2106.835258038458
W008_signal_binary,2023-09-21,2085.460685197346
W008_signal_binary,2023-09-22,2123.4208775043703
W008_signal_binary,2023-09-25,2114.834331310285
W008_signal_binary,2023-09-26,2096.5387460170828
W008_signal_binary,2023-09-27,2113.4233472380743
W008_signal_binary,2023-09-28,2107.627297424718
W008_signal_binary,2023-10-09,2103.142571098546
W008_signal_binary,2023-10-10,2090.06605328434
W008_signal_binary,2023-10-11,2100.1160364901234
W008_signal_binary,2023-10-12,2122.2144598961618
W008_signal_binary,2023-10-13,2097.892031855859
W008_signal_binary,2023-10-16,2065.0040387972635
W008_signal_binary,2023-10-17,2070.144426867029
W008_signal_binary,2023-10-18,2046.346528221599
W008_signal_binary,2023-10-19,2014.7278962985995
W008_signal_binary,2023-10-20,2004.4733466288144
W008_signal_binary,2023-10-23,1968.6584795468236
W008_signal_binary,2023-10-24,1986.1777613356128
W008_signal_binary,2023-10-25,1988.4594642033137
W008_signal_binary,2023-10-26,1988.553879494391
W008_signal_binary,2023-10-27,2038.5939837653625
W008_signal_binary,2023-10-30,2073.6168114610937
W008_signal_binary,2023-10-31,2060.4983312952972
W008_signal_binary,2023-11-01,2048.9481940201736
W008_signal_binary,2023-11-02,2027.7257347035747
W008_signal_binary,2023-11-03,2055.6202079229697
W008_signal_binary,2023-11-06,2098.663090066323
W008_signal_binary,2023-11-07,2092.7096814345045
W008_signal_binary,2023-11-08,2088.6812956818726
W008_signal_binary,2023-11-09,2091.288206774396
W008_signal_binary,2023-11-10,2076.695799009003
W008_signal_binary,2023-11-13,2076.381081372079
W008_signal_binary,2023-11-14,2075.4579096371012
W008_signal_binary,2023-11-15,2093.9685519822015
W008_signal_binary,2023-11-16,2062.8587135722296
W008_signal_binary,2023-11-17,2064.6001511632107
W008_signal_binary,2023-11-20,2066.6405705092707
W008_signal_binary,2023-11-21,2062.827241808537
W008_signal_binary,2023-11-22,2029.739927579891
W008_signal_binary,2023-11-23,2041.6362542556308
W008_signal_binary,2023-11-24,2019.5309944824648
W008_signal_binary,2023-11-27,2006.4558861340283
W008_signal_binary,2023-11-28,2009.0850432316038
W008_signal_binary,2023-11-29,1990.69627945858
W008_signal_binary,2023-11-30,1993.1739543995739
W008_signal_binary,2023-12-01,1994.0282066018533
W008_signal_binary,2023-12-04,1988.3356153304949
W008_signal_binary,2023-12-05,1957.673413942304
W008_signal_binary,2023-12-06,1954.634457171643
W008_signal_binary,2023-12-07,1957.2953619038487
W008_signal_binary,2023-12-08,1956.800986161253
W008_signal_binary,2023-12-11,1970.2109281791586
W008_signal_binary,2023-12-12,1983.3773174415212
W008_signal_binary,2023-12-13,1960.6614790924036
W008_signal_binary,2023-12-14,1956.5792441002357
W008_signal_binary,2023-12-15,1948.6983131447412
W008_signal_binary,2023-12-18,1945.8156663515178
W008_signal_binary,2023-12-19,1943.910865696223
W008_signal_binary,2023-12-20,1929.8974944630902
W008_signal_binary,2023-12-21,1938.8980410709344
W008_signal_binary,2023-12-22,1944.3579849340117
W008_signal_binary,2023-12-25,1944.746942319731
W008_signal_binary,2023-12-26,1937.7311689137782
W008_signal_binary,2023-12-27,1948.7782856913375
W008_signal_binary,2023-12-28,1970.2654549154747
W008_signal_binary,2023-12-29,1980.9454250018418
W008_signal_binary,2024-01-02,1977.3030390159533
W008_signal_binary,2024-01-03,1988.401047414074
W008_signal_binary,2024-01-04,1986.23088330871
W008_signal_binary,2024-01-05,1987.3141478035145
W008_signal_binary,2024-01-08,1967.895359443619
W008_signal_binary,2024-01-09,1973.6897339561
W008_signal_binary,2024-01-10,1962.5299285901556
W008_signal_binary,2024-01-11,1962.9297913231367
W008_signal_binary,2024-01-12,1967.3173760386728
W008_signal_binary,2024-01-15,1975.870803408728
W008_signal_binary,2024-01-16,1987.3323233822866
W008_signal_binary,2024-01-17,1959.1310953598104
W008_signal_binary,2024-01-18,1963.4532479917684
W008_signal_binary,2024-01-19,1957.2081191257437
W008_signal_binary,2024-01-22,1918.039746872305
W008_signal_binary,2024-01-23,1931.1370689353341
W008_signal_binary,2024-01-24,1975.4273192866938
W008_signal_binary,2024-01-25,2028.569076499968
W008_signal_binary,2024-01-26,2045.2324471180439
W008_signal_binary,2024-01-29,2046.0321725840074
W008_signal_binary,2024-01-30,2019.9683926251057
W008_signal_binary,2024-01-31,2009.6955555032293
W008_signal_binary,2024-02-01,1994.4171639875724
W008_signal_binary,2024-02-02,1983.0174409818383
W008_signal_binary,2024-02-05,1984.6314323767826
W008_signal_binary,2024-02-06,2038.6674280656339
W008_signal_binary,2024-02-07,2070.8491078391557
W008_signal_binary,2024-02-08,2073.7135790536067
W008_signal_binary,2024-02-19,2101.1550678834174
W008_signal_binary,2024-02-20,2115.5683018495324
W008_signal_binary,2024-02-21,2135.3942231739184
W008_signal_binary,2024-02-22,2154.638525977603
W008_signal_binary,2024-02-23,2155.0892803311467
W008_signal_binary,2024-02-26,2120.962813629031
W008_signal_binary,2024-02-27,2137.0736466524413
W008_signal_binary,2024-02-28,2121.9043086094157
W008_signal_binary,2024-02-29,2146.5322178453375
W008_signal_binary,2024-03-01,2152.141201454345
W008_signal_binary,2024-03-04,2156.2852334143377
W008_signal_binary,2024-03-05,2168.402642193423
W008_signal_binary,2024-03-06,2161.278832055119
W008_signal_binary,2024-03-07,2153.0975946816784
W008_signal_binary,2024-03-08,2166.172204081356
W008_signal_binary,2024-03-11,2210.8402753161895
W008_signal_binary,2024-03-12,2227.282793638572
W008_signal_binary,2024-03-13,2219.1593008025416
W008_signal_binary,2024-03-14,2205.8867815080775
W008_signal_binary,2024-03-15,2213.779190302821
W008_signal_binary,2024-03-18,2248.127759209075
W008_signal_binary,2024-03-19,2233.2435768574255
W008_signal_binary,2024-03-20,2235.5899686612684
W008_signal_binary,2024-03-21,2226.47696210998
W008_signal_binary,2024-03-22,2191.346262602446
W008_signal_binary,2024-03-25,2166.6143449528513
W008_signal_binary,2024-03-26,2177.143481911004
W008_signal_binary,2024-03-27,2128.2543940991195
W008_signal_binary,2024-03-28,2145.1790197750697
W008_signal_binary,2024-03-29,2159.2437536853586
W008_signal_binary,2024-04-01,2196.2507707577192
W008_signal_binary,2024-04-02,2194.2860367219273
W008_signal_binary,2024-04-03,2196.518476560745
W008_signal_binary,2024-04-08,2191.691254090657
W008_signal_binary,2024-04-09,2180.2697665263445
W008_signal_binary,2024-04-10,2176.6475128311336
W008_signal_binary,2024-04-11,2184.413683532631
W008_signal_binary,2024-04-12,2169.9614056046794
W008_signal_binary,2024-04-15,2218.8838726017643
W008_signal_binary,2024-04-16,2202.7306783848853
W008_signal_binary,2024-04-17,2239.6328471155093
W008_signal_binary,2024-04-18,2247.4688178375027
W008_signal_binary,2024-04-19,2248.317439139322
W008_signal_binary,2024-04-22,2223.7184424424318
W008_signal_binary,2024-04-23,2193.766886279088
W008_signal_binary,2024-04-24,2200.9452673343035
W008_signal_binary,2024-04-25,2213.553355247047
W008_signal_binary,2024-04-26,2226.7529064913606
W008_signal_binary,2024-04-29,2239.706320821294
W008_signal_binary,2024-04-30,2239.004646931045
W008_signal_binary,2024-05-06,2260.1393584001626
W008_signal_binary,2024-05-07,2261.7998641509084
W008_signal_binary,2024-05-08,2250.764113541969
W008_signal_binary,2024-05-09,2272.1963935195163
W008_signal_binary,2024-05-10,2289.3745459321
W008_signal_binary,2024-05-13,2297.2692956187216
W008_signal_binary,2024-05-14,2286.380492421352
W008_signal_binary,2024-05-15,2272.4462041191864
W008_signal_binary,2024-05-16,2282.5010807558924
W008_signal_binary,2024-05-17,2309.30061494105
W008_signal_binary,2024-05-20,2320.891092028668
W008_signal_binary,2024-05-21,2317.110869866018
W008_signal_binary,2024-05-22,2315.5091430799007
W008_signal_binary,2024-05-23,2289.2018827235042
W008_signal_binary,2024-05-24,2277.115458121836
W008_signal_binary,2024-05-27,2306.8833300207166
W008_signal_binary,2024-05-28,2294.9107896630157
W008_signal_binary,2024-05-29,2293.705820888138
W008_signal_binary,2024-05-30,2272.7658147393518
W008_signal_binary,2024-05-31,2265.811528486781
W008_signal_binary,2024-06-03,2261.0871692047913
W008_signal_binary,2024-06-04,2277.284447645143
W008_signal_binary,2024-06-05,2253.074861588914
W008_signal_binary,2024-06-06,2257.3363365244563
W008_signal_binary,2024-06-07,2262.1194747710742
W008_signal_binary,2024-06-11,2229.835128449051
W008_signal_binary,2024-06-12,2236.502867249059
W008_signal_binary,2024-06-13,2217.3115352979607
W008_signal_binary,2024-06-14,2225.676516701608
W008_signal_binary,2024-06-17,2204.1009629977793
W008_signal_binary,2024-06-18,2215.0338504186193
W008_signal_binary,2024-06-19,2214.4166712900237
W008_signal_binary,2024-06-20,2205.0744895994335
W008_signal_binary,2024-06-21,2204.5785420853836
W008_signal_binary,2024-06-24,2193.5134019941297
W008_signal_binary,2024-06-25,2194.4171285752877
W008_signal_binary,2024-06-26,2197.484655791821
W008_signal_binary,2024-06-27,2184.5055256648625
W008_signal_binary,2024-06-28,2200.7946462374452
W008_signal_binary,2024-07-01,2232.12750806955
W008_signal_binary,2024-07-02,2232.7410135128566
W008_signal_binary,2024-07-03,2218.6009988344917
W008_signal_binary,2024-07-04,2210.5115438275398
W008_signal_binary,2024-07-05,2194.4759075399165
W008_signal_binary,2024-07-08,2185.8611155365998
W008_signal_binary,2024-07-09,2204.071573515466
W008_signal_binary,2024-07-10,2183.9250833891597
W008_signal_binary,2024-07-11,2191.588390902558
W008_signal_binary,2024-07-12,2194.9865497951237
W008_signal_binary,2024-07-15,2204.9201948172845
W008_signal_binary,2024-07-16,2197.28995047149
W008_signal_binary,2024-07-17,2189.703790349167
W008_signal_binary,2024-07-18,2201.3420253455447
W008_signal_binary,2024-07-19,2195.7396552794216
W008_signal_binary,2024-07-22,2173.1942486592284
W008_signal_binary,2024-07-23,2151.842789758045
W008_signal_binary,2024-07-24,2146.6592198148983
W008_signal_binary,2024-07-25,2133.3274159001708
W008_signal_binary,2024-07-26,2132.394299836699
W008_signal_binary,2024-07-29,2138.0040172733993
W008_signal_binary,2024-07-30,2120.285833123295
W008_signal_binary,2024-07-31,2151.210915888292
W008_signal_binary,2024-08-01,2149.050788938207
W008_signal_binary,2024-08-02,2131.685278575871
W008_signal_binary,2024-08-05,2105.4588392958376
W008_signal_binary,2024-08-06,2096.024815473017
W008_signal_binary,2024-08-07,2099.496448071368
W008_signal_binary,2024-08-08,2104.239175779803
W008_signal_binary,2024-08-09,2100.205469332195
W008_signal_binary,2024-08-12,2098.98580581616
W008_signal_binary,2024-08-13,2105.1759655285646
W008_signal_binary,2024-08-14,2095.0512888713615
W008_signal_binary,2024-08-15,2118.0485587821345
W008_signal_binary,2024-08-16,2123.0557918313966
W008_signal_binary,2024-08-19,2143.9774295537363
W008_signal_binary,2024-08-20,2128.9079724971893
W008_signal_binary,2024-08-21,2121.0279175517244
W008_signal_binary,2024-08-22,2123.2725392634634
W008_signal_binary,2024-08-23,2135.9724693084377
W008_signal_binary,2024-08-26,2137.0562064687697
W008_signal_binary,2024-08-27,2133.5111001646333
W008_signal_binary,2024-08-28,2120.091127802964
W008_signal_binary,2024-08-29,2089.276255596644
W008_signal_binary,2024-08-30,2092.9058566624344
W008_signal_binary,2024-09-02,2081.9435797592796
W008_signal_binary,2024-09-03,2070.2355447424056
W008_signal_binary,2024-09-04,2055.85674052024
W008_signal_binary,2024-09-05,2054.1563420541333
W008_signal_binary,2024-09-06,2037.689251829624
W008_signal_binary,2024-09-09,2008.900953833435
W008_signal_binary,2024-09-10,2006.9694274706142
W008_signal_binary,2024-09-11,2012.3513490969515
W008_signal_binary,2024-09-12,1996.242752768761
W008_signal_binary,2024-09-13,1971.4553184831157
W008_signal_binary,2024-09-18,1971.8048018907984
W008_signal_binary,2024-09-19,1994.0617174282224
W008_signal_binary,2024-09-20,1990.8840071842926
W008_signal_binary,2024-09-23,1986.8843637408124
W008_signal_binary,2024-09-24,2085.3480778979415
W008_signal_binary,2024-09-25,2108.4269266349156
W008_signal_binary,2024-09-26,2209.175226771896
W008_signal_binary,2024-09-27,2361.161677624139
W008_signal_binary,2024-09-30,2610.8287409237028
W008_signal_binary,2024-10-08,2818.816671899623
W008_signal_binary,2024-10-09,2602.8359259516997
W008_signal_binary,2024-10-10,2590.959962005444
W008_signal_binary,2024-10-11,2490.8329657043437
W008_signal_binary,2024-10-14,2537.029494668034
W008_signal_binary,2024-10-15,2464.8158675768523
W008_signal_binary,2024-10-16,2430.6700442632587
W008_signal_binary,2024-10-17,2405.6043176344588
W008_signal_binary,2024-10-18,2532.1043673856907
W008_signal_binary,2024-10-21,2560.490186387476
W008_signal_binary,2024-10-22,2579.077526144232
W008_signal_binary,2024-10-23,2595.7362352437744
W008_signal_binary,2024-10-24,2559.642365528098
W008_signal_binary,2024-10-25,2612.3366971087034
W008_signal_binary,2024-10-28,2620.7631303828316
W008_signal_binary,2024-10-29,2577.951412941698
W008_signal_binary,2024-10-30,2557.623128061486
W008_signal_binary,2024-10-31,2568.8260128522047
W008_signal_binary,2024-11-01,2557.357779548245
W008_signal_binary,2024-11-04,2601.645093599596
W008_signal_binary,2024-11-05,2682.2269067302914
W008_signal_binary,2024-11-06,2671.043437684444
W008_signal_binary,2024-11-07,2741.7232209307967
W008_signal_binary,2024-11-08,2720.96131774846
W008_signal_binary,2024-11-11,2768.8470165159497
W008_signal_binary,2024-11-12,2743.276480520497
W008_signal_binary,2024-11-13,2751.8776554984665
W008_signal_binary,2024-11-14,2679.560477767971
W008_signal_binary,2024-11-15,2611.488876249324
W008_signal_binary,2024-11-18,2580.0159538130083
W008_signal_binary,2024-11-19,2628.6265070556933
W008_signal_binary,2024-11-20,2637.3182888430606
W008_signal_binary,2024-11-21,2639.1304250310454
W008_signal_binary,2024-11-22,2546.5043781652093
W008_signal_binary,2024-11-25,2537.806124462884
W008_signal_binary,2024-11-26,2517.872626395055
W008_signal_binary,2024-11-27,2566.8456068753358
W008_signal_binary,2024-11-28,2536.8159214744496
W008_signal_binary,2024-11-29,2580.067729132665
W008_signal_binary,2024-12-02,2607.7869408938705
W008_signal_binary,2024-12-03,2600.007699115451
W008_signal_binary,2024-12-04,2580.3589653057334
W008_signal_binary,2024-12-05,2574.5083541845265
W008_signal_binary,2024-12-06,2610.032695383979
W008_signal_binary,2024-12-09,2601.366801256439
W008_signal_binary,2024-12-10,2620.976703576415
W008_signal_binary,2024-12-11,2623.3907278554084
W008_signal_binary,2024-12-12,2650.223287267493
W008_signal_binary,2024-12-13,2581.2067861651126
W008_signal_binary,2024-12-16,2550.6852352274873
W008_signal_binary,2024-12-17,2556.179891026055
W008_signal_binary,2024-12-18,2563.3637166284216
W008_signal_binary,2024-12-19,2564.263312807457
W008_signal_binary,2024-12-20,2556.1022280465695
W008_signal_binary,2024-12-23,2545.287658153276
W008_signal_binary,2024-12-24,2576.9935695280474
W008_signal_binary,2024-12-25,2566.3343255937248
W008_signal_binary,2024-12-26,2569.376125623556
W008_signal_binary,2024-12-27,2565.5965272886165
W008_signal_binary,2024-12-30,2572.4891167179153
W008_signal_binary,2024-12-31,2520.784988125743
W008_signal_binary,2025-01-02,2447.4646635768995
W008_signal_binary,2025-01-03,2418.651698187946
W008_signal_binary,2025-01-06,2409.7916466116935
W008_signal_binary,2025-01-07,2431.8026293807475
W008_signal_binary,2025-01-08,2416.2700334837377
W008_signal_binary,2025-01-09,2417.3314275366997
W008_signal_binary,2025-01-10,2388.893833215258
W008_signal_binary,2025-01-13,2398.5046269265326
W008_signal_binary,2025-01-14,2473.5788404287464
W008_signal_binary,2025-01-15,2450.55176701143
W008_signal_binary,2025-01-16,2455.8716811061554
W008_signal_binary,2025-01-17,2472.4980306309126
W008_signal_binary,2025-01-20,2492.8263155111254
W008_signal_binary,2025-01-21,2491.72608996842
W008_signal_binary,2025-01-22,2467.5793752635263
W008_signal_binary,2025-01-23,2454.7261521587507
W008_signal_binary,2025-01-24,2477.973270684609
W008_signal_binary,2025-01-27,2453.088757674608
W008_signal_binary,2025-02-05,2453.535319806647
W008_signal_binary,2025-02-06,2505.459493507359
W008_signal_binary,2025-02-07,2546.148422842568
W008_signal_binary,2025-02-10,2547.954087115596
W008_signal_binary,2025-02-11,2525.7683626427
W008_signal_binary,2025-02-12,2558.8463199883745
W008_signal_binary,2025-02-13,2544.8410960212373
W008_signal_binary,2025-02-14,2566.3343255937248
W008_signal_binary,2025-02-17,2567.7452030543695
W008_signal_binary,2025-02-18,2539.171698518828
W008_signal_binary,2025-02-19,2574.6442643986247
W008_signal_binary,2025-02-20,2570.625205210274
W008_signal_binary,2025-02-21,2611.683033698037
W008_signal_binary,2025-02-24,2602.6223527581146
W008_signal_binary,2025-02-25,2578.6568516720195
W008_signal_binary,2025-02-26,2605.554130233675
W008_signal_binary,2025-02-27,2603.0559710602392
W008_signal_binary,2025-02-28,2545.015837725079
W008_signal_binary,2025-03-03,2556.244610175625
W008_signal_binary,2025-03-04,2549.2355262771002
W008_signal_binary,2025-03-05,2547.3716147694586
W008_signal_binary,2025-03-06,2594.286526293386
W008_signal_binary,2025-03-07,2589.070162837973
W008_signal_binary,2025-03-10,2588.390611767479
W008_signal_binary,2025-03-11,2598.1308437778953
W008_signal_binary,2025-03-12,2590.1768602956354
W008_signal_binary,2025-03-13,2576.424041011824
W008_signal_binary,2025-03-14,2643.149484219397
W008_signal_binary,2025-03-17,2634.6777475405684
W008_signal_binary,2025-03-18,2643.4536642223793
W008_signal_binary,2025-03-19,2640.528358661776
W008_signal_binary,2025-03-20,2617.4813627620233
W008_signal_binary,2025-03-21,2571.641974783674
W008_signal_binary,2025-03-24,2582.0999880284357
W008_signal_binary,2025-03-25,2583.942350707258
W008_signal_binary,2025-03-26,2567.6717634400393
W008_signal_binary,2025-03-27,2571.820659437162
W008_signal_binary,2025-03-28,2561.777005673137
W008_signal_binary,2025-03-31,2551.5274906573477
W008_signal_binary,2025-04-01,2551.5908325809673
W008_signal_binary,2025-04-02,2558.867236056836
W008_signal_binary,2025-04-03,2553.7642523351847
W008_signal_binary,2025-04-07,2387.4639907406327
W008_signal_binary,2025-04-08,2441.7915668556147
W008_signal_binary,2025-04-09,2448.5651938127476
W008_signal_binary,2025-04-10,2472.9676698874214
W008_signal_binary,2025-04-11,2465.711060762685
W008_signal_binary,2025-04-14,2478.7872091200256
W008_signal_binary,2025-04-15,2493.9219699950218
W008_signal_binary,2025-04-16,2505.378940429822
W008_signal_binary,2025-04-17,2505.5214597579666
W008_signal_binary,2025-04-18,2513.0908196305777
W008_signal_binary,2025-04-21,2507.683002901505
W008_signal_binary,2025-04-22,2515.854111048508
W008_signal_binary,2025-04-23,2510.2443919378966
W008_signal_binary,2025-04-24,2523.8906176078176
W008_signal_binary,2025-04-25,2519.2270684812825
W008_signal_binary,2025-04-28,2522.1922622807524
W008_signal_binary,2025-04-29,2517.283263200188
W008_signal_binary,2025-04-30,2496.107266359917
W008_signal_binary,2025-05-06,2511.4280941355482
W008_signal_binary,2025-05-07,2533.5502609598952
W008_signal_binary,2025-05-08,2544.0571025403924
W008_signal_binary,2025-05-09,2551.9271439349
W008_signal_binary,2025-05-12,2571.081855588003
W008_signal_binary,2025-05-13,2578.329574284223
W008_signal_binary,2025-05-14,2603.7281584285074
W008_signal_binary,2025-05-15,2577.769000084433
W008_signal_binary,2025-05-16,2566.949901632418
W008_signal_binary,2025-05-19,2559.8256999873083
W008_signal_binary,2025-05-20,2569.2895773365567
W008_signal_binary,2025-05-21,2581.6324523837084
W008_signal_binary,2025-05-22,2583.866634275381
W008_signal_binary,2025-05-23,2561.736474695762
W008_signal_binary,2025-05-26,2552.4391423325214
W008_signal_binary,2025-05-27,2551.945270545941
W008_signal_binary,2025-05-28,2554.4969414432726
W008_signal_binary,2025-05-29,2560.2274220145446
W008_signal_binary,2025-05-30,2559.651238263534
W008_signal_binary,2025-06-03,2571.3708941514296
W008_signal_binary,2025-06-04,2579.649126002679
W008_signal_binary,2025-06-05,2571.755016652103
W008_signal_binary,2025-06-06,2571.7902932082875
W008_signal_binary,2025-06-09,2580.064605442183
W008_signal_binary,2025-06-10,2574.866342579835
W008_signal_binary,2025-06-11,2589.79844283312
W008_signal_binary,2025-06-12,2585.908720506457
W008_signal_binary,2025-06-13,2563.8260329709065
W008_signal_binary,2025-06-16,2561.6269782418044
W008_signal_binary,2025-06-17,2558.6413990130845
W008_signal_binary,2025-06-18,2565.1809131493865
W008_signal_binary,2025-06-19,2546.4662616996347
W008_signal_binary,2025-06-20,2540.762161934672
W008_signal_binary,2025-06-23,2543.028736991337
W008_signal_binary,2025-06-24,2575.9248897775096
W008_signal_binary,2025-06-25,2605.6231859127365
W008_signal_binary,2025-06-26,2590.5035553232556
W008_signal_binary,2025-06-27,2596.2555886996884
W008_signal_binary,2025-06-30,2621.461820674272
W008_signal_binary,2025-07-01,2624.420009267866
W008_signal_binary,2025-07-02,2616.031627260568
W008_signal_binary,2025-07-03,2641.456984316158
W008_signal_binary,2025-07-04,2635.4858258587183
W008_signal_binary,2025-07-07,2617.086166712914
W008_signal_binary,2025-07-08,2649.1332098101843
W008_signal_binary,2025-07-09,2640.6626558975086
W008_signal_binary,2025-07-10,2645.6956851018876
W008_signal_binary,2025-07-11,2659.322526077008
W008_signal_binary,2025-07-14,2658.370701506384
W008_signal_binary,2025-07-15,2668.8407717832492
W008_signal_binary,2025-07-16,2665.499114297893
W008_signal_binary,2025-07-17,2691.3901121506233
W008_signal_binary,2025-07-18,2708.4818684691677
W008_signal_binary,2025-07-21,2734.5851437441233
W008_signal_binary,2025-07-22,2767.4949918478596
W008_signal_binary,2025-07-23,2764.4957173015755
W008_signal_binary,2025-07-24,2793.296970136431
W008_signal_binary,2025-07-25,2784.066326099012
W008_signal_binary,2025-07-28,2782.546145849526
W008_signal_binary,2025-07-29,2804.9996189939598
W008_signal_binary,2025-07-30,2791.968524332826
W008_signal_binary,2025-07-31,2734.920679024416
W008_signal_binary,2025-08-01,2723.800081163312
W008_signal_binary,2025-08-04,2740.802817917697
W008_signal_binary,2025-08-05,2754.7378035379847
W008_signal_binary,2025-08-06,2772.5280210522387
W008_signal_binary,2025-08-07,2768.4605117360466
W008_signal_binary,2025-08-08,2763.995838210529
W008_signal_binary,2025-08-11,2791.5028835356866
W008_signal_binary,2025-08-12,2803.8629076362363
W008_signal_binary,2025-08-13,2845.825360649073
W008_signal_binary,2025-08-14,2832.972305116258
W008_signal_binary,2025-08-15,2867.5666772802338
W008_signal_binary,2025-08-18,2900.1204471273327
W008_signal_binary,2025-08-19,2890.6295920562184
W008_signal_binary,2025-08-20,2926.737296810899
W008_signal_binary,2025-08-21,2932.1880332009473
W008_signal_binary,2025-08-22,2999.192374377612
W008_signal_binary,2025-08-25,3073.6127300146063
W008_signal_binary,2025-08-26,3079.2346578741917
W008_signal_binary,2025-08-27,3045.585262622057
W008_signal_binary,2025-08-28,3112.569060822377
W008_signal_binary,2025-08-29,3163.1390209235187
W008_signal_binary,2025-09-01,3214.6060243250317
W008_signal_binary,2025-09-02,3162.810333302007
W008_signal_binary,2025-09-03,3162.283063575835
W008_signal_binary,2025-09-04,3065.0463088789893
W008_signal_binary,2025-09-05,3183.394395599101
W008_signal_binary,2025-09-08,3207.066752006635
W008_signal_binary,2025-09-09,3170.7262268533846
W008_signal_binary,2025-09-10,3175.389482483564
W008_signal_binary,2025-09-11,3269.038063978921
W008_signal_binary,2025-09-12,3253.9047380718766
W008_signal_binary,2025-09-15,3280.631150295946
W008_signal_binary,2025-09-16,3287.560980982792
W008_signal_binary,2025-09-17,3323.819334230666
W008_signal_binary,2025-09-18,3296.8669492668064
W008_signal_binary,2025-09-19,3302.283447362948
W008_signal_binary,2025-09-22,3323.2646738693666
W008_signal_binary,2025-09-23,3329.550824630753
W008_signal_binary,2025-09-24,3394.8090128181443
W008_signal_binary,2025-09-25,3426.2260713075198
W008_signal_binary,2025-09-26,3380.4905583060954
W008_signal_binary,2025-09-29,3452.8703116262113
W008_signal_binary,2025-09-30,3484.3489990446205
W008_signal_binary,2025-10-09,3545.320552834811
W008_signal_binary,2025-10-10,3435.2033519700235
W008_signal_binary,2025-10-13,3414.502879473646
W008_signal_binary,2025-10-14,3323.682381055036
W008_signal_binary,2025-10-15,3381.7779181570095
W008_signal_binary,2025-10-16,3376.3614200608695
W008_signal_binary,2025-10-17,3276.741680108072
W008_signal_binary,2025-10-20,3303.6324361428974
W008_signal_binary,2025-10-21,3370.4244998973363
W008_signal_binary,2025-10-22,3345.998901023839
W008_signal_binary,2025-10-23,3357.7015498813685
W008_signal_binary,2025-10-24,3422.2007771079357
W008_signal_binary,2025-10-27,3462.9895368795214
W008_signal_binary,2025-10-28,3442.9973224180762
W008_signal_binary,2025-10-29,3479.2571047403903
W008_signal_binary,2025-10-30,3469.850436997344
W008_signal_binary,2025-10-31,3451.2971316671014
W008_signal_binary,2025-11-03,3478.9481740364276
W008_signal_binary,2025-11-04,3481.609850336117
W008_signal_binary,2025-11-05,3484.673474069645
W008_signal_binary,2025-11-06,3520.750707155665
W008_signal_binary,2025-11-07,3526.3877748253553
W008_signal_binary,2025-11-10,3561.3817105592
W008_signal_binary,2025-11-11,3552.4163220654054
W008_signal_binary,2025-11-12,3567.396216672862
W008_signal_binary,2025-11-13,3591.2826781984295
W008_signal_binary,2025-11-14,3565.062960837408
W008_signal_binary,2025-11-17,3534.862983521786
W008_signal_binary,2025-11-18,3501.123908069194
W008_signal_binary,2025-11-19,3520.0595536413807
W008_signal_binary,2025-11-20,3515.47147073805
W008_signal_binary,2025-11-21,3447.1747195712674
W008_signal_binary,2025-11-24,3431.8222883178137
W008_signal_binary,2025-11-25,3462.267355532117
W008_signal_binary,2025-11-26,3455.566597702145
W008_signal_binary,2025-11-27,3462.0124620374872
W008_signal_binary,2025-11-28,3463.257518722792
W008_signal_binary,2025-12-01,3491.1193384049866
W008_signal_binary,2025-12-02,3488.697850206006
W008_signal_binary,2025-12-03,3480.149114539971
W008_signal_binary,2025-12-04,3474.8551727284344
W008_signal_binary,2025-12-05,3504.324782145983
W008_signal_binary,2025-12-08,3505.0796590339246
W008_signal_binary,2025-12-09,3463.119393252985
W008_signal_binary,2025-12-10,3456.7201005161987
W008_signal_binary,2025-12-11,3432.6940053835483
W008_signal_binary,2025-12-12,3457.11753761937
W008_signal_binary,2025-12-15,3425.1031552069708
W008_signal_binary,2025-12-16,3372.1706001892453
W008_signal_binary,2025-12-17,3451.8294839163004
W008_signal_binary,2025-12-18,3409.250434026501
W008_signal_binary,2025-12-19,3430.789608123849
W008_signal_binary,2025-12-22,3485.143776370794
W008_signal_binary,2025-12-23,3493.2781779214024
W008_signal_binary,2025-12-24,3508.1114983960406
W008_signal_binary,2025-12-25,3516.176552959858
W008_signal_binary,2025-12-26,3541.6962440990205
W008_signal_binary,2025-12-29,3510.4138183575087
W008_signal_binary,2025-12-30,3532.736613405597
W008_signal_binary,2025-12-31,3512.5566402493564
W008_signal_binary,2026-01-05,3596.480363664071
W008_signal_binary,2026-01-06,3650.2104090298944
W008_signal_binary,2026-01-07,3655.993947728281
W008_signal_binary,2026-01-08,3628.990231071786
W008_signal_binary,2026-01-09,3657.519581437688
W008_signal_binary,2026-01-12,3683.3374646200527
W008_signal_binary,2026-01-13,3657.380887464105
W008_signal_binary,2026-01-14,3667.2628330818525
W008_signal_binary,2026-01-15,3700.1887824103155
W008_signal_binary,2026-01-16,3704.814226429289
W008_signal_binary,2026-01-19,3712.8238034036726
W008_signal_binary,2026-01-20,3683.8783711170245
W008_signal_binary,2026-01-21,3714.1552655500636
W008_signal_binary,2026-01-22,3714.1622002487425
W008_signal_binary,2026-01-23,3733.059254149346
W008_signal_binary,2026-01-26,3723.5725863563093
W008_signal_binary,2026-01-27,3732.899756079727
W008_signal_binary,2026-01-28,3760.576138508095
W008_signal_binary,2026-01-29,3758.7315086594494
W008_signal_binary,2026-01-30,3710.986108253706
W008_signal_binary,2026-02-02,3605.8838150729584
W008_signal_binary,2026-02-03,3682.2903251195053
W008_signal_binary,2026-02-04,3702.5188411664994
W008_signal_binary,2026-02-05,3651.9232796036376
W008_signal_binary,2026-02-06,3637.2425224999392
W008_signal_binary,2026-02-09,3700.9189825725434
W008_signal_binary,2026-02-10,3695.320854618857
W008_signal_binary,2026-02-11,3697.6920686477124
W008_signal_binary,2026-02-12,3698.9440911518864
W008_signal_binary,2026-02-13,3635.972981437157
W008_signal_binary,2026-02-24,3681.3206165061897
W008_signal_binary,2026-02-25,3706.3798411566804
W008_signal_binary,2026-02-26,3694.9956226449517
W008_signal_binary,2026-02-27,3718.0728180007486
W008_signal_binary,2026-03-02,3750.7563814707755
W008_signal_binary,2026-03-03,3730.2737521012464
W008_signal_binary,2026-03-04,3691.0265840824627
W008_signal_binary,2026-03-05,3713.03806519438
W008_signal_binary,2026-03-06,3728.2369431024285
W008_signal_binary,2026-03-09,3696.818292800372
W008_signal_binary,2026-03-10,3703.272337940881
W008_signal_binary,2026-03-11,3745.4925499017036
W008_signal_binary,2026-03-12,3764.137569196506
W008_signal_binary,2026-03-13,3744.0832175137693
W008_signal_binary,2026-03-16,3710.114820983364
W008_signal_binary,2026-03-17,3693.237692139861
W008_signal_binary,2026-03-18,3685.837452109926
W008_signal_binary,2026-03-19,3633.0945569840615
W008_signal_binary,2026-03-20,3604.8132897364194
